{"best_run_info": {"info": {"epochs": 285, "configs": {"coarse_dropout_size_percent_upper": 0.19338455892308784, "augment_probability": 0.6518485237611, "coarse_dropout_size_percent_lower": 0.08312118264819351, "scale_lower": 0.5221115247104177, "vertical_flip": 0.054733344863639274, "rotation_lower": -139, "pad_crop_upper": 0.18197580030251642, "pad_crop_lower": -0.24623193075274988, "scale_probability": 0.3510628385135151, "coarse_dropout_upper": 0.16976845803794582, "rotation_upper": 82, "pad_crop_probability": 0.571315756058673, "coarse_dropout_lower": 0.049177727648885006, "horizontal_flip": 0.8115309525533496, "rotation_probability": 0.10212908962803571, "scale_upper": 1.5556609359880411, "coarse_dropout_probability": 0.19558043607816805}, "validation_error": 0.1382, "validation_loss": 0.4914707213997841, "benchmark": "AlexNet", "used_budget": 7172.612720489502}, "config_id": [7, 0, 1], "time_stamps": {"started": 235898.1308310032, "submitted": 235898.11994624138, "finished": 243073.20572948456}, "budget": 7200.0, "loss": 0.1382, "error_logs": null}, "best_config_id": [7, 0, 1], "best_config_trajectory": {"config_ids": [[0, 0, 0], [0, 0, 1], [0, 0, 3], [1, 0, 0], [0, 0, 13], [0, 0, 11], [0, 0, 11], [1, 0, 4], [1, 0, 4], [5, 0, 6], [5, 0, 6], [7, 0, 1]], "budgets": [450.0, 450.0, 450.0, 900.0, 1800.0, 1800.0, 7200.0, 3600.0, 7200.0, 3600.0, 7200.0, 7200.0], "times_finished": [417.5335433483124, 863.8585450649261, 1742.0662913322449, 7828.243541717529, 17645.91882300377, 23007.84056353569, 39121.45871210098, 56955.465304136276, 69517.85131716728, 177726.7691540718, 189384.04025554657, 243073.20572948456], "losses": [0.27780000000000005, 0.22660000000000002, 0.2118, 0.1966, 0.19530000000000003, 0.1714, 0.16400000000000003, 0.16279999999999994, 0.14870000000000005, 0.1422, 0.139, 0.1382]}}