{"best_run_info": {"error_logs": null, "config_id": [6, 0, 6], "info": {"configs": {"rotation_probability": 0.22590167300014935, "pad_crop_probability": 0.9826354163601355, "coarse_dropout_upper": 0.15175506155508414, "scale_upper": 1.7004209197253242, "scale_lower": 0.7033971060602447, "scale_probability": 0.18334165876695116, "rotation_upper": 117, "augment_probability": 0.9140864485502369, "pad_crop_upper": 0.2028134782138611, "coarse_dropout_size_percent_lower": 0.06597160538916243, "vertical_flip": 0.2811627527665632, "coarse_dropout_probability": 0.4766354465572431, "pad_crop_lower": -0.1093454382446871, "coarse_dropout_size_percent_upper": 0.16372342826952035, "coarse_dropout_lower": 0.0442753264561872, "rotation_lower": -68, "horizontal_flip": 0.47585291587081036}, "benchmark": "AlexNet", "validation_error": 0.1542, "used_budget": 7196.343867778778, "epochs": 242, "validation_loss": 0.5175328667998313}, "loss": 0.1542, "time_stamps": {"started": 212613.16139245033, "finished": 219811.94195103645, "submitted": 212613.16040372849}, "budget": 7200.0}, "best_config_trajectory": {"budgets": [450.0, 450.0, 450.0, 450.0, 900.0, 900.0, 1800.0, 3600.0, 3600.0, 7200.0, 7200.0, 7200.0], "losses": [0.23229999999999995, 0.2198, 0.21960000000000002, 0.21109999999999995, 0.19899999999999995, 0.1925, 0.18010000000000004, 0.17610000000000003, 0.17049999999999998, 0.1644, 0.16279999999999994, 0.1542], "times_finished": [436.79924607276917, 1323.4662034511566, 2620.005026102066, 3888.005828142166, 7820.6963176727295, 10470.496629953384, 19354.572199344635, 27399.331169366837, 30981.712471723557, 39057.94125366211, 69445.5861196518, 219811.94195103645], "config_ids": [[0, 0, 0], [0, 0, 2], [0, 0, 5], [0, 0, 8], [1, 0, 0], [0, 0, 13], [0, 0, 8], [0, 0, 8], [0, 0, 4], [0, 0, 4], [1, 0, 0], [6, 0, 6]]}, "best_config_id": [6, 0, 6]}