{"best_config_id": [9, 0, 1], "best_config_trajectory": {"times_finished": [415.79790925979614, 848.0419871807098, 1704.23370885849, 2597.9885988235474, 3900.545782804489, 5620.828814268112, 9581.743448734283, 10461.246665000916, 19355.41526031494, 21133.042874336243, 27384.73564004898, 30957.492319107056, 39028.47805404663, 56862.75764799118, 69407.43765854836, 278951.6534359455], "config_ids": [[0, 0, 0], [0, 0, 1], [0, 0, 3], [0, 0, 5], [0, 0, 8], [0, 0, 12], [0, 0, 13], [0, 0, 8], [0, 0, 13], [0, 0, 8], [0, 0, 8], [0, 0, 3], [0, 0, 3], [1, 0, 6], [1, 0, 6], [9, 0, 1]], "losses": [0.4105, 0.25839999999999996, 0.24129999999999996, 0.23640000000000005, 0.2328, 0.21240000000000003, 0.20879999999999999, 0.20840000000000003, 0.19299999999999995, 0.1884, 0.18100000000000005, 0.1765, 0.1713, 0.16549999999999998, 0.1582, 0.15610000000000002], "budgets": [450.0, 450.0, 450.0, 450.0, 450.0, 450.0, 900.0, 900.0, 1800.0, 1800.0, 3600.0, 3600.0, 7200.0, 3600.0, 7200.0, 7200.0]}, "best_run_info": {"time_stamps": {"finished": 278951.6534359455, "started": 271763.50285220146, "submitted": 271763.4944102764}, "error_logs": null, "info": {"validation_error": 0.15610000000000002, "benchmark": "AlexNet", "epochs": 291, "validation_loss": 0.6188561651825905, "used_budget": 7185.689365148544, "configs": {"horizontal_flip": 0.535301257186529, "pad_crop_upper": 0.13706432913080863, "pad_crop_lower": -0.023213791694799785, "scale_lower": 0.7150238748135892, "rotation_lower": -13, "pad_crop_probability": 0.8041512106259717, "coarse_dropout_size_percent_lower": 0.018590875676990474, "scale_probability": 0.5128985611663357, "rotation_probability": 0.13234931742983844, "coarse_dropout_size_percent_upper": 0.1951621436669452, "coarse_dropout_upper": 0.13047085775430087, "augment_probability": 0.41788811998030395, "rotation_upper": 165, "coarse_dropout_probability": 0.6756049175880611, "scale_upper": 1.4099623442656113, "vertical_flip": 0.07504512658934964, "coarse_dropout_lower": 0.07017430312781271}}, "config_id": [9, 0, 1], "loss": 0.15610000000000002, "budget": 7200.0}}