{"best_run_info": {"time_stamps": {"finished": 189418.18493938446, "started": 182231.11333560944, "submitted": 182231.11221122742}, "info": {"used_budget": 7184.600694656372, "validation_error": 0.15359999999999996, "validation_loss": 0.64671055996418, "benchmark": "AlexNet", "epochs": 287, "configs": {"scale_lower": 0.7740073814867368, "pad_crop_upper": 0.19007686943478996, "scale_probability": 0.06318356756296806, "coarse_dropout_upper": 0.1551708690328512, "scale_upper": 1.962493068663196, "coarse_dropout_lower": 0.020858385579163766, "pad_crop_probability": 0.5480653582871635, "coarse_dropout_probability": 0.9583274380125654, "rotation_lower": -2, "pad_crop_lower": -0.13557620370583995, "rotation_probability": 0.24657866710557858, "augment_probability": 0.5329687630566552, "horizontal_flip": 0.8627603493140954, "rotation_upper": 11, "coarse_dropout_size_percent_lower": 0.05265765398418452, "coarse_dropout_size_percent_upper": 0.1686770671730341, "vertical_flip": 0.09806100919491599}}, "budget": 7200.0, "loss": 0.15359999999999996, "config_id": [5, 0, 7], "error_logs": null}, "best_config_trajectory": {"losses": [0.22509999999999997, 0.22150000000000003, 0.21519999999999995, 0.21140000000000003, 0.2016, 0.19899999999999995, 0.19399999999999995, 0.17079999999999995, 0.15710000000000002, 0.15359999999999996], "times_finished": [428.1294355392456, 6130.917731046677, 7872.845920324326, 8753.06633067131, 11383.299331188202, 13157.063792705536, 21188.608159065247, 27418.92573571205, 39072.91408920288, 189418.18493938446], "config_ids": [[0, 0, 0], [0, 0, 13], [1, 0, 0], [0, 0, 7], [0, 0, 12], [0, 0, 0], [0, 0, 0], [0, 0, 0], [0, 0, 0], [5, 0, 7]], "budgets": [450.0, 450.0, 900.0, 900.0, 900.0, 900.0, 1800.0, 3600.0, 7200.0, 7200.0]}, "best_config_id": [5, 0, 7]}