{"best_config_trajectory": {"losses": [0.022166666666666668, 0.01983333333333337, 0.010083333333333333, 0.00983333333333336, 0.00924999999999998, 0.00824999999999998, 0.007249999999999979, 0.00708333333333333], "budgets": [450.0, 450.0, 450.0, 450.0, 450.0, 900.0, 900.0, 900.0], "times_finished": [439.52052068710327, 883.7866473197937, 1328.4352860450745, 5709.1532390117645, 6594.205612897873, 8818.950396299362, 12390.465695142746, 15950.082265138626], "config_ids": [[0, 0, 0], [0, 0, 1], [0, 0, 2], [0, 0, 12], [0, 0, 14], [0, 0, 14], [0, 0, 12], [1, 0, 1]]}, "best_config_id": [8, 0, 2], "best_run_info": {"config_id": [8, 0, 2], "loss": 0.008083333333333331, "budget": 7200.0, "error_logs": null, "time_stamps": {"started": 248482.96292996407, "submitted": 248482.96259236336, "finished": 255672.02263903618}, "info": {"used_budget": 7188.009436607361, "validation_error": 0.008083333333333331, "validation_loss": 0.03884931743506756, "benchmark": "LeNet", "configs": {"pad_crop_probability": 0.10757716391563255, "horizontal_flip": 0.16694163267873818, "coarse_dropout_size_percent_lower": 0.054647853815647025, "rotation_lower": -77, "pad_crop_upper": 0.24126493902350402, "scale_lower": 0.574910306904477, "coarse_dropout_probability": 0.4339901639661291, "rotation_probability": 0.7509779912848438, "pad_crop_lower": -0.24975012009981656, "scale_probability": 0.8829936500837351, "vertical_flip": 0.19171178202688643, "coarse_dropout_size_percent_upper": 0.1186080419492629, "coarse_dropout_upper": 0.1928308576630225, "scale_upper": 1.095737074772694, "augment_probability": 0.4848149682150098, "rotation_upper": 123, "coarse_dropout_lower": 0.07147503862896663}, "epochs": 371}}}