{"best_config_trajectory": {"losses": [0.14583333333333337, 0.011916666666666687, 0.008166666666666655, 0.0076666666666667105, 0.007583333333333386, 0.007499999999999951], "config_ids": [[0, 0, 0], [0, 0, 1], [0, 0, 2], [3, 0, 3], [3, 0, 3], [5, 0, 10]], "budgets": [450.0, 450.0, 450.0, 3600.0, 7200.0, 450.0], "times_finished": [447.5184121131897, 887.3158411979675, 1335.8928787708282, 93876.51214957237, 111445.9945321083, 143281.14764738083]}, "best_config_id": [3, 0, 3], "best_run_info": {"loss": 0.007583333333333386, "info": {"validation_error": 0.007583333333333386, "used_budget": 7192.10305762291, "configs": {"scale_lower": 0.9695888411164713, "vertical_flip": 0.019266482391753437, "horizontal_flip": 0.31558344646807757, "pad_crop_upper": 0.20226925198118095, "pad_crop_probability": 0.8261774929783727, "augment_probability": 0.2958806114962075, "rotation_probability": 0.14257341448884908, "coarse_dropout_upper": 0.19993783458330516, "coarse_dropout_size_percent_lower": 0.03316435996205832, "coarse_dropout_probability": 0.9326047418495209, "scale_upper": 1.0420198967226608, "coarse_dropout_size_percent_upper": 0.17041173405342785, "rotation_upper": 179, "scale_probability": 0.7015989049567342, "coarse_dropout_lower": 0.06906707575597681, "pad_crop_lower": -0.007260288287513156, "rotation_lower": -153}, "validation_loss": 0.03976929539967667, "epochs": 478, "benchmark": "LeNet"}, "config_id": [3, 0, 3], "error_logs": null, "budget": 7200.0, "time_stamps": {"started": 104252.84630513191, "submitted": 104252.84522199631, "finished": 111445.9945321083}}}