{"best_run_info": {"error_logs": null, "time_stamps": {"started": 171238.6419479847, "submitted": 171238.63140392303, "finished": 176243.69528102875}, "budget": 7200.0, "loss": 0.008083333333333331, "config_id": [5, 0, 8], "info": {"validation_loss": 0.056391832473480764, "benchmark": "LeNet", "validation_error": 0.008083333333333331, "epochs": 500, "configs": {"augment_probability": 0.09302381973440413, "rotation_upper": 121, "scale_lower": 0.6896099457078938, "coarse_dropout_probability": 0.9000464355331615, "rotation_probability": 0.3616490838779982, "coarse_dropout_lower": 0.06885784358518823, "pad_crop_lower": -0.08334501279959833, "vertical_flip": 0.034180295695162774, "coarse_dropout_size_percent_lower": 0.05420606523191183, "coarse_dropout_size_percent_upper": 0.12299374417707117, "coarse_dropout_upper": 0.17546792416829396, "rotation_lower": -171, "pad_crop_upper": 0.03361710463126141, "pad_crop_probability": 0.8179650138488894, "scale_upper": 1.4664093964329576, "horizontal_flip": 0.028182799308459017, "scale_probability": 0.17884743381496682}, "used_budget": 5004.015048027039}}, "best_config_id": [5, 0, 8], "best_config_trajectory": {"losses": [0.01041666666666663, 0.009083333333333332, 0.008416666666666628, 0.008333333333333304, 0.007750000000000035, 0.007416666666666627, 0.007000000000000006], "config_ids": [[0, 0, 0], [0, 0, 1], [0, 0, 10], [0, 0, 1], [0, 0, 5], [5, 0, 15], [5, 0, 8]], "times_finished": [448.0838944911957, 891.3879759311676, 4864.446855306625, 10643.815521240234, 11538.08357167244, 158686.45443868637, 170352.959492445], "budgets": [450.0, 450.0, 450.0, 900.0, 900.0, 1800.0, 3600.0]}}