{"best_config_id": [5, 0, 1], "best_run_info": {"info": {"configs": {"coarse_dropout_upper": 0.1799427237753201, "coarse_dropout_size_percent_lower": 0.07219202898553292, "scale_lower": 0.9985509055010492, "rotation_upper": 0, "coarse_dropout_lower": 0.08309336087395292, "rotation_lower": -111, "horizontal_flip": 0.28486806472713266, "pad_crop_upper": 0.20080209371915408, "pad_crop_lower": -0.016179790170827102, "augment_probability": 0.2070079993391416, "coarse_dropout_probability": 0.87682565419244, "scale_probability": 0.8856496197300961, "coarse_dropout_size_percent_upper": 0.16411893273527312, "scale_upper": 1.1489432426314465, "pad_crop_probability": 0.5311134415500625, "vertical_flip": 0.054921116519716984, "rotation_probability": 0.1302879878432166}, "used_budget": 6301.123440980911, "validation_loss": 0.047189187319894924, "validation_error": 0.007333333333333303, "benchmark": "LeNet", "epochs": 500}, "loss": 0.007333333333333303, "error_logs": null, "config_id": [5, 0, 1], "time_stamps": {"finished": 184241.62223625183, "started": 177939.44526052475, "submitted": 177939.44399523735}, "budget": 7200.0}, "best_config_trajectory": {"config_ids": [[0, 0, 0], [0, 0, 0], [0, 0, 4], [0, 0, 4], [5, 0, 1]], "times_finished": [439.51620078086853, 12321.359615564346, 13204.769429206848, 31132.357985258102, 184241.62223625183], "losses": [0.00883333333333336, 0.008166666666666655, 0.007833333333333359, 0.0076666666666667105, 0.007333333333333303], "budgets": [450.0, 900.0, 900.0, 3600.0, 7200.0]}}