{"best_run_info": {"error_logs": null, "info": {"used_budget": 6386.650829792023, "configs": {"coarse_dropout_upper": 0.10610878891229553, "augment_probability": 0.15813755130807347, "pad_crop_lower": -0.028211729181202405, "scale_upper": 1.2301922738435678, "scale_probability": 0.7181918062687977, "horizontal_flip": 0.041103128238798164, "rotation_lower": -141, "pad_crop_upper": 0.16543771904842808, "coarse_dropout_size_percent_lower": 0.05173581434920995, "coarse_dropout_size_percent_upper": 0.11912008610825725, "pad_crop_probability": 0.9404665592430672, "coarse_dropout_lower": 0.0685074501709822, "rotation_probability": 0.7826575110269561, "rotation_upper": 114, "scale_lower": 0.9078242171681719, "coarse_dropout_probability": 0.8459678795311653, "vertical_flip": 0.05114106792661025}, "validation_error": 0.007499999999999951, "benchmark": "LeNet", "validation_loss": 0.048793102156602645, "epochs": 500}, "time_stamps": {"started": 222711.52533602715, "finished": 229099.2457728386, "submitted": 222711.5150539875}, "budget": 7200.0, "config_id": [7, 0, 0], "loss": 0.007499999999999951}, "best_config_id": [7, 0, 0], "best_config_trajectory": {"times_finished": [433.83041501045227, 862.2844083309174, 1304.2511775493622, 2606.2339854240417, 6126.168411254883, 19539.966975450516, 145460.00858592987], "budgets": [450.0, 450.0, 450.0, 450.0, 450.0, 1800.0, 450.0], "config_ids": [[0, 0, 0], [0, 0, 1], [0, 0, 2], [0, 0, 5], [0, 0, 13], [0, 0, 2], [5, 0, 13]], "losses": [0.03474999999999995, 0.02533333333333332, 0.009916666666666685, 0.009666666666666712, 0.008166666666666655, 0.007416666666666627, 0.007333333333333303]}}