{"configs": {}, "test_error": 0.006800000000000028, "epochs": 200, "test_loss": 0.0693571569796413, "benchmark": "LeNet", "used_budget": 1874.833622455597}