{"test_error": 0.008099999999999996, "benchmark": "LeNet", "epochs": 200, "test_loss": 0.07669417499436079, "configs": {}, "used_budget": 1909.2299189567566}