{"configs": {"coarse_dropout_size_percent_lower": 0.06951090096981032, "rotation_probability": 0.7010879567792421, "pad_crop_probability": 0.9254843439123747, "vertical_flip": 0.4936854722915125, "scale_probability": 0.2965932016495072, "rotation_upper": 20, "horizontal_flip": 0.8624620498732424, "coarse_dropout_upper": 0.16738774173072657, "pad_crop_upper": 0.05062891645396825, "scale_upper": 1.5239130650900088, "coarse_dropout_probability": 0.06534528740052392, "pad_crop_lower": -0.11210075075220285, "rotation_lower": -22, "augment_probability": 0.8885429854935984, "coarse_dropout_lower": 0.03625471229196288, "coarse_dropout_size_percent_upper": 0.17566361945127412, "scale_lower": 0.942799406242321}, "used_budget": 841.6471431255341, "benchmark": "LeNet", "test_error": 0.021700000000000053, "epochs": 40, "test_loss": 0.07094310452118516}