{"test_error": 0.01859999999999995, "configs": {"pad_crop_probability": 0.9254843439123747, "horizontal_flip": 0.8624620498732424, "augment_probability": 0.8885429854935984, "coarse_dropout_probability": 0.06534528740052392, "scale_lower": 0.942799406242321, "scale_upper": 1.5239130650900088, "rotation_lower": -22, "rotation_probability": 0.7010879567792421, "coarse_dropout_upper": 0.16738774173072657, "coarse_dropout_size_percent_lower": 0.06951090096981032, "coarse_dropout_lower": 0.03625471229196288, "rotation_upper": 20, "pad_crop_lower": -0.11210075075220285, "vertical_flip": 0.4936854722915125, "pad_crop_upper": 0.05062891645396825, "scale_probability": 0.2965932016495072, "coarse_dropout_size_percent_upper": 0.17566361945127412}, "epochs": 40, "used_budget": 867.2084317207336, "test_loss": 0.06075410971997772, "benchmark": "LeNet"}