{"test_loss": 0.04134392658797733, "epochs": 5, "test_error": 0.012700000000000045, "configs": {"rotation_probability": 0.5441616265633354, "coarse_dropout_upper": 0.1417201991915399, "pad_crop_probability": 0.2860938813513463, "coarse_dropout_size_percent_lower": 0.055863913989387656, "augment_probability": 0.23848614047203087, "coarse_dropout_probability": 0.9007376775486744, "vertical_flip": 0.04878983231825085, "scale_probability": 0.8404993086042302, "coarse_dropout_lower": 0.03613407040278887, "coarse_dropout_size_percent_upper": 0.12014201414574815, "scale_lower": 0.7499729607095089, "horizontal_flip": 0.3108543596779142, "rotation_lower": -113, "rotation_upper": 63, "pad_crop_lower": -0.03477595829739122, "pad_crop_upper": 0.22628119392570067, "scale_upper": 1.8319660221276606}, "benchmark": "LeNet", "used_budget": 47.86096119880676}