{"best_run_info": {"config_id": [4, 0, 5], "info": {"validation_error": 0.47040000000000004, "used_budget": 7192.93732714653, "validation_loss": 2.246043117904663, "epochs": 500, "configs": {"rotation_lower": -100, "coarse_dropout_probability": 0.26692667092801825, "rotation_probability": 0.30280377883707976, "pad_crop_upper": 0.2118703552277254, "horizontal_flip": 0.5207002805866426, "scale_lower": 0.7459560627193532, "coarse_dropout_lower": 0.07912155716799688, "rotation_upper": 79, "scale_probability": 0.6474934050637738, "coarse_dropout_upper": 0.11652859286956568, "augment_probability": 0.7588046825531796, "coarse_dropout_size_percent_lower": 0.09925145648245658, "pad_crop_probability": 0.016060988930488684, "scale_upper": 1.1405670768573164, "vertical_flip": 0.07367009649484224, "coarse_dropout_size_percent_upper": 0.19480544382227155, "pad_crop_lower": -0.019934789528396474}, "train_history": {"val_acc": [0.08709999996423722, 0.11599999992847443, 0.17819999990463256, 0.20110000007152556, 0.2794000000476837, 0.30709999985694886, 0.33049999980926514, 0.3766000001430512, 0.3728999997138977, 0.38310000023841856, 0.4031999998569489, 0.41590000009536743, 0.4013000002861023, 0.42309999985694885, 0.4352999997138977, 0.4455999998092651, 0.459599999666214, 0.453599999666214, 0.45489999966621397, 0.46290000033378603, 0.4688, 0.4755000000476837, 0.47439999990463255, 0.468300000333786, 0.4706000005722046, 0.45539999985694884, 0.474399999666214, 0.48480000076293944, 0.4925000002861023, 0.49609999971389773, 0.4821000000953674, 0.49710000019073486, 0.49080000076293945, 0.4917000002861023, 0.48969999980926515, 0.490400000333786, 0.478699999666214, 0.5031000007629395, 0.49930000009536746, 0.49999999961853026, 0.5033000002384186, 0.5075000003814697, 0.5083000005722046, 0.519299999332428, 0.514099999332428, 0.5005000002861023, 0.49039999980926513, 0.5135, 0.5115000006675721, 0.5154000002861023, 0.5139000005722046, 0.5095000006675721, 0.526999999332428, 0.5015999994277954, 0.5075000007629394, 0.5079999994277954, 0.5190999999046325, 0.5227000000953674, 0.5091000000953674, 0.5266999997138977, 0.5233000007629395, 0.5191999999046326, 0.5065000000953674, 0.5205000005722046, 0.515199999332428, 0.514900000667572, 0.5213999996185302, 0.5184000000953675, 0.5168000000953674, 0.5194000004768372, 0.5092999995231628, 0.5162000004768371, 0.5161000002861023, 0.5067999999046325, 0.5245000005722046, 0.5259000000953674, 0.5218000003814697, 0.5189000000953674, 0.5177000003814697, 0.5215999998092652, 0.5261000001907349, 0.5215000001907348, 0.517999999332428, 0.5164000003814697, 0.524699999332428, 0.5266000005722046, 0.529999999332428, 0.5183000004768371, 0.5129000007629394, 0.5249999996185303, 0.5233000001907349, 0.5169000005722046, 0.525200000667572, 0.5345000007629395, 0.5300999995231629, 0.5136000002861023, 0.5236000001907348, 0.5162000001907349, 0.5320999994277954, 0.5246999998092652, 0.5176000003814697, 0.5184000004768372, 0.5325999992370606, 0.5261999995231629, 0.5278999994277954, 0.5314000005722046, 0.526300000667572, 0.5134000000953675, 0.5215000006675721, 0.5166, 0.5120999999046326, 0.530200000667572, 0.5199999995231629, 0.5087000004768372, 0.5220000003814698, 0.5263000007629395, 0.5198999992370605, 0.5229000004768372, 0.5197999993324279, 0.526399999332428, 0.5328999992370606, 0.5297999992370606, 0.5240000001907349, 0.525900000333786, 0.5200000000953674, 0.5231999995231629, 0.5266, 0.5285999996185303, 0.5300000003814698, 0.5218000002861023, 0.5311999992370605, 0.5281999998092651, 0.523000000333786, 0.5248999994277954, 0.5327000000953674, 0.5333999999046326, 0.5193999992370606, 0.5205999998092652, 0.5222999999046326, 0.5277999995231628, 0.5261999997138977, 0.5302999994277954, 0.5257999992370606, 0.5329000007629394, 0.5292000004768371, 0.5296000005722046, 0.5278999995231628, 0.5235000002861023, 0.5221000007629395, 0.5276000001907348, 0.5319000003814697, 0.526200000667572, 0.5251999997138977, 0.5319, 0.5307000003814697, 0.5337000001907348, 0.5223000005722046, 0.5380000005722045, 0.5258999994277954, 0.5332000005722046, 0.5328000002861023, 0.5250000003814698, 0.5204999996185302, 0.5377000001907348, 0.5306000003814697, 0.5261999996185303, 0.5295000005722046, 0.5277000000953674, 0.5334000000953675, 0.5296999998092652, 0.5334, 0.5292999994277954, 0.5267999992370606, 0.5242999992370605, 0.5342999996185303, 0.5387999998092652, 0.5312999992370605, 0.5387999997138977, 0.5340999996185303, 0.5145000003814697, 0.5312000002861023, 0.5293999992370605, 0.5302000007629395, 0.5263000004768371, 0.5260000007629394, 0.5233000004768371, 0.534199999332428, 0.5302000003814697, 0.5347000007629394, 0.5332000004768371, 0.5148000003814698, 0.525900000667572, 0.5259999997138977, 0.5319999994277954, 0.5218999994277954, 0.5244999996185302, 0.5197000002861023, 0.5243000007629395, 0.5286999996185303, 0.5333000007629395, 0.5310999995231629, 0.5341000002861023, 0.5343000005722046, 0.5271000003814698, 0.5349000000953674, 0.531099999332428, 0.525599999332428, 0.5352999996185303, 0.5296000006675721],