{"runtime": 17705.383714914322, "compile_time": 0.030076980590820312, "config_id": 565, "validation_accuracy": 0.2331, "configs": {"pad": 4, "horizontal_flip": false, "rescale": 2, "vertical_flip": true, "rotation_range": 140}, "train_accuracy": 0.860793936965812}