{"compile_time": 0.0298464298248291, "runtime": 17678.698783636093, "train_accuracy": 0.8735643696581197, "validation_accuracy": 0.5959, "configs": {"rotation_range": 148, "rescale": 1, "vertical_flip": true, "horizontal_flip": true, "pad": 1}, "config_id": 110}