{"compile_time": 0.029865741729736328, "train_accuracy": 0.979934561965812, "configs": {"pad": 3, "rescale": 1, "horizontal_flip": true, "rotation_range": 22, "vertical_flip": false}, "config_id": 711, "validation_accuracy": 0.7621, "runtime": 17709.423743247986}