{"config_id": 150, "configs": {"rotation_range": 131, "rescale": 0, "pad": 2, "horizontal_flip": false, "vertical_flip": true}, "compile_time": 0.029392004013061523, "runtime": 17689.41645693779, "train_accuracy": 0.9020432692307693, "validation_accuracy": 0.6136}