{"configs": {"vertical_flip": false, "rotation_range": 64, "horizontal_flip": false, "pad": 7, "rescale": 2}, "validation_accuracy": 0.2987, "train_accuracy": 0.9354634081196581, "config_id": 898, "runtime": 17689.240433216095, "compile_time": 0.030493736267089844}