{"configs": {"vertical_flip": false, "pad": 0, "rescale": 2, "horizontal_flip": false, "rotation_range": 145}, "train_accuracy": 0.9728231837606838, "compile_time": 0.029998302459716797, "config_id": 279, "validation_accuracy": 0.776, "runtime": 17706.67761039734}