{"config_id": 1001, "compile_time": 0.029354095458984375, "validation_accuracy": 0.9894, "runtime": 17568.808754444122, "train_accuracy": 0.9829333333333333, "configs": {}}