{"compile_time": 0.029944658279418945, "train_accuracy": 0.9144130608974359, "config_id": 980, "runtime": 17670.131637096405, "configs": {"vertical_flip": false, "horizontal_flip": false, "rotation_range": 160, "rescale": 1, "pad": 4}, "validation_accuracy": 0.54}