{"configs": {"horizontal_flip": false, "rotation_range": 161, "vertical_flip": true, "rescale": 2, "pad": 8}, "compile_time": 0.029953956604003906, "runtime": 17721.48159813881, "train_accuracy": 0.6031316773504274, "validation_accuracy": 0.14, "config_id": 778}