{"train_accuracy": 0.9663795405982906, "compile_time": 0.02998971939086914, "runtime": 17707.64085817337, "configs": {"pad": 1, "rescale": 0, "vertical_flip": true, "rotation_range": 33, "horizontal_flip": false}, "config_id": 225, "validation_accuracy": 0.7119}