{"compile_time": 0.029886245727539062, "validation_accuracy": 0.3897, "runtime": 17696.69937491417, "train_accuracy": 0.9017594818376068, "configs": {"vertical_flip": false, "pad": 8, "horizontal_flip": true, "rescale": 0, "rotation_range": 92}, "config_id": 168}