{"train_accuracy": 0.8198450854700855, "compile_time": 0.030031204223632812, "configs": {"vertical_flip": true, "rotation_range": 143, "horizontal_flip": true, "pad": 3, "rescale": 1}, "config_id": 456, "validation_accuracy": 0.5631, "runtime": 17731.24010324478}