{"train_accuracy": 0.9064670138888888, "validation_accuracy": 0.6467, "compile_time": 0.030695438385009766, "config_id": 938, "runtime": 17690.608273983, "configs": {"rotation_range": 178, "pad": 1, "rescale": 1, "vertical_flip": true, "horizontal_flip": false}}