{"train_accuracy": 0.9610543536324786, "config_id": 884, "validation_accuracy": 0.8055, "compile_time": 0.030286073684692383, "runtime": 17689.277407884598, "configs": {"pad": 0, "rotation_range": 65, "vertical_flip": false, "rescale": 1, "horizontal_flip": false}}