{"compile_time": 0.0302581787109375, "config_id": 718, "runtime": 17710.265501976013, "validation_accuracy": 0.5719, "train_accuracy": 0.8448183760683761, "configs": {"pad": 3, "vertical_flip": true, "rescale": 1, "horizontal_flip": true, "rotation_range": 101}}