{"compile_time": 0.029697656631469727, "train_accuracy": 0.5739182692307693, "config_id": 1, "validation_accuracy": 0.4236, "configs": {"vertical_flip": true, "rescale": 1, "horizontal_flip": true, "pad": 5, "rotation_range": 119}, "runtime": 1173.387821674347}