{"validation_accuracy": 0.6577, "config_id": 308, "configs": {"vertical_flip": false, "rotation_range": 130, "rescale": 0, "horizontal_flip": true, "pad": 2}, "runtime": 17701.09051680565, "train_accuracy": 0.9020933493589743, "compile_time": 0.02994680404663086}