{"validation_accuracy": 0.789, "config_id": 723, "compile_time": 0.029921531677246094, "runtime": 17710.55927848816, "configs": {"horizontal_flip": false, "pad": 1, "rescale": 1, "vertical_flip": false, "rotation_range": 44}, "train_accuracy": 0.9583166399572649}