{"train_accuracy": 0.9644097222222222, "config_id": 610, "runtime": 17713.486785650253, "compile_time": 0.02973151206970215, "configs": {"vertical_flip": false, "rotation_range": 50, "horizontal_flip": true, "pad": 2, "rescale": 2}, "validation_accuracy": 0.6935}