{"validation_accuracy": 0.5449, "compile_time": 0.029534339904785156, "config_id": 964, "runtime": 17689.371329784393, "configs": {"vertical_flip": true, "pad": 5, "rescale": 1, "rotation_range": 74, "horizontal_flip": false}, "train_accuracy": 0.9361144497863247}