{"train_accuracy": 0.7604667467948718, "config_id": 729, "configs": {"rotation_range": 62, "vertical_flip": true, "pad": 5, "horizontal_flip": true, "rescale": 0}, "validation_accuracy": 0.5005, "compile_time": 0.029398441314697266, "runtime": 17704.097366333008}