{"train_accuracy": 0.7670105502136753, "configs": {"rotation_range": 129, "rescale": 1, "pad": 7, "vertical_flip": false, "horizontal_flip": true}, "validation_accuracy": 0.2803, "runtime": 17680.417471647263, "compile_time": 0.029532909393310547, "config_id": 950}