{"validation_accuracy": 0.7263, "configs": {"rotation_range": 38, "horizontal_flip": true, "pad": 3, "vertical_flip": false, "rescale": 1}, "runtime": 17719.05452489853, "config_id": 602, "train_accuracy": 0.9741920405982906, "compile_time": 0.03025078773498535}