{"configs": {"rotation_range": 79, "pad": 5, "vertical_flip": false, "horizontal_flip": false, "rescale": 0}, "train_accuracy": 0.9449619391025641, "runtime": 17718.2253510952, "validation_accuracy": 0.5107, "config_id": 694, "compile_time": 0.030035734176635742}