{"configs": {"rescale": 2, "rotation_range": 157, "pad": 7, "horizontal_flip": false, "vertical_flip": true}, "validation_accuracy": 0.1369, "runtime": 17713.716721773148, "compile_time": 0.029888391494750977, "train_accuracy": 0.7789463141025641, "config_id": 653}