{"runtime": 17689.70463705063, "configs": {"vertical_flip": false, "rotation_range": 99, "rescale": 2, "pad": 3, "horizontal_flip": true}, "train_accuracy": 0.8894230769230769, "config_id": 892, "validation_accuracy": 0.3575, "compile_time": 0.03505229949951172}