{"compile_time": 0.029727935791015625, "validation_accuracy": 0.1906, "train_accuracy": 0.8183760683760684, "config_id": 966, "runtime": 17688.58579516411, "configs": {"pad": 7, "rotation_range": 113, "rescale": 2, "horizontal_flip": false, "vertical_flip": false}}