{"config_id": 119, "runtime": 17674.980595588684, "compile_time": 0.02931666374206543, "train_accuracy": 0.8897569444444444, "configs": {"rotation_range": 25, "rescale": 1, "vertical_flip": false, "horizontal_flip": false, "pad": 4}, "validation_accuracy": 0.6342}