{"configs": {"rotation_range": 161, "pad": 1, "rescale": 1, "vertical_flip": true, "horizontal_flip": true}, "config_id": 73, "validation_accuracy": 0.6357, "runtime": 17659.562221050262, "train_accuracy": 0.8234675480769231, "compile_time": 0.029231548309326172}