{"configs": {"vertical_flip": true, "pad": 0, "rescale": 0, "horizontal_flip": true, "rotation_range": 167}, "config_id": 805, "validation_accuracy": 0.6413, "runtime": 17711.521973133087, "train_accuracy": 0.8827123397435898, "compile_time": 0.029746532440185547}