{"configs": {"rescale": 1, "horizontal_flip": false, "pad": 5, "rotation_range": 150, "vertical_flip": true}, "config_id": 124, "validation_accuracy": 0.4142, "compile_time": 0.029580116271972656, "runtime": 17659.27006173134, "train_accuracy": 0.7599325587606838}