{"config_id": 315, "runtime": 17718.625876665115, "compile_time": 0.030088186264038086, "configs": {"vertical_flip": true, "pad": 4, "rotation_range": 157, "rescale": 1, "horizontal_flip": true}, "validation_accuracy": 0.5098, "train_accuracy": 0.7716346153846154}