{"validation_accuracy": 0.9901, "compile_time": 0.029834508895874023, "runtime": 17549.505796670914, "config_id": 1005, "configs": {}, "train_accuracy": 0.98445}