{"config_id": 1004, "train_accuracy": 0.9841499999682108, "runtime": 17580.538848876953, "validation_accuracy": 0.9884, "compile_time": 0.029497146606445312, "configs": {}}