{"train_accuracy": 0.9195045405982906, "config_id": 331, "compile_time": 0.030104875564575195, "runtime": 17707.823734998703, "configs": {"vertical_flip": false, "rescale": 2, "horizontal_flip": false, "pad": 5, "rotation_range": 92}, "validation_accuracy": 0.3425}