{"validation_accuracy": 0.7148, "config_id": 419, "train_accuracy": 0.9681490384615384, "runtime": 17713.25861597061, "configs": {"pad": 0, "rescale": 2, "rotation_range": 12, "vertical_flip": true, "horizontal_flip": true}, "compile_time": 0.029785633087158203}