{"configs": {"pad": 3, "rescale": 1, "horizontal_flip": true, "rotation_range": 116, "vertical_flip": true}, "validation_accuracy": 0.5269, "compile_time": 0.029885530471801758, "config_id": 221, "runtime": 17718.221872091293, "train_accuracy": 0.8634648771367521}