{"train_accuracy": 0.9322916666666666, "configs": {"horizontal_flip": false, "pad": 5, "rotation_range": 84, "vertical_flip": false, "rescale": 2}, "config_id": 574, "validation_accuracy": 0.2849, "compile_time": 0.030019760131835938, "runtime": 17704.91452717781}