{"train_accuracy": 0.8720786591880342, "configs": {"horizontal_flip": true, "rotation_range": 91, "pad": 3, "rescale": 0, "vertical_flip": true}, "compile_time": 0.029964923858642578, "validation_accuracy": 0.5445, "runtime": 17691.312860250473, "config_id": 944}