{"validation_accuracy": 0.9895, "runtime": 17582.344568252563, "compile_time": 0.02941155433654785, "config_id": 1007, "configs": {}, "train_accuracy": 0.9822000000317891}