{"compile_time": 0.02965998649597168, "config_id": 989, "train_accuracy": 0.9617554754273504, "runtime": 17686.853483438492, "configs": {"horizontal_flip": false, "vertical_flip": false, "rotation_range": 70, "pad": 4, "rescale": 1}, "validation_accuracy": 0.5841}