{"config_id": 424, "train_accuracy": 0.9627904647435898, "compile_time": 0.02985858917236328, "validation_accuracy": 0.7719, "configs": {"rescale": 0, "vertical_flip": false, "rotation_range": 37, "horizontal_flip": false, "pad": 2}, "runtime": 17708.061270713806}