{"validation_accuracy": 0.364, "runtime": 17710.480343580246, "compile_time": 0.030052900314331055, "train_accuracy": 0.3937132745726496, "config_id": 425, "configs": {"vertical_flip": false, "rotation_range": 2, "rescale": 1, "horizontal_flip": true, "pad": 3}}