{"configs": {"rescale": 2, "pad": 0, "vertical_flip": false, "horizontal_flip": false, "rotation_range": 90}, "validation_accuracy": 0.7949, "train_accuracy": 0.9754607371794872, "runtime": 17718.713836669922, "compile_time": 0.029794692993164062, "config_id": 310}