{"compile_time": 0.030576705932617188, "train_accuracy": 0.9513721955128205, "validation_accuracy": 0.4664, "configs": {"vertical_flip": false, "pad": 6, "rotation_range": 76, "rescale": 1, "horizontal_flip": false}, "runtime": 17711.57954931259, "config_id": 488}