{"validation_accuracy": 0.5097, "train_accuracy": 0.8863848824786325, "runtime": 17710.377416610718, "config_id": 620, "configs": {"vertical_flip": true, "horizontal_flip": true, "pad": 5, "rescale": 1, "rotation_range": 44}, "compile_time": 0.030004262924194336}