{"configs": {"horizontal_flip": true, "vertical_flip": false, "rescale": 1, "pad": 0, "rotation_range": 99}, "train_accuracy": 0.9449452457264957, "config_id": 766, "validation_accuracy": 0.7329, "runtime": 17709.16197013855, "compile_time": 0.030207157135009766}