{"train_accuracy": 0.37272970085470086, "validation_accuracy": 0.3103, "runtime": 17648.279435634613, "configs": {"rescale": 2, "rotation_range": 18, "horizontal_flip": false, "vertical_flip": false, "pad": 3}, "config_id": 62, "compile_time": 0.0296323299407959}