{"configs": {"rescale": 0, "pad": 3, "horizontal_flip": true, "vertical_flip": true, "rotation_range": 3}, "train_accuracy": 0.9360643696581197, "config_id": 4, "validation_accuracy": 0.5137, "runtime": 1172.9322645664215, "compile_time": 0.0294644832611084}