{"runtime": 17665.715680360794, "compile_time": 0.030007600784301758, "configs": {"vertical_flip": false, "rescale": 2, "horizontal_flip": true, "pad": 1, "rotation_range": 34}, "config_id": 193, "train_accuracy": 0.9721721420940171, "validation_accuracy": 0.7514}