{"runtime": 17695.894075870514, "train_accuracy": 0.8362379807692307, "compile_time": 0.029712915420532227, "configs": {"horizontal_flip": true, "pad": 3, "rotation_range": 167, "vertical_flip": false, "rescale": 0}, "config_id": 341, "validation_accuracy": 0.5585}