{"train_accuracy": 0.29290197649572647, "runtime": 17683.166154146194, "validation_accuracy": 0.1353, "configs": {"rotation_range": 1, "rescale": 1, "pad": 8, "vertical_flip": false, "horizontal_flip": false}, "config_id": 939, "compile_time": 0.02977585792541504}