{"configs": {"rotation_range": 109, "horizontal_flip": true, "pad": 4, "rescale": 1, "vertical_flip": true}, "train_accuracy": 0.7564102564102564, "config_id": 333, "compile_time": 0.02961587905883789, "validation_accuracy": 0.5184, "runtime": 17713.195412158966}