{"runtime": 17638.661655187607, "configs": {"rescale": 0, "horizontal_flip": true, "pad": 2, "rotation_range": 61, "vertical_flip": true}, "train_accuracy": 0.9288194444444444, "compile_time": 0.029475927352905273, "validation_accuracy": 0.5956, "config_id": 91}