{"config_id": 664, "train_accuracy": 0.9686164529914529, "runtime": 17710.852600336075, "compile_time": 0.029785633087158203, "configs": {"rotation_range": 23, "rescale": 2, "horizontal_flip": false, "vertical_flip": true, "pad": 6}, "validation_accuracy": 0.3804}