{"configs": {"pad": 2, "rescale": 1, "horizontal_flip": false, "rotation_range": 57, "vertical_flip": false}, "train_accuracy": 0.976295405982906, "config_id": 461, "runtime": 17713.615678071976, "compile_time": 0.032309770584106445, "validation_accuracy": 0.7458}