{"train_accuracy": 0.9289529914529915, "configs": {"rotation_range": 75, "rescale": 2, "horizontal_flip": false, "pad": 4, "vertical_flip": true}, "config_id": 88, "validation_accuracy": 0.3336, "runtime": 17726.26552605629, "compile_time": 0.03045058250427246}