{"train_accuracy": 0.8829460470085471, "runtime": 17711.30016207695, "compile_time": 0.030053138732910156, "validation_accuracy": 0.5176, "config_id": 371, "configs": {"pad": 4, "rotation_range": 58, "rescale": 1, "horizontal_flip": true, "vertical_flip": true}}