{"compile_time": 0.029709815979003906, "validation_accuracy": 0.99, "configs": {}, "config_id": 1003, "train_accuracy": 0.9837166666666667, "runtime": 17568.806998729706}