{"config_id": 927, "validation_accuracy": 0.5763, "runtime": 17689.173966884613, "configs": {"pad": 4, "rotation_range": 20, "vertical_flip": true, "rescale": 2, "horizontal_flip": false}, "train_accuracy": 0.966262686965812, "compile_time": 0.029355287551879883}