{"runtime": 17695.636724710464, "compile_time": 0.029529809951782227, "configs": {"rescale": 0, "vertical_flip": true, "horizontal_flip": true, "rotation_range": 100, "pad": 1}, "validation_accuracy": 0.5817, "train_accuracy": 0.8897569444444444, "config_id": 869}