{"validation_accuracy": 0.5787, "config_id": 851, "train_accuracy": 0.9647769764957265, "compile_time": 0.030414581298828125, "runtime": 17714.32914662361, "configs": {"pad": 4, "rescale": 1, "horizontal_flip": false, "rotation_range": 29, "vertical_flip": true}}