{"compile_time": 0.030466079711914062, "config_id": 971, "configs": {"vertical_flip": false, "rotation_range": 52, "rescale": 0, "horizontal_flip": true, "pad": 2}, "validation_accuracy": 0.7011, "runtime": 17672.06115412712, "train_accuracy": 0.9733239850427351}