{"runtime": 17686.577352523804, "validation_accuracy": 0.6513, "compile_time": 0.029606342315673828, "train_accuracy": 0.8742654914529915, "configs": {"rescale": 1, "vertical_flip": true, "horizontal_flip": true, "pad": 0, "rotation_range": 177}, "config_id": 149}