{"validation_accuracy": 0.5089, "compile_time": 0.029622793197631836, "train_accuracy": 0.9317908653846154, "configs": {"vertical_flip": true, "pad": 5, "rotation_range": 63, "horizontal_flip": false, "rescale": 1}, "config_id": 252, "runtime": 17702.983243703842}