{"compile_time": 0.030793190002441406, "train_accuracy": 0.9347622863247863, "configs": {"horizontal_flip": false, "pad": 5, "rotation_range": 109, "rescale": 2, "vertical_flip": false}, "runtime": 17704.03777694702, "config_id": 660, "validation_accuracy": 0.3715}