{"configs": {"rotation_range": 133, "horizontal_flip": false, "pad": 5, "vertical_flip": true, "rescale": 1}, "runtime": 17709.788378715515, "train_accuracy": 0.847389155982906, "config_id": 276, "compile_time": 0.029671907424926758, "validation_accuracy": 0.4302}