{"configs": {"rotation_range": 83, "rescale": 1, "vertical_flip": false, "pad": 7, "horizontal_flip": false}, "runtime": 17712.385949134827, "compile_time": 0.029830217361450195, "train_accuracy": 0.9124599358974359, "config_id": 856, "validation_accuracy": 0.3351}