{"configs": {"pad": 2, "horizontal_flip": true, "rotation_range": 159, "vertical_flip": true, "rescale": 1}, "runtime": 18113.563477039337, "config_id": 475, "compile_time": 0.030166149139404297, "train_accuracy": 0.8177751068376068, "validation_accuracy": 0.6058}