{"config_id": 30, "configs": {"horizontal_flip": true, "rotation_range": 153, "pad": 0, "rescale": 1, "vertical_flip": false}, "runtime": 17662.431285858154, "train_accuracy": 0.9357638888888888, "validation_accuracy": 0.7293, "compile_time": 0.0312347412109375}