{"validation_accuracy": 0.4977, "compile_time": 0.02975153923034668, "config_id": 645, "train_accuracy": 0.8865184294871795, "configs": {"vertical_flip": true, "horizontal_flip": false, "rotation_range": 64, "rescale": 1, "pad": 5}, "runtime": 17713.590590000153}