{"configs": {"vertical_flip": true, "horizontal_flip": true, "pad": 2, "rescale": 2, "rotation_range": 22}, "runtime": 17694.281438589096, "train_accuracy": 0.9667634882478633, "config_id": 631, "validation_accuracy": 0.6246, "compile_time": 0.02945232391357422}