{"compile_time": 0.029867887496948242, "runtime": 17730.594954252243, "configs": {"rescale": 0, "horizontal_flip": true, "pad": 3, "rotation_range": 73, "vertical_flip": true}, "validation_accuracy": 0.5939, "config_id": 224, "train_accuracy": 0.8627136752136753}