{"runtime": 17718.09259533882, "validation_accuracy": 0.3635, "configs": {"rescale": 1, "horizontal_flip": true, "pad": 7, "rotation_range": 103, "vertical_flip": true}, "compile_time": 0.029785871505737305, "train_accuracy": 0.6378538995726496, "config_id": 441}