{"configs": {"pad": 7, "vertical_flip": true, "horizontal_flip": true, "rescale": 0, "rotation_range": 109}, "runtime": 17682.794443130493, "validation_accuracy": 0.3746, "train_accuracy": 0.7834034455128205, "config_id": 991, "compile_time": 0.03055119514465332}