{"train_accuracy": 0.9557625534188035, "compile_time": 0.029142379760742188, "configs": {"pad": 2, "horizontal_flip": false, "rescale": 1, "rotation_range": 129, "vertical_flip": false}, "validation_accuracy": 0.688, "config_id": 195, "runtime": 17659.419670820236}