{"runtime": 17688.125415802002, "train_accuracy": 0.9691005608974359, "validation_accuracy": 0.7298, "config_id": 913, "configs": {"rotation_range": 103, "horizontal_flip": false, "vertical_flip": false, "pad": 2, "rescale": 1}, "compile_time": 0.029595136642456055}