{"compile_time": 0.03025031089782715, "train_accuracy": 0.9708867521367521, "validation_accuracy": 0.4946, "configs": {"rescale": 1, "vertical_flip": true, "rotation_range": 22, "horizontal_flip": false, "pad": 6}, "runtime": 17714.00737285614, "config_id": 364}