{"train_accuracy": 0.9103231837606838, "configs": {"rescale": 2, "rotation_range": 98, "vertical_flip": false, "pad": 6, "horizontal_flip": false}, "validation_accuracy": 0.2503, "runtime": 17634.6884059906, "config_id": 97, "compile_time": 0.029765605926513672}