{"compile_time": 0.02968740463256836, "runtime": 17716.860364198685, "config_id": 340, "train_accuracy": 0.9597021901709402, "configs": {"rescale": 2, "vertical_flip": false, "pad": 3, "rotation_range": 42, "horizontal_flip": true}, "validation_accuracy": 0.661}