{"config_id": 383, "runtime": 17715.40366601944, "validation_accuracy": 0.2707, "configs": {"pad": 3, "horizontal_flip": true, "vertical_flip": true, "rotation_range": 95, "rescale": 2}, "compile_time": 0.0298001766204834, "train_accuracy": 0.8281416933760684}