{"compile_time": 0.030299663543701172, "train_accuracy": 0.899856436965812, "validation_accuracy": 0.6064, "runtime": 17713.461744070053, "config_id": 673, "configs": {"vertical_flip": true, "rotation_range": 92, "rescale": 1, "horizontal_flip": true, "pad": 2}}