{"configs": {"rotation_range": 122, "vertical_flip": true, "horizontal_flip": true, "pad": 2, "rescale": 2}, "compile_time": 0.03013920783996582, "validation_accuracy": 0.4685, "train_accuracy": 0.8512119391025641, "config_id": 651, "runtime": 17706.315341234207}