{"train_accuracy": 0.9839, "configs": {}, "validation_accuracy": 0.9898, "runtime": 17580.546505212784, "compile_time": 0.029667139053344727, "config_id": 1008}