{"configs": {"rotation_range": 85, "rescale": 0, "vertical_flip": false, "pad": 8, "horizontal_flip": true}, "validation_accuracy": 0.266, "compile_time": 0.029647350311279297, "train_accuracy": 0.8422475961538461, "runtime": 17698.9652531147, "config_id": 825}