{"runtime": 17728.855412483215, "compile_time": 0.030251264572143555, "config_id": 667, "validation_accuracy": 0.5557, "train_accuracy": 0.9642260950854701, "configs": {"rescale": 1, "horizontal_flip": true, "pad": 5, "rotation_range": 32, "vertical_flip": false}}