{"train_accuracy": 0.9529580662393162, "validation_accuracy": 0.2556, "configs": {"rotation_range": 47, "pad": 8, "rescale": 2, "horizontal_flip": false, "vertical_flip": false}, "compile_time": 0.029632091522216797, "config_id": 763, "runtime": 17705.156663179398}