{"config_id": 1002, "compile_time": 0.029558658599853516, "runtime": 17577.617389917374, "validation_accuracy": 0.988, "configs": {}, "train_accuracy": 0.9826000000317892}