{"configs": {"pad": 7, "horizontal_flip": true, "rotation_range": 28, "vertical_flip": true, "rescale": 1}, "train_accuracy": 0.9315404647435898, "validation_accuracy": 0.4103, "compile_time": 0.029500246047973633, "config_id": 273, "runtime": 17728.723455429077}