{"train_accuracy": 0.9514055822649573, "configs": {"horizontal_flip": false, "rescale": 2, "rotation_range": 47, "pad": 3, "vertical_flip": true}, "validation_accuracy": 0.5938, "config_id": 415, "compile_time": 0.029868602752685547, "runtime": 17707.649244070053}