{"configs": {"rotation_range": 94, "pad": 1, "rescale": 2, "vertical_flip": true, "horizontal_flip": true}, "config_id": 13, "validation_accuracy": 0.5528, "train_accuracy": 0.9081196581196581, "runtime": 17653.677228450775, "compile_time": 0.029288291931152344}