{"train_accuracy": 0.9467982104700855, "compile_time": 0.029769182205200195, "validation_accuracy": 0.8184, "config_id": 733, "configs": {"pad": 2, "horizontal_flip": false, "vertical_flip": false, "rotation_range": 43, "rescale": 1}, "runtime": 17710.803096055984}