{"train_accuracy": 0.9717381143162394, "configs": {"vertical_flip": true, "pad": 3, "rotation_range": 3, "horizontal_flip": true, "rescale": 0}, "config_id": 467, "runtime": 18091.37171983719, "validation_accuracy": 0.5031, "compile_time": 0.030510425567626953}