{"configs": {"pad": 0, "vertical_flip": false, "horizontal_flip": false, "rescale": 2, "rotation_range": 12}, "runtime": 17705.611887693405, "validation_accuracy": 0.3157, "compile_time": 0.03018665313720703, "config_id": 509, "train_accuracy": 0.4256977831196581}