{"configs": {}, "config_id": 1009, "runtime": 17582.34313559532, "validation_accuracy": 0.9904, "compile_time": 0.029711246490478516, "train_accuracy": 0.9834666666984558}