{"config_id": 829, "validation_accuracy": 0.2967, "train_accuracy": 0.8475227029914529, "configs": {"rotation_range": 164, "vertical_flip": false, "rescale": 1, "pad": 8, "horizontal_flip": false}, "compile_time": 0.02991199493408203, "runtime": 17696.74032139778}