{"configs": {"rotation_range": 145, "rescale": 0, "vertical_flip": false, "pad": 1, "horizontal_flip": false}, "validation_accuracy": 0.7059, "runtime": 17662.677505493164, "config_id": 934, "train_accuracy": 0.9599859775641025, "compile_time": 0.029721975326538086}