{"config_id": 824, "compile_time": 0.029904603958129883, "configs": {"horizontal_flip": true, "vertical_flip": true, "rotation_range": 114, "pad": 1, "rescale": 1}, "runtime": 17719.289604902267, "train_accuracy": 0.8918102297008547, "validation_accuracy": 0.5942}