{"validation_accuracy": 0.99, "compile_time": 0.029766321182250977, "config_id": 1006, "configs": {}, "runtime": 17574.415715694427, "train_accuracy": 0.9822500000317892}