{"runtime": 17668.44276857376, "compile_time": 0.030076265335083008, "validation_accuracy": 0.6432, "train_accuracy": 0.9481503739316239, "configs": {"horizontal_flip": false, "rotation_range": 81, "pad": 3, "vertical_flip": true, "rescale": 0}, "config_id": 204}