{"runtime": 18053.58290863037, "compile_time": 0.030258893966674805, "train_accuracy": 0.7540898771367521, "validation_accuracy": 0.2157, "config_id": 468, "configs": {"rotation_range": 179, "rescale": 2, "horizontal_flip": false, "vertical_flip": true, "pad": 5}}