{"runtime": 17706.026253938675, "configs": {"rotation_range": 170, "vertical_flip": false, "rescale": 2, "pad": 6, "horizontal_flip": true}, "validation_accuracy": 0.1535, "config_id": 446, "train_accuracy": 0.6987513354700855, "compile_time": 0.035350799560546875}