{"compile_time": 0.029769420623779297, "runtime": 17703.470456123352, "configs": {"pad": 0, "rescale": 1, "vertical_flip": true, "horizontal_flip": true, "rotation_range": 97}, "validation_accuracy": 0.6484, "config_id": 682, "train_accuracy": 0.8986879006410257}