{"train_accuracy": 0.9401709401709402, "compile_time": 0.02997612953186035, "configs": {"vertical_flip": false, "rescale": 2, "pad": 0, "rotation_range": 134, "horizontal_flip": true}, "config_id": 12, "runtime": 17658.15417098999, "validation_accuracy": 0.6987}