{"compile_time": 0.029459476470947266, "config_id": 595, "train_accuracy": 0.8162893963675214, "validation_accuracy": 0.3614, "configs": {"rotation_range": 112, "rescale": 1, "pad": 8, "vertical_flip": true, "horizontal_flip": false}, "runtime": 17666.25487279892}