{"epochs": 167, "benchmark": "ResNet", "test_loss": 1.5870216079711914, "configs": {}, "used_budget": 7180.426155328751, "test_error": 0.26449999999999996}