{"configs": {}, "test_error": 0.27680000000000005, "used_budget": 7168.240347862244, "test_loss": 1.6487130262374878, "benchmark": "ResNet", "epochs": 167}