{"used_budget": 5691.4716782569885, "test_loss": 1.7057606566309929, "epochs": 200, "test_error": 0.20720000000000005, "configs": {}, "benchmark": "AlexNet"}