{"test_error": 0.20640000000000003, "configs": {}, "test_loss": 1.7410260593414306, "used_budget": 5674.010219335556, "benchmark": "AlexNet", "epochs": 200}