{"test_error": 0.19820000000000004, "epochs": 200, "used_budget": 5706.658579349518, "benchmark": "AlexNet", "test_loss": 1.6764431904554367, "configs": {}}