{"best_run_info": {"validation_error": 0.18210000000000004, "train_history": {"loss": [1.7928346731723883, 1.3992353051136701, 1.2474283988659198, 1.1562762260437012, 1.1048102608093848, 1.0636075192537062, 1.0069600412478814, 0.9687261489721445, 0.9338837052002932, 0.9069337944189707, 0.87800005536813, 0.8764573534329733, 0.8130824947968508, 0.7795024621180999, 0.779918814316774, 0.7737611409945365, 0.7517656844395858, 0.7502676699406061, 0.7350549392211132, 0.7063387311421908, 0.6863318842190963, 0.6680514025382507, 0.6702588406892923, 0.701403218966264, 0.6627618506168708, 0.6510548775012677, 0.6453902079508855, 0.6424770779334582, 0.617579073478014, 0.6033126226602457, 0.6152252214841354, 0.6068417586577244, 0.5599193748755332, 0.5845343275712087, 0.5966626149721634, 0.5652405394193454, 0.5558462674037005, 0.5433492603210303, 0.5355079070879862, 0.5468404591083527, 0.5536401161016562, 0.5670980509275045, 0.5293159110423846, 0.535706143730726, 0.5043761027164948, 0.5342044077622585, 0.5080675249680494, 0.508421717163844, 0.508639313853704, 0.5195972709319531, 0.5010082992987756, 0.4983198642730713, 0.5450564110890413, 0.5000406633584927, 0.4933131761275805, 0.47906153515363353, 0.48118497584110653, 0.5011887741394532, 0.4584223524882243, 0.47325468636476076, 0.4759862342706093, 0.4712039629618327, 0.48835247602218235, 0.4791552775945419, 0.4777906934420268, 0.49029379853835475, 0.45767057171234715, 0.4916199166805316, 0.45434024586127353, 0.46620058440245116, 0.46272785923419857, 0.4620212060518754, 0.47239769040009916, 0.46822934043713105, 0.4548524946738512, 0.4363632542200578, 0.4273987068579747, 0.44622589494937503, 0.43450068395871383, 0.4349507051400649, 0.427492754199566, 0.44672788832432186, 0.424258074317223, 0.4668031560304837, 0.4511094888051351, 0.4476453356253795, 0.44793387139454865, 0.43867109104608876, 0.4666583988911066, 0.4074649459276444, 0.4143242633495575, 0.4302978970301457, 0.43985285055943024, 0.46116492190422154, 0.4229180648540839, 0.41701016212121034, 0.429327334348972, 0.434514256241994, 0.4450587924474325, 0.4287281089868301, 0.4254723344093714, 0.42361717575635666, 0.4143035591412813, 0.4083970380135072, 0.4081602616187854, 0.38404804238906276, 0.4215685098599165, 0.4370577316253613, 0.44421141346295673, 0.4273491131189542, 0.4047718017529219, 0.41040860727811473, 0.418205677316739, 0.4100713817737041, 0.40969438507006717, 0.4128755789536696, 0.3926959167688321, 0.4192510396242142, 0.41408944244568163, 0.40989624919035494, 0.40905447151416385, 0.4277863468115146, 0.4272770606554471, 0.40299727710393757, 0.39977734363996065, 0.40726744708342427, 0.4000945087426748, 0.3957450095659647, 0.41107426316310197, 0.41928302477567625, 0.407602989138701, 0.40707253836668456, 0.39586355900153136, 0.4167062846513895, 0.4295063072290176, 0.39635730515687895, 0.4196409705357674, 0.42353411400929475, 0.3985384370271976, 0.3823066220069543, 0.39699021936991274, 0.4002332370250653, 0.39652530696147525, 0.4004531449232346, 0.3775728967709419, 0.40863758210952467, 0.37772036362916994, 0.3850906632649593, 0.3612170016918427, 0.3737165404435916, 0.3848917182439413, 0.3599684482965714, 0.3899747790434422, 0.37486909138850677, 0.3966748989545382, 0.3971369048723808, 0.3799061966248048, 0.3773708767615832, 0.38753962478576565, 0.3683189486081784, 0.39162825773923826, 0.37937004749591535, 0.38515250308391374, 0.3954555797271239, 0.3737777834519362, 0.40450073243715823, 0.38274911160652453, 0.37499200992095166, 0.37344976036976546, 0.3751308979132237, 0.39081217233951276, 0.3757839019481952, 0.3687595996337059, 0.3838309007577407, 0.3899682580660551, 0.3383475159987425, 0.3802504994166203, 0.386264701684316, 0.37590935979134, 0.38780470001391876, 0.36270622985485274, 0.35996172787287295, 0.37732239296803105, 0.35127673966762346, 0.3525798947383196, 0.3849515112546774, 0.38624164844170594, 0.35053135722111434, 0.3549921867939142, 0.3664484910475902, 0.38187907254084563, 0.3598804214061835, 0.35206216955796266, 0.3722918174969844, 0.3620827392889903, 0.3702255143569066, 0.3808335230136529, 0.3657519668340683, 0.36196857079481465, 0.3858436575302711], "val_acc": [0.3419999997615814, 0.4310999999523163, 0.5630999996185303, 0.6370999996185303, 0.6383000003814697, 0.6323999997138977, 0.6978, 0.7120999999046326, 0.7042999999046325, 0.7260000007629395, 0.7162000003814697, 0.723500000667572, 0.7355999995231628, 0.7312999997138977, 0.7090000005722046, 0.7446999996185303, 0.7484999997138977, 0.7653000002861023, 0.747800000667572, 0.7657999994277954, 0.7303000005722046, 0.7814000007629395, 0.7391000003814697, 0.7676999995231628, 0.7843000002861023, 0.7593999998092651, 0.7699999996185303, 0.7906000003814697, 0.7715999995231628, 0.7842000002861023, 0.7717000003814697, 0.7593, 0.7561999995231629, 0.7804000002861023, 0.7865000000953675, 0.7772000003814697, 0.7774999992370606, 0.7912000004768371, 0.7740999992370605, 0.7931999992370605, 0.7797000002861023, 0.7787999994277954, 0.7937000007629395, 0.8033000000953674, 0.8016999995231628, 0.780900000667572, 0.7945999994277954, 0.7855999992370606, 0.7991, 0.7933000003814697, 0.7933999994277954, 0.7934999994277954, 0.8024999995231629, 0.7963999992370605, 0.7827, 0.7904999994277954, 0.797899999332428, 0.7990000001907349, 0.7951999994277954, 0.7990000003814697, 0.7834000005722046, 0.7870000003814698, 0.7863000002861023, 0.7877000006675721, 0.8097000005722046, 0.7993999996185303, 0.7976999995231628, 0.8029999998092652, 0.7935999996185302, 0.7919999995231628, 0.7945999995231628, 0.7916999992370606, 0.7943000002861023, 0.7914999996185302, 0.8050999992370605, 0.7953000005722046, 0.8004999992370605, 0.8000999994277954, 0.7931000005722046, 0.7979000007629394, 0.804499999332428, 0.7975000002861022, 0.8086999994277954, 0.8075000001907349, 0.8024999995231629, 0.8001999996185303, 0.8066000007629395, 0.805899999332428, 0.8084000007629395, 0.8030999994277954, 0.8143999999046325, 0.8052999996185303, 0.8036999999046326, 0.7973999997138977, 0.7772999997138977, 0.8103999997138978, 0.8112, 0.7864000000953675, 0.8172000004768372, 0.7963, 0.8111999994277954, 0.8050000005722046, 0.8008999992370606, 0.8086999992370606, 0.7876999998092651, 0.8074999996185303, 0.7991999997138977, 0.8065000001907349, 0.8007000002861023, 0.7907999997138977, 0.809399999332428, 0.8062000007629394, 0.7965999995231628, 0.7955999998092651, 0.807, 0.7994999997138977, 0.8144, 0.8092999997138977, 0.8089999999046326, 0.807799999332428, 0.8033000004768371, 0.8174000007629395, 0.7955999997138977, 0.8066999999046326, 0.7990000005722045, 0.8096999997138977, 0.8073999992370605, 0.8068000001907348, 0.8063000004768371, 0.8035999996185302, 0.810200000667572, 0.8075999994277954, 0.8087999992370606, 0.8047000007629395, 0.8128, 0.8043999992370605, 0.8145999996185302, 0.8100999992370606, 0.8034999998092651, 0.813299999332428, 0.8170999998092652, 0.8066999992370606, 0.8092, 0.8064000000953674, 0.801199999332428, 0.8090000002861023, 0.8068000000953675, 0.8131999993324279, 0.8109000007629394, 0.8007999996185303, 0.8111999994277954, 0.8214, 0.8090999996185303, 0.7954999995231629, 0.8163000000953674, 0.8131999997138977, 0.8018999994277954, 0.8021999999046325, 0.8005000007629395, 0.7936000001907348, 0.8172000004768372, 0.7994999997138977, 0.8123000000953674, 0.8125000004768371, 0.806499999332428, 0.8096999997138977, 0.7893999992370605, 0.8190999993324279, 0.8170999998092652, 0.8179999998092652, 0.8052999995231629, 0.8089999996185303, 0.809499999332428, 0.8036999994277955, 0.8195999996185303, 0.808000000667572, 0.8156999995231629, 0.8078000007629395, 0.8158999997138977, 0.8134999996185303, 0.8007999992370606, 0.8115999992370605, 0.818599999332428, 0.8127999996185302, 0.8115000000953674, 0.8114999995231629, 0.8152999999046325, 0.7920999998092652, 0.8121000007629394, 0.8199999994277954, 0.8224999994277954, 0.8067000004768372, 0.8135000003814697, 0.813100000667572, 0.8192999995231628, 0.8112000001907349, 0.8081000000953674, 0.8072999999046325, 0.8191000001907348, 0.8178999992370606],