{"best_run_info": {"validation_error": 0.17969999999999997, "used_budget": 1782.101368188858, "validation_loss": 0.7843510077357292, "train_history": {"acc": [0.43892728365384615, 0.5940004006410257, 0.6548978365384616, 0.6906550480769231, 0.7250100160256411, 0.7470452724358975, 0.7685546875, 0.7855318509615384, 0.794120592948718, 0.7998046875, 0.8199869791666666, 0.8242437900641025, 0.8362129407051282, 0.8370142227564102, 0.8557191506410257, 0.8577473958333334, 0.8660857371794872, 0.8701672676282052, 0.8729717548076923, 0.8792317708333334, 0.8837640224358975, 0.8902243589743589, 0.8948066907051282, 0.8971854967948718, 0.8982371794871795, 0.8970352564102564, 0.9001652644230769, 0.9094300881410257, 0.9104066506410257, 0.9149138621794872, 0.9122345753205128, 0.9190454727564102, 0.9201472355769231, 0.9196464342948718, 0.9267578125, 0.9278345352564102, 0.9280598958333334, 0.9310647035256411, 0.9292868589743589, 0.9323417467948718, 0.9334685496794872, 0.9313902243589743, 0.9357722355769231, 0.934745592948718, 0.9409555288461539, 0.9400540865384616, 0.9387019230769231, 0.9411558493589743, 0.9417568108974359, 0.9414312900641025, 0.9395783253205128, 0.9428836137820513, 0.9417067307692307, 0.9455879407051282, 0.9459385016025641, 0.9496193910256411, 0.9483423477564102, 0.9501201923076923, 0.9488681891025641, 0.9496694711538461, 0.9473657852564102, 0.9526742788461539, 0.9521985176282052, 0.9524989983974359, 0.9540765224358975, 0.9516977163461539, 0.9497946714743589, 0.9529747596153846, 0.9541266025641025, 0.9584835737179487, 0.9564553285256411, 0.9506209935897436, 0.9544020432692307, 0.9597105368589743, 0.9580829326923077, 0.9596103766025641, 0.9585086137820513, 0.9541015625, 0.9561047676282052], "val_loss": [2.259663103103638, 1.425536632347107, 1.2604076612472535, 1.193585443878174, 1.0174517025947571, 0.8905706680297851, 0.9057669020652771, 0.8442007685661316, 0.9328818159103394, 0.8529448183059692, 0.7753092500686646, 0.6905328766822815, 0.7886804936408996, 0.7588059338569642, 0.7473906161308289, 0.6680463074684143, 0.7400388084411621, 0.6456249193191528, 0.7231135931015015, 0.7727942893981934, 0.7407387157440185, 0.7038360112190246, 0.6524386630058289, 0.6887980878829956, 0.6679775547981263, 0.7586034004211426, 0.6670605012893677, 0.8210884583473206, 0.6202472924232483, 0.6396436349868775, 0.6368023162841797, 0.6975192864418029, 0.68834616689682, 0.6807753144264221, 0.7381557806015014, 0.703906647491455, 0.7097280291557312, 0.7499828171730042, 0.801633325958252, 0.6953207873344421, 0.7254628273010254, 0.6511549754142761, 0.7997697478294372, 0.6973151796340943, 0.6693222586631775, 0.661171246623993, 0.6755287362098694, 0.7410881343841553, 0.8304661490440368, 0.7939917847633362, 0.7130939061164856, 0.6849528161048889, 0.698901037979126, 0.6816001425743103, 0.7106996200561524, 0.7378390069007874, 0.8258553164482116, 0.7352372611999511, 0.8500625965118408, 0.7502843834877014, 0.6974113085746765, 0.7391219076156617, 0.7471306370735169, 0.8728736876487732, 0.7717189238548279, 0.7894767153739929, 0.7355146604537964, 0.7485300856590271, 0.8221977665901185, 0.7200213274955749, 0.7376564266204834, 0.8196715452194214, 0.7987127760887146, 0.7125886287689209, 0.8402620817184449, 0.7182342952728271, 0.8548901342391968, 0.8383424872398376, 0.7843509925842285], "val_acc": [0.2602000000953674, 0.4836999999523163, 0.5543999999046326, 0.5844000000953674, 0.6516999996185303, 0.694999999332428, 0.7055999997138978, 0.7147000002861023, 0.6984999999046325, 0.7250999995231628, 0.7463999997138977, 0.7727000004768372, 0.750799999332428, 0.7560000000953674, 0.763900000667572, 0.782499999332428, 0.770400000667572, 0.7914000005722046, 0.7786999995231628, 0.7636000003814697, 0.7734000002861023, 0.787200000667572, 0.7987000007629395, 0.7896999992370606, 0.7940999998092652, 0.7747000005722046, 0.8027999999046326, 0.7724999996185302, 0.8120000004768372, 0.8131999996185303, 0.8050999994277954, 0.8023999996185303, 0.7986999997138977, 0.8051999995231628, 0.8004999992370605, 0.8019000000953674, 0.8058, 0.7989000001907348, 0.7968000007629394, 0.8096000002861024, 0.8042999994277954, 0.8155000000953674, 0.792699999332428, 0.8101999996185303, 0.8128999996185303, 0.8166999994277954, 0.8133999997138978, 0.8039, 0.7903999994277954, 0.7929999999046325, 0.8146000007629395, 0.8149000004768372, 0.8154000001907349, 0.8204000005722046, 0.8143999998092651, 0.8104999992370605, 0.8054999995231629, 0.8134999999046326, 0.7941000004768372, 0.8166000003814697, 0.8146999992370606, 0.8158000002861023, 0.8109999997138977, 0.7954999994277954, 0.8161000005722046, 0.8069999993324279, 0.8123000000953674, 0.8192000003814697, 0.7992999997138978, 0.8189000005722046, 0.8184999997138978, 0.805000000667572, 0.8102999997138977, 0.8229000000953675, 0.8026000005722046, 0.8204999992370605, 0.802399999332428, 0.8052999996185303, 0.8203000005722045], "loss": [1.6040628583003314, 1.1490169664223988, 0.9788911029314383, 0.8789286475915176, 0.79281141437017, 0.728726898248379, 0.6751219477408972, 0.6204578425639715, 0.598968777901087, 0.57509662822271, 0.526296194547262, 0.5130116419914441, 0.4796397292461151, 0.4715143296963129, 0.4259185588512665, 0.41627307121570295, 0.3985661218563716, 0.3794061812834862, 0.3755362499982883, 0.35097064880224377, 0.3470735809741876, 0.3248208883481148, 0.31689858226439893, 0.306289115968423, 0.3013775648596959, 0.30025054667240536, 0.2952097094593904, 0.27288678995309734, 0.2677371471356123, 0.25193229890786684, 0.26462806589328325, 0.24689527601003647, 0.24119367526891905, 0.23512828865876564, 0.2220784244246972, 0.217063192373667, 0.2175791404950313, 0.21164902395162827, 0.21014154167511526, 0.20270134069216558, 0.19804867662680456, 0.20459024436198747, 0.1935505469640096, 0.19561234871164346, 0.17515252215357927, 0.18140585749195173, 0.18248197961694154, 0.177896453306461, 0.1756484285952189, 0.17268131300807, 0.18193984222717774, 0.17127625233469865, 0.1729043429860702, 0.16783414313044304, 0.1592871925005546, 0.15421413018917426, 0.1531606790346977, 0.15195864591843042, 0.15291359008122712, 0.1532520103531006, 0.15752300171133798, 0.14562661812091485, 0.14375086090503594, 0.14330143462388945, 0.1408597108645317, 0.14581451173394155, 0.1480248423340993, 0.1407062232685395, 0.1338029585014551, 0.1272087992192843, 0.12886161419252554, 0.1499799940830622, 0.13761127214783278, 0.12111428742989516, 0.12392286593333268, 0.12425660055417281, 0.12390506745148928, 0.13523592198124298, 0.13177656382322311]}, "configs": {"coarse_dropout_per_channel": 0.40680029786282124, "coarse_dropout_probability": 0.0, "augment_probability": 0.9763737242797321, "gaussian_noise_probability": 0.0, "vertical_flip": 0.0, "rotation_lower": -35, "elastic_transform_alpha_upper": 4.340914264390815, "scale_probability": 0.0, "shear_upper": 15, "rotation_probability": 0.0, "rotation_upper": 84, "pad_crop_upper": 0.1940354350401658, "elastic_transform_probability": 0.0, "pad_crop_lower": -0.1297342635330079, "gaussian_noise_scale_upper": 22.95790092409952, "coarse_dropout_lower": 0.09446139327764025, "elastic_transform_alpha_lower": 0.6769681662185008, "scale_upper": 1.8254637253804713, "scale_lower": 0.7583020080761049, "coarse_dropout_size_percent_upper": 0.19664139557961297, "elastic_transform_sigma": 0.18332385761450787, "coarse_dropout_upper": 0.16038796886094314, "shear_lower": -11, "coarse_dropout_size_percent_lower": 0.024462130620762978, "gaussian_noise_scale_lower": 10.982771867739265, "shear_probability": 0.0, "horizontal_flip": 0.8278318622236525, "pad_crop_probability": 0.45133561261091604}}, "best_config_trajectory": {"losses": [0.6563, 0.6419, 0.6007, 0.577, 0.5154000000000001, 0.37229999999999996, 0.35140000000000005, 0.33220000000000005, 0.3005, 0.2724, 0.251, 0.25049999999999994, 0.22330000000000005, 0.21509999999999996, 0.18120000000000003, 0.18010000000000004, 0.17969999999999997],