{"validation_loss": 0.726686770439148, "used_budget": 1783.7398073673248, "train_history": {"loss": [1.6511101768567011, 1.2108472432845678, 1.0394523778022864, 0.9439852046660888, 0.8648827251715537, 0.7905182517491854, 0.7475768129030863, 0.6918463714611836, 0.6641159852345785, 0.6323960576301966, 0.6116750576557257, 0.590586088406734, 0.5604946506329072, 0.5536592549238449, 0.5263711844499295, 0.5122402489949496, 0.49420818380820447, 0.4811205015732692, 0.47125000181870585, 0.442384523841051, 0.4458836676218571, 0.4274030602895297, 0.41585773649888164, 0.4033904916200882, 0.40294201022539383, 0.3875574244138522, 0.3715487600137026, 0.35431912464973253, 0.3478394613052026, 0.34691744355055004, 0.3348570389625354, 0.332740102822964, 0.3244287251279904, 0.3188800905377437, 0.3090834460961513, 0.30758196593095094, 0.291010255805957, 0.29764917206305724, 0.28124644569097423, 0.27650585751502943, 0.2803187349285835, 0.2577993407463416, 0.2555404977920728, 0.2507192756120975, 0.2524847252628742, 0.24489085318950507, 0.23477782137118852, 0.23745155582825342, 0.24494747339915007, 0.2157329051540448, 0.22788436624866265, 0.22205303036249602, 0.20976791072350282, 0.20678566682797211, 0.2075659439731867, 0.21057588186783668, 0.19642385018941683, 0.20759290982133302, 0.19236790159573922, 0.17686605864228347, 0.1912954487861731, 0.18325098470235482, 0.1908315515671021, 0.17557763050381953, 0.18162084533235964, 0.18007141198867407, 0.17630275615896934, 0.180019876991327, 0.17672765474670973, 0.1686753063247754, 0.1737765345053795, 0.1738376489434487, 0.16364810090416518, 0.15030423905222845, 0.15307195264941606, 0.15067900067720658, 0.157275763937296, 0.14792736056141365, 0.14928829297423363, 0.15409719963104296], "val_acc": [0.32150000009536744, 0.46420000009536744, 0.6349999994277954, 0.6385000004768372, 0.7164999996185303, 0.7102999994277954, 0.7249000003814697, 0.7536000007629394, 0.712999999332428, 0.7166, 0.6830999994277954, 0.7532000003814697, 0.7332999998092652, 0.7411, 0.7894999996185302, 0.7486999995231628, 0.7487999997138977, 0.7683000007629395, 0.792099999332428, 0.7700999994277954, 0.7573999992370606, 0.8116999992370606, 0.7775999999046326, 0.7875999996185302, 0.7841000007629395, 0.8085000000953674, 0.8047999997138977, 0.8294999997138977, 0.8103000004768371, 0.8048000002861023, 0.8136999997138977, 0.813999999332428, 0.8132000000953674, 0.7924999994277954, 0.8015000005722046, 0.8259000004768372, 0.8218000002861023, 0.8148000004768372, 0.8091000004768372, 0.8113000000953674, 0.8226000000953674, 0.8178, 0.8045000002861022, 0.8106000003814697, 0.8080999997138977, 0.8229000004768372, 0.8118000005722046, 0.8259000006675721, 0.8165000003814697, 0.8097000004768372, 0.807200000667572, 0.8181000001907348, 0.8149999992370606, 0.8263000003814698, 0.8278000007629395, 0.8159000005722046, 0.8058000004768372, 0.826600000667572, 0.825400000667572, 0.8191000005722046, 0.8062999998092651, 0.8235000001907349, 0.8069000002861023, 0.8200000000953674, 0.824699999332428, 0.8250000005722046, 0.8339999994277955, 0.8301999994277954, 0.8249000001907348, 0.8221000007629394, 0.8166000001907349, 0.8114000007629395, 0.8269999992370606, 0.8286000002861023, 0.837800000667572, 0.8099000002861023, 0.8230000006675721, 0.8341999993324279, 0.8237000002861022, 0.8244999994277954], "acc": [0.42225060096153844, 0.5687099358974359, 0.6324869791666666, 0.6691456330128205, 0.6989683493589743, 0.7256109775641025, 0.7404346955128205, 0.7593149038461539, 0.7691806891025641, 0.7827023237179487, 0.7886618589743589, 0.7965244391025641, 0.8051131810897436, 0.8072916666666666, 0.8174328926282052, 0.823066907051282, 0.8298277243589743, 0.8334334935897436, 0.8387419871794872, 0.8456530448717948, 0.8456780849358975, 0.8516877003205128, 0.8556189903846154, 0.8589993990384616, 0.8604767628205128, 0.8664863782051282, 0.8706680689102564, 0.8775290464743589, 0.8788311298076923, 0.8783052884615384, 0.8843399439102564, 0.8844150641025641, 0.8887970753205128, 0.8895983573717948, 0.8926532451923077, 0.8931039663461539, 0.8995643028846154, 0.8956580528846154, 0.90234375, 0.9052984775641025, 0.9026442307692307, 0.9106320112179487, 0.9123096955128205, 0.9138621794871795, 0.9128355368589743, 0.9136117788461539, 0.9182942708333334, 0.9180188301282052, 0.9138371394230769, 0.9259815705128205, 0.9222255608974359, 0.9222255608974359, 0.9270082131410257, 0.9281600560897436, 0.9277844551282052, 0.9254056490384616, 0.9309895833333334, 0.9284104567307693, 0.9333183092948718, 0.9382762419871795, 0.9321163862179487, 0.9355719150641025, 0.933418469551282, 0.9405799278846154, 0.9375250400641025, 0.9360727163461539, 0.9401292067307693, 0.9361227964743589, 0.9379507211538461, 0.9423327323717948, 0.9391776842948718, 0.939277844551282, 0.9432592147435898, 0.9474659455128205, 0.9458884214743589, 0.9468149038461539, 0.9458383413461539, 0.9484675480769231, 0.9472155448717948, 0.9458633814102564], "val_loss": [1.8750460931777955, 1.5376834106445312, 1.051563112449646, 1.0642916284561157, 0.8432923432350159, 0.8701112007141113, 0.8315699984550476, 0.7475887325286865, 0.9055138206481934, 0.9119531414031983, 1.0571652767181396, 0.7466902929306031, 0.8219460424423217, 0.8352132824897767, 0.6344718789100647, 0.7786653499603271, 0.8202092840194702, 0.7464533002853394, 0.6461559013366699, 0.7754808355331421, 0.8081224787712097, 0.591071422958374, 0.7125337615013122, 0.7140197700500488, 0.7041534543037414, 0.6238253786087036, 0.6288371737480164, 0.5351137225151062, 0.6128657331466675, 0.6235575960159302, 0.6011424502372742, 0.6147387913703919, 0.6074616606712341, 0.716444027042389, 0.6694303548812867, 0.5825610451698303, 0.6216885591506958, 0.6309303708076477, 0.6721342548370361, 0.6529391021728516, 0.6117884252548218, 0.6438240079879761, 0.7091196688652038, 0.7074867301940918, 0.682086240196228, 0.6373307903289795, 0.7248125915527344, 0.6249723427772522, 0.6807859257698059, 0.758921582698822, 0.6909051658630371, 0.6674580024719239, 0.6853915583610535, 0.6478622302055359, 0.636007269859314, 0.6932061224937439, 0.7738241207122802, 0.691308536529541, 0.6745527285575866, 0.7421224815368652, 0.7992723620414733, 0.6676255463600159, 0.7495783241271973, 0.7035200523376465, 0.6822832460403443, 0.6915637292861938, 0.638546665096283, 0.6607718374252319, 0.7058484753608704, 0.7313004731178284, 0.7208366674423218, 0.793904368019104, 0.7000229031562805, 0.7421280757904053, 0.6435980562210083, 0.794460605430603, 0.7244150046348572, 0.6930038171768188, 0.7282463485717774, 0.7266867761611938]}, "validation_error": 0.1755, "configs": {"coarse_dropout_lower": 0.01720443841784406, "pad_crop_upper": 0.125, "coarse_dropout_upper": 0.1803298795055775, "rotation_lower": -79, "vertical_flip": 0.0, "shear_upper": 12, "gaussian_noise_probability": 0.0, "rotation_upper": 167, "elastic_transform_sigma": 0.11330445144931345, "elastic_transform_alpha_lower": 1.0976095223368567, "scale_upper": 1.0841614025153574, "pad_crop_lower": -0.125, "scale_lower": 0.8512391763525833, "rotation_probability": 0.0, "coarse_dropout_probability": 0.0, "elastic_transform_alpha_upper": 3.609624120705673, "shear_probability": 0.0, "shear_lower": -3, "gaussian_noise_scale_upper": 15.144249365926294, "augment_probability": 1.0, "scale_probability": 0.0, "coarse_dropout_per_channel": 0.836703130641466, "pad_crop_probability": 1.0, "coarse_dropout_size_percent_lower": 0.06775084252070308, "coarse_dropout_size_percent_upper": 0.1941679410175995, "gaussian_noise_scale_lower": 10.776333575603122, "horizontal_flip": 0.5, "elastic_transform_probability": 0.0}}