{"validation_error": 0.1763, "used_budget": 1786.369888305664, "train_history": {"val_loss": [2.1293573513031006, 1.9120158187866212, 1.4169856481552123, 1.1173541040420532, 0.9156827800750732, 0.9803969980239868, 0.8789265024185181, 0.8688367802619934, 0.8255583563804626, 0.8152806979179382, 0.7872692378997803, 0.8612815958023071, 0.832584411239624, 0.7245932396888732, 0.7881069364547729, 0.6806100623130799, 0.844921395778656, 0.6235356296539306, 0.6905203383445739, 0.7100404596328735, 0.8053019782066345, 0.6524122444152832, 0.6641001845359802, 0.7443636060714721, 0.6659220008850097, 0.719041656589508, 0.6997974759101868, 0.6945741231918335, 0.6240894045829773, 0.6649773002624512, 0.7494817379951477, 0.7558973927497864, 0.6634984443664551, 0.6722726955413818, 0.6289066502571106, 0.6614166735649109, 0.6998996619224548, 0.6860649693489075, 0.7251652956962585, 0.692908920764923, 0.6489734419822693, 0.6034702881813049, 0.6162049231529236, 0.6692509557723999, 0.6964514589309693, 0.737908982372284, 0.740785814857483, 0.6503875671386719, 0.7400675317764283, 0.7230399452209473, 0.6758003589630127, 0.70960221118927, 0.6671919116020203, 0.6787542505264282, 0.6361854022026062, 0.7879544629096985, 0.6519646240234375, 0.7247867733955383, 0.7739885004997253, 0.6512922597885131, 0.6312617183685303, 0.6855794001579285, 0.6706966916084289, 0.7633189299583435, 0.6789975167274475, 0.845142977142334, 0.8052366692543029, 0.7216633539199829, 0.7282665073394775, 0.7243235624313354, 0.873198092842102, 0.7474530089378357, 0.7130188083648682, 0.7348682393074035, 0.7563591444969178, 0.6719634857177734, 0.7913858653068543, 0.8423213369369507, 0.6979144342422485, 0.7913884099006653, 0.7304604846000672, 0.7352438294410706], "loss": [1.7553071578343709, 1.2416368004603264, 1.0478834089560387, 0.9562816520531973, 0.8687381958350157, 0.7939307284660828, 0.750843644906313, 0.7145849389907641, 0.6614718230871054, 0.6452950231539898, 0.6101639935603509, 0.5859274058005749, 0.5581053980650046, 0.5264331858891708, 0.5169541335258728, 0.5050423699311721, 0.4985005213664128, 0.4808365171536421, 0.4513042225287511, 0.44499290715425444, 0.4217186409693498, 0.4252111751299638, 0.4017637929855249, 0.4034546949924567, 0.3733148964551779, 0.37723643428240067, 0.3575074836993829, 0.3562335566832469, 0.3406774653838231, 0.35225799221258897, 0.32495099707291675, 0.3287220870455106, 0.3321732164193422, 0.3161675546031732, 0.30471689464190066, 0.29231526301457333, 0.280306943716147, 0.2849584804513516, 0.28139732013910246, 0.2808283145229022, 0.27474278670090896, 0.26516163712128615, 0.2575594366360933, 0.24534802769239134, 0.24207242215291047, 0.2307807235763623, 0.23513976446329019, 0.23477281916600007, 0.22994353889654845, 0.22031875757070687, 0.2179757473178399, 0.21150932021630117, 0.20510985281987068, 0.2218419773838459, 0.19776766078594404, 0.1938645811035083, 0.212240253503506, 0.19541133004121292, 0.19043374004272315, 0.19078498486524972, 0.17951369591248342, 0.18629178118247253, 0.17072027549147606, 0.1745489707741982, 0.1936234495578668, 0.17591533026634118, 0.16818548882236847, 0.16250127439315504, 0.16974062147812966, 0.17131439911631438, 0.1642911987235913, 0.1656846966689978, 0.16565257903092948, 0.15268800522272402, 0.15247154083007422, 0.1514529793117291, 0.15217363165739256, 0.14243266998957366, 0.15231503832798737, 0.14118055301981094, 0.1486539649657714, 0.14100292191291466], "acc": [0.3967848557692308, 0.5585436698717948, 0.6324118589743589, 0.6697716346153846, 0.6951121794871795, 0.7268880208333334, 0.7406099759615384, 0.7522285657051282, 0.7722105368589743, 0.7776191907051282, 0.7913161057692307, 0.7972506009615384, 0.8071915064102564, 0.8189102564102564, 0.8221404246794872, 0.8243189102564102, 0.8261468349358975, 0.8300030048076923, 0.8425230368589743, 0.8466546474358975, 0.8530148237179487, 0.8527894631410257, 0.8612029246794872, 0.8600260416666666, 0.871269030448718, 0.8708183092948718, 0.8744491185897436, 0.8765775240384616, 0.8837890625, 0.8758764022435898, 0.8855418669871795, 0.8867437900641025, 0.8852163461538461, 0.8923277243589743, 0.8946564503205128, 0.898612780448718, 0.9013671875, 0.9012419871794872, 0.9017427884615384, 0.9026692708333334, 0.9039463141025641, 0.9075520833333334, 0.91015625, 0.9142628205128205, 0.9164663461538461, 0.9193209134615384, 0.9182441907051282, 0.9173427483974359, 0.9205478766025641, 0.9236027644230769, 0.9247295673076923, 0.9262820512820513, 0.9296875, 0.9233774038461539, 0.9312149439102564, 0.9328175080128205, 0.9260316506410257, 0.9321414262820513, 0.9345202323717948, 0.9326171875, 0.9369240785256411, 0.9364733573717948, 0.9403295272435898, 0.9386768830128205, 0.9324168669871795, 0.9383263221153846, 0.9410056089743589, 0.9430338541666666, 0.9404296875, 0.9400791266025641, 0.9420572916666666, 0.9422325721153846, 0.9412059294871795, 0.9469401041666666, 0.947090344551282, 0.9477914663461539, 0.9463641826923077, 0.9495192307692307, 0.9472906650641025, 0.9498948317307693, 0.947090344551282, 0.9512219551282052], "val_acc": [0.29839999990463256, 0.35329999980926513, 0.4864999996185303, 0.6138999994277954, 0.6778000007629394, 0.6729999993324279, 0.7031000000953674, 0.7086000007629395, 0.7217000005722046, 0.7240999997138977, 0.7438000003814698, 0.7200999998092651, 0.7216000001907349, 0.758499999332428, 0.7484999998092652, 0.7785000005722046, 0.7433000005722046, 0.7954000001907349, 0.7836000005722046, 0.7787999993324279, 0.7520999996185302, 0.7947000002861023, 0.7911000000953674, 0.7730999997138978, 0.7923000005722046, 0.7776999992370606, 0.7938999992370606, 0.7885999998092651, 0.8089999993324279, 0.8005000005722046, 0.7816000000953675, 0.7861000002861023, 0.796399999332428, 0.7967999994277954, 0.8095999997138977, 0.8016000007629395, 0.7943000003814698, 0.8006000005722046, 0.7964000003814697, 0.8023000003814698, 0.8137000001907349, 0.8187999996185302, 0.8209000000953675, 0.8098999997138977, 0.8078000007629395, 0.8048999994277954, 0.7994999992370605, 0.8173999994277954, 0.8007999995231628, 0.8027000002861023, 0.8144999995231629, 0.8068999997138977, 0.8151000007629394, 0.8131999995231628, 0.8262999997138977, 0.7939000007629394, 0.8248000001907348, 0.8144000001907349, 0.8073999995231629, 0.8229999996185303, 0.8333, 0.821799999332428, 0.8234999999046325, 0.8069999999046326, 0.8232999993324279, 0.7925999994277955, 0.8033999995231629, 0.8167999997138977, 0.8205999999046326, 0.8203, 0.797399999332428, 0.8173, 0.8215, 0.8221999999046326, 0.8149999997138977, 0.8309000001907348, 0.8132000001907349, 0.8042999994277954, 0.8309999992370606, 0.8172000004768372, 0.8222000004768372, 0.8236999996185302]}, "validation_loss": 0.7352438226222991, "configs": {"gaussian_noise_probability": 0.0, "pad_crop_upper": 0.125, "coarse_dropout_lower": 0.09453316301845494, "rotation_probability": 0.0, "shear_probability": 0.0, "scale_lower": 0.712424543999683, "coarse_dropout_per_channel": 0.5695436591154931, "gaussian_noise_scale_upper": 21.10617200724592, "vertical_flip": 0.0, "elastic_transform_alpha_upper": 4.390898966104904, "coarse_dropout_upper": 0.12301903810494189, "augment_probability": 1.0, "gaussian_noise_scale_lower": 5.155703760015298, "pad_crop_probability": 1.0, "horizontal_flip": 0.5, "rotation_upper": 159, "elastic_transform_sigma": 0.7452184409713808, "elastic_transform_probability": 0.0, "shear_lower": -3, "rotation_lower": -85, "elastic_transform_alpha_lower": 0.43230713635284346, "pad_crop_lower": -0.125, "scale_probability": 0.0, "coarse_dropout_probability": 0.0, "scale_upper": 1.2306740730932835, "coarse_dropout_size_percent_upper": 0.16551827877115338, "shear_upper": 11, "coarse_dropout_size_percent_lower": 0.06961777872044386}}