{"train_history": {"acc": [0.4111328125, 0.5663561698717948, 0.6389973958333334, 0.6772836538461539, 0.7021484375, 0.729667467948718, 0.7468449519230769, 0.7624198717948718, 0.7683543669871795, 0.7875100160256411, 0.7915915464743589, 0.7963241185897436, 0.8072666266025641, 0.80859375, 0.824043469551282, 0.8225661057692307, 0.8331330128205128, 0.8342347756410257, 0.836738782051282, 0.8469050480769231, 0.8512119391025641, 0.8574469150641025, 0.8552684294871795, 0.8639322916666666, 0.865409655448718, 0.8724959935897436, 0.8686899038461539, 0.8680388621794872, 0.8798076923076923, 0.8807091346153846, 0.888847155448718, 0.8816105769230769, 0.8921023637820513, 0.8888972355769231, 0.8885717147435898, 0.8924779647435898, 0.8986879006410257, 0.8994641426282052, 0.9043719951923077, 0.9054236778846154, 0.9088792067307693, 0.9052233573717948, 0.9123597756410257, 0.9135616987179487, 0.9167918669871795, 0.9103565705128205, 0.9187199519230769, 0.9189953926282052, 0.9200220352564102, 0.9245542868589743, 0.9279346955128205, 0.9208483573717948, 0.9329176682692307, 0.9260066105769231, 0.9303385416666666, 0.9268329326923077, 0.9294621394230769, 0.9313151041666666, 0.9339192708333334, 0.9342447916666666, 0.9375250400641025, 0.9338191105769231, 0.9347956730769231, 0.9373998397435898, 0.9367487980769231, 0.9380008012820513, 0.9326422275641025, 0.9385016025641025, 0.9419070512820513, 0.9417317708333334, 0.9407802483974359, 0.9427083333333334, 0.9472155448717948, 0.9481670673076923, 0.9454377003205128, 0.9461638621794872, 0.9472405849358975, 0.9506961137820513, 0.9467648237179487, 0.9505959535256411, 0.9501953125, 0.9519230769230769], "val_loss": [1.941053282737732, 1.406791636657715, 1.285611042404175, 1.038799026298523, 0.8764699649810791, 0.8475736015319825, 0.8557783512115479, 0.8416558230400085, 0.8456935735702514, 0.7429859132766724, 0.8948538290023804, 0.8350597249984741, 0.8966125059127807, 0.833363581085205, 0.7133273997306824, 0.7579706479072571, 0.6534846738815308, 0.63513663854599, 0.817232924747467, 0.7212516325950623, 0.7515041549682617, 0.6606607693672181, 0.7424164911270141, 0.7163989706993104, 0.6287419101715088, 0.6288922307014465, 0.7456431372642517, 0.6933570044517517, 0.6393133303642273, 0.6010621612548828, 0.7347332328796387, 0.9031063144683837, 0.6909774048805237, 0.67510992603302, 0.6944741448402405, 0.6239469458580017, 0.6325222887039185, 0.629806960773468, 0.7907495862960815, 0.6707610238075257, 0.8452531934738159, 0.6916887804985047, 0.8034356060028076, 0.6091350389480591, 0.6019435458183289, 0.7051992176055908, 0.6843906295776367, 0.6778948208808899, 0.6841557230949402, 0.6538468101501465, 0.6904897141456604, 0.7783407740592957, 0.740304076385498, 0.6380042167663574, 0.6391018343925476, 0.7648202877044677, 0.6796337518692016, 0.7285803214073181, 0.7569671466827392, 0.6526543859481811, 0.7509213652610779, 0.6499852407455444, 0.6835069947242737, 0.7893932757377624, 0.845313680267334, 0.6888638719558716, 0.7872957971572876, 0.6861644033432007, 0.7741435652732849, 0.7032996861457824, 0.7103443879127502, 0.803853056716919, 0.739936231136322, 0.8068305539131164, 0.6931707210540772, 0.6899128001213074, 0.7127824429512024, 0.676876879119873, 0.8120445732116699, 0.7831416283607483, 0.8727378606796264, 0.7745927041053772], "val_acc": [0.2985999999523163, 0.49240000038146975, 0.5318, 0.6429999995231629, 0.693599999332428, 0.7158999999046326, 0.7155000001907349, 0.7215999996185303, 0.7306999997138977, 0.7512000005722046, 0.722099999332428, 0.7358000004768371, 0.7183999994277954, 0.7419000004768371, 0.7672999999046326, 0.7646999993324279, 0.7876000003814697, 0.7939000004768372, 0.7451999997138977, 0.7723999999046326, 0.7665000004768372, 0.7914999998092651, 0.7697000003814697, 0.7796999994277954, 0.802299999332428, 0.8061999994277954, 0.788299999332428, 0.7877999994277954, 0.8054999996185302, 0.8110999993324279, 0.7848000002861023, 0.7519000007629395, 0.8009999994277954, 0.8031999997138977, 0.806199999332428, 0.8092999994277954, 0.8094999995231629, 0.810499999332428, 0.7814999997138977, 0.8085000005722046, 0.7784000000953675, 0.8082999994277954, 0.7904000005722046, 0.8226999994277954, 0.8282999993324279, 0.8050999996185303, 0.8102000007629394, 0.813100000667572, 0.8147999994277955, 0.8218999997138977, 0.8074000003814698, 0.799199999332428, 0.8064999996185302, 0.8277999998092651, 0.8270999998092652, 0.8089999997138977, 0.8249, 0.8130999994277954, 0.8060999999046325, 0.8231999997138977, 0.8118999992370606, 0.8251000004768372, 0.8173000003814698, 0.7983000001907349, 0.8021, 0.8220999996185303, 0.8093000007629394, 0.8336999992370605, 0.8096999994277954, 0.8283999999046325, 0.8230000007629394, 0.7988000001907348, 0.8220999993324279, 0.8063000001907349, 0.8280000006675721, 0.8307999999046326, 0.8233999996185303, 0.8306, 0.8090999993324279, 0.8122999994277954, 0.8056999998092651, 0.8196000003814697], "loss": [1.6874411472907433, 1.2209703142826374, 1.0271884699662526, 0.9244925983441181, 0.8561562055196518, 0.7836941343087417, 0.7325580655000149, 0.6859887265242063, 0.669299297607862, 0.6173278364615563, 0.6118315840378786, 0.5888717499298927, 0.5630380182694166, 0.553786766070586, 0.5148801494103211, 0.5115706504155428, 0.48502586438105655, 0.4797252141512357, 0.4743368828143829, 0.44021942791266316, 0.4357775174654447, 0.41174140114050645, 0.4170841559385642, 0.3954749936476732, 0.39055238778774554, 0.36688906794939286, 0.378418016128051, 0.38230340564862275, 0.35049240176494306, 0.34381114481351316, 0.3231265558264194, 0.33974536259969074, 0.31310186573328114, 0.3214463050930928, 0.31744012924341053, 0.30607359665326583, 0.2966112752373402, 0.2865056227415036, 0.2764813764355121, 0.2737212414160753, 0.2617385345391738, 0.26884338106864536, 0.2570644647647173, 0.24896808847402915, 0.2430243771045636, 0.2573105213351739, 0.23484576168732765, 0.2324736406787848, 0.22793141102943665, 0.2168457649457149, 0.2093966945241659, 0.22457598512753463, 0.19718592117230097, 0.21280868857716903, 0.20504741619030634, 0.21046731697443205, 0.20604083438714346, 0.1982638748983542, 0.19449379314214754, 0.19041260102620491, 0.18194214827739275, 0.18975029685176337, 0.1868710243740143, 0.17703200083894607, 0.17805544248758218, 0.17498173956305552, 0.19170427035826904, 0.17904881674509782, 0.16896821348330912, 0.17090904684020922, 0.16838419055327392, 0.16177803058272752, 0.15099390108998006, 0.14761025305741873, 0.15608955117372367, 0.1549188026633018, 0.15294251466790834, 0.14155733633117798, 0.14761241802420372, 0.14094368253762907, 0.1439131716122994, 0.13888133813937506]}, "used_budget": 1784.7999403476715, "validation_error": 0.1804, "validation_loss": 0.7745927067041397, "configs": {"gaussian_noise_probability": 0.0, "coarse_dropout_size_percent_lower": 0.04653928961001959, "rotation_upper": 136, "elastic_transform_alpha_lower": 1.3546404590720482, "scale_probability": 0.0, "elastic_transform_probability": 0.0, "augment_probability": 1.0, "gaussian_noise_scale_lower": 7.89709143232757, "scale_lower": 0.8040047964198936, "coarse_dropout_per_channel": 0.26959101352867587, "scale_upper": 1.6572352666585393, "rotation_probability": 0.0, "elastic_transform_alpha_upper": 4.010218021231194, "coarse_dropout_probability": 0.0, "vertical_flip": 0.0, "coarse_dropout_size_percent_upper": 0.17859233849522196, "pad_crop_lower": -0.125, "rotation_lower": -33, "coarse_dropout_upper": 0.19631660467106926, "horizontal_flip": 0.5, "coarse_dropout_lower": 0.0011110720940303853, "pad_crop_upper": 0.125, "pad_crop_probability": 1.0, "gaussian_noise_scale_upper": 18.686076179444164, "shear_lower": -13, "elastic_transform_sigma": 0.28913690053960994, "shear_upper": 8, "shear_probability": 0.0}}