{"validation_loss": 0.7260777696371078, "train_history": {"loss": [1.6935139008057423, 1.2050374562923725, 1.0486481327276964, 0.9417028266649979, 0.8589873627210275, 0.787102012298046, 0.7408447899879553, 0.6934985457322537, 0.6646884595736479, 0.6426120499769846, 0.6089759312379055, 0.5755811715737368, 0.5601908182486509, 0.5354371838844739, 0.5228464332146522, 0.5139072430439484, 0.47924764454364777, 0.452784809928674, 0.4545680903471433, 0.42949961087642574, 0.4379019825122295, 0.4182871931638473, 0.41746003925800323, 0.39010224510461855, 0.38209152871217483, 0.3699245945765422, 0.36703558285266924, 0.35166114549606275, 0.3489342190516301, 0.3252412493412311, 0.3304313652408429, 0.32668280066587985, 0.3138836941275841, 0.31357913693556416, 0.3193095402839856, 0.30510622759660083, 0.28326851282364285, 0.2922280222559587, 0.27644913853743136, 0.2767336162237021, 0.24955956045633707, 0.26337161832130873, 0.25551728694102704, 0.2485112658677957, 0.24107029938544983, 0.2421156034255639, 0.23473851420940497, 0.23557749696266958, 0.22311693066969895, 0.23200286065156644, 0.22333161580639008, 0.21008917765739638, 0.2181547860113474, 0.20336197736935738, 0.2056693136692047, 0.19467153457494882, 0.2039969114538951, 0.19148676269329512, 0.18640500135146654, 0.18950113921593398, 0.17864066763566092, 0.18449116106598806, 0.1876661740243435, 0.18161882345493024, 0.1771782105549788, 0.1753602775816734, 0.17000103636811942, 0.17158929506937662, 0.16746421311146173, 0.16441874244274238, 0.16726153993453735, 0.15965218096971512, 0.16655828297520295, 0.1571480501920749, 0.15163878303689834, 0.1435770880526457, 0.1490200736010686, 0.14596052190814263, 0.146719700919512, 0.14133998388663316], "acc": [0.4153395432692308, 0.5739182692307693, 0.6291566506410257, 0.6712489983974359, 0.7014473157051282, 0.7255108173076923, 0.743339342948718, 0.7574368990384616, 0.7707331730769231, 0.7776191907051282, 0.7894381009615384, 0.8009815705128205, 0.8044370993589743, 0.8147786458333334, 0.8170572916666666, 0.8226662660256411, 0.8353615785256411, 0.844551282051282, 0.8415965544871795, 0.8512119391025641, 0.8483824118589743, 0.8538411458333334, 0.8554937900641025, 0.8647335737179487, 0.8674379006410257, 0.8723707932692307, 0.8718449519230769, 0.8784054487179487, 0.8802834535256411, 0.8870943509615384, 0.8850911458333334, 0.8834385016025641, 0.8905248397435898, 0.8915514823717948, 0.8895983573717948, 0.8926532451923077, 0.9009415064102564, 0.8980368589743589, 0.9039713541666666, 0.9045222355769231, 0.9138621794871795, 0.909354967948718, 0.9104817708333334, 0.9123347355769231, 0.9157652243589743, 0.9148137019230769, 0.91796875, 0.9174178685897436, 0.9223257211538461, 0.9179186698717948, 0.9224509214743589, 0.9264322916666666, 0.9231019631410257, 0.9285857371794872, 0.9294370993589743, 0.9315655048076923, 0.930488782051282, 0.9322415865384616, 0.9348958333333334, 0.9331931089743589, 0.9368489583333334, 0.9372245592948718, 0.9338942307692307, 0.9368990384615384, 0.9386768830128205, 0.9393279246794872, 0.9409805689102564, 0.9403295272435898, 0.9421324118589743, 0.9422826522435898, 0.9417067307692307, 0.9430839342948718, 0.9415314503205128, 0.9443609775641025, 0.9459885817307693, 0.9491937099358975, 0.9476662660256411, 0.9488431490384616, 0.9484925881410257, 0.9509715544871795], "val_acc": [0.3277, 0.4333000001907349, 0.5681999995231628, 0.6483000004768371, 0.6524999997138977, 0.6584999994277954, 0.7028999994277955, 0.6949999997138977, 0.742799999332428, 0.7438999997138978, 0.7529000000953674, 0.7231000000953675, 0.757499999332428, 0.7451999998092651, 0.7656, 0.7758999994277954, 0.7821000002861023, 0.7896000003814697, 0.7602, 0.7797999998092652, 0.7494000006675721, 0.8046999995231628, 0.7351, 0.7747, 0.7712999998092651, 0.7981000004768372, 0.8081000000953674, 0.8054999997138977, 0.7982000001907349, 0.785799999332428, 0.8135999998092651, 0.7925999996185302, 0.8135, 0.8111000001907349, 0.7682000007629395, 0.8143999995231629, 0.785699999332428, 0.7843000002861023, 0.8046999995231628, 0.8051999998092652, 0.8025000000953675, 0.7951000000953674, 0.7968999998092652, 0.7997999994277954, 0.8033000007629395, 0.8064000004768371, 0.7913000004768371, 0.8030999994277954, 0.8090000007629394, 0.8058000004768372, 0.8140000001907348, 0.8270000001907348, 0.8074000007629395, 0.8248999996185302, 0.8220999996185303, 0.8067999992370606, 0.8186999994277954, 0.8076000005722046, 0.8267999996185302, 0.8158, 0.8163999992370605, 0.798500000667572, 0.8195999998092651, 0.8267999997138977, 0.8159999998092652, 0.8194999999046325, 0.8291000007629394, 0.8135999998092651, 0.8234000005722046, 0.8201999994277954, 0.8308999992370606, 0.8208999997138977, 0.8196999997138977, 0.8114999992370605, 0.8235999996185303, 0.8235000003814698, 0.8123999999046325, 0.8240999996185303, 0.8262000000953674, 0.8261000003814697], "val_loss": [1.8881966625213622, 1.5619587356567384, 1.2308822687149048, 1.0014623527526856, 1.0047063784599304, 1.0197370180130005, 0.9177754337310791, 0.9236595703125, 0.768645942401886, 0.7879354698181152, 0.7565714197158814, 0.85322785282135, 0.7718593985557556, 0.8162263884544373, 0.7519866723060608, 0.6888203023910523, 0.6739084815979004, 0.6365555627822876, 0.7909778354644775, 0.6996811311721802, 0.8392161177635193, 0.6063701725959778, 0.928208431816101, 0.7551701004981994, 0.7887084891319275, 0.6604229830741882, 0.6125989084243775, 0.633082219696045, 0.6918804733276367, 0.698517519569397, 0.6335501304626465, 0.7140715428352356, 0.6124517356872559, 0.6565108123779297, 0.8591025993347168, 0.6303394465446472, 0.7716492182731628, 0.7565864158630371, 0.7022854100227356, 0.6822727282524109, 0.6767546139717102, 0.7512426333427429, 0.7647666463851929, 0.7360761889457703, 0.7083823373794556, 0.7004620626449585, 0.7633194159507751, 0.7018711239814758, 0.7299225178718567, 0.718068018913269, 0.7140073371887207, 0.654927806854248, 0.7299450666427613, 0.6503193361282349, 0.6833359431266784, 0.7702379610061646, 0.7096382468223572, 0.7756171272277832, 0.6701372277259827, 0.7319452985763549, 0.7147341766357422, 0.8647354042053222, 0.6921375134468079, 0.71072514295578, 0.7297171571731568, 0.734109868144989, 0.671296960067749, 0.7964701751708985, 0.7107858757019043, 0.7588356778144837, 0.691237797164917, 0.7319232487678528, 0.7401803142547607, 0.8250240816116333, 0.6929844675064087, 0.7529069871902466, 0.8022336731910705, 0.7441076867103577, 0.7298507247924805, 0.7260777672767639]}, "validation_error": 0.17390000000000005, "used_budget": 1776.7553491592407, "configs": {"coarse_dropout_size_percent_lower": 0.07467257162750128, "elastic_transform_probability": 0.0, "augment_probability": 1.0, "coarse_dropout_per_channel": 0.8202728175457, "elastic_transform_sigma": 0.5152764761772856, "vertical_flip": 0.0, "coarse_dropout_probability": 0.0, "scale_probability": 0.0, "rotation_upper": 170, "elastic_transform_alpha_upper": 3.8786421464340375, "coarse_dropout_upper": 0.11576858243238211, "rotation_lower": -116, "horizontal_flip": 0.5, "coarse_dropout_lower": 0.07360689783747297, "scale_lower": 0.5665479246601497, "pad_crop_upper": 0.125, "pad_crop_probability": 1.0, "scale_upper": 1.2880261739052443, "gaussian_noise_scale_upper": 24.423764361595232, "coarse_dropout_size_percent_upper": 0.15264406689891022, "shear_lower": -2, "rotation_probability": 0.0, "gaussian_noise_probability": 0.0, "elastic_transform_alpha_lower": 0.6295906749776212, "shear_probability": 0.0, "pad_crop_lower": -0.125, "gaussian_noise_scale_lower": 1.9012691021553156, "shear_upper": 16}}