{"used_budget": 1782.4383385181427, "validation_error": 0.20309999999999995, "validation_loss": 0.8882194717645645, "train_history": {"val_acc": [0.3337000001430511, 0.4555, 0.5146000000953674, 0.6356000004768372, 0.6786999992370606, 0.7099000001907348, 0.6907000003814697, 0.7147999994277954, 0.7354000007629394, 0.7329000003814697, 0.7587000003814697, 0.7645000004768372, 0.757000000667572, 0.7488999999046325, 0.7556000002861023, 0.7628000005722045, 0.7850999997138977, 0.7798000007629394, 0.7131000003814697, 0.7904999998092651, 0.7800999998092651, 0.7886000005722046, 0.7869999996185303, 0.800000000667572, 0.8086999994277954, 0.7988000006675721, 0.7699000004768372, 0.7751000007629395, 0.8190999997138977, 0.7922999994277954, 0.8136999998092651, 0.8042000007629394, 0.8026999992370606, 0.8018999995231628, 0.8164999992370605, 0.7840000004768372, 0.7854000005722046, 0.8044999996185302, 0.805699999332428, 0.8125000002861023, 0.7957000007629395, 0.8187999996185302, 0.8143, 0.7914000004768371, 0.8113999994277954, 0.809699999332428, 0.7904000005722046, 0.8120999994277954, 0.8065999994277954, 0.8033000005722046, 0.7932000000953674, 0.8045000007629395, 0.8239999996185303, 0.784, 0.8211999995231628, 0.8082000004768372, 0.811399999332428, 0.8121000003814697, 0.8015999998092651, 0.8173999999046325, 0.8184000005722046, 0.8171999993324279, 0.8143999998092651, 0.8305999995231629, 0.8187999998092651, 0.8200000006675721, 0.8212000004768372, 0.8277999994277954, 0.8172999995231628, 0.8259999992370606, 0.8258999996185302, 0.8094999995231629, 0.8184999998092651, 0.8188999998092651, 0.8233999998092651, 0.8157999992370606, 0.793, 0.818499999332428, 0.7998000001907348, 0.7969000001907348], "val_loss": [1.8729478828430175, 1.4672445949554442, 1.3836623512268067, 1.0394485427856446, 0.9178116621971131, 0.8520455499649048, 0.9642577575683594, 0.8556619731903076, 0.8302137654304504, 0.8411415442466735, 0.7285777045249939, 0.7377527287483215, 0.7551692562103272, 0.7856108596801757, 0.738002741241455, 0.7531685921669007, 0.6554367119789124, 0.6865168991088867, 0.98455270652771, 0.6748686791419983, 0.7045749992370606, 0.6862946237564087, 0.681733025932312, 0.639611623096466, 0.6182756941795349, 0.6402248133659363, 0.7774894618034363, 0.7563735140800476, 0.582596490764618, 0.6956917041778564, 0.6164561033248901, 0.6372580261230468, 0.672242200088501, 0.6941473329544068, 0.5975290229797363, 0.7697697259902954, 0.7522746606826782, 0.6662276728630065, 0.659502464389801, 0.6415611187934875, 0.7004387413024903, 0.6294746645927429, 0.6260583408355713, 0.7907996253967285, 0.6669326026916504, 0.6845755738258362, 0.7708648990631104, 0.6699598688125611, 0.732715035533905, 0.7555903234481811, 0.8401949520111084, 0.7550612707138061, 0.6322618701934815, 0.8809984184265137, 0.6638701145172119, 0.7262537748336791, 0.7108589368820191, 0.7365718569755554, 0.7973548795700073, 0.6971710474967957, 0.726297024345398, 0.7275997407913208, 0.7273668834686279, 0.6617740730285645, 0.7088502133369445, 0.7304648923873901, 0.7104265104293823, 0.6936583377838135, 0.7128168970108032, 0.697754868221283, 0.6980784173965454, 0.787681029510498, 0.748368028640747, 0.7256480957984924, 0.7448459231376648, 0.7759798467636109, 0.9358345911026001, 0.7756980066299438, 0.8703073999404908, 0.888219444656372], "loss": [1.706590745693598, 1.2262681432259388, 1.038445146420063, 0.9293404190968244, 0.8429915255460984, 0.7966112387485993, 0.7253297422176752, 0.7067760817515545, 0.6848597381359491, 0.6493042783859448, 0.6224669179855249, 0.5931354570083129, 0.5608199196748245, 0.5684783775836993, 0.5355392725039752, 0.5060084496553128, 0.5032747357319562, 0.4786564115530405, 0.47412245739728975, 0.45647176488851887, 0.4404590359100929, 0.4346212381735826, 0.41140041863306975, 0.39847089694096494, 0.3825422322902924, 0.37822125699275577, 0.3724069572412051, 0.3695731778175403, 0.36017628147816044, 0.3480820132371707, 0.3483649927836198, 0.3356307760263101, 0.326445110524312, 0.30947100218289936, 0.300252419251662, 0.31232927414851314, 0.28615786383549374, 0.3007239588560202, 0.2853596000335155, 0.27794828839026964, 0.2620317139304601, 0.26911304585444623, 0.254932372042766, 0.2604434073735506, 0.2548168290119905, 0.25391358614732057, 0.24790618797907463, 0.2364117220426217, 0.24571617138691437, 0.22153523793587318, 0.2394950489203135, 0.23540572497325066, 0.22194699484568375, 0.22428023366209787, 0.20799458705079862, 0.2040242531742805, 0.20664222099078008, 0.2075180031168155, 0.1946467953041578, 0.20604035669030288, 0.1900383025789872, 0.19349560313499892, 0.19403785820572805, 0.1784708431133857, 0.18782423064112663, 0.1837340167317635, 0.17186958018021706, 0.1725773019477343, 0.16784546094445082, 0.16773571914587265, 0.15745999501683774, 0.16280586329790261, 0.17274179137670076, 0.1559633999489821, 0.1589493501262787, 0.15782997050346473, 0.1476536112336012, 0.15289274517160195, 0.1577569720072624, 0.1537276238967211], "acc": [0.41193409455128205, 0.5605969551282052, 0.6333133012820513, 0.6775090144230769, 0.7086838942307693, 0.7242087339743589, 0.7478966346153846, 0.7534805689102564, 0.7615685096153846, 0.7743890224358975, 0.7827524038461539, 0.7930939503205128, 0.8070412660256411, 0.8057391826923077, 0.8138772035256411, 0.8227664262820513, 0.8232672275641025, 0.8323066907051282, 0.8363882211538461, 0.8413711939102564, 0.8463040865384616, 0.8498848157051282, 0.8575470753205128, 0.8606019631410257, 0.866386217948718, 0.8695412660256411, 0.8712439903846154, 0.8710436698717948, 0.8737980769230769, 0.8798076923076923, 0.880058092948718, 0.8837890625, 0.8861929086538461, 0.8934795673076923, 0.8965845352564102, 0.8894981971153846, 0.899238782051282, 0.8951822916666666, 0.9011418269230769, 0.9044220753205128, 0.9090294471153846, 0.9073768028846154, 0.9104316907051282, 0.9092798477564102, 0.9108573717948718, 0.910957532051282, 0.9120342548076923, 0.9170422676282052, 0.9146133814102564, 0.9230518830128205, 0.9160657051282052, 0.9173177083333334, 0.9226262019230769, 0.9218249198717948, 0.9276091746794872, 0.9289362980769231, 0.9271584535256411, 0.926582532051282, 0.934395032051282, 0.9273086939102564, 0.9332682291666666, 0.9325921474358975, 0.9321664663461539, 0.9365735176282052, 0.9347706330128205, 0.9347706330128205, 0.9408804086538461, 0.9407802483974359, 0.9415064102564102, 0.9416065705128205, 0.9446614583333334, 0.942558092948718, 0.9403295272435898, 0.9458133012820513, 0.9444861778846154, 0.9451622596153846, 0.9474659455128205, 0.9478916266025641, 0.944511217948718, 0.9453876201923077]}, "configs": {"elastic_transform_alpha_upper": 3.6468507599759064, "coarse_dropout_upper": 0.13106193598982444, "coarse_dropout_lower": 0.019928657585628708, "gaussian_noise_scale_lower": 2.404964235231358, "elastic_transform_alpha_lower": 1.8975658373477733, "scale_upper": 1.982842081557509, "shear_upper": 15, "rotation_upper": 35, "coarse_dropout_per_channel": 0.8613238604746363, "gaussian_noise_probability": 0.0, "coarse_dropout_probability": 0.0, "gaussian_noise_scale_upper": 9.828036792359638, "pad_crop_upper": 0.125, "coarse_dropout_size_percent_lower": 0.03457593537516038, "pad_crop_lower": -0.125, "coarse_dropout_size_percent_upper": 0.16556786210938332, "scale_probability": 0.0, "augment_probability": 1.0, "pad_crop_probability": 1.0, "rotation_probability": 0.0, "vertical_flip": 0.0, "shear_probability": 0.0, "horizontal_flip": 0.5, "rotation_lower": -27, "shear_lower": -5, "elastic_transform_probability": 0.0, "scale_lower": 0.8404519357050722, "elastic_transform_sigma": 0.141773792379015}}