{"configs": {"pad_crop_probability": 1.0, "shear_lower": -5, "shear_upper": 5, "coarse_dropout_per_channel": 0.8879101548029008, "rotation_upper": 42, "elastic_transform_probability": 0.0, "coarse_dropout_size_percent_lower": 0.013738713301265642, "coarse_dropout_upper": 0.19766547628035253, "coarse_dropout_probability": 0.0, "horizontal_flip": 0.5, "gaussian_noise_scale_lower": 9.409715955183167, "vertical_flip": 0.0, "gaussian_noise_probability": 0.0, "coarse_dropout_size_percent_upper": 0.14243062595385153, "rotation_lower": -34, "coarse_dropout_lower": 0.001314423988263902, "elastic_transform_alpha_upper": 2.9742292819551115, "pad_crop_upper": 0.125, "gaussian_noise_scale_upper": 4.29153580624787, "shear_probability": 0.0, "rotation_probability": 0.0, "augment_probability": 1.0, "scale_lower": 0.5364076226953846, "pad_crop_lower": -0.125, "scale_upper": 1.6116373572560803, "scale_probability": 0.0, "elastic_transform_sigma": 0.13541298975222515, "elastic_transform_alpha_lower": 0.343640098699715}, "train_history": {"loss": [1.8998222213525038, 1.2877218203666883, 1.1047413089336493, 0.978006375905795, 0.8861408951954964, 0.8155173223752242, 0.7470516791710486, 0.7189583189976521, 0.6981001649147425, 0.6627233288226984, 0.624131155701784, 0.6055860290160546, 0.5799982612713789, 0.5453332605270239, 0.5302045551630167, 0.5080160831029599, 0.498799727895321, 0.47992165768757844, 0.4743137565942911, 0.4613604438610566, 0.4498572150866191, 0.41708483069370955, 0.42695217636915356, 0.4090334677543396, 0.40215331812699634, 0.39494230731939656, 0.3787000752412356, 0.37330107467296797, 0.3566996810527948, 0.35237720685127455, 0.3419215426995204, 0.33631557799302614, 0.3238996253945889, 0.31573891525085157, 0.2946017592763289, 0.30341609032490313, 0.30487195192239225, 0.2896716676843472, 0.2938064000545404, 0.2880799585045912, 0.2774504262667436, 0.2742003525296847, 0.26524699479341507, 0.2593306904801956, 0.25089105849082655, 0.24733961335359475, 0.24323035642886773, 0.23758213938428804, 0.23305019239584604, 0.23491441152798823, 0.23323685427506766, 0.23096690154992616, 0.2157836031073179, 0.21426988832461527, 0.2093985854433133, 0.217265608219, 0.20035873534969795, 0.19700585229274553, 0.1932517695121276, 0.18823722472939736, 0.19449418553939232, 0.1967516374320556, 0.18092622034824812, 0.19408170983959466, 0.189231386838051, 0.18062446877742425, 0.17346735298633575, 0.17442033191521963, 0.16848662849038076, 0.1709892284602691, 0.15958070344267747, 0.16137821074479666, 0.16428402324135488, 0.16238597551217446, 0.16086898572169817, 0.15301924342146286, 0.1474201262761385, 0.15233248309829298], "acc": [0.3607021233974359, 0.5391626602564102, 0.6110526842948718, 0.659354967948718, 0.6923577724358975, 0.7176482371794872, 0.7437399839743589, 0.7501502403846154, 0.7596905048076923, 0.7723858173076923, 0.784980969551282, 0.7922926682692307, 0.7980018028846154, 0.8115735176282052, 0.8164563301282052, 0.8257712339743589, 0.8261217948717948, 0.8329827724358975, 0.8381159855769231, 0.841796875, 0.8425731169871795, 0.8550681089743589, 0.8512620192307693, 0.8604517227564102, 0.8614783653846154, 0.8627554086538461, 0.8697666266025641, 0.8707181490384616, 0.8756009615384616, 0.8778545673076923, 0.8813601762820513, 0.8813100961538461, 0.8869190705128205, 0.8898487580128205, 0.8988882211538461, 0.8959835737179487, 0.8930789262820513, 0.8992638221153846, 0.8973858173076923, 0.9004156650641025, 0.9047225560897436, 0.9041716746794872, 0.9076021634615384, 0.910331530448718, 0.913261217948718, 0.9135366586538461, 0.9150891426282052, 0.9177684294871795, 0.918770032051282, 0.9173677884615384, 0.9183443509615384, 0.9188451522435898, 0.9252303685897436, 0.9237530048076923, 0.9285606971153846, 0.9239783653846154, 0.9305889423076923, 0.9320412660256411, 0.931815905448718, 0.9355719150641025, 0.9315154246794872, 0.9317407852564102, 0.9362229567307693, 0.9320663060897436, 0.9335687099358975, 0.9368239182692307, 0.9392277644230769, 0.9388271233974359, 0.9399539262820513, 0.9407301682692307, 0.9447616185897436, 0.9434595352564102, 0.9423828125, 0.9441856971153846, 0.9434344951923077, 0.9471404246794872, 0.9488181089743589, 0.9468649839743589], "val_loss": [1.9313361072540283, 1.9009043237686156, 1.4049379749298097, 1.061471918296814, 0.9575207005500793, 0.8748585567474365, 0.8945373558998108, 0.8568103713035583, 0.8029676453590393, 0.7817275052070618, 0.7489307858467102, 0.697595653629303, 0.7277258334159851, 0.7454459927558899, 0.9890791053771972, 0.7944904987335205, 0.7127923040390015, 0.79381678981781, 0.659164995765686, 0.6535956428527832, 0.6845538051605224, 0.646576177406311, 0.8591082829475403, 0.6455250368118286, 0.5566474621772766, 0.6774370955467224, 0.699168796634674, 0.632631667804718, 0.5912941493988038, 0.6479364563941955, 0.6520659390449524, 0.7099656337738037, 0.5916065912246704, 0.708875900554657, 0.5947756474494934, 0.7421052460670471, 0.6038798903465271, 0.832875852394104, 0.6108234665870667, 0.6081482225418091, 0.6169485136032105, 0.6648455862045288, 0.7467370917320252, 0.6848541250228882, 0.691753061580658, 0.7026864228248596, 0.6636241722106934, 0.6692158231735229, 0.726820567893982, 0.6191755783557892, 0.6603124059677125, 0.6713861555099487, 0.6775355867385864, 0.6246061101913453, 0.6409947111129761, 0.7325083682060242, 0.7289380766868592, 0.6491498165130615, 0.6899237864494324, 0.6047027480125428, 0.6586941459655762, 0.7311233018875122, 0.7606586235046386, 0.678266355895996, 0.6528344462394714, 0.732652991771698, 0.7132141772270203, 0.6444736920356751, 0.6764947053909302, 0.856832867527008, 0.7215947424888611, 0.7947618614196778, 0.755866172504425, 0.7797587225914001, 0.77864831905365, 0.6744335978507996, 0.7753748610496521, 0.6813916162490845], "val_acc": [0.25049999961853026, 0.357800000333786, 0.4793999997138977, 0.6377999996185303, 0.6647000005722046, 0.695899999332428, 0.7053999996185303, 0.7165, 0.7348999994277954, 0.7353999992370606, 0.7461000004768371, 0.767199999332428, 0.7607999995231628, 0.7534000005722046, 0.7102999994277954, 0.7565000006675721, 0.7769999999046325, 0.7577, 0.7837999992370606, 0.7882000002861023, 0.7851999995231629, 0.7967000005722046, 0.743100000667572, 0.7994000000953674, 0.8247000002861022, 0.7942000000953674, 0.7851999992370605, 0.7992, 0.8140000004768372, 0.8005000005722046, 0.8100000007629394, 0.7934999998092651, 0.8168000002861023, 0.7958000007629394, 0.8158000003814697, 0.7866, 0.8199000003814697, 0.7750999994277954, 0.817600000667572, 0.8182999994277954, 0.824300000667572, 0.8111000005722045, 0.7944999997138977, 0.805599999332428, 0.8049999998092652, 0.8021000002861023, 0.8134999992370605, 0.8144999994277954, 0.7996000002861023, 0.8239999999046326, 0.8153000001907349, 0.8194999994277954, 0.8178999995231628, 0.8273000005722045, 0.825, 0.8106000002861022, 0.8183000004768372, 0.8274999994277954, 0.8168999996185303, 0.8377999994277954, 0.826699999332428, 0.8072000002861023, 0.8115000004768371, 0.8296999998092651, 0.8284999995231629, 0.812600000667572, 0.8170000005722046, 0.8378000000953675, 0.8300999992370606, 0.7992000003814698, 0.8241999996185303, 0.813399999332428, 0.8194999994277954, 0.8191999994277954, 0.8115000002861023, 0.831399999332428, 0.815899999332428, 0.8321999997138977]}, "validation_error": 0.16779999999999995, "validation_loss": 0.6813916080474853, "used_budget": 1783.2582077980042}