{"configs": {"pad_crop_upper": 0.125, "scale_lower": 0.5947941312315903, "elastic_transform_probability": 0.0, "shear_upper": 2, "horizontal_flip": 0.5, "scale_probability": 0.0, "elastic_transform_sigma": 0.9248786817329558, "coarse_dropout_upper": 0.1553704192238771, "coarse_dropout_size_percent_lower": 0.08280678779139833, "rotation_probability": 0.0, "pad_crop_lower": -0.125, "rotation_upper": 64, "gaussian_noise_scale_upper": 23.940065718356358, "pad_crop_probability": 1.0, "shear_probability": 0.0, "augment_probability": 1.0, "elastic_transform_alpha_upper": 3.4989125518930106, "shear_lower": -10, "vertical_flip": 0.0, "rotation_lower": -52, "elastic_transform_alpha_lower": 0.5662775988753184, "coarse_dropout_probability": 0.0, "scale_upper": 1.7101025985250413, "gaussian_noise_probability": 0.0, "coarse_dropout_lower": 0.04705461219853879, "gaussian_noise_scale_lower": 1.149007292874087, "coarse_dropout_per_channel": 0.40233903307737195, "coarse_dropout_size_percent_upper": 0.10344330253156278}, "train_history": {"val_loss": [1.862608910179138, 1.5358939935684204, 1.2197174112319946, 1.0007453884124755, 1.0200272359848022, 0.8541423525810242, 0.8489021001815796, 0.9325946382522583, 0.7966905754089355, 0.8651387871742249, 0.8462968488693238, 0.718624544620514, 0.7539413917541504, 0.7680059875488281, 0.6463759784698486, 0.7306092406272888, 0.6670293907165528, 0.6395415168762207, 0.7933236668586731, 0.5953118681907654, 0.7520740691184997, 0.7922849671363831, 0.6617368627548218, 0.6923952980995178, 0.6289351259231567, 0.7108948038101196, 0.7198324172019959, 0.7040565543174744, 0.6402759313583374, 0.6306471409797668, 0.6748409481048584, 0.6123968873023987, 0.7116740443229675, 0.603419659614563, 0.8505450222969055, 0.7021729700088502, 0.7149234267234802, 0.6468902832984924, 0.6411896315574646, 0.6073692879676819, 0.6085292685508727, 0.6485623950958253, 0.7750624665260315, 0.6206790861129761, 0.6327931483268738, 0.7231981261253357, 0.7275784768104553, 0.7297800025939941, 0.6174929503440857, 0.6644076169967651, 0.7030624329566956, 0.6666357060432434, 0.687751250743866, 0.6576433268547058, 0.6964669004440308, 0.6645064283370972, 0.6598501287460327, 0.6612393898963929, 0.6790676630020142, 0.7079320895195007, 0.6953892367362976, 0.7716799048423767, 0.6459055910110474, 0.7130557453155517, 0.6321994780540466, 0.7137508225440979, 0.7248674476623536, 0.718140873336792, 0.7191619065284729, 0.8833553155899048, 0.6581629422187805, 0.6827167977333068, 0.7104043879508972, 0.6511461103439331, 0.6902666467666626, 0.7331393409729003, 0.7426209791183471, 0.6656599158287049, 0.6803125846862793, 0.7316876868247986, 0.6892195855140686], "acc": [0.39756109775641024, 0.5423677884615384, 0.6180138221153846, 0.6628856169871795, 0.6915064102564102, 0.7186748798076923, 0.734550280448718, 0.7509264823717948, 0.7650490785256411, 0.7698317307692307, 0.7877353766025641, 0.7912910657051282, 0.7925681089743589, 0.8069160657051282, 0.8158052884615384, 0.8192107371794872, 0.8244190705128205, 0.8317558092948718, 0.8372896634615384, 0.8376652644230769, 0.8444511217948718, 0.8490334535256411, 0.8532902644230769, 0.8556690705128205, 0.8582732371794872, 0.8668870192307693, 0.8706430288461539, 0.8734975961538461, 0.8755008012820513, 0.8783553685897436, 0.8773287259615384, 0.8825871394230769, 0.8856670673076923, 0.8897736378205128, 0.8880709134615384, 0.8876702724358975, 0.8962089342948718, 0.896309094551282, 0.8991887019230769, 0.8983874198717948, 0.9066005608974359, 0.9111328125, 0.9033954326923077, 0.9076272035256411, 0.9110827323717948, 0.9110326522435898, 0.9141376201923077, 0.9121844951923077, 0.9156400240384616, 0.9203976362179487, 0.9203725961538461, 0.9194961939102564, 0.9263321314102564, 0.9255308493589743, 0.9298127003205128, 0.9233523637820513, 0.9253305288461539, 0.9301632612179487, 0.9347956730769231, 0.9294621394230769, 0.9270582932692307, 0.9308894230769231, 0.9351211939102564, 0.9358473557692307, 0.9362730368589743, 0.9374749599358975, 0.9388271233974359, 0.9408804086538461, 0.9411308092948718, 0.9407552083333334, 0.9422576121794872, 0.9426582532051282, 0.9421324118589743, 0.9422826522435898, 0.9421824919871795, 0.9450620993589743, 0.9453625801282052, 0.9452373798076923, 0.9475160256410257, 0.9504957932692307, 0.9505208333333334], "loss": [1.7733627252089672, 1.2771173088978498, 1.087054357314721, 0.9672523744595356, 0.8829394953373151, 0.8059455515482487, 0.7606685643012707, 0.7215864581939502, 0.6780378436430906, 0.6669703790774713, 0.6113765369623135, 0.6031434050737283, 0.5956868067001685, 0.5569756206793662, 0.5349444036300366, 0.5245004105262268, 0.5099480213263096, 0.48682093085386813, 0.4683055881506357, 0.4631903473383341, 0.4422529882345444, 0.4386872213620406, 0.42201551756797695, 0.4163796706841542, 0.41078675672029835, 0.38535532890222013, 0.37604906390874815, 0.3692544725460884, 0.35596191061612886, 0.3495140539912077, 0.34668043446846497, 0.33914484351109236, 0.3286928849724623, 0.32014440420346385, 0.3206845875351857, 0.3244697602513509, 0.29828359415897954, 0.29642183008866435, 0.29322616507609683, 0.28818745127855205, 0.27357062735618687, 0.2593488076176399, 0.2725177025183653, 0.26280792382283086, 0.25568424241665083, 0.2547989606093138, 0.24793338832946923, 0.24906353843517792, 0.24182555652581728, 0.2280427609116603, 0.23006134652174437, 0.22923147200773925, 0.21177366003394127, 0.20895497548656586, 0.20570852951361582, 0.21642500123916528, 0.21184740960597992, 0.20157986353987303, 0.18492663747225052, 0.19941799419048506, 0.21126278203267318, 0.196070063381623, 0.18580209540250975, 0.1842609490148532, 0.18042610509273332, 0.18223311255375543, 0.17154237627983093, 0.1712900167092299, 0.1716894007837161, 0.16995971372876412, 0.16709160508635718, 0.1630769744515419, 0.16297537518235353, 0.16234835447409215, 0.16369687603452268, 0.15652322941101515, 0.1570552442318354, 0.15601786913780066, 0.14882716870842835, 0.13988999840922844, 0.14110146548885566], "val_acc": [0.3195999997138977, 0.45630000014305117, 0.5674999992370605, 0.6434000007629395, 0.6581, 0.7065000005722046, 0.7096000007629395, 0.6959000007629395, 0.7335000007629394, 0.7151000004768372, 0.730899999332428, 0.7602999998092651, 0.7539999998092651, 0.7547000004768372, 0.7889000000953674, 0.7653999994277955, 0.7771000003814698, 0.7850000000953674, 0.7593000000953675, 0.8008999995231628, 0.7638000007629394, 0.7541999995231629, 0.7920999995231628, 0.786800000667572, 0.7948000007629394, 0.7791000003814698, 0.7826999992370606, 0.7888000002861023, 0.8035, 0.8017000004768372, 0.7977999996185303, 0.8135999998092651, 0.7872999999046326, 0.8168000000953675, 0.7653000003814697, 0.798599999332428, 0.7988999998092652, 0.8089999995231628, 0.8115999998092651, 0.8200999998092652, 0.8241000003814697, 0.814300000667572, 0.7881000005722046, 0.8171999996185303, 0.8166999995231629, 0.8048999996185303, 0.802199999332428, 0.796300000667572, 0.8229999999046326, 0.8166999998092651, 0.8086999992370606, 0.8170999994277954, 0.8104000005722046, 0.8243000004768372, 0.8153999999046325, 0.8180999993324279, 0.8241999999046326, 0.8215000007629395, 0.8171999996185303, 0.8161999997138977, 0.8146999998092651, 0.8062000005722046, 0.8304999992370605, 0.8149999999046326, 0.8345999998092651, 0.8200000003814697, 0.8160999997138977, 0.8165999994277954, 0.814700000667572, 0.7886999994277955, 0.8321999999046326, 0.8334, 0.8219999997138977, 0.8309999999046326, 0.8291000003814697, 0.8175999999046326, 0.8147999994277955, 0.8326000004768371, 0.8291000003814697, 0.8234000001907349, 0.8275000001907349]}, "used_budget": 1789.6497435569763, "validation_error": 0.1725, "validation_loss": 0.689219585520029}