{"used_budget": 1793.6038324832916, "validation_loss": 0.8353973041296006, "train_history": {"val_loss": [1.8619748950958253, 2.1636202323913576, 1.204213390159607, 1.0057999980926513, 0.9708031089782715, 0.9730777007102966, 0.9656887359619141, 0.897486880493164, 0.8464074902534485, 0.8877416315078736, 0.8976207971572876, 0.7365953001022338, 0.829166337966919, 0.6784276237487793, 0.7534756114006043, 0.7539179958343506, 0.8584339839935303, 0.8466369750976562, 0.7352752307891846, 0.7396459336280823, 0.6411891023635864, 0.6827359984397888, 0.6164018697738648, 0.7076742637634277, 0.6519953855514526, 0.7693538179397583, 0.66810973777771, 0.6459800171852111, 0.7360980437278748, 0.8313546430587768, 0.9593591888427735, 0.8150943332672119, 0.7036978287696838, 0.7475188826560974, 0.725046167087555, 0.6923698518753052, 0.671798296546936, 0.6418879879951477, 0.799307590007782, 0.766077677154541, 0.7528558341979981, 0.7551969945907593, 0.8066311223983764, 0.7794773879051209, 0.7061655582427978, 0.8100224826812744, 0.6714067215919495, 0.8448497375488281, 0.7881723420143127, 0.8833087169647217, 0.7165982682228088, 0.8210470441818237, 0.6921385080337524, 0.7793114369392395, 0.7361627111434936, 0.7303303160667419, 0.8045177154541016, 0.7110599696159363, 0.726310883808136, 0.8826945865631104, 0.6954358618736267, 0.7761346183776855, 0.7490758798599243, 0.7282108937263488, 0.8736768756866455, 0.6886060483932495, 0.7930053533554077, 0.7665267298698425, 0.840515984249115, 0.7231778378486633, 0.7737805597305298, 0.9043350784301758, 0.688380429649353, 0.7192053325653076, 0.9460706718444825, 0.809136100101471, 0.8328473814964295, 0.8146070162773132, 0.8425607785224914, 0.8723404167175293, 0.8353973012924194], "acc": [0.39635917467948717, 0.5532852564102564, 0.6255008012820513, 0.6633864182692307, 0.6905548878205128, 0.7183493589743589, 0.7344000400641025, 0.7457682291666666, 0.7652243589743589, 0.7739383012820513, 0.7877604166666666, 0.7919671474358975, 0.7983523637820513, 0.8100460737179487, 0.8130508814102564, 0.8212139423076923, 0.8279997996794872, 0.8348357371794872, 0.8330578926282052, 0.8392177483974359, 0.8410206330128205, 0.8484074519230769, 0.8534655448717948, 0.8570963541666666, 0.8616786858974359, 0.8634314903846154, 0.8656850961538461, 0.8722205528846154, 0.8751001602564102, 0.8800080128205128, 0.8830629006410257, 0.881034655448718, 0.888496594551282, 0.8896484375, 0.8895232371794872, 0.8906750801282052, 0.8962339743589743, 0.8966846955128205, 0.8986378205128205, 0.9070262419871795, 0.9032201522435898, 0.9063501602564102, 0.9098808092948718, 0.9082281650641025, 0.9166917067307693, 0.9123597756410257, 0.9111578525641025, 0.9125100160256411, 0.9169170673076923, 0.9180939503205128, 0.9184695512820513, 0.9231270032051282, 0.9193459535256411, 0.9239783653846154, 0.9309895833333334, 0.9295622996794872, 0.9274338942307693, 0.9304136618589743, 0.9316656650641025, 0.9347205528846154, 0.9352463942307693, 0.9314903846153846, 0.9350460737179487, 0.9375751201923077, 0.9357722355769231, 0.9361979166666666, 0.9386017628205128, 0.9416316105769231, 0.9389022435897436, 0.9413561698717948, 0.9439603365384616, 0.9416816907051282, 0.9408052884615384, 0.9460887419871795, 0.9419571314102564, 0.9491686698717948, 0.9487429887820513, 0.9421073717948718, 0.9420072115384616, 0.9507712339743589, 0.9503956330128205], "val_acc": [0.33039999985694884, 0.2863000001430511, 0.576899999332428, 0.6424000007629395, 0.6726000004768372, 0.6722, 0.6786999996185302, 0.710900000667572, 0.725299999332428, 0.7155000004768372, 0.7145000003814698, 0.7551999997138977, 0.7337000002861023, 0.7718000001907349, 0.7562000000953675, 0.7589999996185303, 0.7369000002861023, 0.7443999992370606, 0.7710000007629395, 0.7710000001907349, 0.7925, 0.7825999992370606, 0.7987000001907348, 0.7720000007629394, 0.7917999996185303, 0.7733999994277954, 0.7912999996185303, 0.7956999999046326, 0.7753000003814697, 0.7629000001907349, 0.7392000003814697, 0.7717999992370606, 0.7931999992370605, 0.7823000005722046, 0.7929999997138977, 0.7984999992370605, 0.8071999997138977, 0.8120999997138977, 0.775100000667572, 0.7884000007629395, 0.7951000005722045, 0.7977999992370606, 0.7863000005722046, 0.7899000001907348, 0.8013999999046326, 0.7881, 0.8088000003814697, 0.783599999332428, 0.7984999997138977, 0.7826000002861023, 0.8116999999046326, 0.7843000002861023, 0.8148999997138977, 0.7986999995231628, 0.8055999995231629, 0.8124999992370605, 0.7998000003814697, 0.8172999999046325, 0.8157999992370606, 0.7852000004768371, 0.8170000000953674, 0.8104000007629395, 0.8098000005722046, 0.815799999332428, 0.7941000007629394, 0.8194999992370605, 0.8045999992370605, 0.8100999995231628, 0.8013000004768371, 0.8226999999046326, 0.8144999996185303, 0.7922999996185303, 0.8249999994277954, 0.8201000002861023, 0.7945000005722046, 0.8080000003814697, 0.8102000004768372, 0.8098999992370606, 0.8080999994277954, 0.8023000005722046, 0.8082999994277954], "loss": [1.7934628969583757, 1.2524796006007073, 1.064163930905171, 0.9610260465206244, 0.881555981360949, 0.8164061017525501, 0.7698795795440674, 0.731087313248561, 0.6737234424322079, 0.6565798742648883, 0.6167499854778632, 0.5952217498650918, 0.5825367077038839, 0.554747203603769, 0.5476166407267252, 0.5210701884367527, 0.5013283139620072, 0.4820360610118279, 0.4789735434147028, 0.461277709939541, 0.4574545232149271, 0.43764524734937227, 0.4190765944046852, 0.41351722180843353, 0.3984228918949763, 0.3931361945011677, 0.38809884244050735, 0.36952316761016846, 0.3606384862691928, 0.34630721234358275, 0.33656254907449085, 0.3447964968971717, 0.3215412428745857, 0.31651818389311814, 0.31437558566148466, 0.3103949662584525, 0.2951371566607402, 0.29680600953407776, 0.2941682900373752, 0.27250231878879744, 0.2776197789189143, 0.27041976172954607, 0.25644226983571666, 0.26462244815551317, 0.2466805848555687, 0.24874768272424355, 0.24964906141544, 0.2505026438679451, 0.236382194627554, 0.2368914265281115, 0.2314999812306502, 0.2180460267342054, 0.22832694095678818, 0.21876901445480493, 0.2021828594689186, 0.20438531776651359, 0.20614899503879058, 0.19906264830094117, 0.1967261099280455, 0.1923799379131733, 0.18410779803227156, 0.19566368512236154, 0.18746518639799875, 0.1750828144259942, 0.18406900562919104, 0.18203982777702502, 0.17508928726116815, 0.16679115478809065, 0.1763051606905766, 0.16898422000499871, 0.16209472792270857, 0.1687824958218978, 0.17055094958497927, 0.15612501574632448, 0.16260527895811278, 0.1472391535838445, 0.15006492955562395, 0.16282219668993583, 0.1622879140270062, 0.1416995213008844, 0.1394066704580417]}, "validation_error": 0.19169999999999998, "configs": {"elastic_transform_sigma": 0.6145521148519753, "shear_lower": -2, "coarse_dropout_upper": 0.19446125235931466, "pad_crop_probability": 1.0, "scale_upper": 1.7781392231574213, "coarse_dropout_probability": 0.0, "elastic_transform_probability": 0.0, "vertical_flip": 0.0, "coarse_dropout_size_percent_upper": 0.16260277165340248, "shear_probability": 0.0, "shear_upper": 7, "rotation_lower": -180, "augment_probability": 1.0, "coarse_dropout_size_percent_lower": 0.06312429754819877, "gaussian_noise_scale_lower": 5.3368510159162, "pad_crop_upper": 0.125, "rotation_upper": 121, "elastic_transform_alpha_lower": 0.017099869805848877, "elastic_transform_alpha_upper": 3.378282753069864, "rotation_probability": 0.0, "scale_lower": 0.8489414497745209, "horizontal_flip": 0.5, "coarse_dropout_per_channel": 0.3160322039864173, "scale_probability": 0.0, "gaussian_noise_scale_upper": 11.387715248305163, "coarse_dropout_lower": 0.049488999588029874, "gaussian_noise_probability": 0.0, "pad_crop_lower": -0.125}}