{"configs": {"gaussian_noise_probability": 0.0, "coarse_dropout_lower": 0.036551639849949316, "vertical_flip": 0.0, "gaussian_noise_scale_upper": 6.6992386750582105, "pad_crop_upper": 0.125, "scale_probability": 0.0, "rotation_probability": 0.0, "elastic_transform_sigma": 0.20597155000894352, "rotation_upper": 157, "coarse_dropout_per_channel": 0.8527341607893973, "rotation_lower": -171, "shear_probability": 0.0, "elastic_transform_alpha_lower": 0.14601208927973897, "scale_upper": 1.059484023848321, "gaussian_noise_scale_lower": 9.611659462047866, "pad_crop_lower": -0.125, "coarse_dropout_size_percent_lower": 0.03585110278854238, "augment_probability": 1.0, "coarse_dropout_size_percent_upper": 0.1662254217776173, "elastic_transform_probability": 0.0, "scale_lower": 0.5281535765743164, "shear_lower": -3, "coarse_dropout_upper": 0.1465547384596129, "horizontal_flip": 0.5, "shear_upper": 14, "pad_crop_probability": 1.0, "elastic_transform_alpha_upper": 2.2286891337435435, "coarse_dropout_probability": 0.0}, "validation_error": 0.16790000000000005, "train_history": {"val_acc": [0.3060000001192093, 0.37239999976158145, 0.567999999332428, 0.6699999992370606, 0.6925000003814697, 0.6944999997138978, 0.7103999992370605, 0.7262999997138977, 0.7123000003814697, 0.7466000007629394, 0.7465999992370606, 0.7600000005722046, 0.7488999998092651, 0.6988000004768372, 0.7343999993324279, 0.7629999998092651, 0.7447, 0.7511999994277954, 0.7537000005722045, 0.7799999992370605, 0.7620999997138977, 0.7968000006675721, 0.7816000005722046, 0.7886000002861023, 0.7715999999046326, 0.7654, 0.7908000005722046, 0.7757000002861023, 0.7970999996185303, 0.7880999998092652, 0.801799999332428, 0.8130999999046326, 0.8065000007629395, 0.8141999995231628, 0.8019000007629394, 0.7782000004768371, 0.7947000004768372, 0.8175, 0.8171999995231628, 0.8140999998092652, 0.8092999995231629, 0.8035, 0.8251000005722046, 0.7963999992370605, 0.8137999998092651, 0.806500000667572, 0.7789000002861023, 0.810399999332428, 0.7935000004768371, 0.8166000001907349, 0.8157999994277955, 0.7960000000953674, 0.8223999996185303, 0.8120000007629394, 0.8125999994277954, 0.7708999992370605, 0.815700000667572, 0.8105000007629395, 0.8178999992370606, 0.802399999332428, 0.8172999997138977, 0.814400000667572, 0.8241999997138977, 0.8230999995231628, 0.8270000000953674, 0.8321000003814697, 0.8231999998092652, 0.8038999994277954, 0.8180999995231628, 0.8303000001907349, 0.8239999999046326, 0.8149000002861023, 0.8331999998092652, 0.8167999998092651, 0.8245999997138977, 0.8083999999046325, 0.8293000004768372, 0.8256000004768371, 0.8320999996185303], "loss": [1.8306669302475758, 1.274366551484817, 1.0744994183381398, 0.9680964709856571, 0.8728784804160779, 0.8032233531658466, 0.7512194223892994, 0.7180756766062516, 0.6940031120410333, 0.6440968880286584, 0.6235339511663486, 0.6020494837027329, 0.5847334112876501, 0.558243358364472, 0.5479232049905337, 0.5289771476617227, 0.4961599772557234, 0.49763040435619843, 0.46666297431175524, 0.45342444685789257, 0.4399263660113017, 0.43176231017479527, 0.42391664744951785, 0.41202145509230786, 0.4044122019639382, 0.3917185618327214, 0.3675161802615875, 0.36747703204552334, 0.3590679722718703, 0.34484121184318495, 0.3372920096302644, 0.3352408174138803, 0.32180637216720825, 0.307843254162715, 0.31689285315000093, 0.30678707303909153, 0.29580457756916684, 0.29684842072236234, 0.28473311624465847, 0.28013135893986774, 0.2871539600384541, 0.27185178872866506, 0.2533668848948601, 0.2569331633738982, 0.2503303132760219, 0.2508139600738501, 0.23029234852546301, 0.2414381091411297, 0.23900061138929465, 0.22902550242650202, 0.22861801584561667, 0.2255259724572683, 0.22752302541182592, 0.19241936714985433, 0.20308369608261648, 0.22133248891585913, 0.19960971635121566, 0.2066889501726016, 0.196228115604474, 0.1909266479122333, 0.20040999524868452, 0.17417579965713698, 0.17952004017738196, 0.19153602917989096, 0.18237546076759314, 0.17894282851081628, 0.1715250241641815, 0.17635833118588495, 0.1744488425170764, 0.16427471746618932, 0.16522580127303416, 0.1656671955417364, 0.14768331774916404, 0.1563603785366584, 0.15402632139814207, 0.15242825228816423, 0.15123547145571464, 0.15846244312631777, 0.15328815904183266], "val_loss": [1.953029521560669, 1.8495606678009033, 1.2813797843933106, 0.9551554418563842, 0.8895619114875793, 0.8889672897338867, 0.8485129534721374, 0.8050007286071778, 0.89813061876297, 0.7530005266189576, 0.7669776969909669, 0.7276242891311645, 0.765918846988678, 0.9741478478431702, 0.8483436058998108, 0.71940707321167, 0.8295825462341309, 0.788863304901123, 0.773682250213623, 0.6759663756370544, 0.764139884185791, 0.6422873448371887, 0.7170311533927918, 0.6791969023704528, 0.7566136119842529, 0.7997467681884766, 0.6937332805633545, 0.7655300198554993, 0.6565176107406616, 0.713397079372406, 0.6650025979995727, 0.5892731140136719, 0.6246083044052124, 0.6083324321746826, 0.6735218304634094, 0.7917894990921021, 0.703980224609375, 0.6157294772148132, 0.6007942852973938, 0.6419860261917114, 0.662264684009552, 0.6846817372322083, 0.6107362133979798, 0.7734395009040832, 0.6549437768936157, 0.6879211623191833, 0.855162159538269, 0.692223974609375, 0.771565303516388, 0.6960913666725159, 0.645315034198761, 0.7455026002883911, 0.6577982726097107, 0.6939042505264282, 0.685051468372345, 0.9593619102478027, 0.6832538203239441, 0.761948325252533, 0.7000633453369141, 0.7621327086448669, 0.6936098792076111, 0.7213541017532349, 0.715230770778656, 0.6879378532409668, 0.7019196469306945, 0.6442182382583618, 0.6719895864486695, 0.8116329827308655, 0.7367363857269287, 0.6729993867874146, 0.7348101357460022, 0.7627759811401367, 0.6443587843894959, 0.7689545294761658, 0.7016839823722839, 0.8025876214981079, 0.699512151145935, 0.7083343052864075, 0.7070928828239441], "acc": [0.38040865384615385, 0.5434695512820513, 0.6194411057692307, 0.6613331330128205, 0.6933343349358975, 0.7198267227564102, 0.7398337339743589, 0.7519030448717948, 0.757987780448718, 0.7767928685897436, 0.7845052083333334, 0.7931941105769231, 0.7967748397435898, 0.8078425480769231, 0.8103966346153846, 0.8168319310897436, 0.8289763621794872, 0.8291266025641025, 0.8397686298076923, 0.8436999198717948, 0.8502353766025641, 0.8495092147435898, 0.8522135416666666, 0.8573467548076923, 0.8578725961538461, 0.8656099759615384, 0.8735226362179487, 0.8738231169871795, 0.8754757612179487, 0.8831881009615384, 0.8829627403846154, 0.8837640224358975, 0.8894481169871795, 0.8936798878205128, 0.8897235576923077, 0.8933042868589743, 0.8960086137820513, 0.8969350961538461, 0.9026692708333334, 0.9027443910256411, 0.9001151842948718, 0.907401842948718, 0.9136368189102564, 0.9110076121794872, 0.9120092147435898, 0.9122345753205128, 0.9214993990384616, 0.9167918669871795, 0.9172175480769231, 0.9206229967948718, 0.9194461137820513, 0.920723157051282, 0.919921875, 0.9352714342948718, 0.9300631009615384, 0.9217998798076923, 0.9306139823717948, 0.9273587740384616, 0.9320162259615384, 0.9330679086538461, 0.9292117387820513, 0.9398788060897436, 0.9365985576923077, 0.93359375, 0.9361728766025641, 0.9368990384615384, 0.9415064102564102, 0.9374499198717948, 0.9396784855769231, 0.9429587339743589, 0.9427083333333334, 0.9420823317307693, 0.9477664262820513, 0.9434094551282052, 0.9467397836538461, 0.9473407451923077, 0.9468149038461539, 0.9435847355769231, 0.9466646634615384]}, "validation_loss": 0.7070928928852082, "used_budget": 1778.828500032425}