{"validation_loss": 0.7107911377668381, "used_budget": 1793.6757218837738, "configs": {"gaussian_noise_scale_upper": 2.432610334232155, "pad_crop_upper": 0.125, "pad_crop_lower": -0.125, "coarse_dropout_size_percent_lower": 0.08479900031019082, "scale_upper": 1.2833169169696825, "coarse_dropout_per_channel": 0.7820675371082109, "augment_probability": 1.0, "shear_upper": 3, "scale_probability": 0.0, "shear_lower": -8, "elastic_transform_alpha_lower": 0.6814467981706758, "coarse_dropout_upper": 0.19476321290233173, "gaussian_noise_probability": 0.0, "coarse_dropout_size_percent_upper": 0.14436945097547987, "coarse_dropout_lower": 0.09894665688023763, "vertical_flip": 0.0, "rotation_lower": -19, "scale_lower": 0.5828552861947627, "elastic_transform_sigma": 0.0007651857335690959, "coarse_dropout_probability": 0.0, "pad_crop_probability": 1.0, "horizontal_flip": 0.5, "elastic_transform_alpha_upper": 4.47972078064152, "gaussian_noise_scale_lower": 2.9074872827286513, "rotation_upper": 34, "shear_probability": 0.0, "elastic_transform_probability": 0.0, "rotation_probability": 0.0}, "validation_error": 0.16869999999999996, "train_history": {"loss": [1.7382127382816412, 1.247023955369607, 1.0627869084859505, 0.9638261955517989, 0.8653700389923193, 0.8053986116861686, 0.7613832094730475, 0.7045556864677331, 0.6712721081880423, 0.6585145990053812, 0.6208269580816611, 0.5951644671268952, 0.5761237071874814, 0.5479211581823153, 0.5317797985596534, 0.5182719926039377, 0.4978412932310349, 0.4837496422040157, 0.4563813240100176, 0.45848120252291363, 0.4327971786260605, 0.4290387817682364, 0.41854099967540837, 0.40188340078561735, 0.40132114978937, 0.3841631446893399, 0.37280510442379194, 0.36439891923696566, 0.3679552848140399, 0.34197871253276485, 0.32778902447376496, 0.31752862131748444, 0.317800773642002, 0.32535174909310466, 0.30192163777657044, 0.2870113152341965, 0.2902650319230862, 0.29913137967769915, 0.2888152096898128, 0.2762181827655205, 0.2725493027231632, 0.2700658423396257, 0.26470454075397587, 0.26187029213477403, 0.24936231283041146, 0.2483094464509915, 0.2408362714908062, 0.23602978044595474, 0.2343868504350002, 0.22775004574885735, 0.22543523613459024, 0.22180130447332674, 0.2262692522162046, 0.20884057506918907, 0.212016815558458, 0.20456678573137674, 0.19496656476687163, 0.196797416664851, 0.20109812619212347, 0.1917727982195524, 0.18289813552147302, 0.18002627293268839, 0.18118776180423224, 0.17506332533099714, 0.19037086421098465, 0.17173942742057335, 0.17108618362973899, 0.18266156325355554, 0.17369439892279795, 0.1618319755563369, 0.15833878584015063, 0.16101344264088532, 0.15983356688267145, 0.15392725599499849, 0.15554760625729194, 0.1514116401473681, 0.14572154673246238, 0.15047857967706826, 0.15387191059879768, 0.14540098779476607, 0.14948977310305986, 0.14397595507594255], "val_loss": [1.8962650943756103, 1.4247494358062744, 1.1447818252563478, 1.1149757888793945, 1.1270509531021118, 0.8963533824920654, 0.8527724238395691, 0.8068094609260559, 0.8192734395980835, 0.8064050342559814, 0.7218125999450684, 0.9407126738548279, 0.7495198230743408, 0.8580759653091431, 0.7440040622711181, 0.7294273943901062, 0.7425225783348084, 0.6994274518966674, 0.867006674194336, 0.6429029741287231, 0.5966078705787659, 0.6308520666122437, 0.7530949376106262, 0.6278627284049988, 0.7028179854393005, 0.7407058115005494, 0.6649856585502625, 0.6467815389633179, 0.6824890833854675, 0.5828915773391724, 0.644299912071228, 0.7156429473876953, 0.6263548420906067, 0.5976937010765075, 0.6171928018569947, 0.6500881895065308, 0.6286783606529236, 0.6515469065666198, 0.6583269921302796, 0.6592685157775879, 0.680556262588501, 0.6165470831871033, 0.6671889385223388, 0.598613498210907, 0.7059950192451477, 0.6469573669433594, 0.6347811868667602, 0.7080995277404785, 0.6321270908355713, 0.6904765434265137, 0.6693993341445923, 0.735461665058136, 0.8733529789924621, 0.6957949933052063, 0.7127783270835877, 0.6483524108886719, 0.6889932279586792, 0.7188549597740174, 0.7361174513816834, 0.742614492893219, 0.6534058715820312, 0.6928139287948608, 0.7674124462127686, 0.6973545629501343, 0.6795390409469605, 0.7270786316871644, 0.6829838069915771, 0.6507946492195129, 0.6804272812843323, 0.729916164779663, 0.7443134865760803, 0.6330703302383422, 0.7229824025154113, 0.6903349194526672, 0.7750319038391114, 0.7036815266609192, 0.7409917901992797, 0.7302061737060547, 0.7971590232849121, 0.7019585514068604, 0.8255050360679627, 0.7107911297798156], "val_acc": [0.31760000009536743, 0.502000000333786, 0.5938999995231629, 0.6083999997138977, 0.6313000002861023, 0.7024999999046325, 0.7102, 0.7314999998092652, 0.7312000006675721, 0.7293000001907348, 0.7573000004768372, 0.7141999995231628, 0.7609999996185303, 0.7329000005722046, 0.7593999996185302, 0.7655000005722046, 0.7655, 0.7800000005722046, 0.7401999994277955, 0.8017999998092651, 0.8070999994277954, 0.8020999996185303, 0.7722000005722046, 0.8035999995231629, 0.7866999995231628, 0.7785000000953675, 0.7948999995231628, 0.8035999997138977, 0.7900000007629394, 0.8176000004768371, 0.8018000007629394, 0.7906000000953675, 0.8102999999046325, 0.8165000001907349, 0.8175000000953674, 0.8091000001907349, 0.8127, 0.8111, 0.8109000001907348, 0.8094999992370605, 0.8120000003814697, 0.819400000667572, 0.8085000000953674, 0.8282000007629394, 0.8087, 0.8163000005722046, 0.8209000004768372, 0.8091000003814697, 0.8230999999046326, 0.812399999332428, 0.8160000002861023, 0.802000000667572, 0.7830999999046325, 0.8209000001907348, 0.8103000001907349, 0.823499999332428, 0.8173000003814698, 0.8134000003814698, 0.8125999995231629, 0.8100000002861023, 0.8296000007629395, 0.8227000004768371, 0.8065000003814697, 0.8257999992370606, 0.8255000003814698, 0.814899999332428, 0.8305000005722046, 0.8304999995231629, 0.8305000004768371, 0.821100000667572, 0.8132000000953674, 0.837999999332428, 0.8227000004768371, 0.8288000005722046, 0.8131999997138977, 0.8303000001907349, 0.8229, 0.8289000004768372, 0.8165999996185302, 0.8291000005722046, 0.8103999996185303, 0.8313000002861023], "acc": [0.3954827724358974, 0.5582181490384616, 0.6277043269230769, 0.6639122596153846, 0.6959134615384616, 0.7196264022435898, 0.7367287660256411, 0.7569360977564102, 0.7678034855769231, 0.771659655448718, 0.7856570512820513, 0.7938952323717948, 0.7971254006410257, 0.8102213541666666, 0.8159805689102564, 0.8188852163461539, 0.8273487580128205, 0.8302784455128205, 0.8428735977564102, 0.8400440705128205, 0.8509865785256411, 0.8510867387820513, 0.8540164262820513, 0.8609775641025641, 0.8605769230769231, 0.8656850961538461, 0.8705929487179487, 0.8737479967948718, 0.8731470352564102, 0.8825120192307693, 0.8863431490384616, 0.8914513221153846, 0.8889723557692307, 0.8874949919871795, 0.8959835737179487, 0.9011418269230769, 0.8976862980769231, 0.8965094150641025, 0.901542467948718, 0.9034455128205128, 0.9048477564102564, 0.9053235176282052, 0.9066506410256411, 0.9073768028846154, 0.9137119391025641, 0.9139372996794872, 0.9159905849358975, 0.9176181891025641, 0.9168419471153846, 0.9206480368589743, 0.922050280448718, 0.921875, 0.9193209134615384, 0.927734375, 0.9261067708333334, 0.9297375801282052, 0.9312650240384616, 0.9314903846153846, 0.9285106169871795, 0.9329927884615384, 0.9357972756410257, 0.9382011217948718, 0.9358473557692307, 0.937324719551282, 0.9335687099358975, 0.9416065705128205, 0.9398537660256411, 0.9348958333333334, 0.9389523237179487, 0.9433092948717948, 0.9437850560897436, 0.9441356169871795, 0.9439102564102564, 0.9471404246794872, 0.9462389823717948, 0.9471153846153846, 0.9498447516025641, 0.9468900240384616, 0.9466396233974359, 0.9497445913461539, 0.9478665865384616, 0.9513721955128205]}}