{"used_budget": 1869.8884146213531, "benchmark": "LeNet", "configs": {}, "epochs": 200, "test_loss": 0.09451014608823159, "test_error": 0.008900000000000019}