{"used_budget": 387.13841128349304, "test_loss": 4.812289653778076, "configs": {"vertical_flip": 0.13386043404755466, "rotation_probability": 0.11180408140116338, "pad_crop_probability": 0.007666121721704444, "horizontal_flip": 0.22597177537109492, "pad_crop_upper": 0.22150398421799145, "scale_upper": 1.4318854751892327, "rotation_upper": 110, "coarse_dropout_lower": 0.08514397758606307, "scale_probability": 0.6744851257929544, "augment_probability": 0.318906088376262, "coarse_dropout_size_percent_lower": 0.07051644467284404, "coarse_dropout_size_percent_upper": 0.10881634940303925, "pad_crop_lower": -0.20410328953492482, "scale_lower": 0.889187437340901, "coarse_dropout_probability": 0.11998098976693805, "coarse_dropout_upper": 0.11730252163482163, "rotation_lower": -169}, "test_error": 0.7961, "epochs": 1, "benchmark": "WideResNet"}