{"best_run_info": {"error_logs": null, "loss": 0.15459999999999996, "config_id": [2, 0, 2], "info": {"validation_error": 0.15459999999999996, "train_history": {"acc": [0.32011217948717946, 0.5093399439102564, 0.6345402644230769, 0.7118389423076923, 0.7621945112179487, 0.8057892628205128, 0.837890625, 0.8537660256410257, 0.8834635416666666, 0.8998147035256411, 0.9099058493589743, 0.9231019631410257, 0.9312650240384616, 0.9412810496794872, 0.9454627403846154, 0.9429086538461539, 0.9564052483974359, 0.9575821314102564, 0.9586838942307693, 0.9517227564102564, 0.9628405448717948], "loss": [2.567808817594479, 1.460382145184737, 1.093809804473168, 0.8617693149508574, 0.7142011464024202, 0.5748085500911261, 0.48736563487312734, 0.4435128743449847, 0.3499075404774302, 0.2945992498157116, 0.2695671668849312, 0.2308623849366529, 0.2061017005919264, 0.1781423055471327, 0.16663959187765917, 0.17268163785457802, 0.13302916995375058, 0.12865143345716673, 0.1256068242379488, 0.14895476966212767, 0.11354433040086849], "val_acc": [0.1935, 0.5832, 0.6065, 0.6364, 0.6848, 0.7462, 0.7668, 0.7704, 0.7397, 0.7268, 0.8052, 0.7599, 0.7759, 0.7382, 0.7652, 0.7934, 0.7456, 0.7237, 0.7671, 0.8235, 0.8454], "val_loss": [3.24553690032959, 1.2140621171951294, 1.3014796225547791, 1.1002806963920593, 0.9819570446014404, 0.7704075943946839, 0.7350848363876343, 0.7745655720710755, 0.9688171928405762, 1.2999544757843018, 0.630951835155487, 1.1134394899368285, 1.0321386598587037, 1.217764164352417, 0.9445155757904052, 0.8351422303199768, 1.039256558227539, 1.2265924825191499, 1.0469450748443603, 0.663270875453949, 0.673011108827591]}, "used_budget": 6929.42106962204, "configs": {"rotation_upper": 122, "augment_probability": 0.037283031317096094, "pad_crop_lower": -0.08828469568221134, "scale_lower": 0.5290202249061027, "coarse_dropout_size_percent_lower": 0.0375505446597857, "vertical_flip": 0.6888506654523685, "rotation_probability": 0.771430751885971, "rotation_lower": -117, "horizontal_flip": 0.7316382519118619, "coarse_dropout_size_percent_upper": 0.1857614062742922, "coarse_dropout_lower": 0.0008076904714561462, "pad_crop_probability": 0.14523172226890357, "scale_probability": 0.22594970150235405, "pad_crop_upper": 0.19720219830637062, "coarse_dropout_probability": 0.6201434855511938, "coarse_dropout_upper": 0.119016078904489, "scale_upper": 1.7534385405249384}, "validation_loss": 0.673011108726263, "epochs": 500}, "time_stamps": {"started": 66946.82707357407, "submitted": 66946.82676935196, "finished": 73907.21113491058}, "budget": 7200.0}, "best_config_trajectory": {"losses": [0.4749, 0.3788, 0.31010000000000004, 0.30369999999999997, 0.2399, 0.1835, 0.17559999999999998, 0.15459999999999996], "times_finished": [708.0065257549286, 7336.553107023239, 10739.614044189453, 14137.638981103897, 19204.730684757233, 31284.16144680977, 66946.82605934143, 73907.21113491058], "budgets": [900.0, 1800.0, 1800.0, 1800.0, 3600.0, 7200.0, 7200.0, 7200.0], "config_ids": [[0, 0, 0], [1, 0, 0], [0, 0, 0], [0, 0, 6], [0, 0, 0], [0, 0, 0], [3, 0, 0], [2, 0, 2]]}, "best_config_id": [2, 0, 2]}