{"best_config_id": [4, 0, 0], "best_config_trajectory": {"times_finished": [861.3489937782288, 1751.9443712234497, 3494.835522174835, 8756.662854671478, 10546.623088359833, 12338.875117778778, 21257.819394350052, 46353.06572151184, 93011.91346335411, 117946.82613182068, 125101.22855782509], "config_ids": [[0, 0, 0], [0, 0, 1], [0, 0, 3], [1, 0, 0], [0, 0, 5], [0, 0, 7], [0, 0, 7], [1, 0, 2], [3, 0, 1], [4, 0, 0], [4, 0, 0]], "losses": [0.5630999999999999, 0.33799999999999997, 0.2844, 0.2801, 0.27070000000000005, 0.26339999999999997, 0.2631, 0.25949999999999995, 0.2518, 0.24309999999999998, 0.22050000000000003], "budgets": [900.0, 900.0, 900.0, 1800.0, 1800.0, 1800.0, 3600.0, 3600.0, 7200.0, 1800.0, 3600.0]}, "best_run_info": {"error_logs": null, "loss": 0.22099999999999997, "config_id": [4, 0, 0], "budget": 7200.0, "time_stamps": {"finished": 135864.6189236641, "submitted": 128694.47828245163, "started": 128694.48355269432}, "info": {"used_budget": 7163.271898269653, "validation_loss": 0.9892110244750977, "validation_error": 0.22099999999999997, "train_history": {"loss": [1.9443319248847473, 1.5837673055819976, 1.434977500866621, 1.320826069284708, 1.251112210826996, 1.2084849400398059, 1.167106106877327, 1.1296131081688099, 1.1584993606576552, 1.099072576333315, 1.079754658616506, 1.068283430276773, 1.022743634879589, 0.9956926286984713, 1.0080192969777646, 1.0822621925901144, 0.9906995879151882, 1.0174680378956673, 0.9711923263011835, 0.9565495078762373, 0.9403451312428865, 0.9235427165642763, 0.9235037840329684, 0.9220522047999578, 0.9185392659826156, 0.9134177817748144, 0.9134680112967124, 0.8981493816543848, 0.8902050184133725, 0.8781181434408213, 0.8830650460261565, 0.8759676470206335, 0.8797265807023416, 0.868849764458644, 0.8627232968425139, 0.8591302495736343, 0.8589251419672599, 0.851542534163365, 0.8472774275220357, 0.8299176475176444, 0.8429652152535243, 0.8440593158205351, 0.8299364031125338, 0.826753591115658, 0.8227931774961643, 0.8328423244066727, 0.8209114722334422, 0.8245246777167687, 0.8213936753379993, 0.8211087979949437, 0.820625462784217, 0.8171379812634908, 0.8218837928695556, 0.8052798421719135, 0.8142075660901192, 0.813187470802894, 0.8032680400289022, 0.8062193072759188, 0.82029289408372, 0.7987738500038782, 0.7996752451245601, 0.791367191916857, 0.7956373617053032, 0.8030034064864501, 0.8001599470392252, 0.7960777691541574, 0.7885937740405401, 0.7911572706622955, 0.7880772621585772, 0.781934451789428, 0.7769396383410845, 0.7838612019251554, 0.7902252005460935, 0.7923418161196586, 0.7820058184174391, 0.7927514157998257, 0.7846380691879835, 0.7818994741791334, 0.7746733035414647, 0.7795671119521825, 0.7649115734757521, 0.7866943287543762, 0.7711458646525176, 0.7787830835351577, 0.772206622056472, 0.7690443587608826, 0.7781385168051108, 0.7809362650299684, 0.7643152859348518, 0.7676248538952607, 0.7742981030008732, 0.7744680855136651, 0.7671530512280953, 0.7780153959607466, 0.7596703735299599, 0.7691560886227168, 0.7588727896412214, 0.7693696872164042, 0.7622142067322364, 0.760103780298661, 0.7751465743550887, 0.7605265825986862, 0.7654834636128865, 0.7568732587954937, 0.7573985793651679, 0.7672711517184209, 0.752001549093387, 0.7634481839262522, 0.7709491025560942, 0.7528657468083577, 0.7589399862365845, 0.7508021829984127, 0.7593093877419447, 0.7458467552295098, 0.7559374970121261, 0.7542087586644368, 0.7504554921999956, 0.7484584542421194, 0.7419076924904798, 0.7502697941202384, 0.7524756802580296, 0.7583880630823282, 0.7576110808131022, 0.7449695345682975, 0.7490629452543381, 0.7637083413891304, 0.7504334295025239, 0.7487858325625077, 0.7555630537561882, 0.7464585148562224, 0.7537828576870453, 0.7507216804302655, 0.742018522742467, 0.7433026667970878, 0.7485390449754703, 0.7572945188253354, 0.7411877839611127, 0.7461209910420271, 0.7462207254691001, 0.7353037935801041, 0.7388902585475873, 0.7561896120508512, 0.7441886955728898, 0.7450242199194737, 0.7496003172336481, 0.740896609158088, 0.7477248731331948, 0.7454197919712617, 0.7472959367128519, 0.7313001657334658, 0.7447528424553382, 0.742274844302581, 0.7348873598071245, 0.7358018514246513, 0.7454478629888632, 0.7298034112422894, 0.7444083372560831, 0.7409496016991444, 0.7292610458456553, 0.7366985346262271, 0.7302911556684054, 0.7344137632694, 0.7490868610449326, 0.734880806830449, 0.7460335349807372, 0.7449054723748794, 0.7330000897248586, 0.7413617758414685, 0.7347435095371344, 0.7180534433095883, 0.7293599719802538, 0.7342925362097912, 0.7304750103025864, 0.7317213983489916, 0.7273416245977083, 0.7403092835194025, 0.7271489955675907],