{"validation_error": 0.15069999999999995, "validation_loss": 0.6787802065610886, "train_history": {"loss": [1.674273697229532, 1.2331301035025182, 1.0757590608719068, 0.9502515303782928, 0.8758178827090141, 0.8205674588680267, 0.7347219273065909, 0.721162675282894, 0.660562793413798, 0.6285535051272466, 0.6038053796077386, 0.5933321634164224, 0.5580797241284297, 0.558482465453637, 0.5335804758927761, 0.5093215256929398, 0.4874729288694186, 0.47658600218785113, 0.48083661038141984, 0.4614258767702641, 0.44303693985327697, 0.43028105336886185, 0.4127583247728837, 0.4159254596019403, 0.3969218734747324, 0.3993588491128041, 0.37646134809041637, 0.38582631869193834, 0.3484495012806012, 0.34034587156314117, 0.3483275878123748, 0.3408644073284589, 0.33553875734408695, 0.3240528654975769, 0.323345531637852, 0.31158285836378735, 0.3178522665149126, 0.30300325785691923, 0.303026876770533, 0.2948068731870407, 0.2891353529233199, 0.2914862653765923, 0.2802361970146497, 0.28827820737392473, 0.27078811212992054, 0.27475090401294905, 0.2879224622096771, 0.2687331850712116, 0.2628254250456125, 0.25259346266587573, 0.2657404282154181, 0.2570245804694983, 0.25091256506932086, 0.2531334994695125, 0.24373550235460967, 0.24487865143097365, 0.25198551534842223, 0.24817585257383493, 0.23754490319734964, 0.23777040972923622, 0.23662521919378868, 0.23390237241983414, 0.23287824101937124, 0.23835536722953504, 0.22108051505608436, 0.22327663481999666, 0.21739675849676132, 0.21646074778758562, 0.2176168591548235, 0.21504789227858567, 0.2175400578058683, 0.21273110978878462, 0.21218214871791694, 0.21084117125242186, 0.20541769418960962, 0.2072838013752913, 0.20446826106844804, 0.20441046815652114, 0.19649372746547064, 0.2112642731039952, 0.2005709795615612, 0.20566912358387923, 0.19155955438812575, 0.20264064176724508, 0.19443011092833984, 0.18393529980228498, 0.1981500492264063, 0.19345551270705003, 0.19158807626137367, 0.1931609312693278, 0.195951890009336, 0.1885226676479364, 0.18535372079947057, 0.1847154832421205, 0.18630603681772184, 0.18422145835864237, 0.18443964049220085, 0.17704361600753588, 0.1870635269353023, 0.18080501277477312, 0.17707478942779395, 0.17353121888561127, 0.1767067414445755, 0.17583298119596946, 0.1835864402162723, 0.17899786938841528, 0.17354424689442682, 0.17380026527322257, 0.17407457903027534, 0.17222006447040117, 0.1703318307797114, 0.16942329389544633, 0.15449340202105352, 0.16781314405111167, 0.15917325812654617, 0.166686256057941, 0.16798175097658083, 0.16617985556905085, 0.1583982321123282, 0.16190654096695092, 0.16778983319034943, 0.16106715148840195, 0.1622176143603447, 0.1587042922201829, 0.15999892000586557, 0.16975175933195993, 0.16376654918377215, 0.15634367997065568, 0.15912272064731672, 0.1604230379064878, 0.15266395570375982, 0.15128096279043418, 0.16406618966123995, 0.15140233618708757, 0.15025451416388536, 0.14759858563924447, 0.14840389262789336, 0.15126522611349058, 0.14782294659660414, 0.14510475108638787, 0.14761879400182992, 0.14905341934317198, 0.150869687493795, 0.14997196961671877, 0.14646896452475816, 0.14790654354370558, 0.14590595872738424, 0.14531782871255508, 0.13991337317304733, 0.15223532934219408, 0.14522805685798326, 0.14434098137112764, 0.1499008744572982, 0.1443871225302036, 0.14472337926809603, 0.13989969667715904, 0.14155376062561303, 0.13982504931015846, 0.13963019093259788, 0.13232659300168356, 0.13170923789342245, 0.13515225482674745, 0.13724926973764712, 0.13527561437625152, 0.1408507339656353, 0.1364027566443651, 0.1387177792688211, 0.13337918495138487, 0.1321989846153137, 0.13544934672804979, 0.1292194879780977, 0.1348997131945231, 0.13535302753249803, 0.12508533102197525, 0.1401156702866921, 0.1378210699902131, 0.13300847300352195, 0.13469301154598212, 0.13420419079753068, 0.12703633623627517, 0.1276235073709335, 0.12651019447889084, 0.1268635822985417, 0.13028549383848143, 0.12211468347754234, 0.12138065762626819, 0.12303745278563255, 0.12783419894866455, 0.1306486467902477, 0.1306149156238788, 0.12539020094733971, 0.1295684932325131, 0.11981932876201776, 0.1311926139661899, 0.1270080199226355, 0.12443520147831012, 0.12841775354284507, 0.12189045787239686, 0.11818622453854634, 0.12150155103359467],