{"used_budget": 4456.45906162262, "configs": {"pad_crop_upper": 0.16538020324852376, "scale_probability": 0.0, "shear_upper": 6, "scale_lower": 0.9184209184311991, "elastic_transform_alpha_lower": 0.771287516345017, "elastic_transform_alpha_upper": 4.730735727403303, "scale_upper": 1.6975745326083556, "gaussian_noise_probability": 0.0, "coarse_dropout_upper": 0.19000717813966617, "rotation_lower": -125, "coarse_dropout_probability": 0.0, "rotation_probability": 0.0, "vertical_flip": 0.0, "horizontal_flip": 0.30558181223253567, "elastic_transform_probability": 0.0, "pad_crop_probability": 0.8105077648232032, "elastic_transform_sigma": 0.061477398825063534, "coarse_dropout_size_percent_lower": 0.0904715033023456, "coarse_dropout_lower": 0.0677709696315759, "shear_lower": -16, "gaussian_noise_scale_upper": 18.6804118829404, "coarse_dropout_size_percent_upper": 0.12618168883693448, "rotation_upper": 94, "coarse_dropout_per_channel": 0.6207410358587365, "shear_probability": 0.0, "pad_crop_lower": -0.2168768727205341, "gaussian_noise_scale_lower": 11.81935144055151, "augment_probability": 0.6776250264328112}, "train_history": {"val_acc": [0.3253999996185303, 0.3006000000476837, 0.480999999666214, 0.6000000004768371, 0.6482000000953674, 0.7241000002861023, 0.7160999996185303, 0.7365000003814697, 0.7490000003814697, 0.7271999992370606, 0.7465999992370606, 0.7648000001907349, 0.7017999997138977, 0.7727000003814697, 0.7481999992370606, 0.7670999998092651, 0.739400000667572, 0.7452999995231628, 0.7794999996185302, 0.7720999995231629, 0.740999999332428, 0.8085000004768371, 0.7827000000953674, 0.7665999996185303, 0.7646999992370606, 0.8097000007629395, 0.8161000003814697, 0.8080000002861023, 0.8076000005722046, 0.802399999332428, 0.8107999995231628, 0.8014000005722046, 0.8040000007629394, 0.8110000007629394, 0.8182000005722045, 0.8141999996185303, 0.7771999998092651, 0.8187000007629395, 0.8152999992370605, 0.8283999999046325, 0.809699999332428, 0.806400000667572, 0.8081999995231628, 0.7937000004768372, 0.8162999999046325, 0.8121999994277954, 0.8104999992370605, 0.8167999995231628, 0.8240999995231628, 0.8135999992370605, 0.8201, 0.8254999997138978, 0.8237999994277954, 0.8208999998092651, 0.8271999997138977, 0.8091000002861023, 0.8271999992370606, 0.8275999995231629, 0.819599999332428, 0.8262999998092652, 0.8167999999046326, 0.8284000000953674, 0.8367000002861023, 0.8177999995231628, 0.8262, 0.8328, 0.8393, 0.8044999999046326, 0.8180000006675721, 0.8232, 0.8073999992370605, 0.8258999994277955, 0.8425000002861023, 0.8150999996185303, 0.817799999332428, 0.8246000000953674, 0.8186999994277954, 0.8297999999046326, 0.8328000000953675, 0.8265999997138977, 0.815899999332428, 0.8371999997138977, 0.8219999995231628, 0.8291000004768372, 0.8333000007629394, 0.8200000004768372, 0.8219999996185303, 0.8306999999046326, 0.8306000000953674, 0.8400999997138977, 0.8308999994277954, 0.8384, 0.8130999997138977, 0.8361999999046326, 0.835, 0.8267999999046326, 0.8375000004768371, 0.8390000001907348, 0.8215000007629395, 0.8378000001907349, 0.7910000000953674, 0.8370999999046326, 0.8386000000953674, 0.8227999998092651, 0.839700000667572, 0.8332, 0.8268999999046326, 0.8290999994277954, 0.8414000002861023, 0.8331999999046326, 0.8379000001907349, 0.8357000002861023, 0.8345, 0.8367999998092651, 0.8398000002861022, 0.8305000000953674, 0.8296, 0.821599999332428, 0.8348999999046326, 0.8257999994277954, 0.8288, 0.8291000000953674, 0.8356000003814698, 0.8289999999046326, 0.8386999999046326, 0.8259999998092651, 0.8251000001907348, 0.8370999996185303, 0.8404000003814698, 0.8429000005722046, 0.8312000000953674, 0.8344000001907349, 0.8352, 0.8494000007629394, 0.844800000667572, 0.8366000005722046, 0.8420000003814697, 0.8254999997138978, 0.8375000003814698, 0.8380000002861023, 0.8368000000953675, 0.8466000000953674, 0.8353000005722045, 0.8330999994277954, 0.8398999994277954, 0.8434000004768372, 0.8329000004768372, 0.8406000000953674, 0.8363000001907349, 0.8296999996185302, 0.8387000001907349, 0.8415000004768372, 0.846600000667572, 0.8381000005722046, 0.8358000003814697, 0.8459000003814697, 0.8458000001907349, 0.8423000003814697, 0.8448000004768371, 0.8339000004768372, 0.8431000005722046, 0.837400000667572, 0.8410000001907348, 0.8288000001907349, 0.846700000667572, 0.8484999995231628, 0.8470000007629395, 0.8474000005722045, 0.8352000000953674, 0.8438000004768371, 0.846800000667572, 0.8470000007629395, 0.8442000005722046, 0.842300000667572, 0.8286000004768371, 0.8439000000953675, 0.8497999994277954, 0.8345000002861023, 0.8463999993324279, 0.8349000005722046, 0.8444000003814697, 0.8465999992370605, 0.8444000005722045, 0.8244999995231629, 0.84, 0.8376000003814698, 0.8357000002861023, 0.835800000667572, 0.8388000001907349, 0.8269999996185303, 0.8497999995231629, 0.8487000004768371, 0.845799999332428, 0.8489000003814697, 0.8413000000953674, 0.8364000007629394, 0.8412999993324279, 0.8330000000953675, 0.8395000003814698, 0.838899999332428],