{"used_budget": 4467.091335773468, "validation_error": 0.1532, "validation_loss": 0.6559317752480507, "configs": {"scale_probability": 0.0, "gaussian_noise_probability": 0.0, "rotation_lower": -125, "elastic_transform_alpha_lower": 0.771287516345017, "vertical_flip": 0.0, "elastic_transform_alpha_upper": 4.730735727403303, "rotation_upper": 94, "scale_lower": 0.9184209184311991, "elastic_transform_probability": 0.0, "coarse_dropout_size_percent_upper": 0.12618168883693448, "shear_lower": -16, "pad_crop_probability": 0.8105077648232032, "pad_crop_lower": -0.2168768727205341, "pad_crop_upper": 0.16538020324852376, "shear_probability": 0.0, "scale_upper": 1.6975745326083556, "elastic_transform_sigma": 0.061477398825063534, "gaussian_noise_scale_upper": 18.6804118829404, "shear_upper": 6, "coarse_dropout_size_percent_lower": 0.0904715033023456, "horizontal_flip": 0.30558181223253567, "gaussian_noise_scale_lower": 11.81935144055151, "coarse_dropout_probability": 0.0, "augment_probability": 0.6776250264328112, "coarse_dropout_lower": 0.0677709696315759, "coarse_dropout_upper": 0.19000717813966617, "rotation_probability": 0.0, "coarse_dropout_per_channel": 0.6207410358587365}, "train_history": {"val_acc": [0.29029999961853026, 0.4394, 0.5932999993324279, 0.6438999995231628, 0.6804999996185302, 0.6832999998092651, 0.7019000005722046, 0.7328999998092651, 0.7060999999046326, 0.7317000003814698, 0.7674999997138977, 0.7334000005722046, 0.7692999998092651, 0.7347000004768371, 0.7860999996185303, 0.7521000004768371, 0.7800000001907349, 0.777399999332428, 0.7394000005722046, 0.7939000002861023, 0.7759999992370605, 0.8009, 0.7884000001907349, 0.8049000001907348, 0.7757999999046326, 0.7981000005722045, 0.780400000667572, 0.8082000001907349, 0.7762000005722046, 0.8194000005722046, 0.8186000002861022, 0.8050000000953674, 0.7948000002861023, 0.805500000667572, 0.816400000667572, 0.7934000001907349, 0.817200000667572, 0.8041999999046325, 0.8059000000953674, 0.7885999999046326, 0.8235000007629395, 0.8177999992370606, 0.8069000006675721, 0.8209000004768372, 0.809700000667572, 0.8155999995231629, 0.8320999994277954, 0.8031000002861023, 0.8234999996185303, 0.8175000007629395, 0.8273999998092652, 0.8214000005722046, 0.8226999997138977, 0.8228999998092651, 0.8289999996185303, 0.8242000007629394, 0.8168000005722046, 0.8170999994277954, 0.826100000667572, 0.8228999992370606, 0.8215000004768371, 0.8236999995231629, 0.836199999332428, 0.7998999997138977, 0.8151000003814697, 0.8348999995231629, 0.8076000005722046, 0.8233000007629394, 0.8209000007629395, 0.8120000000953674, 0.8238000004768372, 0.8270000007629394, 0.8265999998092651, 0.8298999995231628, 0.8310999995231628, 0.8289999994277955, 0.8381999995231628, 0.8348999994277954, 0.8416000001907349, 0.8383999995231628, 0.8263999995231628, 0.8269000001907348, 0.8315999997138978, 0.8305999997138978, 0.8402000007629394, 0.8258999995231628, 0.8263999997138977, 0.845899999332428, 0.8285000007629395, 0.8358999994277954, 0.8437999998092651, 0.8289000001907348, 0.8230000001907348, 0.8373, 0.837799999332428, 0.8275999994277954, 0.8324000007629394, 0.8292000003814697, 0.8038, 0.8246999992370605, 0.8351000000953674, 0.8178999994277955, 0.8340999992370606, 0.8402999999046326, 0.833999999332428, 0.8393999993324279, 0.8406999995231629, 0.8352999992370606, 0.8433999993324279, 0.8205000001907349, 0.8368999996185302, 0.8389999997138977, 0.8361000005722046, 0.8135000004768371, 0.8221000001907348, 0.8409999992370606, 0.8290999995231628, 0.8379999995231628, 0.8420999994277955, 0.8299999995231628, 0.8234000007629394, 0.8347999992370605, 0.8337999998092651, 0.8354999995231629, 0.8379999996185302, 0.8411999992370606, 0.8190000007629394, 0.8333000005722045, 0.8386999997138977, 0.8374999996185303, 0.8456000007629395, 0.8258999996185302, 0.8446999994277954, 0.8296999992370605, 0.8445, 0.8371999994277954, 0.8431999999046326, 0.8308999994277954, 0.8474999997138977, 0.8349999994277955, 0.8380999998092651, 0.8456999994277954, 0.8389999995231628, 0.8459999994277954, 0.8346000005722046, 0.8462999993324279, 0.8239000002861023, 0.8361999992370606, 0.8340000005722046, 0.8381000003814697, 0.847099999332428, 0.8474999996185303, 0.8347999994277954, 0.8461000005722046, 0.8317000004768371, 0.8431000006675721, 0.8391000006675721, 0.8423999992370605, 0.8226000004768371, 0.8468999997138977, 0.8421999996185303, 0.8440999992370606, 0.8421999992370606, 0.8432999994277954, 0.8397000004768371, 0.8323999992370605, 0.8435999992370605, 0.8388999998092651, 0.8422000007629394, 0.8345999992370605, 0.841599999332428, 0.842699999332428, 0.845199999332428, 0.8409999995231628, 0.8290000004768372, 0.8516999997138978, 0.8476999995231629, 0.8355999994277954, 0.8344999992370605, 0.845500000667572, 0.8474999998092652, 0.8349000001907348, 0.8407000007629395, 0.8485999995231629, 0.8439000007629395, 0.8531999994277955, 0.8412999998092652, 0.8503000001907348, 0.8426999995231629, 0.8488000000953674, 0.8440999998092651, 0.8404999999046325, 0.8477999997138977, 0.8547999995231629, 0.8540000002861023, 0.839499999332428, 0.8456999999046325, 0.8499, 0.8511000002861023, 0.8467999992370605],