{"configs": {"coarse_dropout_per_channel": 0.6207410358587365, "coarse_dropout_size_percent_upper": 0.12618168883693448, "coarse_dropout_size_percent_lower": 0.0904715033023456, "rotation_probability": 0.0, "pad_crop_upper": 0.16538020324852376, "gaussian_noise_scale_lower": 11.81935144055151, "shear_probability": 0.0, "shear_upper": 6, "pad_crop_lower": -0.2168768727205341, "scale_probability": 0.0, "augment_probability": 0.6776250264328112, "pad_crop_probability": 0.8105077648232032, "scale_upper": 1.6975745326083556, "horizontal_flip": 0.30558181223253567, "scale_lower": 0.9184209184311991, "elastic_transform_alpha_lower": 0.771287516345017, "coarse_dropout_lower": 0.0677709696315759, "vertical_flip": 0.0, "rotation_lower": -125, "shear_lower": -16, "elastic_transform_sigma": 0.061477398825063534, "gaussian_noise_scale_upper": 18.6804118829404, "elastic_transform_probability": 0.0, "gaussian_noise_probability": 0.0, "coarse_dropout_probability": 0.0, "rotation_upper": 94, "elastic_transform_alpha_upper": 4.730735727403303, "coarse_dropout_upper": 0.19000717813966617}, "validation_loss": 0.6655451637268066, "train_history": {"loss": [1.7111167892431602, 1.2702852854361901, 1.0746139822862086, 0.9703321349926484, 0.8883636058905185, 0.8099489853932307, 0.767351609774125, 0.7212190513427441, 0.6959951955538529, 0.6509891167665139, 0.6134454126541431, 0.5904721036935464, 0.5842211777583147, 0.5723572453627219, 0.5445766578882169, 0.5123383372257917, 0.48944125267175526, 0.48454162784111804, 0.47167641688615847, 0.4479373873044283, 0.4354521257755084, 0.43114596643509007, 0.43514066781753147, 0.3892632890970279, 0.3930812302308205, 0.3892524750568928, 0.3655141844199254, 0.3816069452426372, 0.3495910779023782, 0.3468766797047395, 0.34398746280333936, 0.33836761862039566, 0.332972567815047, 0.3239915443536563, 0.3240115306316278, 0.31728313309259903, 0.30993363146598524, 0.3037987347596731, 0.2960577177313658, 0.29568398208954394, 0.29910470927372956, 0.30045917018865925, 0.27171940089036256, 0.2756534144282341, 0.2762978208752779, 0.2782477149978662, 0.26799920220405626, 0.26375277989949936, 0.2727043701288028, 0.26908424152777743, 0.2604233647386233, 0.26271161360618395, 0.25171182400141007, 0.25348564237356186, 0.25469253193109465, 0.23331989768223885, 0.24137447621577826, 0.23493996358070618, 0.23783260335524878, 0.23295649332113755, 0.23752773667757326, 0.2373464176288018, 0.23944398760795593, 0.23613133606238243, 0.2368343711281434, 0.22372987140447664, 0.21758663253142282, 0.21875345821564013, 0.20775565944420984, 0.21961098918930078, 0.22065488153543228, 0.20723633812024042, 0.21738061538109413, 0.2045398377455198, 0.1991950387182908, 0.20923257752870902, 0.198505789710161, 0.21132412438209242, 0.19418286837828466, 0.20716466410801962, 0.19797893785513365, 0.1923729284451558, 0.19794509292413026, 0.20556604938629347, 0.1917195720359301, 0.19416596587651816, 0.20952670849286592, 0.19172965926237595, 0.20207677905758223, 0.1906886270795113, 0.19759776347722763, 0.19744033366441727, 0.19054038115800956, 0.1845957652116433, 0.17782860870162645, 0.18373984060226342, 0.1801500940361084, 0.1814400660686004, 0.18077832364883178, 0.17686683550859109, 0.17641049126784006, 0.16995700028462288, 0.16899680900268066, 0.17499955418782356, 0.16970002985535523, 0.1743606456961387, 0.1801464515618789, 0.17127200540823814, 0.1711963109481029, 0.17109815098154238, 0.16787346270986092, 0.16644611926032946, 0.15634929675322312, 0.16534834718092895, 0.17041428635517755, 0.17688481146708512, 0.17317784443879738, 0.16097489352791738, 0.16169282163564974, 0.16724198922896996, 0.17493776146035928, 0.16007429561935937, 0.15248190267727926, 0.16427677755172437, 0.1597119296590487, 0.16567139661847016, 0.16196540704904458, 0.15904381775703186, 0.17095862357662275, 0.16271924848357835, 0.1496176313704405, 0.15674638566680443, 0.1598058095536171, 0.14987162691660416, 0.1611159945336672, 0.14985424194198388, 0.14550282596013484, 0.1597209812547916, 0.1456556441501165, 0.15245545760561258, 0.1524161302890533, 0.1380884705636746, 0.1490343252244668, 0.14168016946850678, 0.14557194346800828, 0.14490834661783317, 0.14804029053984544, 0.14517219125842437, 0.1463749522391038, 0.14955668275554976, 0.14729851293258178, 0.14185520825095665, 0.14732976267353082, 0.1456603164283129, 0.14085499894542572, 0.1406992437938849, 0.14239283269032454, 0.14054918604401442, 0.13162992894649506, 0.14745718909379762, 0.1412404105067253, 0.13391233197389504, 0.1474510927995046, 0.1410280518615857, 0.13761001089826608, 0.13903333934453818, 0.1417895688269383, 0.14265300132907355, 0.12771957711531565, 0.13056619494007185, 0.13195206998632505, 0.12509281780475226, 0.13364736745372796, 0.13153445510528025, 0.13083411351992533, 0.1322589745410742, 0.13288316388542837, 0.13388307344837067, 0.13033766051133475, 0.13252955264387986, 0.13719937071586266, 0.13248392786735144, 0.1267181996924755, 0.12794234212010336, 0.12890635736477682, 0.12964892425598243, 0.12013939815836075, 0.12887000798796996, 0.12500347283024055, 0.13272876330675223, 0.12053122715308116, 0.12591249791857523, 0.13096226407931402, 0.12556278963501638, 0.12222760925308251, 0.12102305182279685, 0.12428753030223724, 0.11769533243316871, 0.11963531279411072, 0.1239063974756461],