{"configs": {"gaussian_noise_scale_upper": 18.6804118829404, "vertical_flip": 0.0, "coarse_dropout_per_channel": 0.6207410358587365, "rotation_upper": 94, "scale_probability": 0.0, "gaussian_noise_probability": 0.0, "shear_lower": -16, "coarse_dropout_probability": 0.0, "coarse_dropout_size_percent_lower": 0.0904715033023456, "shear_probability": 0.0, "augment_probability": 0.6776250264328112, "coarse_dropout_upper": 0.19000717813966617, "pad_crop_lower": -0.2168768727205341, "pad_crop_probability": 0.8105077648232032, "coarse_dropout_lower": 0.0677709696315759, "elastic_transform_probability": 0.0, "shear_upper": 6, "rotation_probability": 0.0, "scale_upper": 1.6975745326083556, "scale_lower": 0.9184209184311991, "elastic_transform_alpha_upper": 4.730735727403303, "gaussian_noise_scale_lower": 11.81935144055151, "elastic_transform_sigma": 0.061477398825063534, "elastic_transform_alpha_lower": 0.771287516345017, "rotation_lower": -125, "horizontal_flip": 0.30558181223253567, "pad_crop_upper": 0.16538020324852376, "coarse_dropout_size_percent_upper": 0.12618168883693448}, "train_history": {"acc": [0.40286959134615385, 0.5583683894230769, 0.6200671073717948, 0.6552984775641025, 0.6864483173076923, 0.7065554887820513, 0.7291165865384616, 0.7404597355769231, 0.7609925881410257, 0.7736378205128205, 0.7809244791666666, 0.7937950721153846, 0.7982271634615384, 0.8053135016025641, 0.8036358173076923, 0.8216897035256411, 0.8276742788461539, 0.8304787660256411, 0.8358122996794872, 0.8401692708333334, 0.8496844951923077, 0.8535657051282052, 0.8505859375, 0.8623046875, 0.8653094951923077, 0.8653595753205128, 0.8764272836538461, 0.8708433493589743, 0.8714192708333334, 0.8763521634615384, 0.8830629006410257, 0.8789563301282052, 0.8834385016025641, 0.8873948317307693, 0.8933042868589743, 0.8885967548076923, 0.8941306089743589, 0.8930288461538461, 0.8947566105769231, 0.9007662259615384, 0.9033954326923077, 0.9032702323717948, 0.9045222355769231, 0.9070763221153846, 0.9053735977564102, 0.9027944711538461, 0.9037459935897436, 0.90625, 0.9110827323717948, 0.9129857772435898, 0.9088792067307693, 0.9135366586538461, 0.9130358573717948, 0.9145132211538461, 0.9150140224358975, 0.9137119391025641, 0.9165665064102564, 0.9185196314102564, 0.9184445112179487, 0.9190705128205128, 0.9248297275641025, 0.9195212339743589, 0.9210486778846154, 0.9154647435897436, 0.9239783653846154, 0.9201973157051282, 0.9240785256410257, 0.9234525240384616, 0.9306139823717948, 0.9286107772435898, 0.9277093349358975, 0.9281850961538461, 0.9281099759615384, 0.9296875, 0.9294370993589743, 0.9319661458333334, 0.9297876602564102, 0.931465344551282, 0.9308894230769231, 0.9292618189102564, 0.9303385416666666, 0.9321163862179487, 0.9353465544871795, 0.9320162259615384, 0.9300130208333334, 0.9360226362179487, 0.9339943910256411, 0.9351963141025641, 0.933418469551282, 0.9338942307692307, 0.9367237580128205, 0.9334935897435898, 0.9358974358974359, 0.9382011217948718, 0.9371995192307693, 0.9363731971153846, 0.941581530448718, 0.9387019230769231, 0.9376252003205128, 0.9370492788461539, 0.9399038461538461, 0.9408553685897436, 0.9393279246794872, 0.9387520032051282, 0.9384014423076923, 0.9407552083333334, 0.9438852163461539, 0.9401292067307693, 0.9412059294871795, 0.943184094551282, 0.9416566506410257, 0.9439603365384616, 0.9445863381410257, 0.9419571314102564, 0.9423076923076923, 0.9438100961538461, 0.9438601762820513, 0.9424829727564102, 0.9450120192307693, 0.9456380208333334, 0.9423577724358975, 0.9462139423076923, 0.9469901842948718, 0.9450871394230769, 0.9467648237179487, 0.9442107371794872, 0.9446864983974359, 0.9473657852564102, 0.9457632211538461, 0.9465895432692307, 0.9460887419871795, 0.9437850560897436, 0.9463141025641025, 0.947090344551282, 0.9480418669871795, 0.9510967548076923, 0.9508463541666666, 0.948066907051282, 0.9509214743589743, 0.9461388221153846, 0.9482171474358975, 0.9490685096153846, 0.9476412259615384, 0.9528996394230769, 0.9467898637820513, 0.9516726762820513, 0.9488932291666666, 0.9500701121794872, 0.9522485977564102, 0.9489182692307693, 0.9491937099358975, 0.9505458733974359, 0.9510717147435898, 0.9531750801282052, 0.9500450721153846, 0.9515725160256411, 0.9540765224358975, 0.9504206730769231, 0.9556790865384616, 0.9521233974358975, 0.9508713942307693, 0.9524739583333334, 0.9529246794871795, 0.9513721955128205, 0.9537510016025641, 0.9529747596153846, 0.9549278846153846, 0.9513721955128205, 0.9546774839743589, 0.9547776442307693, 0.9559294871794872, 0.9548277243589743, 0.9537760416666666, 0.9561298076923077, 0.9516476362179487, 0.9528745993589743, 0.9566306089743589, 0.955253405448718, 0.9530749198717948, 0.9553535657051282, 0.9541015625, 0.9537760416666666, 0.955253405448718, 0.9563551682692307, 0.9577824519230769, 0.9567808493589743, 0.959785657051282, 0.9561548477564102, 0.9563050881410257, 0.9560046073717948, 0.9584835737179487, 0.9536007612179487, 0.9592598157051282, 0.9556290064102564, 0.958984375, 0.9582832532051282, 0.9558293269230769, 0.9582081330128205, 0.9590594951923077, 0.9584334935897436],