{"validation_loss": 0.697942135977745, "train_history": {"acc": [0.3840895432692308, 0.5407401842948718, 0.6134064503205128, 0.6509164663461539, 0.6865735176282052, 0.7062550080128205, 0.7317207532051282, 0.7434144631410257, 0.7571113782051282, 0.7691306089743589, 0.7809495192307693, 0.7916416266025641, 0.794120592948718, 0.8085687099358975, 0.8055138221153846, 0.8191356169871795, 0.8238681891025641, 0.8299779647435898, 0.8334334935897436, 0.841972155448718, 0.8485576923076923, 0.852714342948718, 0.8514122596153846, 0.8577724358974359, 0.865059094551282, 0.8655098157051282, 0.8621043669871795, 0.8656850961538461, 0.8806340144230769, 0.8792568108974359, 0.8804336939102564, 0.8797826522435898, 0.8852163461538461, 0.8894981971153846, 0.8860176282051282, 0.891776842948718, 0.8924779647435898, 0.8974108573717948, 0.8915264423076923, 0.8963591746794872, 0.8990885416666666, 0.9015925480769231, 0.9016175881410257, 0.9014172676282052, 0.9056490384615384, 0.9017427884615384, 0.9113832131410257, 0.9095302483974359, 0.9076522435897436, 0.9131360176282052, 0.911308092948718, 0.9097806490384616, 0.9142878605769231, 0.9166666666666666, 0.9176933092948718, 0.9153395432692307, 0.9185947516025641, 0.9188701923076923, 0.9202974759615384, 0.9194461137820513, 0.9162660256410257, 0.9186698717948718, 0.9232021233974359, 0.9204226762820513, 0.921875, 0.9266075721153846, 0.9269080528846154, 0.9240534855769231, 0.922676282051282, 0.9274088541666666, 0.9281099759615384, 0.9268329326923077, 0.9261067708333334, 0.9277093349358975, 0.9323918269230769, 0.9298127003205128, 0.9278094951923077, 0.9305138221153846, 0.9325921474358975, 0.9292868589743589, 0.9322666266025641, 0.933418469551282, 0.9355719150641025, 0.9315905448717948, 0.9326422275641025, 0.9357722355769231, 0.9323417467948718, 0.9372495993589743, 0.9322165464743589, 0.9329176682692307, 0.9361728766025641, 0.9347706330128205, 0.9373747996794872, 0.9405298477564102, 0.9382762419871795, 0.9371744791666666, 0.9360977564102564, 0.9406550480769231, 0.9391776842948718, 0.9426832932692307, 0.9389022435897436, 0.9419821714743589, 0.9350961538461539, 0.9387520032051282, 0.9391776842948718, 0.9378255208333334, 0.9404547275641025, 0.9408553685897436, 0.9416065705128205, 0.941581530448718, 0.9418068910256411, 0.9442858573717948, 0.9447616185897436, 0.9466897035256411, 0.9427834535256411, 0.9444611378205128, 0.9450120192307693, 0.9429837740384616, 0.9444360977564102, 0.9467648237179487, 0.9429336939102564, 0.9465645032051282, 0.9456380208333334, 0.9452874599358975, 0.9446864983974359, 0.9449118589743589, 0.9483924278846154, 0.948066907051282, 0.9460637019230769, 0.9475410657051282, 0.9487179487179487, 0.9467397836538461, 0.9455879407051282, 0.9486177884615384, 0.9510466746794872, 0.9484425080128205, 0.9475410657051282, 0.9464142628205128, 0.9501452323717948, 0.9492437900641025, 0.9488181089743589, 0.9508713942307693, 0.9442858573717948, 0.9494691506410257, 0.9496444310897436, 0.9496444310897436, 0.9537510016025641, 0.9536758814102564, 0.9534505208333334, 0.9492688301282052, 0.9522485977564102, 0.9561798878205128, 0.9508213141025641, 0.9520232371794872, 0.9531750801282052, 0.9505709134615384, 0.9512720352564102, 0.952323717948718, 0.9519481169871795, 0.9506710737179487, 0.9515975560897436, 0.951347155448718, 0.9527744391025641, 0.956855969551282, 0.9542267628205128, 0.9518479567307693, 0.9516726762820513, 0.9556039663461539, 0.9537760416666666, 0.9561798878205128, 0.9577824519230769, 0.9551532451923077, 0.9549779647435898, 0.9552784455128205, 0.9520232371794872, 0.954902844551282, 0.9543519631410257, 0.9542017227564102, 0.9542518028846154, 0.9534004407051282, 0.9549278846153846, 0.9565805288461539, 0.9548026842948718, 0.9560546875, 0.9593850160256411, 0.9578826121794872, 0.959159655448718, 0.9528245192307693, 0.9551282051282052, 0.9538762019230769, 0.9574569310897436, 0.9565805288461539, 0.9569561298076923, 0.9560046073717948, 0.9552784455128205, 0.9590094150641025, 0.9570813301282052, 0.9566055689102564, 0.9589342948717948, 0.9605368589743589],