{"test_error": 0.5971, "used_budget": 7165.586408138275, "configs": {}, "epochs": 169, "test_loss": 5.012133811950684, "benchmark": "ResNet"}