{"used_budget": 7152.99551653862, "benchmark": "ResNet", "test_error": 0.5862, "configs": {}, "epochs": 168, "test_loss": 4.953470065307617}