{"benchmark": "ResNet", "test_loss": 4.943186701202393, "epochs": 166, "test_error": 0.5791999999999999, "configs": {}, "used_budget": 7179.501799583435}