{"benchmark": "ResNet", "test_loss": 4.998798508453369, "configs": {}, "test_error": 0.5873999999999999, "used_budget": 7169.648451089859, "epochs": 169}