{"best_run_info": {"config_id": [4, 0, 6], "loss": 0.5450999999999999, "info": {"used_budget": 7175.096494913101, "validation_loss": 3.420360009765625, "epochs": 500, "configs": {"coarse_dropout_lower": 0.027031906560288456, "vertical_flip": 0.321724659971903, "scale_probability": 0.41671350362140247, "pad_crop_lower": -0.08662505453631819, "coarse_dropout_probability": 0.9807355281979236, "augment_probability": 0.4459385103346376, "horizontal_flip": 0.5769821929822159, "scale_lower": 0.6449976984262896, "pad_crop_upper": 0.16173546631200203, "scale_upper": 1.6089957293309975, "rotation_upper": 138, "coarse_dropout_size_percent_upper": 0.15623493069574151, "coarse_dropout_size_percent_lower": 0.010028863423622454, "pad_crop_probability": 0.8079803015169874, "rotation_probability": 0.589226961483707, "coarse_dropout_upper": 0.10091536845987056, "rotation_lower": -53}, "train_history": {"acc": [0.11768830128205128, 0.18209134615384615, 0.22844050480769232, 0.25663561698717946, 0.28553185096153844, 0.30421173878205127, 0.3263972355769231, 0.3343098958333333, 0.3580979567307692, 0.36991686698717946, 0.3909254807692308, 0.39380508814102566, 0.4088541666666667, 0.4123848157051282, 0.43103966346153844, 0.4305889423076923, 0.443359375, 0.4501452323717949, 0.45688100961538464, 0.47117888621794873, 0.47325721153846156, 0.48392427884615385, 0.48555188301282054, 0.4960687099358974, 0.49629407051282054, 0.4985977564102564, 0.5027043269230769, 0.5132461939102564, 0.5146734775641025, 0.5215094150641025, 0.5236378205128205, 0.5299979967948718, 0.5310997596153846, 0.5394881810897436, 0.5422926682692307, 0.5504557291666666, 0.5503806089743589, 0.5463992387820513, 0.5538110977564102, 0.5526592548076923, 0.5645032051282052, 0.5682091346153846, 0.5643780048076923, 0.5742688301282052, 0.5712389823717948, 0.5734675480769231, 0.5671324118589743, 0.5709385016025641, 0.5768479567307693, 0.5770733173076923, 0.5948768028846154, 0.5929737580128205, 0.5916967147435898, 0.5878155048076923, 0.598457532051282, 0.5927483974358975, 0.5938251201923077, 0.5985576923076923, 0.5971804887820513, 0.5921724759615384, 0.5891175881410257, 0.6052183493589743, 0.6065204326923077, 0.6012870592948718, 0.6038661858974359, 0.6076722756410257, 0.6113531650641025, 0.6109775641025641, 0.6015374599358975, 0.6027894631410257, 0.6077974759615384, 0.6098257211538461, 0.6116286057692307, 0.6157101362179487, 0.6120542868589743, 0.6226462339743589, 0.6168619791666666, 0.6213691907051282, 0.6141075721153846, 0.6169120592948718, 0.6188151041666666, 0.6260516826923077, 0.6205929487179487, 0.6293569711538461, 0.6234475160256411, 0.6162359775641025, 0.6304587339743589, 0.6187900641025641, 0.6213942307692307, 0.6308092948717948, 0.6334635416666666, 0.6255508814102564, 0.6246243990384616, 0.6208683894230769, 0.6230969551282052, 0.6280298477564102, 0.6351913060897436, 0.6293820112179487, 0.6387469951923077, 0.6256760817307693, 0.6238231169871795, 0.6360176282051282, 0.6315354567307693, 0.6351161858974359, 0.6203425480769231, 0.6306089743589743, 0.6282051282051282, 0.6373447516025641, 0.6415014022435898, 0.6271534455128205, 0.6336889022435898, 0.6357672275641025, 0.6437049278846154, 0.6338641826923077, 0.6389973958333334, 0.6374949919871795, 0.6379707532051282, 0.6315104166666666, 0.6393479567307693, 0.6346654647435898, 0.6323617788461539, 0.6443810096153846, 0.6497896634615384, 0.6432291666666666, 0.6385466746794872, 0.6451822916666666, 0.6498397435897436, 0.6432542067307693, 0.6361428285256411, 0.6452574118589743, 0.6549729567307693, 0.6434044471153846, 0.6373697916666666, 0.6420022035256411, 0.647285657051282], "val_acc": [0.1396, 0.1886, 0.2536, 0.268, 0.282, 0.2923, 0.3395, 0.3442, 0.3481, 0.3606, 0.349, 0.3634, 0.3769, 0.391, 0.3886, 0.3953, 0.3822, 0.4014, 0.4069, 0.4158, 0.4061, 0.4198, 0.4097, 0.4142, 0.4141, 0.4102, 0.4216, 0.426, 0.4207, 0.4268, 0.413, 0.4232, 0.4213, 0.4316, 0.4253, 0.4201, 0.4152, 0.4218, 0.4243, 0.4296, 0.419, 0.4255, 0.4346, 0.4295, 0.4301, 0.4323, 0.4297, 0.4284, 0.4313, 0.4269, 0.4319, 0.4347, 0.4213, 0.4285, 0.4255, 0.443, 0.4299, 0.417, 0.4254, 0.4377, 0.4332, 0.442, 0.4352, 0.4413, 0.4345, 0.4429, 0.4481, 0.4336, 0.4328, 0.4321, 0.4244, 0.4344, 0.4355, 0.44, 0.4392, 0.4363, 0.4394, 0.4438, 0.4351, 0.4248, 0.4417, 0.4426, 0.4435, 0.4316, 0.4419, 0.4517, 0.4444, 0.4451, 0.4425, 0.4463, 0.4382, 0.4652, 0.4456, 0.4442, 0.4503, 0.4534, 0.4519, 0.4336, 0.453, 0.4406, 0.4418, 0.4465, 0.444, 0.4473, 0.4459, 0.4488, 0.4491, 0.4418, 0.4407, 0.4474, 0.4468, 0.4405, 0.4482, 0.4457, 0.4406, 0.4437, 0.4343, 0.4345, 0.4499, 0.458, 0.4446, 0.4489, 0.4486, 0.4408, 0.4413, 0.4453, 0.452, 0.4385, 0.4449, 0.4596, 0.452, 0.4439, 0.4486, 0.4511, 0.4549], "loss": [4.18539403570004, 3.724647254515917, 3.463042526673048, 3.319741646448771, 3.1525912216076484, 3.0929924868620358, 2.98474881817133, 2.963195576881751, 2.8501786322165756, 2.812693556913963, 2.733037368609355, 2.7402479014335532, 2.681944733246779, 2.673399806022644, 2.6065148558372107, 2.6186135896505456, 2.578421738667366, 2.542073275034244, 2.526125433353277, 2.4829270591338477, 2.4879055187488213, 2.457163842824789, 2.4444790600966186, 2.4155312845340142, 2.4301822930574417, 2.4087194192868013, 2.399630068968504, 2.3711640529143505, 2.3634475832566237, 2.3544543515413237, 2.341112208289978, 2.317852793213649, 2.3261107955223475, 2.286433619948534, 2.2939810951550803, 2.267931674917539, 2.261290887991587, 2.276352517115764, 2.2552112421164145, 2.257763448433998, 2.2205744297840657, 2.211453603628354, 2.2346836561575913, 2.1909368271246934, 2.209838785422154, 2.207051071983117, 2.2198655238518348, 2.2177597219363236, 2.1880705746320577, 2.1931282870280437, 2.133366439969112, 2.138192212734467, 2.1442567018362193, 2.1674750325007315, 2.1261656498297667, 2.151036275885044, 2.142474652864994, 2.132802357658362, 2.139506365626286, 2.139846716935818, 2.165616437028616, 2.1028385781324825, 2.0994830288183994, 2.120009107085375, 2.1114932673099713, 2.0955477089453964, 2.09212972682256, 2.0919537872840195, 2.1325959253769655, 2.1310316435037513, 2.0956201350841765, 2.094929644312614, 2.0910136734063807, 2.0774302895252523, 2.088921096844551, 2.050574323687798, 2.0732934845563693, 2.0475555203663998, 2.0801336077543406, 2.0625985253315706, 2.060573386840331, 2.039966180156439, 2.059906836503591, 2.020953153188412, 2.049313330497497, 2.0717124327635155, 2.022299823852686, 2.0784093107168493, 2.045851698288551, 2.0272588343956532, 2.0241153717805176, 2.0440256282305107, 2.032086797631704, 2.0670053290250974, 2.043386405859238, 2.0259862614747806, 1.9972460583234444, 2.017617166042328, 1.9980029968115, 2.035208392983828, 2.039905275289829, 2.003051143808243, 2.0070055704086256, 2.0046426504850388, 2.0601069163053465, 2.0257377597766046, 2.033370695817165, 1.9846025097828646, 1.975420654966281, 2.014856159304961, 1.9949237413895435, 1.9954696263258274, 1.9688701774829473, 2.006132789911368, 1.9791538570171747, 1.9888835335389161, 1.9894612733370218, 2.0107198430177493, 1.9771519563136957, 2.0047413206253295, 2.002978355456621, 1.9676814931325424, 1.942099386300796, 1.9640231342651906, 1.97828124387142, 1.9485594511796267, 1.9473382032070405, 1.9613318401269424, 1.9948600920347066, 1.95822773873806, 1.91022401704238, 1.9569761470342293, 1.9791244165255473, 1.9610701719155679, 1.9459640956841981],