{"best_config_id": [3, 0, 2], "best_run_info": {"loss": 0.4171, "error_logs": null, "info": {"validation_error": 0.4171, "validation_loss": 1.8033928169250488, "used_budget": 6954.639842987061, "configs": {"pad_crop_upper": 0.19170228951728077, "coarse_dropout_upper": 0.18646009695361307, "augment_probability": 0.5494532849185276, "pad_crop_probability": 0.40948417218086464, "coarse_dropout_lower": 0.0821573668351724, "scale_upper": 1.1152231281280827, "coarse_dropout_size_percent_lower": 0.028014854148462012, "rotation_lower": -159, "scale_lower": 0.647943732074721, "coarse_dropout_probability": 0.2894807119452586, "rotation_upper": 131, "rotation_probability": 0.059552547918222176, "scale_probability": 0.892569810749207, "vertical_flip": 0.15337477548146217, "pad_crop_lower": -0.06268280969006787, "coarse_dropout_size_percent_upper": 0.11404852668228804, "horizontal_flip": 0.7240839873560938}, "train_history": {"loss": [4.437440029321572, 3.979068015630429, 3.6044887755161676, 3.176808382456119, 2.8812265510742483, 2.6693224073984685, 2.403625888702197, 2.115199150947424, 1.904658244206355, 1.7690966641291594, 1.6161125174317605, 1.5039434988911335, 1.3864916861057281, 1.2887971959052942, 1.2053389818622515, 1.1074397403460283, 1.1014243754056783, 1.0135206410135977, 0.9148714350393186, 0.8667145860500824, 0.8356199972331524], "acc": [0.0667568108974359, 0.11493389423076923, 0.1695713141025641, 0.24143629807692307, 0.2954727564102564, 0.3411207932692308, 0.39210236378205127, 0.44443609775641024, 0.49168669871794873, 0.5229867788461539, 0.556815905448718, 0.5834334935897436, 0.6157852564102564, 0.6442057291666666, 0.6620843349358975, 0.6855719150641025, 0.6917317708333334, 0.7137920673076923, 0.7421374198717948, 0.7538812099358975, 0.761894030448718], "val_acc": [0.0794, 0.0822, 0.1641, 0.2477, 0.2715, 0.3481, 0.3915, 0.4461, 0.47, 0.4914, 0.483, 0.5194, 0.5241, 0.5511, 0.5643, 0.4948, 0.5544, 0.589, 0.555, 0.5838, 0.5829], "val_loss": [4.401754730224609, 4.572060115051269, 3.598114901351929, 3.135650633621216, 3.1852225784301758, 2.605413003540039, 2.392955744552612, 2.132349631500244, 2.035935785675049, 1.932994155883789, 2.0777988807678223, 1.8743060035705565, 1.8141086475372314, 1.710373934173584, 1.7288229515075684, 2.432771583557129, 1.7792683788299561, 1.6208996801376343, 1.918477872467041, 1.6897719512939453, 1.8033928133010864]}, "epochs": 500}, "config_id": [3, 0, 2], "time_stamps": {"finished": 94761.5152618885, "submitted": 87776.09471678734, "started": 87776.09577584267}, "budget": 7200.0}, "best_config_trajectory": {"times_finished": [705.3870527744293, 3512.060499191284, 7306.991339683533, 15763.94972872734, 19113.62940979004, 31144.367377996445, 94761.5152618885], "budgets": [900.0, 900.0, 1800.0, 1800.0, 3600.0, 7200.0, 7200.0], "config_ids": [[0, 0, 0], [0, 0, 4], [1, 0, 0], [1, 0, 1], [0, 0, 4], [0, 0, 4], [3, 0, 2]], "losses": [0.8923, 0.8809, 0.6602, 0.6472, 0.538, 0.4436, 0.4171]}}