{"validation_loss": 1.1081505196332933, "validation_error": 0.1884, "used_budget": 4344.102586746216, "configs": {}, "train_history": {"loss": [1.5791458568572998, 1.075184420967102, 0.8930504044532775, 0.769368442440033, 0.6629426955223083, 0.5898788687705994, 0.5358328623771668, 0.46387654905319214, 0.43566026067733765, 0.3579104426860809, 0.3068617678642273, 0.304849269080162, 0.21455020349025727, 0.18696559643745422, 0.16224702692031862, 0.12299341738224029, 0.09662161291837693, 0.09552634587287903, 0.07503985500335693, 0.05951228219866753, 0.03185901411771774, 0.026694928097724915, 0.015546936431527138, 0.01076320075839758, 0.006045710751414299, 0.004272290605306626, 0.0031606067456305025, 0.002620872899144888, 0.0022779932513833047, 0.002178908183798194, 0.0018514575637876987, 0.0017484721822664142, 0.0015422008030116557, 0.10893114801049232, 0.3923714350938797, 0.14361584008932113, 0.07038608019948006, 0.02506702996119857, 0.009875283116102218, 0.007386644917353987, 0.003773169169574976, 0.0029712175361812114, 0.0023829502288252114, 0.0020623166419565676, 0.001934355267137289, 0.002122867651283741, 0.001455314714461565, 0.0013483450777828693, 0.001525557455047965, 0.0011041245885193348, 0.0009775938391685486, 0.0008742972958832979, 0.0008397554533556104, 0.0007439161914400757, 0.0007037231571972371, 0.0007631990903057158, 0.0006293178599327803, 0.0007746786773204803, 0.0005473408589139581, 0.0005113632133230567, 0.00047524923766031863, 0.0004496930687688291, 0.0004211860939860344, 0.00041501913284882903, 0.00037217870205640794, 0.00038504720982164147, 0.0003372107638977468, 0.0003376062005758286, 0.0004958662777207792, 0.00032395924217998984, 0.00031513048857450485, 0.000266384080844, 0.00025248873019590974, 0.0002264821231365204, 0.00023146141367033125, 0.0002103865786921233, 0.00020266008712351323, 0.6235898409092799, 0.3092983332872391, 0.12382042782306671, 0.05181008622646332, 0.034696002101898195, 0.018617596100270747, 0.007185292820632458, 0.0037077006686478853, 0.0026525481164455414, 0.0021862190440297127, 0.005124675614014268, 0.0018636650413274764, 0.0014879835955798626, 0.0013270304732024669, 0.0011859854333102703, 0.0012097137179225682, 0.0010333330355584622, 0.0008941753953695297, 0.000821329277381301, 0.0009241576097905636, 0.0007259874653071165, 0.0006400243869051337, 0.0005784467892721296, 0.0005324669442139566, 0.0005060717411339283, 0.00048346250876784327, 0.00044278105664998294, 0.00041855917694047094, 0.0003855704328045249, 0.0003688029731623828, 0.00034801254868507386, 0.00033777839317917824, 0.0006694036962464452, 0.000373408096190542, 0.00028801615433767436, 0.00027425083443522456, 0.000291089110635221, 0.0002403462592512369, 0.0004079654386267066, 0.00026422052225098016, 0.00021471549198031424, 0.00020022467281669378, 0.00018465266395360232, 0.0001688286770367995, 0.0001621154436841607, 0.0001623436818830669, 0.00019032491259276868, 0.00014313306875992566, 0.00013142937449738383, 0.00012362101301550865, 0.00012204207051545381, 0.00011296128653921186, 0.00011057574721053243, 0.0001114116307348013, 0.5724604012884199, 0.16020706086158754, 0.062142313385009765, 0.02846193409562111, 0.013877660705149173, 0.00436503953486681, 0.002728281293809414, 0.0023083456590771677, 0.0019482501082122327, 0.0014957479257136583, 0.0012628808988258242, 0.001135365793481469, 0.0010809855377301573, 0.0009443243455141783, 0.0008988839669153094, 0.0007861992375925184, 0.0007428138114511966, 0.0006877664702013135, 0.0006492194909602404, 0.0005851375166326761, 0.0005398230005055665, 0.0004902963543310762, 0.00047527081947773694, 0.000439916423894465, 0.0004058303844183683, 0.0004249331586062908, 0.18637804725170135, 0.11973570755720138, 0.03811744027137756, 0.019038846026360988, 0.00408783351033926, 0.002115751502662897, 0.0013479096062481402, 0.0012946078721433878, 0.0009667605869472026, 0.0008169251807034016, 0.0007403103241696954, 0.0006659378513693809, 0.0006239645583555102, 0.0005678872829303146, 0.0005351709041744471, 0.001519378800317645, 0.0005639145011082291, 0.0004754628721624613, 0.0004234804904088378, 0.000380887979734689, 0.0003462941126897931, 0.00033021777025423946, 0.00030535398619249465, 0.0002825489565730095, 0.000269344225525856, 0.00026208408884704115, 0.00025261150719597936, 0.00022986295837908982, 0.000223839252255857, 0.00020879123667255043, 0.00020850189286284148, 0.00018315886771306397, 0.00018296369174495338, 0.00016938719861209393, 0.0001669618091545999, 0.00015510284677147865, 0.00020545021700672805, 0.0001498895553406328, 0.0001416190566960722, 0.0001272463927976787, 0.00012296060351654889, 0.00011465306403115392, 0.0001345859556691721],