{"used_budget": 4421.512801408768, "validation_error": 0.1935, "train_history": {"acc": [0.4308, 0.606875, 0.68465, 0.7296, 0.758, 0.787775, 0.809525, 0.835775, 0.854125, 0.87955, 0.892475, 0.908625, 0.9285, 0.942175, 0.9461, 0.9676, 0.972575, 0.969275, 0.9792, 0.982775, 0.99225, 0.995975, 0.99945, 0.999875, 1.0, 0.999975, 1.0, 1.0, 1.0, 1.0, 1.0, 1.0, 1.0, 1.0, 1.0, 1.0, 1.0, 1.0, 1.0, 1.0, 1.0, 1.0, 1.0, 1.0, 1.0, 1.0, 0.823975, 0.88595, 0.945175, 0.975775, 0.9876, 0.997075, 0.999925, 1.0, 1.0, 1.0, 1.0, 1.0, 1.0, 1.0, 1.0, 1.0, 1.0, 1.0, 1.0, 1.0, 1.0, 1.0, 1.0, 1.0, 1.0, 1.0, 1.0, 1.0, 1.0, 1.0, 1.0, 1.0, 0.9683, 0.833675, 0.95055, 0.97875, 0.99735, 0.9999, 1.0, 1.0, 1.0, 1.0, 1.0, 1.0, 1.0, 1.0, 1.0, 1.0, 1.0, 1.0, 1.0, 1.0, 1.0, 1.0, 1.0, 1.0, 1.0, 1.0, 1.0, 1.0, 1.0, 0.9133, 0.938925, 0.9873, 0.99895, 0.99995, 1.0, 1.0, 1.0, 1.0, 1.0, 1.0, 1.0, 1.0, 1.0, 1.0, 1.0, 1.0, 1.0, 1.0, 1.0, 1.0, 1.0, 1.0, 1.0, 1.0, 1.0, 1.0, 1.0, 1.0, 0.9667, 0.92245, 0.984475, 0.99925, 1.0, 0.999975, 1.0, 1.0, 1.0, 1.0, 1.0, 1.0, 1.0, 1.0, 1.0, 1.0, 1.0, 1.0, 1.0, 1.0, 1.0, 1.0, 1.0, 1.0, 1.0, 1.0, 1.0, 1.0, 1.0, 1.0, 1.0, 1.0, 1.0, 1.0, 1.0, 1.0, 1.0, 1.0, 1.0, 1.0, 1.0, 1.0, 1.0, 1.0, 0.936175, 0.937975, 0.9885, 0.999075, 0.999975, 1.0, 1.0, 1.0, 1.0, 1.0, 1.0, 1.0, 1.0, 1.0, 1.0, 1.0, 1.0, 1.0, 1.0, 1.0], "val_acc": [0.18329999985694886, 0.31749999990463257, 0.4397999997615814, 0.6161, 0.6323000003814697, 0.6463999995231628, 0.6946000001907349, 0.6857999994277955, 0.7351000002861023, 0.6972000003814697, 0.7042999995231628, 0.7296999994277954, 0.7371000004768371, 0.741700000667572, 0.7696000007629394, 0.7768999996185303, 0.7131000007629394, 0.7443999994277954, 0.7662999997138977, 0.7668, 0.7644000005722046, 0.7837999995231628, 0.7931000005722046, 0.8001999998092652, 0.7969999997138977, 0.8006000000953675, 0.8029000001907348, 0.8047000000953675, 0.8024000000953674, 0.8031000001907349, 0.8033, 0.805, 0.8015999999046326, 0.8043, 0.8033000000953674, 0.8044, 0.7999000002861023, 0.8038, 0.8037000000953675, 0.8018999999046326, 0.8025000000953675, 0.8031999999046325, 0.8051000001907349, 0.8022, 0.8048000000953675, 0.7956999996185302, 0.6346, 0.7355999995231628, 0.7630999999046326, 0.77, 0.7638999997138977, 0.7846999995231628, 0.796100000667572, 0.7986999992370606, 0.7997999995231628, 0.8016999997138977, 0.7990999998092652, 0.8014999994277954, 0.8033999996185303, 0.8018999996185303, 0.8032999997138977, 0.8014999995231629, 0.802299999332428, 0.8029999996185303, 0.8001999998092652, 0.8022999995231629, 0.7996999996185302, 0.8017999996185303, 0.8039999996185303, 0.8036999995231628, 0.8027999992370606, 0.8036999994277955, 0.8013999996185303, 0.8024999994277954, 0.8013999996185303, 0.8020999993324279, 0.8040999996185303, 0.800899999332428, 0.3956000002861023, 0.677700000667572, 0.7577999995231628, 0.779999999332428, 0.7909000007629394, 0.800199999332428, 0.8039999995231628, 0.8031, 0.8062999992370605, 0.8069999998092652, 0.8064999998092651, 0.8064999998092651, 0.8088999997138977, 0.8067999997138977, 0.8074999997138977, 0.8081999997138977, 0.8059999997138977, 0.8065999998092651, 0.8081999996185303, 0.8059999999046326, 0.8083999997138978, 0.8073999997138978, 0.8075999997138977, 0.8071999997138977, 0.8079999997138977, 0.8064999996185302, 0.8070999997138977, 0.8063999998092651, 0.8014999999046326, 0.6836999999046326, 0.7693999994277954, 0.7859000004768372, 0.8015999994277954, 0.8045999995231629, 0.803299999332428, 0.8038999994277954, 0.8054999996185302, 0.8059999998092652, 0.8041999998092652, 0.8053999995231629, 0.8048999996185303, 0.8049999998092652, 0.8052999997138977, 0.8046999996185302, 0.8046999996185302, 0.8036999996185302, 0.8049999997138977, 0.8040999997138977, 0.8031999995231628, 0.8051999998092652, 0.8059999994277954, 0.8051999995231628, 0.8043999996185303, 0.8058999994277954, 0.8050999995231628, 0.8049999995231628, 0.8043999995231629, 0.8048999997138977, 0.5660999992370606, 0.7550000004768371, 0.7808999999046325, 0.7957000005722046, 0.803199999332428, 0.8031999992370605, 0.803000000667572, 0.8031999992370605, 0.8026999995231628, 0.8042999992370605, 0.8036999994277955, 0.8028999994277954, 0.8041000007629394, 0.8037000007629395, 0.8039999994277954, 0.803399999332428, 0.8029999992370606, 0.8030999992370605, 0.8043999994277954, 0.8040999995231628, 0.8047999995231628, 0.8037999996185303, 0.8045999994277954, 0.804199999332428, 0.8043999995231629, 0.8060999994277954, 0.8054999995231629, 0.8054999996185302, 0.8053999996185303, 0.8030999994277954, 0.8054999997138977, 0.8041999996185303, 0.8038999995231628, 0.8039999995231628, 0.8049999997138977, 0.8054999999046326, 0.8025999996185302, 0.8039999999046326, 0.8051999997138977, 0.8043999998092651, 0.8047999998092651, 0.8049999998092652, 0.8048999997138977, 0.8037999998092651, 0.5889000005722046, 0.7581999994277954, 0.7859000004768372, 0.7974999999046326, 0.8042999998092651, 0.8045999997138977, 0.8070999998092652, 0.8067, 0.8081000001907349, 0.8075, 0.8083, 0.8079, 0.8076999998092651, 0.8080999998092652, 0.8070999999046325, 0.8072999997138977, 0.8073999998092651, 0.8078999997138977, 0.8090999997138977, 0.8064999997138977],