{"used_budget": 4380.046414136887, "validation_loss": 1.0798719222187996, "configs": {}, "validation_error": 0.1875, "train_history": {"acc": [0.4382, 0.61585, 0.67815, 0.728275, 0.7588, 0.788375, 0.810725, 0.833375, 0.850875, 0.87125, 0.892575, 0.905875, 0.924, 0.94275, 0.943575, 0.9648, 0.972425, 0.9688, 0.983275, 0.98315, 0.991825, 0.9925, 0.99825, 0.99835, 0.99965, 1.0, 1.0, 1.0, 1.0, 1.0, 1.0, 1.0, 1.0, 1.0, 1.0, 1.0, 1.0, 0.99985, 0.999975, 1.0, 1.0, 1.0, 1.0, 1.0, 1.0, 1.0, 0.931975, 0.821, 0.914925, 0.961525, 0.98055, 0.987675, 0.99665, 0.99855, 0.99995, 1.0, 1.0, 1.0, 1.0, 1.0, 1.0, 0.999975, 1.0, 0.999925, 1.0, 1.0, 1.0, 1.0, 1.0, 1.0, 1.0, 1.0, 1.0, 1.0, 1.0, 1.0, 1.0, 1.0, 1.0, 0.9127, 0.89875, 0.965625, 0.992475, 0.997325, 0.999675, 1.0, 1.0, 1.0, 1.0, 1.0, 1.0, 1.0, 1.0, 1.0, 1.0, 1.0, 1.0, 1.0, 1.0, 1.0, 1.0, 1.0, 1.0, 0.999975, 0.917475, 0.955975, 0.992175, 0.999425, 0.999975, 1.0, 1.0, 1.0, 1.0, 1.0, 1.0, 1.0, 1.0, 1.0, 1.0, 1.0, 1.0, 1.0, 1.0, 1.0, 1.0, 1.0, 1.0, 1.0, 1.0, 1.0, 1.0, 1.0, 1.0, 1.0, 1.0, 1.0, 1.0, 1.0, 1.0, 1.0, 1.0, 1.0, 1.0, 1.0, 1.0, 1.0, 1.0, 1.0, 1.0, 1.0, 1.0, 1.0, 1.0, 1.0, 1.0, 1.0, 0.8814, 0.954775, 0.992975, 0.99815, 0.998675, 1.0, 1.0, 1.0, 1.0, 1.0, 1.0, 1.0, 1.0, 1.0, 1.0, 1.0, 1.0, 1.0, 1.0, 1.0, 1.0, 1.0, 1.0, 1.0, 1.0, 1.0, 1.0, 1.0, 1.0, 1.0, 1.0, 1.0, 1.0, 1.0, 1.0, 1.0, 1.0, 1.0, 1.0, 1.0, 1.0, 1.0, 1.0, 1.0], "val_loss": [3.025461025238037, 2.3770868255615234, 1.7668681253433227, 1.2081998741149902, 1.0545558191299438, 0.9024248169898987, 0.8529010495185853, 1.040076476573944, 0.816248205947876, 0.9399974837303161, 0.9086997641563416, 0.7970688184738159, 0.8456149225234986, 0.9947821787834168, 0.9140268615722656, 0.8399643774032592, 0.9186856565475464, 0.918890952205658, 1.07754506483078, 0.836740655708313, 0.8748014472007751, 0.9224494626998901, 0.8857534963607788, 0.8428147674560547, 0.8208906518936158, 0.8280643807411194, 0.8449959568023682, 0.8523957138061523, 0.8563169557571411, 0.8554895491600036, 0.8626894870758056, 0.874916792678833, 0.883595468711853, 0.8895461727142334, 0.8997021324157715, 0.9078439231872558, 0.913377544593811, 0.9768243342399597, 0.9178641688346862, 0.9217555179595948, 0.9357980954170227, 0.9508527166366577, 0.9430486597061157, 0.9507058540344239, 0.9643266077041626, 0.9659001373291015, 8.771045935058593, 1.252987306022644, 0.9484124165534973, 1.0111420181274413, 0.8737949482917786, 0.921646134185791, 0.8632213083267212, 0.8212725855827332, 0.8195947710037231, 0.8235467541694641, 0.8409616177558898, 0.8562615509033203, 0.8649208943367004, 0.872125956916809, 0.8796046464920044, 0.8939201691627502, 0.89988814868927, 0.9095971871376037, 0.9087487216949462, 0.9165895005226136, 0.9269272905349731, 0.9263207850456238, 0.9322609240531922, 0.9405068017959595, 0.9487613349914551, 0.9564179428100585, 0.9554782050132752, 0.9625352910041809, 0.9660651794433593, 0.9731230491638183, 0.9751230074882508, 0.9816424746513367, 0.9873671904563904, 3.994291453933716, 1.3206928478240967, 1.0393091060638429, 0.8561276808738708, 0.894607142162323, 0.8325251711845398, 0.842835458946228, 0.8543211192131043, 0.8732535865783692, 0.8879509306907654, 0.8928279809951782, 0.8996335054397583, 0.9107162424087525, 0.918735586643219, 0.9276654483795166, 0.9319936484336853, 0.9381375286102295, 0.9428134437561035, 0.9521038865089416, 0.9610641709327697, 0.9640624971389771, 0.964352827835083, 0.9732399015426636, 0.9761077033996582, 1.152554137992859, 1.9491807815551758, 1.1498844058990478, 0.9474971036911011, 0.9068974225044251, 0.8838820569038391, 0.8927407108306885, 0.9047080071449279, 0.9164414739608765, 0.9215536128044128, 0.9309428135871887, 0.939884039402008, 0.945821406173706, 0.9524646096229553, 0.9552095980644226, 0.9606144347190857, 0.9674413955688477, 0.9728985185623169, 0.9779565117835999, 0.9834279971122741, 0.9886384057998657, 0.9897388981819153, 0.9946257987976074, 0.9971730774879456, 1.0037816459655762, 1.0046317774772644, 1.0104569890975952, 1.0141059747695922, 1.0172114768981935, 1.0210774381637573, 1.0253486640930176, 1.02831560049057, 1.0319754308700562, 1.0359564552307128, 1.0368065362930299, 1.0405174602508545, 1.0488148170471192, 1.047263645362854, 1.0516525146484375, 1.0548039413452148, 1.0595038747787475, 1.061861005783081, 1.0698714200973511, 1.0716987575531005, 1.069172606086731, 1.0724595220565796, 1.0782556177139282, 1.0805664756774902, 1.0839238676071168, 1.088935131072998, 1.0899093811035157, 1.094746661758423, 1.108011261367798, 2.648087811279297, 1.0271224830627441, 0.9067173181533813, 0.8772917813301087, 0.8790213253974914, 0.8891086361885071, 0.8958013843536377, 0.9111519269943237, 0.920931517982483, 0.9296162695884704, 0.9386103985786438, 0.9475566292762756, 0.9520068722724915, 0.961191123008728, 0.9647869705200195, 0.9709589024543762, 0.9763698429107666, 0.9776469628334046, 0.9840436904907227, 0.986935444355011, 0.9947066256523133, 0.9988128839492798, 1.0023478090286255, 1.006612737751007, 1.0192640714645387, 1.0266832371711732, 1.0249999665260314, 1.02492395029068, 1.0305993098258972, 1.0331723938941955, 1.0367111271858216, 1.0386907355308532, 1.0432607634544373, 1.0449594944000244, 1.0500410009384156, 1.0535783166885375, 1.058233777809143, 1.0619419448852538, 1.0639850341796875, 1.0671065719604491, 1.069542735481262, 1.0752278888702393, 1.0811649755477906, 1.0798719530105592],