{"validation_error": 0.19120000000000004, "configs": {}, "train_history": {"acc": [0.447375, 0.62415, 0.6907, 0.73525, 0.766925, 0.795025, 0.8194, 0.843475, 0.8557, 0.883375, 0.893525, 0.912375, 0.9297, 0.941475, 0.955125, 0.962725, 0.971725, 0.977725, 0.984125, 0.989, 0.995275, 0.9986, 0.999125, 0.998625, 0.999925, 1.0, 1.0, 1.0, 1.0, 0.9999, 1.0, 1.0, 1.0, 1.0, 1.0, 1.0, 1.0, 1.0, 1.0, 1.0, 1.0, 1.0, 0.868675, 0.88965, 0.947725, 0.983675, 0.98995, 0.99875, 0.99805, 0.999925, 0.999975, 1.0, 0.9999, 1.0, 1.0, 1.0, 1.0, 1.0, 1.0, 1.0, 1.0, 1.0, 1.0, 1.0, 1.0, 1.0, 1.0, 0.999975, 0.999975, 1.0, 1.0, 1.0, 1.0, 1.0, 1.0, 1.0, 1.0, 1.0, 1.0, 1.0, 1.0, 1.0, 1.0, 1.0, 1.0, 1.0, 1.0, 1.0, 1.0, 1.0, 0.83795, 0.87725, 0.944475, 0.978275, 0.996125, 0.999075, 0.99995, 0.99975, 1.0, 1.0, 1.0, 1.0, 1.0, 1.0, 1.0, 1.0, 1.0, 1.0, 1.0, 1.0, 0.999975, 1.0, 0.999675, 0.93115, 0.94745, 0.9829, 0.99805, 1.0, 1.0, 1.0, 1.0, 0.99995, 1.0, 1.0, 1.0, 1.0, 1.0, 1.0, 1.0, 1.0, 1.0, 1.0, 1.0, 1.0, 1.0, 1.0, 1.0, 1.0, 1.0, 1.0, 1.0, 1.0, 0.952325, 0.93025, 0.988275, 0.99885, 0.99995, 1.0, 1.0, 1.0, 1.0, 1.0, 1.0, 1.0, 1.0, 1.0, 1.0, 1.0, 1.0, 1.0, 1.0, 1.0, 1.0, 1.0, 1.0, 1.0, 1.0, 1.0, 1.0, 1.0, 1.0, 1.0, 1.0, 1.0, 1.0, 1.0, 1.0, 1.0, 1.0, 1.0, 1.0, 0.9265, 0.9537, 0.991525, 0.998, 0.9999, 1.0, 0.99995, 1.0, 1.0, 0.999975, 1.0, 1.0, 1.0, 0.999875, 0.999975, 1.0, 1.0, 1.0, 1.0], "val_loss": [2.803729957962036, 1.891032960128784, 1.5043525075912476, 1.027761506462097, 0.8865305665016174, 0.9870604988098145, 1.055580336380005, 0.971112073135376, 1.138480104637146, 1.1088635954856874, 0.9735620917320251, 0.8234502983093261, 0.8850576991081238, 0.8151753656387329, 0.8462032217979432, 0.974270709991455, 0.8063800350189209, 0.8379859859466553, 0.8737776815414429, 1.0849935063362122, 0.8302318618774414, 0.8007327196121216, 0.8226197607040405, 0.859908111667633, 0.8337576367378234, 0.8088614844322205, 0.8171377144813537, 0.832053434753418, 0.8524957865715027, 0.8501085884094238, 0.8545736536026001, 0.8698623539924621, 0.8701273312568665, 0.8805040606498719, 0.8850175601005554, 0.8983679550170899, 0.9101889155387879, 0.9146129366874695, 0.9125519328117371, 0.9218045392990112, 0.9323760259628295, 0.9449144669532776, 2.5905499126434326, 1.2649396858215332, 0.8523241739273071, 0.8398601540565491, 1.0076154104232788, 0.8655580913543701, 0.8188232942581177, 0.8055327342033386, 0.8178556279182434, 0.8289415818214416, 0.842091889667511, 0.8519461484909058, 0.8618287839889527, 0.8672815737724304, 0.872293900680542, 0.8832166524887085, 0.8877952848434448, 0.8969588611602783, 0.9003016629219055, 0.9072814036369323, 0.9112944695472718, 0.9219988199234008, 0.9284472881317138, 0.929260892868042, 0.9365070519447327, 0.9495445973396301, 0.9736434543609619, 0.9528150550842285, 0.9583110466003418, 0.9674741513252259, 0.9772449793815613, 0.9693089181900024, 0.9775650314331055, 0.9837439025878906, 0.988914656829834, 0.9949004294395447, 0.9955076721191406, 1.0027730644226074, 1.0104865719795226, 1.0101921604156494, 1.0188040420532227, 1.0175897300720216, 1.0229294185638427, 1.0244592513084412, 1.032108203125, 1.0307165643692016, 1.0364598475456237, 1.0412869646072387, 2.5549705211639404, 1.1518258068084717, 0.8253391541481018, 0.8295607976913452, 0.7892324016571045, 0.8256467089653016, 0.8124503221511841, 0.8351729206085206, 0.8457565752983093, 0.8634379474639893, 0.8762431691169739, 0.8852930597305297, 0.8953837263107299, 0.9047103046417236, 0.9152714296340942, 0.9226251236915588, 0.930891267490387, 0.9354161608695983, 0.9387191917419434, 0.9477005619049073, 0.9523576861381531, 0.9579165483474732, 1.2169106634140014, 2.1241513401031495, 1.0785620882987976, 1.038308487033844, 0.8692509922027588, 0.8764010475158691, 0.8731360851287842, 0.8839259590148926, 0.9009441394805908, 0.9134289450645446, 0.9183316259384156, 0.9266922814369202, 0.9337804092407227, 0.9388303763389587, 0.9459644338607788, 0.9535383067131042, 0.9604552635192871, 0.9650018462181091, 0.9689479402542114, 0.9750934132575989, 0.9820403573036194, 0.9842561944007874, 0.9880720147132873, 0.9925320346832276, 0.9972301544189454, 1.0013820495605468, 1.0066780262947082, 1.0092243738174438, 1.0148209418296814, 1.0255491172790527, 3.393782688140869, 1.5575549840927123, 0.9835054738044738, 0.9126685853004456, 0.8779700282096863, 0.8943198972702027, 0.9000077507019043, 0.9126648719787598, 0.9227897183418274, 0.9336496198654175, 0.9398717469215393, 0.9450816885948181, 0.9536865003585815, 0.956144411945343, 0.9646852108955384, 0.9680210960388184, 0.9727896843910218, 0.9766223982810974, 0.982289009475708, 0.9869712120056152, 0.9921176307678222, 0.9952468559265136, 1.0012889945983887, 1.0030756546974182, 1.0038811618804933, 1.0103659039497375, 1.0140951501846314, 1.0198457523345947, 1.0213039873123169, 1.0263187520980834, 1.0300712891578674, 1.0330801429748535, 1.0359603532791137, 1.04040758228302, 1.0463963945388794, 1.0492140986442566, 1.0509999008178712, 1.0561921601295472, 1.0829712832450866, 1.8540243703842163, 1.1330263339042663, 0.9853882867813111, 0.9360122029304504, 0.9141376853942871, 0.9257791083335877, 0.932483814239502, 0.9452571971893311, 0.9511725461959839, 0.9597515054702759, 0.9630004141807557, 0.9687448875427246, 0.9818255456924438, 1.0018120840072633, 0.9885037091255188, 0.9913698835372925, 0.9940882772445678, 0.99662280960083, 1.0020030398368835],