{"validation_loss": 0.9842065444111824, "validation_error": 0.19499999999999995, "train_history": {"acc": [0.46015, 0.618325, 0.686125, 0.73585, 0.7621, 0.788225, 0.818275, 0.836525, 0.857725, 0.872, 0.8997, 0.912925, 0.928775, 0.93805, 0.950725, 0.97075, 0.971025, 0.97925, 0.98715, 0.989125, 0.97805, 0.994875, 0.995075, 0.99885, 0.999875, 1.0, 1.0, 1.0, 1.0, 1.0, 1.0, 1.0, 1.0, 1.0, 0.920075, 0.9186, 0.9766, 0.978725, 0.997475, 0.999725, 1.0, 0.999975, 1.0, 1.0, 1.0, 1.0, 1.0, 1.0, 1.0, 1.0, 1.0, 0.999925, 1.0, 1.0, 1.0, 1.0, 1.0, 1.0, 1.0, 1.0, 1.0, 1.0, 1.0, 1.0, 1.0, 1.0, 1.0, 1.0, 1.0, 1.0, 1.0, 1.0, 1.0, 1.0, 1.0, 1.0, 1.0, 1.0, 1.0, 1.0, 1.0, 1.0, 1.0, 1.0, 1.0, 1.0, 1.0, 1.0, 1.0, 1.0, 1.0, 1.0, 1.0, 1.0, 1.0, 1.0, 1.0, 1.0, 1.0, 1.0, 1.0, 0.724025, 0.8394, 0.9019, 0.945975, 0.973575, 0.989925, 0.99395, 0.9992, 0.99885, 0.999975, 1.0, 0.999975, 1.0, 1.0, 1.0, 0.998875, 0.99995, 1.0, 1.0, 0.99925, 0.999975, 1.0, 1.0, 1.0, 1.0, 1.0, 1.0, 1.0, 1.0, 1.0, 1.0, 1.0, 1.0, 1.0, 1.0, 1.0, 1.0, 1.0, 1.0, 1.0, 0.9114, 0.91375, 0.9792, 0.99725, 0.9999, 1.0, 1.0, 0.99985, 1.0, 1.0, 1.0, 1.0, 1.0, 1.0, 0.999875, 1.0, 1.0, 1.0, 0.999975, 1.0, 1.0, 1.0, 1.0, 1.0, 1.0, 1.0, 1.0, 1.0, 1.0, 1.0, 1.0, 1.0, 1.0, 1.0, 1.0, 1.0, 1.0, 1.0, 1.0, 1.0, 1.0, 1.0, 1.0, 1.0, 1.0, 1.0, 1.0, 1.0, 1.0, 1.0, 0.885025, 0.9582, 0.9923, 0.998775, 0.999925, 1.0, 1.0, 1.0, 1.0], "val_acc": [0.2010000001192093, 0.3524000002861023, 0.4543999999523163, 0.6261, 0.6866000005722046, 0.7182999997138977, 0.6992000001907349, 0.7106000003814698, 0.6524000002861023, 0.7278000002861023, 0.7252999994277954, 0.6996000003814697, 0.7231999998092651, 0.7320000007629395, 0.7261000007629395, 0.7485000005722046, 0.7798000001907348, 0.7656999995231628, 0.7326999995231629, 0.7685999998092652, 0.7755999994277955, 0.7887000003814697, 0.7674999999046326, 0.7966000004768372, 0.7956000002861023, 0.804599999332428, 0.8102999992370605, 0.808500000667572, 0.8052000007629394, 0.8090000007629394, 0.8068999994277954, 0.8063999992370605, 0.8070999992370606, 0.805699999332428, 0.5728000001907348, 0.7415000001907348, 0.7807000003814697, 0.7882000001907349, 0.7927000002861023, 0.7977999992370606, 0.806299999332428, 0.8037000005722046, 0.805799999332428, 0.8065999994277954, 0.8075999995231629, 0.808599999332428, 0.8077999992370606, 0.8069999993324279, 0.8070999994277954, 0.8073999995231629, 0.807400000667572, 0.804899999332428, 0.806399999332428, 0.808299999332428, 0.8072999992370605, 0.8079999993324279, 0.8091999994277954, 0.8075999992370605, 0.807500000667572, 0.8094999992370605, 0.8081000007629394, 0.8083000007629395, 0.8089999993324279, 0.8082999992370605, 0.808599999332428, 0.8079999993324279, 0.808199999332428, 0.8065000007629395, 0.8090999994277954, 0.8086999992370606, 0.8074999992370605, 0.8081999992370605, 0.8070999993324279, 0.8066000005722046, 0.8083999992370605, 0.8072000007629394, 0.8084999992370605, 0.8080999992370606, 0.808499999332428, 0.808500000667572, 0.8083000007629395, 0.8080000007629394, 0.8067999992370606, 0.8091000007629394, 0.8071000007629394, 0.8082999992370605, 0.8076999992370606, 0.808299999332428, 0.8080000007629394, 0.807700000667572, 0.807300000667572, 0.8084000005722046, 0.8087999992370606, 0.8072000004768372, 0.807300000667572, 0.8076000005722046, 0.8078000005722046, 0.8083000007629395, 0.8080000005722046, 0.8073000007629395, 0.8073000004768371, 0.5678999992370606, 0.7328000003814698, 0.7369999992370605, 0.7671999995231629, 0.7627000002861023, 0.7859999996185303, 0.7923000003814697, 0.7937999999046326, 0.7955999999046326, 0.8047000004768372, 0.8055000007629395, 0.8049000005722046, 0.8068000005722046, 0.8048000002861023, 0.7958000004768372, 0.7950000003814697, 0.7994000004768371, 0.8048000003814697, 0.8027000005722046, 0.7984, 0.8058000004768372, 0.8057000005722046, 0.8047000004768372, 0.8069000007629394, 0.8062000005722046, 0.8063000005722046, 0.8073000003814698, 0.8086000005722046, 0.8074000005722046, 0.8057000002861023, 0.8058000003814697, 0.806400000667572, 0.8068000003814697, 0.8056000003814697, 0.8067000004768372, 0.8072000004768372, 0.8057000004768372, 0.8076000005722046, 0.8068000004768372, 0.8065000004768371, 0.6317000002861023, 0.7597999995231628, 0.7793, 0.7981999997138977, 0.806300000667572, 0.8058000004768372, 0.8038000002861023, 0.8066000000953675, 0.8063000002861023, 0.8068000005722046, 0.8081000005722045, 0.8075000004768371, 0.8074000003814698, 0.8061000004768372, 0.8058000004768372, 0.8075000003814697, 0.8071000003814697, 0.8051000003814697, 0.8085000004768371, 0.8060000005722046, 0.8069000005722046, 0.8088000003814697, 0.8075000004768371, 0.807500000667572, 0.8074000002861023, 0.8067000005722046, 0.8085000004768371, 0.8084000004768371, 0.8071000004768372, 0.8065000003814697, 0.8080000004768372, 0.8070000003814697, 0.8049000007629394, 0.8073000004768371, 0.8065000004768371, 0.8077000004768372, 0.8043000002861023, 0.8068000004768372, 0.8074000005722046, 0.8077000004768372, 0.8069000004768372, 0.8087000005722046, 0.8072000003814698, 0.8080000002861023, 0.8080000003814697, 0.8076000003814697, 0.8070000002861023, 0.8064000005722046, 0.8075000001907349, 0.8028000003814697, 0.7324000000953674, 0.7766999994277954, 0.7873000001907349, 0.7999, 0.8017000001907348, 0.8039000003814697, 0.8036000001907349, 0.8061000004768372, 0.8050000003814697],