{"validation_error": 0.19579999999999997, "used_budget": 4458.243695497513, "validation_loss": 1.0291865255832673, "configs": {}, "train_history": {"val_acc": [0.2644, 0.21710000016689301, 0.2908999998092651, 0.5132000002861022, 0.6516999998092652, 0.6682999994277954, 0.6465000002861023, 0.6386000002861023, 0.6957000002861023, 0.7425000002861023, 0.6716999992370606, 0.7443999992370606, 0.6920000007629394, 0.7568000003814698, 0.7327999997138978, 0.7270000003814697, 0.7565000002861023, 0.7459000002861023, 0.7609000004768371, 0.7797000002861023, 0.7855000003814697, 0.7844000005722046, 0.7836999994277954, 0.7907999994277954, 0.7960999994277954, 0.7357999996185303, 0.7278000007629395, 0.7589, 0.7601999996185302, 0.7857999999046326, 0.7898999993324279, 0.8010999995231628, 0.8038999997138977, 0.8043999997138978, 0.8046999999046326, 0.8046, 0.8052, 0.8049000000953674, 0.8054999997138977, 0.8062, 0.8062999998092651, 0.8071, 0.8047999996185303, 0.8069, 0.8082000001907349, 0.8060999999046325, 0.8053999999046325, 0.8005999998092651, 0.8066999999046326, 0.8081, 0.8069000002861023, 0.8057999999046326, 0.8070000001907348, 0.8064000000953674, 0.8056999999046326, 0.8063999999046325, 0.8050999998092652, 0.8060999996185303, 0.8058999996185303, 0.8061999996185303, 0.8043999998092651, 0.8058999997138977, 0.8064999998092651, 0.8046999999046326, 0.8059999999046326, 0.8053999997138978, 0.8060999997138977, 0.8048999998092652, 0.8069000001907348, 0.8067999999046326, 0.8043999998092651, 0.5139000007629394, 0.7268999994277954, 0.7297999994277954, 0.7584000006675721, 0.7646000002861023, 0.7813, 0.7944000000953675, 0.8008999999046326, 0.8017000003814697, 0.8052000003814698, 0.8048000004768372, 0.8068000004768372, 0.8086000005722046, 0.8059000002861023, 0.8079000002861023, 0.8068000003814697, 0.8068000002861023, 0.8070000002861023, 0.8074000002861023, 0.8060000004768372, 0.8067000002861023, 0.8089000002861023, 0.8062000001907349, 0.8072000003814698, 0.8067000004768372, 0.8071000003814697, 0.8080000004768372, 0.8067000002861023, 0.8060000004768372, 0.8057000001907348, 0.8058000002861023, 0.8017000000953675, 0.5031999999046326, 0.7137999995231629, 0.7726000003814697, 0.7866999992370606, 0.7957999994277954, 0.8009999998092652, 0.8053000000953674, 0.8042, 0.8035000001907349, 0.8052999999046325, 0.8065000000953675, 0.8056, 0.8057999999046326, 0.8063000000953674, 0.8056000001907349, 0.8064, 0.8057000000953675, 0.8061, 0.8056, 0.8054000002861023, 0.8064000002861023, 0.8061000001907349, 0.8059000001907348, 0.8074000002861023, 0.8064000000953674, 0.8064000001907349, 0.8072, 0.8058000000953675, 0.8070000001907348, 0.8043000000953674, 0.8057000002861023, 0.8061000002861023, 0.8069000002861023, 0.8065000000953675, 0.8059000001907348, 0.8066000001907349, 0.8070000001907348, 0.8058000002861023, 0.8068000002861023, 0.8063000001907349, 0.8077000001907348, 0.8070000001907348, 0.8058000001907348, 0.8068000001907348, 0.8070000001907348, 0.8066000002861023, 0.8071000002861023, 0.8069000002861023, 0.8071000002861023, 0.8068000001907348, 0.8069000002861023, 0.8074000000953674, 0.8070000001907348, 0.8067000001907348, 0.8068000000953675, 0.8061000002861023, 0.8061000002861023, 0.8066000002861023, 0.8063000001907349, 0.8075000002861022, 0.8057000001907348, 0.8057000001907348, 0.8070000001907348, 0.8069000003814697, 0.8080000002861023, 0.8050000002861023, 0.8056000001907349, 0.8054999999046326, 0.6483, 0.7703000003814697, 0.7942999997138978, 0.7923999994277954, 0.8005999994277954, 0.8052, 0.807, 0.8055000000953675, 0.8074000000953674, 0.8057999999046326, 0.8069, 0.8090000002861023, 0.8071000000953674, 0.8077000002861023, 0.8059, 0.8068000002861023, 0.8067000000953675, 0.8053000002861023, 0.8068000000953675, 0.8002000000953674, 0.7009999994277955, 0.7454000001907348, 0.7810999994277954, 0.7998000000953674, 0.8028, 0.8021999999046325, 0.8024000000953674, 0.8043000002861023, 0.8042000001907349], "loss": [1.6495710193634032, 1.103990385055542, 0.8937212076187134, 0.7698957431793213, 0.6755094458580017, 0.6021074573516846, 0.5507577249526977, 0.47842990078926084, 0.4255455171585083, 0.3621667603492737, 0.3178217204093933, 0.2945553472042084, 0.2187453574180603, 0.220616890335083, 0.1517563153743744, 0.1320596380710602, 0.11318926191329956, 0.10079947180747986, 0.0862388267993927, 0.06392104784250259, 0.03511098647117615, 0.02455346134901047, 0.028918744786083698, 0.013382166290283203, 0.008867796921730042, 0.05309538161158562, 0.12445805597305298, 0.12010837225914002, 0.056072811567783355, 0.030521020328998567, 0.01733574327379465, 0.005547447000443935, 0.0029455891309306025, 0.002121043174341321, 0.0017929979590699076, 0.0015517561078071595, 0.0013392200272530318, 0.0012398763988167047, 0.0011858268070966006, 0.0010693469285964967, 0.0009777291405946016, 0.0009720479622483254, 0.0008498388532549143, 0.0007476645786315203, 0.0007803866257891059, 0.000646615086030215, 0.0005941203501075507, 0.000979810243099928, 0.0007828132841736079, 0.0005223819175735116, 0.0004928801532834769, 0.00046044222246855495, 0.0004282824894413352, 0.00038563761403784155, 0.00036067111734300854, 0.0003667185602709651, 0.000352548773214221, 0.00034639698751270774, 0.0003168466771021485, 0.00028468650942668316, 0.0002710579021833837, 0.0002610986268147826, 0.0002390266126021743, 0.00023050846131518482, 0.00021837240736931562, 0.000204233025200665, 0.00019711685013026, 0.00018116960767656566, 0.00020594829274341465, 0.00017921775197610258, 0.00016721358634531498, 0.793459999009408, 0.42531163663864135, 0.22834901151657105, 0.13684679245948791, 0.07060951167345048, 0.04413510800004006, 0.017094845497608185, 0.008215446218848229, 0.0044965324133634564, 0.0032367320325225593, 0.0026061314828693866, 0.0025343111615628005, 0.0019612668603658677, 0.0017150922499597073, 0.0016559608057141303, 0.001448122437670827, 0.0012336632177233696, 0.001166766696050763, 0.0010113096490502358, 0.0009458568308502436, 0.0008625460812821985, 0.0007761003917083144, 0.0007577005214989185, 0.0007909085417166352, 0.0006532101109623908, 0.0005886949721723794, 0.000562451208010316, 0.0005175235581584274, 0.00048203979898244143, 0.000453418537043035, 0.0004339585568755865, 0.0005265002828091383, 0.0792232736967504, 0.4337701036453247, 0.1094555318593979, 0.03859002777338028, 0.022810444043576718, 0.005945687419921159, 0.0031769844874739647, 0.0025179009579122066, 0.0020392570346593857, 0.0017173547998070716, 0.0014229564938694238, 0.0012499096244573593, 0.0012057473067194223, 0.001022396893799305, 0.0009570376731455326, 0.0010308437433093787, 0.0008016973339021206, 0.0007356367820873856, 0.00070121064260602, 0.0006379257455468178, 0.0006385947353206575, 0.0005559911425225437, 0.0005053343886509537, 0.0004768611419945955, 0.000442081381753087, 0.0003999957731924951, 0.0003846807312220335, 0.00044952223878353835, 0.0003707439675927162, 0.0003595739551819861, 0.00030979005238041283, 0.0002991718959994614, 0.0002649883007630706, 0.0002742999464273453, 0.00024117383677512406, 0.00022803144864737987, 0.00022231660140678287, 0.0002044716404750943, 0.0001936567950528115, 0.0001885993318632245, 0.00017739866552874447, 0.00016489774091169238, 0.00015917571652680635, 0.0001681035874877125, 0.00014534977898001672, 0.00013982000118121504, 0.00013576059630140662, 0.00013066556295379997, 0.00011963422265835107, 0.00011731735682114959, 0.00012411631224676966, 0.00013497051731683313, 0.00010370255098678172, 9.432871332392096e-05, 9.054858600720763e-05, 0.00010040396738331765, 8.461682321503758e-05, 8.582949195988476e-05, 8.253718621563166e-05, 7.53590744221583e-05, 6.881539499154315e-05, 6.423705811612308e-05, 6.310013572219759e-05, 6.052245148457587e-05, 5.57137196417898e-05, 6.421464993618429e-05, 5.8204899495467545e-05, 5.5279660504311324e-05, 0.5923039967438206, 0.11984849190711976, 0.035781953817605974, 0.013045671685039997, 0.004475393280014396, 0.002524212063848972, 0.0022065614216029645, 0.0015810111690312623, 0.0014813883766531945, 0.0013584998149424792, 