{"validation_error": 0.18569999999999998, "used_budget": 4313.8112943172455, "validation_loss": 1.0186695944547652, "train_history": {"val_loss": [2.5777513553619387, 2.1551615379333495, 1.4733442804336547, 1.2958536315917968, 1.0370374202728272, 0.9742077323913574, 0.7868172353744507, 0.7829965411186218, 0.7763149089813233, 0.8616605783462524, 0.6962396672248841, 0.7544116147041321, 0.7836276463508606, 0.827026068687439, 0.8926056241035462, 0.7957415086746216, 0.8022903018951416, 0.8537792120933533, 0.7723130973815918, 0.958129070854187, 1.137637917137146, 0.837816634273529, 0.9479609402656555, 0.8663970415115356, 0.77057182970047, 0.8045634455680847, 0.8147260067939758, 0.7961445899963379, 0.8100365545272827, 0.8240473863601685, 0.8294841957092285, 0.8324227877616882, 0.8413841243743897, 0.8500987732887268, 0.861244909286499, 0.8669262596130372, 0.8690010646820069, 0.8715653820037842, 0.8782194137573243, 0.8794309614181518, 0.888674792098999, 0.8971581985473632, 0.9013576122283935, 0.9029540338516235, 0.9102915357589721, 0.9097766416549683, 0.917632911491394, 0.9228927730560302, 0.9318994470596313, 0.9327836420059205, 0.933592781829834, 0.9440323390960693, 0.9443105724334717, 0.9590681232452393, 1.182879048538208, 1.0858587730407714, 0.7922700963020325, 0.7801763827323913, 0.8762742446899414, 0.8116274070739746, 0.7825376617431641, 0.7907366236686707, 0.7894534553527832, 0.8030967442512512, 0.8223490711212158, 0.8306448879241943, 0.8433752893447876, 0.8503745441436767, 0.8558284048080445, 0.861943231010437, 0.8726586696624756, 0.8773474311828613, 0.8837396900177001, 0.893973690032959, 0.8979246719360352, 0.9032688751220703, 0.9087469694137573, 0.9149644786834716, 0.9221201400756835, 0.9226509160995483, 0.9277403484344482, 0.9354270589828492, 0.965248532295227, 1.9972627681732178, 1.084987296295166, 0.9861406450271606, 0.8711622297286987, 0.8294652616500855, 0.8139074203491211, 0.8206585006713867, 0.8317379602432251, 0.847786785697937, 0.872992809677124, 0.8824313138008117, 0.870213122177124, 0.8943862504959107, 0.8912496281623841, 0.8907002870559693, 0.9019937836647034, 0.9063895805358887, 0.910594693183899, 0.9180849737167358, 0.9265660150527955, 0.9297921392440796, 0.9355059206008911, 0.9412492700576782, 0.9425775077819825, 0.9498898223876953, 0.9541449621200562, 0.9557350830078125, 0.9607981979370117, 0.9649277824401855, 0.9705908767700195, 0.9725492959976196, 0.9762573263168335, 0.9772348333358765, 0.9819768320083618, 0.9863368745803833, 0.9879579216003418, 0.9952208869934082, 0.998614646911621, 1.0042789316177367, 1.0042327352523803, 1.009395906829834, 1.0119052127838135, 1.0148761672973632, 1.0190601303100586, 1.0216684417724609, 1.0264912128448487, 1.0294400598526001, 1.0320339492797852, 1.033590305519104, 1.0387511993408203, 1.041799566268921, 1.0435818649291992, 1.0470677188873292, 1.0506771522521972, 1.0546669967651368, 1.067496834564209, 3.3648093269348145, 1.0549422967910767, 0.8866128975868225, 0.8792916172027588, 0.8743261099815368, 0.8591419490814209, 0.8778002815246582, 0.8898199774742126, 0.9002026671409606, 0.9105435083389283, 0.9245765954971313, 0.9286684167861938, 0.9374607211112976, 0.9430102654457092, 0.9487483888626098, 0.9530992666244507, 0.9592259624481201, 0.9653977661132812, 0.96995009059906, 0.9746687362670898, 0.9809796850204467, 0.9846624713897705, 0.9891380710601807, 0.9902531524658204, 1.0004977296829223, 1.0024528610229493, 1.0063042163848877, 1.0102846981048583, 1.0136682783126831, 1.0178595582962036, 1.0214307390213013, 1.025618380355835, 1.0279933620452881, 1.033996011352539, 1.0346409685134887, 1.0413050415039062, 1.044988814163208, 5.3270182655334475, 1.1880945348739624, 0.9906528203964233, 0.9119653441429139, 0.9237649741172791, 0.8966111268997192, 0.9084772834777832, 0.9199153536796569, 0.9312456581115722, 0.9400270553588868, 0.9491300037384033, 0.9562932813644409, 0.9657682821273804, 0.9692369773864746, 0.9740401142120362, 0.9821859972000122, 0.9906911642074585, 0.9965139654159546, 0.9973896507263184, 1.0016470483779907, 1.0076817211151123, 1.0112692863464356, 1.0174716346740722, 1.0186696336746215],