{"validation_error": 0.1905, "train_history": {"val_acc": [0.290399999666214, 0.29009999966621397, 0.4319999998092651, 0.6338000001907349, 0.6059000007629395, 0.6726000003814697, 0.6549000004768372, 0.7273999995231628, 0.7081000002861023, 0.719099999332428, 0.7400999994277954, 0.7620999992370605, 0.7613000001907348, 0.7123999998092652, 0.7603000005722046, 0.7419, 0.7325000001907349, 0.750499999332428, 0.7737, 0.7707000001907348, 0.7748000002861023, 0.795100000667572, 0.8004999998092651, 0.7964999995231629, 0.8084999996185303, 0.8072999994277954, 0.8079999997138977, 0.8099999999046326, 0.8091999996185303, 0.8070999995231628, 0.5605000000953674, 0.6617999992370606, 0.760499999332428, 0.7893999995231629, 0.7727000005722046, 0.8014000004768371, 0.8096, 0.8095000001907349, 0.8093000000953674, 0.8122000002861023, 0.8113000000953674, 0.8115999999046326, 0.8124000001907349, 0.8120000002861023, 0.8132, 0.8118000002861023, 0.8132000000953674, 0.8122000000953674, 0.8136000001907349, 0.8112000000953674, 0.8120000000953674, 0.8137, 0.8122, 0.8121000001907349, 0.8125000000953674, 0.8135000000953674, 0.8121000002861023, 0.8146, 0.8108, 0.8123000000953674, 0.8131, 0.8142, 0.8108000000953675, 0.8114000000953674, 0.8116, 0.8131, 0.8131, 0.6113999994277954, 0.766000000667572, 0.7754999994277955, 0.789299999332428, 0.8017999996185303, 0.8083000000953674, 0.8081999998092652, 0.8100000005722046, 0.8126000002861022, 0.8139000000953674, 0.8121000000953674, 0.8123, 0.8108999999046326, 0.8113000001907349, 0.8149000003814697, 0.8139000004768372, 0.8147000001907349, 0.8148000001907348, 0.8148000002861023, 0.8148000001907348, 0.8133000000953674, 0.8139999999046326, 0.8152000001907349, 0.814, 0.8128, 0.8129000003814697, 0.8143000002861023, 0.8131, 0.8142000000953674, 0.8128000001907348, 0.8123000000953674, 0.8144000000953674, 0.8133, 0.8131000000953674, 0.543500000667572, 0.7628999998092652, 0.7879999992370605, 0.7942999994277954, 0.8042000001907349, 0.8076000001907349, 0.8096, 0.809, 0.8090999999046325, 0.8103, 0.8100000000953674, 0.8094, 0.8100000000953674, 0.7992999998092651, 0.8071999999046325, 0.8105, 0.8103999999046325, 0.8115, 0.8111000000953674, 0.8104999997138977, 0.8073000002861023, 0.7950999995231628, 0.8104999998092651, 0.8126999998092651, 0.8097999999046326, 0.8126000001907349, 0.8086, 0.5953000002861023, 0.7253999996185303, 0.7876000000953675, 0.7986999996185302, 0.8098999999046326, 0.8117, 0.8133000003814698, 0.8124000003814698, 0.8129000000953674, 0.8136000003814697, 0.8132000001907349, 0.8134000002861023, 0.8121000001907349, 0.8138, 0.8130000001907348, 0.8141000002861023, 0.8145000003814697, 0.8141000004768372, 0.8137000004768371, 0.8155000004768371, 0.8140000003814697, 0.8146000003814697, 0.8154000004768371, 0.8139000003814697, 0.8126000004768371, 0.8091000002861023, 0.8123000003814698, 0.8126000004768371, 0.8131000004768372, 0.8118000004768372, 0.8123000004768371, 0.8144000003814698, 0.8125000002861023, 0.8132000003814698, 0.8126000004768371, 0.8128000004768372, 0.8117000001907348, 0.8137000001907349, 0.8126000002861022, 0.8125000002861023, 0.8125000001907349, 0.8130000003814697, 0.8128000003814697, 0.8126000002861022, 0.8140000003814697, 0.8143000003814698, 0.8135000002861023, 0.8130000002861023, 0.8131000001907349, 0.6606999994277954, 0.7847000006675721, 0.7989999995231628, 0.8033999994277954, 0.8077999997138977, 0.8090999995231628, 0.8085999994277954, 0.8097999997138977, 0.8074999996185303, 0.8078999994277954, 0.8093999994277954, 0.8089999995231628, 0.8079999994277954, 0.8098999999046326, 0.8099999996185303, 0.8093999999046325, 0.8086999996185302, 0.8095999997138977, 0.8096999997138977, 0.8087999998092651, 0.8095999997138977, 0.8100999998092652, 0.8094999998092651], "acc": [0.439025, 0.6121, 0.6815, 0.726275, 0.76675, 0.789225, 0.811575, 0.8361, 0.851025, 0.871575, 0.891125, 0.903625, 0.926525, 0.94115, 0.94595, 0.961125, 0.963925, 0.975925, 0.9809, 0.989875, 0.995225, 0.997, 0.999125, 0.999675, 0.999725, 1.0, 0.999975, 1.0, 0.99995, 1.0, 0.97955, 0.86945, 0.9554, 0.98645, 0.9946, 0.99915, 0.99995, 1.0, 1.0, 1.0, 1.0, 0.999975, 1.0, 1.0, 1.0, 1.0, 1.0, 1.0, 1.0, 1.0, 1.0, 1.0, 1.0, 1.0, 1.0, 1.0, 1.0, 1.0, 1.0, 1.0, 1.0, 1.0, 1.0, 1.0, 1.0, 1.0, 1.0, 0.835625, 0.8873, 0.958425, 0.982275, 0.99775, 0.99985, 0.9999, 1.0, 1.0, 1.0, 1.0, 1.0, 0.999975, 1.0, 1.0, 1.0, 1.0, 1.0, 1.0, 1.0, 1.0, 1.0, 1.0, 1.0, 1.0, 1.0, 1.0, 1.0, 1.0, 1.0, 1.0, 1.0, 1.0, 1.0, 0.91975, 0.903725, 0.9815, 0.992575, 0.999525, 1.0, 1.0, 0.9999, 1.0, 1.0, 1.0, 1.0, 1.0, 1.0, 0.999475, 1.0, 1.0, 1.0, 1.0, 1.0, 1.0, 0.99975, 0.99995, 1.0, 1.0, 1.0, 1.0, 0.9833, 0.9197, 0.982725, 0.9952, 0.999775, 1.0, 1.0, 1.0, 0.999975, 1.0, 1.0, 1.0, 1.0, 0.999975, 1.0, 1.0, 1.0, 1.0, 1.0, 1.0, 1.0, 1.0, 1.0, 1.0, 1.0, 1.0, 1.0, 1.0, 1.0, 1.0, 1.0, 1.0, 1.0, 1.0, 1.0, 1.0, 1.0, 1.0, 1.0, 1.0, 1.0, 1.0, 1.0, 1.0, 1.0, 1.0, 1.0, 1.0, 1.0, 0.904575, 0.952425, 0.994325, 0.99985, 1.0, 1.0, 1.0, 1.0, 1.0, 1.0, 1.0, 1.0, 1.0, 1.0, 1.0, 1.0, 1.0, 1.0, 1.0, 1.0, 1.0, 1.0, 1.0],