{"validation_error": 0.19240000000000002, "configs": {}, "train_history": {"loss": [1.6260168231964112, 1.0821328212738037, 0.8804600164413452, 0.7638998699188232, 0.670558445262909, 0.595882087135315, 0.5328948916435242, 0.46845316648483276, 0.4267435627937317, 0.3508151824951172, 0.31621610679626466, 0.2532798307657242, 0.22466111726760865, 0.21145769476890564, 0.15660755615234376, 0.12300606393814087, 0.09575616781711578, 0.0677965160369873, 0.1093893627166748, 0.09000892429947853, 0.04189418785572052, 0.037589889550209046, 0.04907432200908661, 0.02940596605539322, 0.014000743647664786, 0.005467781673371792, 0.004006849381327629, 0.004303889387845993, 0.002558212524652481, 0.002174123853445053, 0.0018395859986543655, 0.0016529194682836533, 0.001701567742228508, 0.0014081040307879448, 0.0799494538500905, 0.3811424397468567, 0.10196712231636047, 0.046237820625305175, 0.01712402758002281, 0.011965541860461235, 0.00476546264141798, 0.003022423759102821, 0.002346968199312687, 0.0020601679410785436, 0.0017202041134238243, 0.0015759848847985269, 0.0020596241489052773, 0.0013907449301332234, 0.0011641246693208814, 0.0010384816816076637, 0.0009214704666286707, 0.0009415430579334498, 0.0008158380702137947, 0.0007411077415570617, 0.0006800283310934901, 0.0006489466870203615, 0.0005852364253252745, 0.0005658121921122074, 0.0005277068380266428, 0.00048236105712130665, 0.0004646238040179014, 0.0005699554614722729, 0.00043449223563075067, 0.00038785390667617323, 0.00035743752168491483, 0.0003330017138272524, 0.00032287734132260083, 0.00032377674896270036, 0.0003084829691797495, 0.00028334482619538906, 0.00025757522145286203, 0.000250104134529829, 0.00023256578063592315, 0.00022096054386347533, 0.3116988191617653, 0.45821616897583006, 0.15803093099594115, 0.07659968955516815, 0.04046529410034418, 0.011456146402657031, 0.00548398036211729, 0.0038318078771233557, 0.002839479722827673, 0.0022537837728857993, 0.0018730922512710095, 0.0016405229739844798, 0.0014723723450675607, 0.001300151077657938, 0.0011590459629893302, 0.001034064357355237, 0.0009471567849628627, 0.0008594444163143635, 0.0007991502430289984, 0.0007467938028275967, 0.001503009245544672, 0.0007123035272583366, 0.0006320812348276376, 0.0006095077000558376, 0.0005535718409810216, 0.00048277790918946264, 0.0004628251124173403, 0.0004253475893288851, 0.00042816637009382246, 0.0005266904395073652, 0.0004626651847735047, 0.0003480490575544536, 0.0003121729938313365, 0.0003072592671960592, 0.00030877624964341523, 0.00025914603266865015, 0.00024904784224927425, 0.0002529188219457865, 0.0002271661605220288, 0.00019926325380802154, 0.00019328478956595063, 0.0001827812137082219, 0.00018228334495797754, 0.00021146641355007886, 0.00018444568049162625, 0.00027674395530484616, 0.0001557475363370031, 0.00014433225486427546, 0.00013873192076571284, 0.00012535431957803666, 0.0001203833538107574, 0.560445601290837, 0.19207146050930024, 0.06226947422027588, 0.019970345383882523, 0.008087691141664981, 0.004015538385510445, 0.0065320868998765946, 0.005067522590607405, 0.0020413843370974062, 0.0016054828017950057, 0.0019120637513697148, 0.0011992578344419598, 0.0010581482965499162, 0.0009871041372418404, 0.0008589291835203767, 0.0007920511491596699, 0.001812450896948576, 0.002373628931492567, 0.000898146953433752, 0.0006739771772176028, 0.0005653976652771235, 0.0004990539789199829, 0.000490678808838129, 0.10651602717041969, 0.1786991678237915, 0.06113849083781242, 0.012649239626526832, 0.005684126351773739, 0.0021474065117537975, 0.0013823762385174632, 0.0011542755879461765, 0.0014854388661682605, 0.0009433099072426557, 0.0007832816042006016, 0.0007101927336305379, 0.0006483632260933518, 0.0005926495961844921, 0.0007013601792976261, 0.0005358595442026854, 0.0004984998013824225, 0.0004429971325211227, 0.000415279203094542, 0.00038325949469581247, 0.0003581444479525089, 0.0003377177683636546, 0.00032294143475592135, 0.0003078985665459186, 0.0002881616175174713, 0.00026652369908988473, 0.00025532251750119033, 0.0002379091301932931, 0.00023178786411881446, 0.00021921859765425324, 0.0002133158579468727, 0.00021905695823952557, 0.00021793997646309436, 0.00018204257003962994, 0.00030349768977612257, 0.0001992220642976463, 0.0001654018525965512, 0.00015340529875829817, 0.00014173888575751335, 0.00013684710446977989, 0.00012550691580399872, 0.00012278630007058383, 0.00011546184062026441, 0.00011115158624015749, 0.0001069572652457282, 9.757154462859035e-05, 9.956178572028875e-05, 9.32483916170895e-05, 9.29294740431942e-05, 8.394580052699893e-05, 7.753117787651717e-05, 7.5947984168306e-05],