{"best_config_id": [4, 0, 3], "best_run_info": {"config_id": [4, 0, 3], "loss": 0.11970000000000003, "budget": 14400.0, "info": {"benchmark": "WideResNet", "configs": {"coarse_dropout_upper": 0.1, "scale_probability": 0.0, "coarse_dropout_lower": 0.0, "coarse_dropout_probability": 0.0, "rotation_lower": 0, "coarse_dropout_size_percent_lower": 0.01, "pad_crop_upper": 0.16346753536284703, "coarse_dropout_size_percent_upper": 0.1, "pad_crop_probability": 0.5534533751045346, "horizontal_flip": 0.3453395039706939, "scale_upper": 1.0, "rotation_probability": 0.0, "vertical_flip": 0.0, "pad_crop_lower": -0.2100980180961785, "rotation_upper": 0, "scale_lower": 1.0, "augment_probability": 0.38583457929008413}, "validation_error": 0.11970000000000003, "validation_loss": 0.5151985638856887, "used_budget": 14053.851036787033, "train_history": {"val_loss": [1.7257155897140504, 1.5343990859985353, 1.3259284858703613, 0.9047876285552978, 0.8889967823028564, 0.6198344760894775, 0.7127909061431885, 0.7561107263565063, 0.8381597541809082, 0.943362006855011, 0.6036919951915741, 0.7145511910438538, 0.6546723094940186, 0.9359166030406952, 0.6094494715690613, 0.6203245684623718, 0.795469157409668, 0.5796702835083007, 0.6864169611930847, 0.7356597089767456, 0.5464780024170875, 0.7268763078689575, 0.5502208709716797, 0.6516662287712097, 0.6865354501724243, 0.6896003143310547, 0.5259175730228424, 0.5534478139400483, 0.6603545341491699, 0.6249352488994598, 0.46579478549957276, 0.5942885383605957, 0.588570586013794, 0.5579250308275223, 0.9044966327667237, 0.5644784148216248, 0.6215843267917633, 0.5917514173984527, 0.6630581141471863, 0.5584622874736785, 0.7126726415634155, 0.657733600616455, 0.515198578953743], "val_acc": [0.357, 0.5163, 0.5422, 0.6839, 0.7218, 0.7898, 0.7456, 0.7638, 0.7575, 0.7218, 0.8199, 0.771, 0.8202, 0.7728, 0.8285, 0.8275, 0.7929, 0.8492, 0.816, 0.803, 0.8484, 0.8365, 0.8535, 0.8319, 0.8362, 0.8156, 0.8667, 0.8506, 0.8514, 0.8363, 0.8823, 0.8462, 0.8463, 0.8633, 0.8197, 0.8663, 0.8643, 0.8638, 0.8464, 0.8593, 0.833, 0.8544, 0.8803], "loss": [2.841382221915783, 1.4080914757572687, 1.0841369428313696, 0.852427907097034, 0.6917794288542026, 0.5616867031233433, 0.48120165339265114, 0.4126817388698841, 0.37090015803010035, 0.3287773890038713, 0.2908230575088125, 0.2688939545351343, 0.24050629363419154, 0.21938910381868482, 0.19789586637694484, 0.20236800576393038, 0.17190754529423055, 0.1708335478981145, 0.1556928780120917, 0.15243156756966925, 0.13692131237341806, 0.13885660108943015, 0.13779290244938472, 0.125734609999479, 0.1197010772780348, 0.11742165176054606, 0.12063139223326476, 0.10537312942771958, 0.10281032047127016, 0.09967035703205814, 0.10332143288075876, 0.0990429572844639, 0.09759330491010004, 0.0896564175774797, 0.09371154808487074, 0.08409334789627256, 0.09071916911918192, 0.0915833426421532, 0.08956648797566931, 0.08119498405796595, 0.07294991350947665, 0.07609590468032715, 0.07334493685107774], "acc": [0.3151292067307692, 0.5173527644230769, 0.6335386618589743, 0.7087840544871795, 0.7609425080128205, 0.8065404647435898, 0.8359375, 0.8592497996794872, 0.8731470352564102, 0.8872946714743589, 0.9027443910256411, 0.9098056891025641, 0.9182692307692307, 0.9248046875, 0.9331430288461539, 0.931815905448718, 0.9426081730769231, 0.9420072115384616, 0.9478165064102564, 0.9489683493589743, 0.9552033253205128, 0.9533253205128205, 0.9541015625, 0.9581079727564102, 0.9607872596153846, 0.961112780448718, 0.9614383012820513, 0.9648687900641025, 0.9657201522435898, 0.9672976762820513, 0.967598157051282, 0.967598157051282, 0.9682992788461539, 0.9714793669871795, 0.9688501602564102, 0.9719801682692307, 0.9694260817307693, 0.9690504807692307, 0.9708032852564102, 0.9723808092948718, 0.9758112980769231, 0.9741085737179487, 0.9760116185897436]}, "epochs": 43}, "error_logs": null, "time_stamps": {"submitted": 259878.03379654884, "finished": 273962.6687822342, "started": 259878.03488898277}}, "best_config_trajectory": {"budgets": [900.0, 1800.0, 1800.0, 1800.0, 1800.0, 3600.0, 7200.0, 14400.0, 14400.0, 14400.0], "config_ids": [[0, 0, 0], [1, 0, 0], [0, 0, 7], [0, 0, 13], [0, 0, 0], [0, 0, 6], [0, 0, 6], [0, 0, 6], [1, 0, 6], [4, 0, 3]], "times_finished": [694.2956039905548, 12763.30417060852, 14442.180435657501, 17788.33265852928, 24491.685979127884, 37769.212366342545, 49659.66373896599, 72332.68554162979, 130335.05209207535, 273962.6687822342], "losses": [0.4323, 0.3518, 0.2922, 0.279, 0.2702, 0.18999999999999995, 0.1775, 0.127, 0.12639999999999996, 0.11970000000000003]}}