{"best_config_trajectory": {"losses": [0.6296999999999999, 0.6256999999999999, 0.5114000000000001, 0.44999999999999996, 0.4454, 0.3702, 0.3198, 0.31599999999999995, 0.28779999999999994, 0.2518, 0.18589999999999995, 0.1795, 0.16700000000000004, 0.13170000000000004, 0.11780000000000002], "times_finished": [697.921737909317, 1395.004923582077, 2090.396316766739, 6958.736609458923, 8348.436523914337, 14493.536695241928, 16170.348310947418, 19524.720463991165, 26239.687229394913, 31234.32979273796, 49787.859629392624, 56723.5213098526, 106161.48048329353, 130553.36291670799, 175719.17659068108], "config_ids": [[0, 0, 0], [0, 0, 1], [0, 0, 2], [0, 0, 9], [0, 0, 11], [0, 0, 9], [0, 0, 2], [0, 0, 11], [0, 0, 3], [0, 0, 2], [0, 0, 2], [0, 0, 5], [1, 0, 7], [1, 0, 7], [2, 0, 1]], "budgets": [900.0, 900.0, 900.0, 900.0, 900.0, 1800.0, 1800.0, 1800.0, 1800.0, 3600.0, 7200.0, 7200.0, 7200.0, 14400.0, 14400.0]}, "best_config_id": [2, 0, 1], "best_run_info": {"loss": 0.11780000000000002, "budget": 14400.0, "config_id": [2, 0, 1], "error_logs": null, "info": {"configs": {"scale_lower": 0.9056393253838528, "rotation_lower": -75, "vertical_flip": 0.19530357101235685, "coarse_dropout_probability": 0.46460915392526714, "pad_crop_probability": 0.9852661195046263, "pad_crop_upper": 0.07988890745573135, "scale_probability": 0.8968485135204053, "coarse_dropout_lower": 0.04230044159299037, "scale_upper": 1.2938117446611035, "horizontal_flip": 0.7531787915442175, "rotation_probability": 0.16946216121910096, "augment_probability": 0.3161815054768031, "coarse_dropout_size_percent_upper": 0.1765524161848288, "coarse_dropout_size_percent_lower": 0.08369182817510191, "pad_crop_lower": -0.009831807657211533, "rotation_upper": 141, "coarse_dropout_upper": 0.14719688563999478}, "used_budget": 14131.761176586151, "validation_loss": 0.443352519595623, "validation_error": 0.11780000000000002, "train_history": {"val_acc": [0.3799, 0.314, 0.5248, 0.3541, 0.6923, 0.6775, 0.7484, 0.7547, 0.7017, 0.7917, 0.7264, 0.7871, 0.8104, 0.7767, 0.8153, 0.79, 0.7984, 0.8399, 0.8045, 0.8487, 0.8362, 0.8095, 0.8343, 0.8356, 0.825, 0.8407, 0.8238, 0.8383, 0.833, 0.8403, 0.8638, 0.8642, 0.8751, 0.8595, 0.8743, 0.8597, 0.862, 0.8869, 0.8709, 0.8819, 0.8646, 0.8622, 0.8822], "val_loss": [1.6722967527389527, 2.475077391052246, 1.3067586643218994, 2.417844876098633, 0.866215719127655, 0.9293676455497741, 0.745256809425354, 0.7232476061820984, 0.9443315513610839, 0.676888945388794, 0.8865821226119995, 0.6864902006864547, 0.6246888691663742, 0.805186798787117, 0.5554984387397766, 0.7254732831001282, 0.731664991903305, 0.5577754071474076, 0.7854876827478409, 0.5461892571449279, 0.5494423695325852, 0.7162286099433899, 0.5775715943336487, 0.6101134653091431, 0.7053012704849243, 0.6612811645507812, 0.6463579261898994, 0.6315687128782272, 0.5716935415744782, 0.640299318742752, 0.5970566917896271, 0.5405958823680878, 0.45120274117589, 0.6511470704317093, 0.5269267798423767, 0.5467080295860768, 0.5713996069431305, 0.43252984503805636, 0.4681360318899155, 0.4624633669316769, 0.6084687807321548, 0.6092424692630768, 0.4433525161743164], "loss": [2.339347163836161, 1.7831395944723716, 1.555764036300855, 1.291836100893143, 1.0779879114184625, 0.9111804593449984, 0.79239621395484, 0.6936026754287573, 0.6318910967272061, 0.5754423007751123, 0.5498593640633118, 0.4905345953332308, 0.47492016460268927, 0.43108838643783176, 0.4132974809752061, 0.3732130811669124, 0.36493618327837724, 0.3356800137613064, 0.3240534075273153, 0.31239026756240773, 0.28906242238978547, 0.28379353142988223, 0.2787568115700896, 0.2452502240641759, 0.2530105982023554, 0.2625693190030945, 0.24571873964025423, 0.24053613673179194, 0.22981485886833605, 0.22843739485893494, 0.23180125154650363, 0.21287529563340238, 0.2168696492862625, 0.19946511769189668, 0.19210555619345263, 0.19915193562897351, 0.2034819434898404, 0.19751285761594772, 0.1935880854487037, 0.19108385005249426, 0.174703284059293, 0.18018760646765047, 0.1909945570350362], "acc": [0.29048978365384615, 0.4072015224358974, 0.4908854166666667, 0.5679837740384616, 0.62890625, 0.6847956730769231, 0.7260116185897436, 0.7590895432692307, 0.7807992788461539, 0.8013321314102564, 0.8100711137820513, 0.8295522836538461, 0.8366135817307693, 0.8524138621794872, 0.8574969951923077, 0.8711939102564102, 0.8760266426282052, 0.8838391426282052, 0.887520032051282, 0.8925530849358975, 0.9023938301282052, 0.9034455128205128, 0.9038711939102564, 0.9153145032051282, 0.9131610576923077, 0.9105068108974359, 0.9170923477564102, 0.9180188301282052, 0.9227013221153846, 0.9222005208333334, 0.9204477163461539, 0.9273086939102564, 0.9268078926282052, 0.9325921474358975, 0.9343199118589743, 0.9317157451923077, 0.930839342948718, 0.9325671073717948, 0.935722155448718, 0.9354467147435898, 0.94140625, 0.9384264823717948, 0.9353215144230769]}, "epochs": 43, "benchmark": "WideResNet"}, "time_stamps": {"finished": 175719.17659068108, "submitted": 161556.78959989548, "started": 161556.79065656662}}}