{"used_budget": 5761.2196271419525, "benchmark": "AlexNet", "configs": {}, "test_error": 0.5308999999999999, "test_loss": 5.425154235076905, "epochs": 200}