{"test_loss": 5.627908838653564, "epochs": 200, "configs": {}, "used_budget": 5721.613519191742, "test_error": 0.5424, "benchmark": "AlexNet"}