{"test_error": 0.5472, "test_loss": 5.651765823364258, "epochs": 200, "used_budget": 5769.330258607864, "benchmark": "AlexNet", "configs": {}}