{"test_error": 0.5343, "configs": {}, "benchmark": "AlexNet", "used_budget": 5752.432348251343, "test_loss": 5.498287471008301, "epochs": 200}