{"test_error": 0.5331, "test_loss": 5.43640517578125, "used_budget": 5736.8624057769775, "configs": {}, "epochs": 200, "benchmark": "AlexNet"}