{"best_config_id": [2, 0, 1], "best_config_trajectory": {"budgets": [900.0, 900.0, 900.0, 900.0, 900.0, 1800.0, 1800.0, 1800.0, 1800.0, 1800.0, 3600.0, 7200.0, 7200.0, 14400.0, 14400.0], "config_ids": [[0, 0, 0], [0, 0, 1], [0, 0, 4], [0, 0, 7], [0, 0, 13], [1, 0, 0], [0, 0, 7], [0, 0, 6], [0, 0, 12], [1, 0, 1], [0, 0, 12], [0, 0, 12], [1, 0, 4], [1, 0, 4], [2, 0, 1]], "losses": [0.5428999999999999, 0.5029, 0.4739, 0.4576, 0.4457, 0.3631, 0.31779999999999997, 0.29200000000000004, 0.26459999999999995, 0.2548, 0.19740000000000002, 0.1604, 0.15159999999999996, 0.12339999999999995, 0.11350000000000005], "times_finished": [695.6749048233032, 1391.3410320281982, 3474.255112886429, 5557.22544002533, 9714.434413909912, 12778.581841945648, 14462.181595802307, 17811.27310037613, 22838.192586660385, 27860.13201546669, 34486.32746744156, 49700.42964339256, 105890.16708350182, 130220.41231656075, 175396.51867341995]}, "best_run_info": {"time_stamps": {"submitted": 161237.60486888885, "started": 161237.60592222214, "finished": 175396.51867341995}, "info": {"epochs": 43, "benchmark": "WideResNet", "configs": {"coarse_dropout_lower": 0.0, "coarse_dropout_size_percent_upper": 0.1, "scale_lower": 1.0, "vertical_flip": 0.0, "coarse_dropout_probability": 0.0, "pad_crop_lower": -0.2065617556559454, "rotation_probability": 0.0, "pad_crop_upper": 0.07350702995954109, "augment_probability": 0.5650741143141724, "scale_probability": 0.0, "pad_crop_probability": 0.7564919928364656, "scale_upper": 1.0, "coarse_dropout_size_percent_lower": 0.01, "coarse_dropout_upper": 0.1, "horizontal_flip": 0.28079401381314373, "rotation_upper": 0, "rotation_lower": 0}, "used_budget": 14128.233889818192, "validation_error": 0.11350000000000005, "validation_loss": 0.45464451664835215, "train_history": {"loss": [2.322100995060725, 1.3830078698885746, 1.2237184416407194, 0.9375816190089935, 0.7979918700189162, 0.6739410440891217, 0.5747987691026467, 0.516409479177151, 0.46872685510569656, 0.43076884961472106, 0.3796873257901424, 0.34942923729809433, 0.32201370797478235, 0.29535511670968473, 0.2726414617962944, 0.2698979889257596, 0.24167481325089168, 0.22804709543020296, 0.21168221979855728, 0.20346603826142085, 0.18622592625279838, 0.17718695868284273, 0.17125270399861994, 0.16916175163948002, 0.1509133115864526, 0.15322437402434075, 0.14965210923065358, 0.14425459978146812, 0.1341343850661547, 0.1289634357075183, 0.13213200829863453, 0.1242809576065972, 0.1183399131658893, 0.10716637135304224, 0.1113154093364779, 0.11935793317090242, 0.11144004961571251, 0.10357489372985676, 0.100276035680555, 0.09555901322537699, 0.0927148489221835, 0.0893296891799531, 0.09786788185533041], "val_acc": [0.4182, 0.505, 0.5723, 0.6697, 0.7334, 0.7355, 0.7027, 0.7599, 0.7985, 0.827, 0.7662, 0.7679, 0.7693, 0.8001, 0.8354, 0.8582, 0.8384, 0.8134, 0.7801, 0.8546, 0.8591, 0.836, 0.8355, 0.8453, 0.8178, 0.8485, 0.8709, 0.881, 0.8771, 0.8552, 0.8795, 0.8711, 0.8597, 0.8545, 0.8692, 0.8662, 0.875, 0.8662, 0.8514, 0.8686, 0.888, 0.8545, 0.8865], "acc": [0.3290514823717949, 0.515625, 0.5982321714743589, 0.6837940705128205, 0.7355769230769231, 0.7710086137820513, 0.8022586137820513, 0.8208633814102564, 0.8379907852564102, 0.8525641025641025, 0.8687399839743589, 0.8801582532051282, 0.8896484375, 0.9004156650641025, 0.9068008814102564, 0.9069260817307693, 0.9164663461538461, 0.921699719551282, 0.9280598958333334, 0.9312149439102564, 0.9371995192307693, 0.9387019230769231, 0.9422576121794872, 0.9442608173076923, 0.9492437900641025, 0.9486428285256411, 0.9502453926282052, 0.9519481169871795, 0.9543269230769231, 0.9569310897435898, 0.9568309294871795, 0.9590094150641025, 0.9603114983974359, 0.9639673477564102, 0.9634164663461539, 0.9605368589743589, 0.9626402243589743, 0.9657702323717948, 0.9664212740384616, 0.9688000801282052, 0.9690755208333334, 0.9704276842948718, 0.9673477564102564], "val_loss": [1.5562772464752197, 1.573121989440918, 1.235957737159729, 1.0300766887664794, 0.794272826385498, 0.7776703798294068, 0.9331539081573487, 0.7496266755104065, 0.603249705505371, 0.5187235080718994, 0.7667861359596252, 0.7982556180953979, 0.7001666761398315, 0.6823558911800385, 0.5175848046302796, 0.4370583882331848, 0.5245136307716369, 0.6503824829101562, 0.8555507817268372, 0.48458933276534083, 0.4998895443916321, 0.6788517510890961, 0.561862463092804, 0.5511756207466125, 0.7315798897743225, 0.6077411253005266, 0.4942688060760498, 0.43857850351333616, 0.43921818227767945, 0.6112799560546875, 0.4150287172079086, 0.47423121247291566, 0.6074623007774353, 0.6125673355102539, 0.548194895362854, 0.5307752116203308, 0.5333262966156006, 0.5123367000818253, 0.6422425247192383, 0.53320983261168, 0.48058277776241304, 0.6411510809123516, 0.454644516633451]}}, "config_id": [2, 0, 1], "budget": 14400.0, "error_logs": null, "loss": 0.11350000000000005}}