{"best_config_trajectory": {"budgets": [900.0, 900.0, 900.0, 900.0, 900.0, 1800.0, 1800.0, 1800.0, 3600.0, 3600.0, 3600.0, 7200.0, 14400.0, 14400.0, 14400.0], "losses": [0.644, 0.5698, 0.5015000000000001, 0.475, 0.4072, 0.3439, 0.31020000000000003, 0.28600000000000003, 0.26949999999999996, 0.2318, 0.2167, 0.1866, 0.12829999999999997, 0.12129999999999996, 0.11750000000000005], "config_ids": [[0, 0, 0], [0, 0, 1], [0, 0, 2], [0, 0, 9], [0, 0, 11], [1, 0, 0], [0, 0, 9], [0, 0, 2], [0, 0, 9], [0, 0, 5], [0, 0, 11], [0, 0, 5], [0, 0, 5], [1, 0, 4], [3, 0, 2]], "times_finished": [709.1108131408691, 1412.0678145885468, 2112.8496630191803, 7043.926574468613, 8451.924865722656, 12977.239075660706, 14673.59647321701, 16366.825713396072, 31640.079891443253, 38357.230240345, 41720.95953440666, 50480.2849316597, 73263.35310339928, 131869.1842663288, 219820.60937952995]}, "best_config_id": [3, 0, 2], "best_run_info": {"info": {"used_budget": 14070.411814928055, "configs": {"coarse_dropout_size_percent_lower": 0.07051644467284404, "coarse_dropout_upper": 0.11730252163482163, "augment_probability": 0.318906088376262, "vertical_flip": 0.13386043404755466, "rotation_probability": 0.11180408140116338, "horizontal_flip": 0.22597177537109492, "pad_crop_probability": 0.007666121721704444, "rotation_lower": -169, "scale_probability": 0.6744851257929544, "scale_lower": 0.889187437340901, "pad_crop_lower": -0.20410328953492482, "scale_upper": 1.4318854751892327, "coarse_dropout_lower": 0.08514397758606307, "coarse_dropout_size_percent_upper": 0.10881634940303925, "rotation_upper": 110, "coarse_dropout_probability": 0.11998098976693805, "pad_crop_upper": 0.22150398421799145}, "validation_loss": 0.40556704122424125, "train_history": {"val_acc": [0.3552, 0.496, 0.1447, 0.6359, 0.7306, 0.7519, 0.7632, 0.7797, 0.7268, 0.7708, 0.7654, 0.7882, 0.8025, 0.8116, 0.7607, 0.7595, 0.8237, 0.8016, 0.8102, 0.8393, 0.8351, 0.805, 0.8102, 0.8179, 0.8325, 0.7983, 0.8344, 0.8409, 0.8406, 0.8436, 0.8344, 0.8431, 0.8167, 0.8376, 0.871, 0.8361, 0.8358, 0.8243, 0.8639, 0.8534, 0.8107, 0.8825], "acc": [0.3021834935897436, 0.46081229967948717, 0.5539362980769231, 0.5916967147435898, 0.6821163862179487, 0.7435146233974359, 0.7720602964743589, 0.8002804487179487, 0.8256961137820513, 0.8429236778846154, 0.856270032051282, 0.8725961538461539, 0.8790064102564102, 0.8922275641025641, 0.8983373397435898, 0.9068509615384616, 0.9064753605769231, 0.9165164262820513, 0.9165414663461539, 0.9234775641025641, 0.9267578125, 0.9321163862179487, 0.9263321314102564, 0.9340444711538461, 0.9372495993589743, 0.934395032051282, 0.9351462339743589, 0.9398537660256411, 0.9437099358974359, 0.9434344951923077, 0.9443359375, 0.9437600160256411, 0.9469651442307693, 0.9480168269230769, 0.9466396233974359, 0.9502453926282052, 0.951171875, 0.9463391426282052, 0.9483673878205128, 0.9517227564102564, 0.9504457131410257, 0.9506710737179487], "loss": [2.8222942665601387, 1.5649451613426208, 1.3424203428320396, 1.1950294050650718, 0.9202931995193163, 0.7411049410509758, 0.6650922105480463, 0.5807006186208664, 0.5105924696112291, 0.4600277296625651, 0.41985407251960194, 0.37965444484964395, 0.35691754013682025, 0.32067968954260534, 0.30160628127841616, 0.2758005608159762, 0.2780259758329544, 0.24652183442734754, 0.2486106043514342, 0.23126359787793496, 0.2223478002139391, 0.20647994108880177, 0.22017251396886048, 0.20167225882267723, 0.19174873999630412, 0.19905971231846473, 0.19582901996536514, 0.18065169881671095, 0.17278553403388613, 0.17258043074980378, 0.17134292310294816, 0.1684181995642109, 0.1628143461062931, 0.15771754876447794, 0.163553441910503, 0.1516306498565544, 0.1496285503336157, 0.16121313554975084, 0.15565847052643314, 0.14611586726581058, 0.14715297629411977, 0.15331285035548112], "val_loss": [2.049900235557556, 1.4799973871231078, 7.275794520568848, 1.0879289588928223, 0.7796018068313598, 0.7651092441558838, 0.6793377866744995, 0.6486679351329804, 0.8921562943458557, 0.6949156847000122, 0.7669004375457764, 0.760727590084076, 0.6298965313196182, 0.608605738735199, 1.0021797955513, 0.7903280387878417, 0.6074489131927491, 0.6554871658802033, 0.8290852550506592, 0.6090111459732056, 0.5545951410293579, 0.721684234046936, 0.6602607286453247, 0.6674475929260254, 0.6805992201805114, 0.9193562227249146, 0.6846296602249146, 0.5166761044502258, 0.5403667789459229, 0.6053156196594238, 0.695265421295166, 0.5668217310905457, 0.751950456237793, 0.633168613243103, 0.46104330105781555, 0.6680589753627777, 0.6555830795764923, 0.6007909375190735, 0.5084092148780823, 0.5417139569282532, 0.7796118669509887, 0.40556704306602476]}, "benchmark": "WideResNet", "validation_error": 0.11750000000000005, "epochs": 42}, "time_stamps": {"finished": 219820.60937952995, "submitted": 205719.23302841187, "started": 205719.2333843708}, "loss": 0.11750000000000005, "budget": 14400.0, "config_id": [3, 0, 2], "error_logs": null}}