{"best_config_trajectory": {"budgets": [1.0], "losses": [0.4377], "times_finished": [31.838414192199707], "config_ids": [[0, 0, 0]]}, "best_config_id": [1, 0, 0], "best_run_info": {"error_logs": null, "loss": 0.482, "config_id": [1, 0, 0], "budget": 2.0, "time_stamps": {"started": 70.01659274101257, "finished": 98.40276217460632, "submitted": 70.01621198654175}, "info": {"validation_loss": 1.3813648818016053, "configs": {"rotation_lower": -82, "coarse_dropout_lower": 0.02024467399203619, "coarse_dropout_probability": 0.2899482935795836, "augment_probability": 0.4406689748997178, "rotation_upper": 7, "pad_crop_upper": 0.1912236537145944, "coarse_dropout_upper": 0.1810625133515848, "rotation_probability": 0.9153316623811094, "horizontal_flip": 0.3395875188851487, "coarse_dropout_size_percent_upper": 0.11458062287229108, "pad_crop_lower": -0.07496716386614241, "vertical_flip": 0.9446324882799594, "scale_probability": 0.001404305112918891, "scale_upper": 1.0566749594001077, "pad_crop_probability": 0.6339656321423728, "coarse_dropout_size_percent_lower": 0.022361495142254842, "scale_lower": 0.639375270801866}, "benchmark": "AlexNet", "epochs": 1, "used_budget": 25.938570261001587, "validation_error": 0.482, "train_history": {"val_acc": [0.518], "acc": [0.39818709935897434], "val_loss": [1.381364873790741], "loss": [1.7062368839979172]}}}}
