{"best_config_trajectory": {"budgets": [450.0, 450.0, 900.0, 1800.0, 3600.0, 7200.0], "config_ids": [[0, 0, 0], [0, 0, 9], [0, 0, 9], [0, 0, 2], [0, 0, 2], [1, 0, 4]], "times_finished": [434.5327935218811, 4340.736531257629, 9571.190002202988, 19301.46991610527, 27301.89901471138, 69401.04213619232], "losses": [0.29500000000000004, 0.2825, 0.2682, 0.25239999999999996, 0.24119999999999997, 0.22709999999999997]}, "best_run_info": {"budget": 7200.0, "info": {"benchmark": "ResNet", "used_budget": 7185.511930942535, "configs": {"rotation_lower": -27, "rotation_upper": 159, "horizontal_flip": 0.6935708286114525, "pad_crop_upper": 0.13903181835669837, "scale_lower": 0.9326592353486138, "coarse_dropout_probability": 0.6142006120236551, "pad_crop_probability": 0.1665557120572262, "coarse_dropout_upper": 0.15708710915671686, "coarse_dropout_size_percent_lower": 0.07875971004670315, "coarse_dropout_lower": 0.01682432461241502, "scale_probability": 0.18587651161523167, "coarse_dropout_size_percent_upper": 0.1589307917120572, "scale_upper": 1.2016960429106334, "pad_crop_lower": -0.13509981574765043, "augment_probability": 0.731857931519527, "vertical_flip": 0.025500757306847976, "rotation_probability": 0.8865287485271512}, "epochs": 195, "validation_error": 0.22709999999999997, "validation_loss": 0.9495385497093201}, "time_stamps": {"submitted": 62211.113565683365, "finished": 69401.04213619232, "started": 62211.114543676376}, "config_id": [1, 0, 4], "error_logs": null, "loss": 0.22709999999999997}, "best_config_id": [1, 0, 4]}