{"best_run_info": {"error_logs": null, "info": {"benchmark": "ResNet", "configs": {"rotation_lower": -14, "augment_probability": 0.8501631271622713, "scale_lower": 0.8858420497130055, "pad_crop_probability": 0.6011308982027115, "horizontal_flip": 0.7315008645022686, "pad_crop_upper": 0.20445749373349834, "scale_upper": 1.4913401947545601, "coarse_dropout_size_percent_lower": 0.08376907281680947, "coarse_dropout_upper": 0.171310252029023, "coarse_dropout_lower": 0.08337767110837782, "pad_crop_lower": -0.1584418908759597, "coarse_dropout_size_percent_upper": 0.11943358554844524, "coarse_dropout_probability": 0.3194315275767934, "vertical_flip": 0.01244953678939742, "rotation_probability": 0.3742989235603519, "rotation_upper": 130, "scale_probability": 0.783309552409354}, "validation_error": 0.22209999999999996, "validation_loss": 0.8902396020889283, "used_budget": 7170.960524082184, "epochs": 178}, "config_id": [3, 0, 2], "time_stamps": {"finished": 114132.8867764473, "started": 106957.56595754623, "submitted": 106957.5656466484}, "budget": 7200.0, "loss": 0.22209999999999996}, "best_config_trajectory": {"budgets": [450.0, 450.0, 450.0, 900.0, 900.0, 900.0, 1800.0, 3600.0, 7200.0, 3600.0, 7200.0], "config_ids": [[0, 0, 0], [0, 0, 8], [0, 0, 12], [1, 0, 0], [0, 0, 13], [0, 0, 12], [0, 0, 12], [0, 0, 12], [0, 0, 12], [1, 0, 5], [3, 0, 2]], "times_finished": [418.6353569030762, 3896.2274117469788, 5636.573440790176, 7798.761036157608, 9546.158514261246, 13100.590666532516, 22865.094255447388, 30910.0279648304, 38939.77903485298, 60376.07428050041, 114132.8867764473], "losses": [0.29510000000000003, 0.28959999999999997, 0.28080000000000005, 0.2783, 0.27449999999999997, 0.2661, 0.253, 0.24029999999999996, 0.23609999999999998, 0.2319, 0.22209999999999996]}, "best_config_id": [3, 0, 2]}