{"best_run_info": {"loss": 0.22209999999999996, "time_stamps": {"finished": 69240.97923636436, "started": 62045.69270443916, "submitted": 62045.69156718254}, "info": {"configs": {"pad_crop_lower": -0.18585192972092054, "coarse_dropout_upper": 0.15750637715828342, "augment_probability": 0.48954904835208723, "pad_crop_upper": 0.09279292575095599, "coarse_dropout_size_percent_lower": 0.01989130422896783, "coarse_dropout_probability": 0.2610417786278335, "scale_probability": 0.11907358616275032, "coarse_dropout_size_percent_upper": 0.1484398629466192, "horizontal_flip": 0.9286003525971619, "vertical_flip": 0.09423680348716812, "coarse_dropout_lower": 0.023293935743185768, "rotation_probability": 0.2840708372722184, "scale_upper": 1.7160400972594805, "rotation_lower": -145, "rotation_upper": 19, "scale_lower": 0.541557965252377, "pad_crop_probability": 0.5751674876635499}, "validation_loss": 0.9756979919433594, "epochs": 172, "benchmark": "ResNet", "validation_error": 0.22209999999999996, "used_budget": 7190.891424655914}, "error_logs": null, "config_id": [1, 0, 0], "budget": 7200.0}, "best_config_trajectory": {"losses": [0.38370000000000004, 0.3174, 0.3116, 0.3113, 0.30920000000000003, 0.28259999999999996, 0.24619999999999997, 0.24360000000000004, 0.22650000000000003, 0.22209999999999996], "config_ids": [[0, 0, 0], [0, 0, 1], [0, 0, 3], [0, 0, 5], [0, 0, 11], [0, 0, 15], [1, 0, 0], [2, 0, 0], [1, 0, 0], [1, 0, 0]], "budgets": [450.0, 450.0, 450.0, 450.0, 450.0, 450.0, 900.0, 1800.0, 3600.0, 7200.0], "times_finished": [444.4603087902069, 883.2266840934753, 1777.4431900978088, 2625.4058096408844, 5237.871016025543, 6965.257055521011, 7851.575042963028, 44193.97543859482, 60246.13065314293, 69240.97923636436]}, "best_config_id": [1, 0, 0]}