{"best_config_id": [8, 0, 3], "best_run_info": {"loss": 0.22150000000000003, "info": {"configs": {"pad_crop_lower": -0.05998727311048635, "pad_crop_probability": 0.1755535328662158, "scale_probability": 0.23724288893651488, "coarse_dropout_size_percent_upper": 0.12926614173546158, "rotation_lower": -59, "horizontal_flip": 0.8015156818378069, "pad_crop_upper": 0.06012154627486672, "rotation_upper": 80, "coarse_dropout_lower": 0.028921738171414316, "rotation_probability": 0.21716473712300569, "augment_probability": 0.8225502626536811, "scale_lower": 0.8439027350721885, "coarse_dropout_probability": 0.17408354989902824, "coarse_dropout_size_percent_lower": 0.04712926903310325, "coarse_dropout_upper": 0.13996094279883664, "vertical_flip": 0.28942336870062824, "scale_upper": 1.7991976768650906}, "epochs": 169, "used_budget": 7175.363392353058, "benchmark": "ResNet", "validation_error": 0.22150000000000003, "validation_loss": 0.9514175024986267}, "budget": 7200.0, "error_logs": null, "config_id": [8, 0, 3], "time_stamps": {"submitted": 264187.0082833767, "finished": 271366.79216742516, "started": 264187.0184414387}}, "best_config_trajectory": {"config_ids": [[0, 0, 0], [0, 0, 1], [0, 0, 3], [1, 0, 0], [0, 0, 13], [0, 0, 3], [0, 0, 13], [0, 0, 13], [2, 0, 3], [2, 0, 3], [8, 0, 3]], "times_finished": [427.271347284317, 861.4306523799896, 1724.6964473724365, 7772.640321493149, 10466.318511247635, 14923.070199251175, 17584.936588525772, 39030.37073945999, 78303.70350241661, 92657.50643873215, 271366.79216742516], "losses": [0.5538000000000001, 0.30879999999999996, 0.2854, 0.27880000000000005, 0.2733, 0.2713, 0.2511, 0.23839999999999995, 0.23670000000000002, 0.22729999999999995, 0.22150000000000003], "budgets": [450.0, 450.0, 450.0, 900.0, 900.0, 900.0, 1800.0, 7200.0, 3600.0, 7200.0, 7200.0]}}