{"best_config_id": [2, 0, 2], "best_run_info": {"info": {"train_history": {"acc": [0.482421875, 0.5998597756410257, 0.6553235176282052, 0.6813151041666666, 0.6994691506410257, 0.719901842948718, 0.7322215544871795, 0.7415364583333334, 0.7532301682692307, 0.7676782852564102, 0.7795222355769231, 0.7819010416666666, 0.7925430689102564, 0.7927433894230769, 0.7995542868589743, 0.8081931089743589, 0.8111478365384616, 0.8213391426282052, 0.8235176282051282, 0.8226913060897436, 0.8279246794871795, 0.8346604567307693, 0.8299529246794872, 0.8368890224358975, 0.8408703926282052, 0.8451772836538461, 0.8463040865384616, 0.8478565705128205, 0.8481570512820513, 0.8526392227564102, 0.8567457932692307, 0.8532401842948718, 0.8567457932692307, 0.8589743589743589, 0.8631560496794872, 0.8625550881410257, 0.8655348557692307, 0.8625801282051282, 0.8623046875, 0.866035657051282, 0.8695412660256411, 0.8678635817307693, 0.8653345352564102, 0.8687149439102564, 0.8708433493589743, 0.8723207131410257, 0.8688651842948718, 0.8748747996794872, 0.8719451121794872, 0.8704427083333334, 0.8753756009615384, 0.8802333733974359, 0.8716947115384616, 0.8774539262820513, 0.8772536057692307, 0.8767277644230769, 0.8773788060897436, 0.8791316105769231, 0.8794571314102564, 0.8803836137820513, 0.880058092948718, 0.8834134615384616, 0.8829627403846154, 0.8791065705128205, 0.8791065705128205, 0.8831881009615384, 0.8828876201923077, 0.8836889022435898, 0.884590344551282, 0.8808343349358975, 0.8832381810897436, 0.8872696314102564, 0.8869941907051282, 0.884940905448718, 0.8880959535256411, 0.8852413862179487, 0.8856921073717948, 0.8884715544871795, 0.8856169871794872, 0.8840144230769231, 0.8897986778846154, 0.8880709134615384, 0.8850410657051282, 0.8870943509615384, 0.8876201923076923, 0.8877954727564102, 0.8870442708333334, 0.8907502003205128, 0.8879957932692307, 0.8896985176282052, 0.8931540464743589, 0.8897485977564102, 0.8890474759615384, 0.8882712339743589, 0.8896233974358975, 0.8903245192307693, 0.8903495592948718, 0.8897986778846154, 0.8918269230769231, 0.8889222756410257, 0.8885717147435898, 0.8899739583333334, 0.8923026842948718, 0.8888972355769231, 0.8966346153846154, 0.8908503605769231, 0.8899489182692307, 0.8924779647435898, 0.8940054086538461, 0.8913010817307693, 0.8929537259615384, 0.8947566105769231, 0.8910506810897436, 0.8960336538461539, 0.8906500400641025, 0.8958333333333334, 0.8936047676282052, 0.8931039663461539, 0.8966846955128205, 0.8941556490384616, 0.8950821314102564, 0.8962590144230769, 0.8944561298076923, 0.8939302884615384, 0.8940304487179487, 0.8938551682692307, 0.8947315705128205, 0.8956330128205128, 0.8946564503205128, 0.8944811698717948, 0.8993639823717948, 0.8968098958333334, 0.8946063701923077, 0.8916766826923077, 0.8968349358974359, 0.8970102163461539, 0.8966095753205128, 0.8969601362179487, 0.8944310897435898, 0.8990635016025641, 0.8925030048076923, 0.8956330128205128, 0.8977113381410257, 0.8955328525641025, 0.8979116586538461, 0.8979366987179487, 0.8976612580128205, 0.8954076522435898, 0.8994391025641025, 0.8928285256410257, 0.8957331730769231, 0.9004156650641025, 0.8929537259615384, 0.8930789262820513, 0.8998147035256411, 0.8961588541666666, 0.8965594951923077, 0.9000901442307693, 0.8991636618589743, 0.9006159855769231, 0.8996644631410257, 0.8972606169871795, 0.9004156650641025, 0.8966346153846154, 0.8999899839743589, 0.900215344551282, 0.8973357371794872, 0.8969100560897436, 0.9014423076923077, 0.9006410256410257, 0.8958834134615384, 0.9014423076923077, 0.9030198317307693, 0.8972355769230769, 0.8997646233974359, 0.8981620592948718, 0.9014172676282052, 0.8978114983974359, 0.8966346153846154, 0.9014423076923077, 0.8999649439102564, 0.9010166266025641, 0.8990134214743589, 0.8995392628205128, 0.9008914262820513, 0.8973357371794872, 0.9004907852564102, 0.9019431089743589, 0.9028445512820513, 0.9005909455128205, 0.9025691105769231, 0.8987630208333334, 0.8995643028846154, 0.8991135817307693, 0.9048227163461539, 0.9005408653846154, 0.9008914262820513, 0.9008413461538461, 0.9007662259615384, 0.9043970352564102, 0.9038211137820513, 0.9020432692307693, 0.8987630208333334, 0.9033954326923077, 0.9022936698717948, 0.8993389423076923, 0.9005909455128205, 0.9019180689102564, 0.8996644631410257, 0.9052233573717948, 0.8996895032051282, 0.9035456730769231, 0.9041716746794872, 0.9005909455128205, 0.9057241586538461, 0.9012169471153846, 0.9010667067307693, 0.9024188701923077, 0.9031700721153846, 0.9074769631410257, 0.9041716746794872, 0.9024188701923077, 0.9034455128205128, 0.9045222355769231, 0.9029447115384616, 0.9057992788461539, 0.906425280448718, 0.9032201522435898, 0.9017928685897436, 0.903495592948718, 0.9060997596153846, 0.9060246394230769, 0.9035456730769231, 0.9048227163461539, 0.906074719551282, 0.9034705528846154, 0.9039463141025641, 0.9038962339743589, 0.9045723157051282, 0.9020432692307693, 0.9054737580128205, 0.9050230368589743, 0.9023187099358975, 0.9031700721153846, 0.9019180689102564, 0.9048978365384616, 0.901542467948718, 0.9015675080128205, 0.9057241586538461, 0.9074769631410257, 0.9050230368589743, 0.9060246394230769, 0.9036959134615384, 0.9026943108974359, 0.9019931891025641, 0.9090795272435898, 0.9040464743589743, 0.9035206330128205, 0.9033703926282052, 0.9059995993589743, 0.9072265625, 0.9066256009615384, 0.9089042467948718, 0.9052984775641025, 0.9045723157051282, 0.9083032852564102, 0.9020182291666666, 0.906074719551282, 0.9034455128205128, 0.9032451923076923, 0.9072015224358975, 0.9066506410256411, 0.9061999198717948, 0.9058994391025641, 0.9057241586538461, 0.9047726362179487, 0.9035206330128205, 0.9063501602564102, 0.9060997596153846, 0.9091296073717948, 0.9071013621794872, 0.9033954326923077, 0.9056991185897436, 0.9046724759615384, 0.9076772836538461, 0.9024689503205128, 0.9076021634615384, 0.9055238381410257, 0.9017427884615384, 0.9065004006410257, 0.9047225560897436, 0.9048227163461539, 0.9093048878205128, 0.9090294471153846, 0.9069010416666666, 0.9068760016025641, 0.9048477564102564, 0.9089292868589743, 0.9067257612179487, 0.9036959134615384, 0.9066256009615384, 0.9063752003205128, 0.9063752003205128, 0.9068509615384616, 0.9068008814102564, 0.9037710336538461, 0.9068509615384616, 0.9086538461538461, 0.9072516025641025, 0.9074769631410257, 0.9065004006410257, 0.9054737580128205, 0.9048477564102564, 0.9072265625, 0.9063251201923077, 0.9068259214743589, 0.9035456730769231, 0.9066756810897436, 0.9087039262820513, 0.904472155448718, 0.9033203125, 0.9108573717948718, 0.9095552884615384, 0.9096554487179487, 0.9039463141025641, 0.904296875, 0.9070262419871795, 0.9067257612179487, 0.9094801682692307, 0.9078525641025641, 0.9089793669871795, 0.9047225560897436, 0.9076522435897436, 0.9081780849358975, 0.9088040865384616, 0.9082782451923077, 0.9049729567307693, 0.9068259214743589, 0.909980969551282, 0.9056239983974359, 0.9092548076923077, 0.9080528846153846, 0.9109324919871795, 0.9071264022435898, 0.9072265625, 0.9087289663461539, 0.9069761618589743, 0.906425280448718, 0.9108072916666666, 0.9079026442307693, 0.9105318509615384, 0.9084785657051282, 0.9080779246794872, 0.9049479166666666, 0.9118589743589743, 0.9098557692307693, 0.9056740785256411, 0.9072766426282052, 0.9053485576923077, 0.91015625, 0.9063000801282052, 0.9056239983974359, 0.9083283253205128, 0.9112329727564102, 0.9084535256410257],