{"best_config_trajectory": {"config_ids": [[0, 0, 0], [0, 0, 1], [0, 0, 3], [0, 0, 4], [1, 0, 0], [0, 0, 14], [0, 0, 5], [0, 0, 14], [0, 0, 5], [1, 0, 2], [1, 0, 2], [1, 0, 7], [9, 0, 3]], "budgets": [450.0, 450.0, 450.0, 450.0, 900.0, 900.0, 900.0, 1800.0, 7200.0, 1800.0, 3600.0, 3600.0, 7200.0], "losses": [0.38980000000000004, 0.34819999999999995, 0.33030000000000004, 0.2986, 0.2953, 0.279, 0.2683, 0.2573, 0.2508, 0.2419, 0.23409999999999997, 0.22870000000000001, 0.2279], "times_finished": [446.20032691955566, 879.8987917900085, 1730.61443734169, 2159.68083691597, 7710.964506864548, 8607.830151796341, 11263.304010868073, 17444.011445999146, 38942.02957415581, 49604.96015715599, 56747.981578826904, 60321.231457710266, 292698.899081707]}, "best_config_id": [9, 0, 3], "best_run_info": {"time_stamps": {"finished": 292698.899081707, "started": 285507.5072045326, "submitted": 285507.50604343414}, "budget": 7200.0, "config_id": [9, 0, 3], "info": {"used_budget": 7186.964755296707, "benchmark": "ResNet", "configs": {"scale_probability": 0.44254411204643196, "coarse_dropout_size_percent_upper": 0.12843092160066397, "coarse_dropout_lower": 0.03563446154864064, "pad_crop_probability": 0.3753506369347832, "coarse_dropout_upper": 0.15329904611946504, "coarse_dropout_probability": 0.3894470250170885, "coarse_dropout_size_percent_lower": 0.08560021626965601, "scale_lower": 0.8982906901699479, "horizontal_flip": 0.8785020873188709, "pad_crop_lower": -0.00325049616432066, "rotation_probability": 0.16294778283851574, "augment_probability": 0.788458729492986, "pad_crop_upper": 0.0845675072341941, "vertical_flip": 0.029036063020990155, "rotation_lower": -168, "scale_upper": 1.6631222495522056, "rotation_upper": 7}, "epochs": 179, "validation_loss": 1.0215035116195679, "validation_error": 0.2279}, "error_logs": null, "loss": 0.2279}}