{"best_run_info": {"budget": 14400.0, "loss": 0.2087, "info": {"configs": {"coarse_dropout_size_percent_upper": 0.12266499070399872, "pad_crop_probability": 0.5339350537925949, "horizontal_flip": 0.48360216260448996, "scale_probability": 0.2908670632799102, "scale_upper": 1.502816793457189, "coarse_dropout_probability": 0.8581864558653932, "coarse_dropout_upper": 0.1847594499408769, "rotation_upper": 40, "pad_crop_upper": 0.1260732535549086, "scale_lower": 0.9892394936608234, "coarse_dropout_lower": 0.05834490193191021, "rotation_lower": -6, "augment_probability": 0.8874730536213487, "pad_crop_lower": -0.13321923934281646, "rotation_probability": 0.44197954892723335, "vertical_flip": 0.028239808427638624, "coarse_dropout_size_percent_lower": 0.054103596715800326}, "train_history": {"loss": [2.0463900298644333, 1.7372978856930366, 1.594125053821466, 1.4656132413790777, 1.4054659073933577, 1.376097669204076, 1.3401077882601664, 1.2911770179485664, 1.2538411655487158, 1.2626199219853451, 1.3521779345778318, 1.2913880615662305, 1.2442175042934907, 1.5597637471480248, 1.5240476005352461, 1.3396300234091587, 1.287862743322666, 1.204322956311397, 1.1729803931636689, 1.18265316176873, 1.230814477763115, 1.1530917309797728, 1.1246253876731946, 1.1369457225768993, 1.1253669403302364, 1.0970734743735728, 1.1025539558285322, 1.1095284150961118, 1.1097928893107634, 1.1491904728687727, 1.118138006100288, 1.0852343092362087, 1.0448812848100295, 1.0298439067525742, 1.0453688078201735, 1.0285226471531086, 1.017688665443506, 1.0182714966627269, 1.010282657467402, 1.0069552528170438, 1.0023722843481944, 1.0032379327294154, 1.009932160186462, 0.9860525786494597, 0.9932252044479052, 0.9891627255158547, 0.9864675351060354, 0.9875961673947481, 0.9737753401964139, 0.9703304914709849, 0.9662984263820525, 0.9805712161155847, 0.9686406367482283, 0.97712187258861, 0.9603426129772112, 0.9710175884075654, 0.948935309281716, 0.9625490210377253, 0.9480314266223174, 0.9516548069241719, 0.9533981149777387, 0.9487932381721643, 0.9500273252144839, 0.9539554726618987, 0.9509204750259718, 0.942665804655124, 0.9542688041543349, 0.944938817849526, 0.9465401822175735, 0.9488781203444188, 0.9306432182590166, 0.9333071657098256, 0.9292248483651724, 0.9400258858998617, 0.9305185985106689, 0.946214195054311, 0.9174852655866207, 0.9383206478296182, 0.9315751525454032, 0.9229511502079475, 0.9363941112772013, 0.9174390303400847, 0.9163920289048781, 0.9201512619470938, 0.9324959203218802, 0.9139272759740169, 0.9267951869047605, 0.921332465723539, 0.926301998205674, 0.9112903603758568, 0.9130413452020059, 0.9107649211700146, 0.918152602819296, 0.9067822377651166, 0.9155374841812329, 0.9116785688660084, 0.9033704669429705, 0.9066707994311284, 0.907393607382591, 0.9122675233162366, 0.9028362738780487, 0.9036848256603266, 0.903581019777518, 0.8943389031367425, 0.9001286939168588, 0.9001916411977547, 0.8976285721247013, 0.8997702300548553, 0.894396664813543, 0.8998794358892318, 0.9011020851440918, 0.900311426856579, 0.8985785417831861, 0.9037201310961674, 0.8990527548086948, 0.902057063121062, 0.8950479479554372, 0.8877768239531761, 0.8984577279442396, 0.9038091783340161, 0.8836434854146762, 0.892004621334565, 0.8944483993527217, 0.9040568560743943, 0.8987111328886106, 0.887093868966286, 0.9024354053231386, 0.887039273022077, 0.8934849745188004, 0.8921841554916822, 0.8855063766241074, 0.8967950223730161, 0.8901428414078859, 0.8898395840556194, 0.8853550740541556, 0.8952817767858505, 0.8850825686867421, 0.8814786901840796, 0.8831460181719217, 0.8849185577187783, 0.8900422440507473, 0.876605613491474, 0.8901746068627406, 0.8791138090384312, 0.8783313215543063, 0.8892865207714912, 0.8886741141860302, 0.8798324968188237, 0.8836150020360947, 0.8665230952394314, 0.8816200601748931, 0.882244952978232, 0.8751027895471989, 0.8817455558440624, 0.8790418767394164, 0.8803334971651052, 0.8754351687354919, 0.8875756030663465, 0.8804447503808217, 0.8782139884737822, 0.8756923602941709, 0.8754978294555957, 0.8666303494037726, 0.8805630484070534, 0.8714558317875251, 0.8719844099802848, 0.8836046799253194, 0.8769610464954988, 0.8765417576218263, 0.87666871990913, 0.8794308300965872, 0.8668178893052615, 0.8701775339551461, 0.8677377847906871, 0.8674567870986767, 0.8780532288245666, 0.867073064431166, 0.8663412619095582, 0.864186796049277, 0.8731956669153311, 0.863264279296765, 0.8802440097698798, 0.8664254379960207, 0.8701214601214116, 0.8544203249307779, 0.8693585330859209, 0.8616609407158998, 0.872024515309395, 0.8713096785239685, 0.8834943616619477, 0.8534428912859696, 0.8642587352257508, 0.8739079978221502, 0.8619762930350426, 0.868958514661361, 0.866006633792168, 0.863398786347646, 0.8550740298934472, 0.8685920225122036, 0.8672204478046833, 0.8639594404361187, 0.865693510724948, 0.8669038632741342, 0.8675934049563531, 0.86072788387537, 0.8654864273774319, 0.8584817388118842, 0.8740948816904655, 0.8584242927340361, 0.8601612893816752, 0.8602327656669494, 0.8673177833358446, 0.8473544686268537, 0.8562783614183084, 0.8562172334163617, 0.854658900354153, 0.8653526180065595, 0.8663760893619977, 0.8611710656147736, 0.8544326086456959, 0.8682750228505868, 0.8597099853631778, 0.8594929432639709, 0.8554413012969189, 0.8498657941818237, 0.8710746629497944, 0.8598679764530598, 0.8615037936430711, 0.8610090227463306, 0.8527704739035704, 0.8538399164875349, 0.8477123786623662, 0.8580006825236174, 0.8553033780593139, 0.8513514370872424, 0.8450721320815575, 0.859660753263877, 0.8617959786684085, 0.8486365649180535, 0.8559875255211805, 0.8607803969047009, 0.8566692523085154, 0.8580536215733259, 0.8498585277642959, 0.8489246958723435, 0.8625840210379698, 0.8552924113777968, 0.8523863664804361, 0.8581337460722679, 0.8547033296945767, 0.8509399890899658, 0.8591625921619244, 0.8548642549759302, 0.8577048272276536, 0.8447628531318444, 0.8581087121214622, 0.8464557404319445, 0.8524409144734725, 0.8597517414734914, 0.8468433081721648, 0.851962950749275, 0.8597781721215981, 0.8499535645047823, 0.8487366946079792, 0.8597414336907558, 0.8556114649161314, 0.8524604682356883, 0.84910727559756, 0.8517680045885917, 0.8504262583760115, 0.8537488428828044, 0.8473054516391877, 0.8539515049793781, 0.8504529039447124, 0.854317378730346, 0.8535944225314336, 0.8437596666507232, 0.8494972300070983, 0.8410292017536286, 0.8399145773206002, 0.8492051897904812, 0.849635545259867, 0.8520267363160084, 0.8485163647012833, 0.8512571373811135, 0.8500231315310185, 0.84934534992163, 0.8475263122564707, 0.8511268572929578, 0.8444256278184744, 0.8556702093054087, 0.8497243288617867, 0.8500656401499723, 0.856481593579818, 0.8449723361394345, 0.8446004381164526, 0.8549610179586288, 0.8506548907130193, 0.8465724770839398, 0.8480618418409274, 0.847462742183453, 0.8478898583696439, 0.84487306422148, 0.8471088785773668, 0.8461380480573728, 0.8490535437296598, 0.8388887299941137, 0.8483350878724685, 0.8480748064242877, 0.8429180374130224, 0.841337474110799, 0.8391108413537344, 0.853262409567833, 0.8411126795869607, 0.8396757182020408, 0.8433826428193313, 0.8532472766744785, 0.8354406047325867, 0.8512396823901397, 0.8443653274040955, 0.8508029990853407, 0.8369204896764878, 0.8522667600176274, 0.8361826369013542, 0.8456869096710131, 0.8506119782343889, 0.8373693634684269, 0.8476296193324603, 0.8480523261122215, 0.8447126767192131, 0.8438621098414446, 0.8379785078458297, 0.8399990040522355, 0.8303657886691582, 0.8390166835907178, 0.8428243524753131, 0.845077470709116, 0.8470131519895333, 0.8327238813806803, 0.8422894913416642, 0.8437113509728358, 0.836511566852912, 0.8348141635457674, 0.8436358689497678, 0.8382355280411549, 0.8310407856718088, 0.8348817768005224, 0.8448213619681505, 0.8371452309000187, 0.8404539685982925, 0.8324094760494355, 0.8438430946224775, 0.8453920991756977, 0.8442937267514375, 0.8389803935319949, 0.8428147907058398, 0.8404545661730644, 0.8332523569846765, 0.8463546962310107, 0.836320616877996, 0.8428861712798094, 0.8299131175646415, 