{"used_budget": 7171.30245757103, "epochs": 166, "benchmark": "ResNet", "test_error": 0.27569999999999995, "configs": {}, "test_loss": 1.6462841148376466}