{"validation_loss": 0.6552683296203613, "validation_error": 0.1956, "used_budget": 1796.345713376999, "train_history": {"val_acc": [0.3067000003814697, 0.3409999997138977, 0.5317, 0.6391, 0.5888999996185302, 0.6708000007629394, 0.6803999998092651, 0.6343000004768372, 0.7059000003814697, 0.7266999995231629, 0.7057999992370605, 0.7275999996185303, 0.7386999996185303, 0.7107000005722046, 0.7380999998092651, 0.7266000000953674, 0.7487, 0.7483000004768372, 0.7709999996185303, 0.7332999998092652, 0.7205999995231629, 0.7663000004768371, 0.7712000005722046, 0.7332000005722046, 0.7367, 0.7759999997138977, 0.7548000003814698, 0.7575000000953674, 0.7610000004768371, 0.7824000003814697, 0.7854999996185302, 0.7854999994277954, 0.7720000000953674, 0.7742000002861023, 0.773300000667572, 0.7743000007629395, 0.7836000005722046, 0.7794, 0.7854000003814697, 0.7873999998092651, 0.7956000001907348, 0.7729999998092651, 0.7844000003814697, 0.7722000001907349, 0.7977000006675721, 0.7863999994277954, 0.7893999992370605, 0.7800999999046325, 0.7846999996185303, 0.7623000003814697, 0.7895999992370606, 0.7958999999046326, 0.7879999992370605, 0.7881000000953674, 0.8054000004768371, 0.7963000000953674, 0.7774000005722046, 0.7997999998092651, 0.7773999999046326, 0.7990999996185303, 0.7912999997138978, 0.7848999998092652, 0.7875000007629395, 0.789799999332428, 0.7987999995231628, 0.797699999332428, 0.7993999996185303, 0.7902999996185303, 0.7905000002861023, 0.7984000002861023, 0.8120000003814697, 0.8005999994277954, 0.7967000001907348, 0.7939999994277954, 0.808300000667572, 0.8020999999046325, 0.7960999997138977, 0.7995, 0.8000999997138977, 0.8044000002861023], "val_loss": [1.9401563779830933, 1.8696601905822754, 1.3012647975921632, 1.0269722007751465, 1.1810432456970215, 0.9424514135360718, 0.9171227163314819, 1.0850358560562134, 0.8408509031295777, 0.781799847126007, 0.8360052876472474, 0.7850366694450378, 0.7526394021987916, 0.8798171016693115, 0.7665493910789489, 0.8234185820579529, 0.7437471548080444, 0.7435823707580567, 0.6780651155471802, 0.7849190861701966, 0.8694804777145386, 0.6990207424163818, 0.6809457797050477, 0.8575367023468018, 0.7765234221458435, 0.6611970885276794, 0.7327749755859375, 0.7256675799369812, 0.7386290097236633, 0.6841217483520508, 0.6473559705734253, 0.6671377472877502, 0.7258077018737793, 0.7151488248825073, 0.7121031197547912, 0.730247381401062, 0.6749397121429443, 0.7034360643386841, 0.6823301558494568, 0.6807355863571167, 0.6521679881095886, 0.7634661662101746, 0.675418212890625, 0.7275278949737549, 0.6241294229507446, 0.6925282667160034, 0.6993589049339295, 0.7217572836875915, 0.6931137290000916, 0.7790251999855041, 0.7011229824066162, 0.6552800087928772, 0.7187637462615967, 0.710802714061737, 0.6286368260383606, 0.6700827354431153, 0.7534523251533508, 0.6724270421981812, 0.7487389220237732, 0.6567654566764831, 0.7129594150543213, 0.7459790470123291, 0.7199562772750855, 0.7088883891105652, 0.6921902650833129, 0.6794129124641418, 0.6774171058654785, 0.7033224401473999, 0.6908684593200684, 0.688739191532135, 0.6314076043128968, 0.6528543724060059, 0.6736617433547973, 0.7339922458648681, 0.6349673212051392, 0.6643267096519471, 0.7021441569328308, 0.695422124004364, 0.6753101586341858, 0.6552683236122131], "loss": [1.9707594483326643, 1.4618833126165929, 1.2831264352187133, 1.1925988640540686, 1.1164675729397016, 1.0688844995620923, 1.0292045749150789, 1.0177830228438745, 0.9388737411071093, 0.8817063302565844, 0.8921587612384405, 0.851323677943303, 0.8309450829640413, 0.8192335061537914, 0.7948708327916952, 0.7876659073890784, 0.7669105162987342, 0.7796024810045193, 0.7349309500975486, 0.7285099717286917, 0.6748933555224003, 0.6988735214257852, 0.6758317259641794, 0.6718657200153058, 0.660311127320314, 0.6519458553729913, 0.6431300238921092, 0.6433147551157535, 0.6355607521075469, 0.6250848777783222, 0.5959862440060346, 0.5884938285900996, 0.5925996620685626, 0.5618225569144274, 0.5817571481068929, 0.5819693238307269, 0.5481389417098119, 0.5724543562302222, 0.5579089239621774, 0.5589717955161364, 0.5410807258807696, 0.5165338344298877, 0.5308214231179311, 0.5347053080033033, 0.5302606737002348, 0.5373953825388199, 0.5153284030847061, 0.5222662435128138, 0.5454965722866547, 0.5327061265707016, 0.5305853933095932, 0.497661034648235, 0.4982589047688704, 0.49162243192012495, 0.5032836156777847, 0.5047284968388386, 0.4940284456198032, 0.5032665194609226, 0.47371500501265895, 0.49637587674153155, 0.47665411004653346, 0.4875834912825853, 0.4839215951088147, 0.47765629566632783, 0.49335307685228497, 0.48894297006802684, 0.482375225577599, 0.4679064059104675, 0.45278636232400554, 0.46757340316589063, 0.46577421671304947, 0.44413153215860707, 0.46364553616597104, 0.464045701500697, 0.4866756395651744, 0.45955102413128585, 0.4559869529345097, 0.48151005537081987, 0.4824361579540448, 0.4421722201200632], "acc": [0.32677283653846156, 0.47834034455128205, 0.5473507612179487, 0.5816806891025641, 0.6104266826923077, 0.6273036858974359, 0.640625, 0.6465845352564102, 0.6752303685897436, 0.695487780448718, 0.6912810496794872, 0.7047025240384616, 0.7142928685897436, 0.7160456730769231, 0.725410657051282, 0.7283153044871795, 0.7373046875, 0.7304437099358975, 0.7495993589743589, 0.7520032051282052, 0.7721354166666666, 0.7620192307692307, 0.7686298076923077, 0.7718599759615384, 0.7763671875, 0.7763171073717948, 0.7838291266025641, 0.7807241586538461, 0.7859825721153846, 0.7893379407051282, 0.7991786858974359, 0.8020082131410257, 0.7999048477564102, 0.811348157051282, 0.8048878205128205, 0.8039112580128205, 0.8189603365384616, 0.8088691907051282, 0.8142027243589743, 0.8126502403846154, 0.8180839342948718, 0.8267978766025641, 0.8238181089743589, 0.8209635416666666, 0.8231921073717948, 0.8207632211538461, 0.8287009214743589, 0.8272485977564102, 0.8185847355769231, 0.8236929086538461, 0.8236678685897436, 0.8337590144230769, 0.8349358974358975, 0.8391175881410257, 0.8351862980769231, 0.8315554887820513, 0.8353114983974359, 0.8354366987179487, 0.8422225560897436, 0.8335086137820513, 0.8412960737179487, 0.8382161458333334, 0.8397185496794872, 0.8409705528846154, 0.8364132612179487, 0.8362379807692307, 0.8400941506410257, 0.8449268830128205, 0.8516626602564102, 0.8442257612179487, 0.8456780849358975, 0.8520132211538461, 0.847831530448718, 0.8464793669871795, 0.8382912660256411, 0.8468800080128205, 0.8477564102564102, 0.8396434294871795, 0.8373898237179487, 0.8535657051282052]}, "configs": {"shear_lower": -9, "rotation_upper": 4, "scale_upper": 1.4113617370112452, "gaussian_noise_probability": 0.5721768576867147, "coarse_dropout_probability": 0.8700666778314724, "horizontal_flip": 0.8853328016421632, "coarse_dropout_size_percent_lower": 0.08887834511694198, "coarse_dropout_lower": 0.09618080201146986, "gaussian_noise_scale_lower": 9.042153752845827, "vertical_flip": 0.1635039829924506, "pad_crop_probability": 0.006038684422380425, "gaussian_noise_scale_upper": 11.76578126731667, "rotation_probability": 0.34642284158569214, "scale_lower": 0.9692986843663498, "shear_upper": 16, "rotation_lower": -130, "augment_probability": 0.4112161287648376, "coarse_dropout_per_channel": 0.46525963789220404, "shear_probability": 0.025234917404913237, "pad_crop_lower": -0.03501526218734172, "pad_crop_upper": 0.24372493750397886, "elastic_transform_probability": 0.1761609717253444, "coarse_dropout_size_percent_upper": 0.18872554774872097, "coarse_dropout_upper": 0.18261766826105907, "scale_probability": 0.11429448865027125, "elastic_transform_alpha_lower": 1.2152213871837911, "elastic_transform_sigma": 0.7012536593750455, "elastic_transform_alpha_upper": 4.610617318611505}}