{"train_history": {"val_loss": [1.9328627380371093, 1.8950898555755615, 1.681212777709961, 1.1944022214889527, 1.0867825967788696, 0.8988279324531555, 0.9106163850784301, 0.8267838126182556, 0.8820893552780151, 1.0094822563171386, 0.839615868473053, 0.7970218238830566, 0.6979361018180847, 0.7662142606735229, 0.7478430970191956, 0.7131293818473816, 0.731507155418396, 0.8065495354652404, 0.8405553744316101, 0.6854840097427368, 0.6918152513504028, 0.8344588441848755, 0.7251341860771179, 0.7260846899986267, 0.7347592506408691, 0.6555262139320374, 0.7619511497497559, 0.666419137096405, 0.7707581041336059, 0.7416705755233765, 0.6820707801818847, 0.8092686896324157, 0.6817093654632569, 0.7141077763557434, 0.6522472635269165, 0.6669080063343048, 0.7397820651054382, 0.6435378935813904, 0.6729688028335571, 0.6618789140701294, 0.6277321001052857, 0.6641820012092591, 0.6542779506683349, 0.6092652850151062, 0.7803436336517334, 0.6568762214660645, 0.6833466194152832, 0.6462281289100646, 0.6726268197059632, 0.7274835502624512, 0.6362761402130127, 0.6884986917495728, 0.6351053764343262, 0.6648494077682495, 0.6894221506118774, 0.7260944957733154, 0.6253532083511353, 0.6285270556926728, 0.7179556504249572, 0.7160060116767883, 0.8143346263885498, 0.7028346672058106, 0.6412132645606995, 0.6670392733573913, 0.6563679355621338, 0.6707640911102295, 0.6907804844856262, 0.6902648270606995, 0.6574737187385559, 0.6557039371490478, 0.7022604223251343, 0.6659206117630004, 0.7131860314369202, 0.7611471713066101, 0.6926479334831238, 0.6883473579406738, 0.7029645318984985, 0.6803456543922425], "val_acc": [0.3196999997615814, 0.3368999997615814, 0.4339000001907349, 0.5734999992370605, 0.6148999999046326, 0.6826, 0.6837000001907348, 0.7114000007629394, 0.6942000004768372, 0.6661999999046325, 0.7045999992370605, 0.7299000004768371, 0.7586999992370606, 0.7333000000953674, 0.736700000667572, 0.7570000007629395, 0.7447000003814698, 0.7318000005722046, 0.7221999997138977, 0.7639999996185303, 0.761800000667572, 0.7321999995231628, 0.7599000003814698, 0.7593000007629395, 0.7604000006675721, 0.7839999995231628, 0.7527000007629394, 0.7769999996185303, 0.747700000667572, 0.759300000667572, 0.7762999998092651, 0.7396000001907349, 0.7787000003814697, 0.7747000005722046, 0.7837999999046326, 0.7848999994277954, 0.7708999996185303, 0.7946999998092651, 0.7825999999046326, 0.7884000001907349, 0.7947, 0.7974000001907349, 0.7857000002861023, 0.8025000004768371, 0.762199999332428, 0.7888000007629394, 0.7888999996185303, 0.7962000005722046, 0.7939000000953674, 0.7799999999046325, 0.7983000001907349, 0.7913999995231629, 0.7997000004768372, 0.7913999997138977, 0.7914999998092651, 0.7788999994277954, 0.8009000004768372, 0.8069000002861023, 0.7893999999046326, 0.786, 0.7681000000953674, 0.7861999997138978, 0.7993000004768371, 0.801300000667572, 0.7983000005722046, 0.7998000004768372, 0.7903999996185302, 0.7959000002861023, 0.8012, 0.7973999995231629, 0.7942000000953674, 0.8074000004768371, 0.7964000000953674, 0.784900000667572, 0.7931000005722046, 0.7981000003814698, 0.7921999996185303, 0.8009999998092652], "loss": [1.9113241464663775, 1.4436428898420088, 1.2600948550762274, 1.1770428189864526, 1.1186369084394896, 1.0722590616116157, 1.0390296639540257, 1.0163161143278465, 0.9393387222901369, 0.8826256210987384, 0.8953959682048895, 0.8578369571612432, 0.8244990286154624, 0.7964198199602274, 0.7801441290439703, 0.7804790246180999, 0.7732622256645789, 0.7661734124024709, 0.7295328974723816, 0.7218893414888626, 0.680225976384603, 0.7173189016488882, 0.6629995910020975, 0.6833093005877274, 0.6678758011414454, 0.6344383045648917, 0.6380575895309448, 0.6450197299321493, 0.6366101098366272, 0.6314136745073856, 0.5882832255118933, 0.5995010603696872, 0.5831692425104288, 0.5642692744731903, 0.586678391847855, 0.5973455672844862, 0.5461215919409043, 0.5617499087865536, 0.5561487430181259, 0.5623501760837359, 0.5504634315386797, 0.5198659167075769, 0.5260584247417939, 0.530149214160748, 0.5279441174024191, 0.5488461576975309, 0.5300814368021793, 0.5452510374478805, 0.5334483323953091, 0.5411546738483967, 0.5283833696291997, 0.4993714350156295, 0.5009817255613132, 0.5008890135930135, 0.5089772867086606, 0.500052823470189, 0.5012915138250742, 0.4922513465086619, 0.4844303337427286, 0.5106688604140893, 0.47368002358155376, 0.4965383421916228, 0.49200543493796617, 0.4816918694055997, 0.5046122207855567, 0.48979975015689164, 0.49209206417585033, 0.4812080061588532, 0.4464787752964558, 0.4702208233185304, 0.4690299385633224, 0.4577750406968288, 0.4605651612465198, 0.46168242929837644, 0.4898768357741527, 0.4730095202342058, 0.45031834833132917, 0.4913077820570041], "acc": [0.355869391025641, 0.48908253205128205, 0.5582682291666666, 0.5892427884615384, 0.6092748397435898, 0.6268028846153846, 0.6417017227564102, 0.6470352564102564, 0.6727514022435898, 0.6933343349358975, 0.6903295272435898, 0.7039012419871795, 0.7147686298076923, 0.7291165865384616, 0.7343499599358975, 0.7313451522435898, 0.7338241185897436, 0.737479967948718, 0.751777844551282, 0.7541566506410257, 0.7692808493589743, 0.7519781650641025, 0.7756660657051282, 0.7682041266025641, 0.7725110176282052, 0.7848056891025641, 0.7825520833333334, 0.7789463141025641, 0.7844801682692307, 0.7872345753205128, 0.802559094551282, 0.7989533253205128, 0.8051632612179487, 0.8097956730769231, 0.8014322916666666, 0.7982772435897436, 0.8186598557692307, 0.811698717948718, 0.8140775240384616, 0.8099959935897436, 0.8156300080128205, 0.826973157051282, 0.8249198717948718, 0.8247195512820513, 0.8239933894230769, 0.8171824919871795, 0.8224659455128205, 0.8183343349358975, 0.8222906650641025, 0.8182592147435898, 0.8226913060897436, 0.8336087740384616, 0.8333333333333334, 0.8325570913461539, 0.8326572516025641, 0.8324819711538461, 0.8346354166666666, 0.8361879006410257, 0.8394681490384616, 0.830879407051282, 0.8428986378205128, 0.8346854967948718, 0.8374148637820513, 0.8407451923076923, 0.8318058894230769, 0.8357872596153846, 0.8390925480769231, 0.8401692708333334, 0.8532401842948718, 0.8432992788461539, 0.8441256009615384, 0.8478816105769231, 0.8463040865384616, 0.8464543269230769, 0.8374148637820513, 0.8436247996794872, 0.8512620192307693, 0.8372646233974359]}, "validation_loss": 0.6803456402063369, "configs": {"coarse_dropout_lower": 0.09618080201146986, "augment_probability": 0.4112161287648376, "gaussian_noise_scale_lower": 9.042153752845827, "coarse_dropout_per_channel": 0.46525963789220404, "coarse_dropout_probability": 0.8700666778314724, "pad_crop_upper": 0.24372493750397886, "scale_lower": 0.9692986843663498, "elastic_transform_alpha_upper": 4.610617318611505, "gaussian_noise_scale_upper": 11.76578126731667, "elastic_transform_sigma": 0.7012536593750455, "rotation_upper": 4, "scale_upper": 1.4113617370112452, "elastic_transform_probability": 0.1761609717253444, "vertical_flip": 0.1635039829924506, "scale_probability": 0.11429448865027125, "gaussian_noise_probability": 0.5721768576867147, "pad_crop_lower": -0.03501526218734172, "shear_upper": 16, "shear_probability": 0.025234917404913237, "pad_crop_probability": 0.006038684422380425, "horizontal_flip": 0.8853328016421632, "rotation_probability": 0.34642284158569214, "coarse_dropout_size_percent_lower": 0.08887834511694198, "elastic_transform_alpha_lower": 1.2152213871837911, "shear_lower": -9, "coarse_dropout_size_percent_upper": 0.18872554774872097, "rotation_lower": -130, "coarse_dropout_upper": 0.18261766826105907}, "used_budget": 1787.3142647743225, "validation_error": 0.19899999999999995}