{"validation_error": 0.20079999999999998, "used_budget": 1782.5464208126068, "train_history": {"val_loss": [1.7387221603393554, 1.4764450302124024, 1.2025354007720948, 1.1193768657684326, 1.0364882808685303, 0.8910662472724915, 0.9779600334167481, 0.783710249710083, 0.8719525459289551, 1.050477278327942, 0.8788168126106263, 0.853313024520874, 0.8097303563117981, 0.6912768671035766, 0.7280419431686401, 0.8692463141441346, 0.6942369920730591, 0.7384473022460938, 0.849139951992035, 0.7478760933876037, 0.7068248452186584, 0.667686841583252, 0.7685419039726258, 0.6602108836174011, 0.6848867513656616, 0.6840991782188416, 0.795424679851532, 0.7443377369880676, 0.6155065956115723, 0.6842858304023742, 0.675339279460907, 0.6440102868080139, 0.6395257662773133, 0.7109394597053528, 0.7023107089996338, 0.690210629081726, 0.6693873776435852, 0.6301990453720093, 0.7233587968826294, 0.7944116820335388, 0.6688491857528687, 0.6437116770744323, 0.6575508243560791, 0.6613449640274048, 0.7097054124832153, 0.7729983635902404, 0.7523203965187073, 0.6468992599487304, 0.7047140073776245, 0.7379726668357849, 0.6802412893295288, 0.6575171718597412, 0.8258323121070862, 0.6316048652648926, 0.6998264216423035, 0.6689507544517517, 0.6399985840797424, 0.763108130645752, 0.6650475383758545, 0.709896870136261, 0.7123338066101074, 0.7017459251403808, 0.624367834186554, 0.6812288318634033, 0.7112306189537049, 0.7156154438972473, 0.6506280631065369, 0.6933454010009765, 0.6715488682746887, 0.6930971879005432, 0.6999338025093078, 0.659286524105072, 0.728513891506195, 0.6514413157463074, 0.6532646280288696, 0.642434191608429, 0.694039429473877, 0.6623786380767822, 0.6915312314987183], "loss": [1.8705826111328907, 1.398956230053535, 1.2301916143833063, 1.1511752253923662, 1.095039379138213, 1.046778754546092, 1.0014753601489923, 0.9894816523943192, 0.9345478117465973, 0.8857933015395434, 0.8871338252837841, 0.8559758158830496, 0.8197796069658719, 0.8105328931258275, 0.7780967331849612, 0.7820894641753955, 0.7600476245085398, 0.7704921937905825, 0.7269096236962539, 0.7225690270081545, 0.668676387041043, 0.7011125423969367, 0.6560468001243396, 0.6786915018008306, 0.64559283050207, 0.6460385880409143, 0.6504033486812543, 0.6319936857773707, 0.627820338958349, 0.6122633027724731, 0.5728209121869161, 0.5968397851937857, 0.5821206374810293, 0.5523765408075773, 0.5728038709897262, 0.589584407898096, 0.5582043280204138, 0.564787833354412, 0.5577671585174707, 0.5582596078897134, 0.5363797274155494, 0.5151674201091131, 0.5303043023898051, 0.5291195848049262, 0.5297417048460398, 0.5297497770725152, 0.5199568909712327, 0.5235005586575239, 0.5365293893294457, 0.5326071618459164, 0.519088171613522, 0.49916720122863084, 0.49839192170363206, 0.47969906184917843, 0.5010135582624338, 0.5034488164461576, 0.49577568624264157, 0.4962965727616579, 0.47860619540397936, 0.492163326495733, 0.48346191835709107, 0.48666982658398455, 0.4728941172361374, 0.4886507582970155, 0.48646903267273534, 0.49288316032825374, 0.48486624161402386, 0.46025859239773875, 0.44767417090061384, 0.4591295871979151, 0.4586004530772185, 0.4466110334182397, 0.46850118805200625, 0.45977227084147626, 0.48597386402961534, 0.46030392211217147, 0.44761121578705615, 0.47512703255201, 0.47654735965606493], "acc": [0.35411658653846156, 0.5040564903846154, 0.5683092948717948, 0.5962289663461539, 0.6168619791666666, 0.6352163461538461, 0.651191907051282, 0.6555989583333334, 0.6744791666666666, 0.6908804086538461, 0.6918569711538461, 0.703300280448718, 0.7164212740384616, 0.7217047275641025, 0.7309445112179487, 0.7294421073717948, 0.7382061298076923, 0.7352514022435898, 0.7521784855769231, 0.7507261618589743, 0.7734875801282052, 0.7591145833333334, 0.7770182291666666, 0.7673778044871795, 0.7809745592948718, 0.7822015224358975, 0.7796223958333334, 0.7860576923076923, 0.788261217948718, 0.7911658653846154, 0.8083934294871795, 0.7991286057692307, 0.8043619791666666, 0.8147285657051282, 0.8076171875, 0.8004056490384616, 0.8113231169871795, 0.811698717948718, 0.8111728766025641, 0.8114232772435898, 0.8223657852564102, 0.8282502003205128, 0.8230919471153846, 0.8247946714743589, 0.8242688301282052, 0.8234925881410257, 0.8281750801282052, 0.8240685096153846, 0.8198367387820513, 0.8215645032051282, 0.8252954727564102, 0.8340594951923077, 0.834159655448718, 0.8425230368589743, 0.8343850160256411, 0.8335086137820513, 0.8319060496794872, 0.8348858173076923, 0.8398938301282052, 0.8347105368589743, 0.8398938301282052, 0.8385667067307693, 0.8433743990384616, 0.8381660657051282, 0.8365134214743589, 0.8345602964743589, 0.8384164663461539, 0.8475560897435898, 0.8506860977564102, 0.8469300881410257, 0.8468800080128205, 0.8512620192307693, 0.8418469551282052, 0.8461788862179487, 0.8389423076923077, 0.8466546474358975, 0.8504356971153846, 0.8402443910256411, 0.8414963942307693], "val_acc": [0.3505999999046326, 0.46540000014305116, 0.5635999995231629, 0.6022000005722046, 0.6427999996185303, 0.6876999997138977, 0.6795999998092651, 0.7295999992370605, 0.7023999995231628, 0.6497999994277954, 0.7088999992370606, 0.7144999998092652, 0.7353999997138977, 0.7612000007629395, 0.7536999996185303, 0.7148999998092651, 0.766200000667572, 0.7526000005722046, 0.7257999997138977, 0.7463999995231628, 0.7699000004768372, 0.7783999997138977, 0.7461000000953675, 0.783499999332428, 0.7731000003814698, 0.7722999995231629, 0.7445000003814697, 0.7606999998092652, 0.7976999994277955, 0.7808999995231628, 0.782300000667572, 0.7909999993324279, 0.7892999996185303, 0.776300000667572, 0.781599999332428, 0.7826999995231628, 0.7878999995231628, 0.793799999332428, 0.780100000667572, 0.7628000007629394, 0.7930999996185303, 0.798100000667572, 0.7994999998092651, 0.7939999992370605, 0.7860999997138977, 0.7760000005722046, 0.7794999995231628, 0.8031, 0.7843000005722046, 0.7798999997138977, 0.7879999996185303, 0.8028000000953674, 0.7622, 0.8020000002861023, 0.7941999997138977, 0.7999, 0.7976999995231628, 0.7797000003814697, 0.7929999996185303, 0.7936999995231628, 0.7938000007629394, 0.7950999999046325, 0.8161000004768372, 0.7976999994277955, 0.7886000005722046, 0.7851999995231629, 0.804799999332428, 0.7998999992370606, 0.7942999998092651, 0.7942999999046325, 0.7986000003814697, 0.7989999996185303, 0.787699999332428, 0.8006999992370606, 0.8056999997138977, 0.8055000007629395, 0.8007000002861023, 0.8045000001907349, 0.7991999994277954]}, "validation_loss": 0.6915312228679656, "configs": {"coarse_dropout_probability": 0.8700666778314724, "pad_crop_probability": 0.006038684422380425, "rotation_probability": 0.34642284158569214, "vertical_flip": 0.1635039829924506, "gaussian_noise_scale_lower": 9.042153752845827, "coarse_dropout_size_percent_upper": 0.18872554774872097, "rotation_lower": -130, "coarse_dropout_upper": 0.18261766826105907, "shear_lower": -9, "elastic_transform_probability": 0.1761609717253444, "shear_upper": 16, "horizontal_flip": 0.8853328016421632, "pad_crop_lower": -0.03501526218734172, "coarse_dropout_lower": 0.09618080201146986, "coarse_dropout_per_channel": 0.46525963789220404, "gaussian_noise_scale_upper": 11.76578126731667, "coarse_dropout_size_percent_lower": 0.08887834511694198, "augment_probability": 0.4112161287648376, "gaussian_noise_probability": 0.5721768576867147, "elastic_transform_sigma": 0.7012536593750455, "shear_probability": 0.025234917404913237, "rotation_upper": 4, "scale_upper": 1.4113617370112452, "scale_lower": 0.9692986843663498, "scale_probability": 0.11429448865027125, "elastic_transform_alpha_lower": 1.2152213871837911, "pad_crop_upper": 0.24372493750397886, "elastic_transform_alpha_upper": 4.610617318611505}}