{"configs": {"gaussian_noise_probability": 0.5721768576867147, "coarse_dropout_upper": 0.18261766826105907, "coarse_dropout_probability": 0.8700666778314724, "pad_crop_probability": 0.006038684422380425, "scale_upper": 1.4113617370112452, "coarse_dropout_size_percent_lower": 0.08887834511694198, "gaussian_noise_scale_upper": 11.76578126731667, "elastic_transform_probability": 0.1761609717253444, "pad_crop_lower": -0.03501526218734172, "gaussian_noise_scale_lower": 9.042153752845827, "scale_probability": 0.11429448865027125, "elastic_transform_alpha_lower": 1.2152213871837911, "scale_lower": 0.9692986843663498, "shear_lower": -9, "rotation_lower": -130, "vertical_flip": 0.1635039829924506, "elastic_transform_sigma": 0.7012536593750455, "augment_probability": 0.4112161287648376, "shear_probability": 0.025234917404913237, "elastic_transform_alpha_upper": 4.610617318611505, "coarse_dropout_size_percent_upper": 0.18872554774872097, "shear_upper": 16, "coarse_dropout_lower": 0.09618080201146986, "pad_crop_upper": 0.24372493750397886, "rotation_probability": 0.34642284158569214, "coarse_dropout_per_channel": 0.46525963789220404, "horizontal_flip": 0.8853328016421632, "rotation_upper": 4}, "validation_error": 0.20079999999999998, "validation_loss": 0.6853113404512405, "train_history": {"val_loss": [1.742057869720459, 1.7209859003067016, 1.3324822137832641, 1.0340983194351197, 0.9998384237289428, 0.9403448642730713, 0.8981256135940552, 1.071697388458252, 0.906544867515564, 0.8354276720046997, 0.8488840492248535, 0.7856787009239197, 0.8471309727668762, 0.8462192912101746, 0.786699990940094, 0.8376278204917907, 0.7673060503959656, 0.7696343490600586, 0.7452843616485596, 0.7070439489364624, 0.7192508484840393, 0.7699045082092285, 0.7364897344589233, 0.6875227390289307, 0.6990565460205078, 0.6736047220230102, 0.6716746308326721, 0.7102732300758362, 0.7187259943962098, 0.6372138951301575, 0.8931584112167359, 0.6649988990783692, 0.7319640118598938, 0.783329733467102, 0.6702666485786438, 0.7181623250007629, 0.7030731221199036, 0.6777779086112976, 0.6739996030807495, 0.6544348528862, 0.6633123677253723, 0.6903815420150757, 0.7768509885787964, 0.7215632604598999, 0.6947509979248047, 0.714188259601593, 0.7096786284446717, 0.8404465209007264, 0.7347015389442444, 0.6696623265266418, 0.6555884441375732, 0.7068655206680298, 0.6353023341178894, 0.6457937601089477, 0.6848495666503907, 0.6657766745567322, 0.6596339149475098, 0.6948634056091308, 0.6657302875518799, 0.6567553003311157, 0.6235958582878113, 0.6883329690933228, 0.6279976219177246, 0.7168972703933716, 0.6703143139839173, 0.6338709134101868, 0.710663260936737, 0.7551579794883728, 0.618182205581665, 0.6987824572563172, 0.6495560885429382, 0.6791802469253541, 0.7559332288742066, 0.7425581535339355, 0.7268630016326905, 0.6768351987838745, 0.6939786667823792, 0.6778116379737854, 0.6218251194953919, 0.6853113552093506], "loss": [1.985597775532649, 1.461658428876828, 1.2886242178770213, 1.2025490342042384, 1.124655110713763, 1.0585248783612862, 1.046104846856533, 1.0263665509529603, 0.9509698106692388, 0.9039034209190271, 0.8899535804222791, 0.8627412426166046, 0.834207670046733, 0.8186849042391166, 0.7872625986735026, 0.797967981833678, 0.7651290144675817, 0.7843649670099601, 0.747684291540048, 0.7249033275323037, 0.6871787630594693, 0.7111830566173944, 0.675011348265868, 0.685586392115324, 0.6493114393491012, 0.6661324990101349, 0.6498665236509763, 0.6551281565274948, 0.6259136077685233, 0.644643804965875, 0.5868702897658715, 0.6013825275959113, 0.5871443771398984, 0.5673665033701139, 0.5706228690269666, 0.592506882471916, 0.5562294545846108, 0.5686256457597781, 0.5497411218209144, 0.5715456337500842, 0.5406031688818564, 0.5181455107835623, 0.5317889730899762, 0.5371844917535782, 0.5259677118215805, 0.5438082691950675, 0.5253559339504975, 0.5227873283318984, 0.5379550537237754, 0.5430427911954049, 0.5323938628037771, 0.5056641105657969, 0.5099122837567941, 0.4862321431820209, 0.5040607780982287, 0.5143270458166416, 0.5021748550427265, 0.5017758852396256, 0.49282406385128313, 0.49211633358246243, 0.48131098655553967, 0.48481698678090024, 0.5029111130115314, 0.4807884918573575, 0.4926233574365958, 0.49285468268088806, 0.4831918252584262, 0.4660490766549722, 0.45408437840449506, 0.45577275791229344, 0.4689358656223004, 0.43602249561212003, 0.46746859145470154, 0.465436591169773, 0.49509458587719846, 0.4556438021170787, 0.450448466417117, 0.4875987928647261, 0.4761957373374548, 0.4426578042598871], "val_acc": [0.33780000019073486, 0.3781000001430512, 0.5331000000953674, 0.6346000007629394, 0.6475999995231628, 0.6754999999046326, 0.6898000005722046, 0.6492000002861023, 0.6898999992370606, 0.7100999995231628, 0.7134999996185303, 0.7286999996185303, 0.7122000005722046, 0.717000000667572, 0.738000000667572, 0.726299999332428, 0.7388999995231629, 0.7423999995231628, 0.7507999997138977, 0.7616999994277954, 0.7606999995231628, 0.748100000667572, 0.7531999995231629, 0.777200000667572, 0.7699000004768372, 0.7793000007629395, 0.7774000002861023, 0.766300000667572, 0.7701999998092651, 0.786900000667572, 0.718700000667572, 0.7852999995231629, 0.769199999332428, 0.7593000002861023, 0.7875999994277955, 0.7742000003814697, 0.7753999999046326, 0.7803999999046326, 0.7877000003814697, 0.7876000000953675, 0.7941000002861023, 0.7847000006675721, 0.7746000003814697, 0.7733000003814697, 0.7824000005722046, 0.7789999997138977, 0.7921000007629394, 0.7548999997138977, 0.7755000007629395, 0.7943000001907349, 0.7930999992370605, 0.7834000003814697, 0.799399999332428, 0.8066000004768371, 0.7883000007629395, 0.7994999995231629, 0.7959999994277954, 0.7899000003814697, 0.7934999996185302, 0.7994999998092651, 0.8043999995231629, 0.7959999995231628, 0.799899999332428, 0.7927999998092652, 0.8012999998092651, 0.8065999994277954, 0.7838999994277954, 0.7896999994277955, 0.8075000007629395, 0.7942999997138978, 0.8029999994277954, 0.7971999995231629, 0.791399999332428, 0.7830000000953674, 0.7928000000953674, 0.8003999997138977, 0.7931999995231629, 0.7999000007629394, 0.8105999997138977, 0.7991999996185303], "acc": [0.3291516426282051, 0.47996794871794873, 0.5469000400641025, 0.5803535657051282, 0.6076973157051282, 0.6311097756410257, 0.6375951522435898, 0.6441055689102564, 0.6716746794871795, 0.6872746394230769, 0.6928585737179487, 0.7042017227564102, 0.7119140625, 0.7153195112179487, 0.728340344551282, 0.7266125801282052, 0.7398337339743589, 0.7298427483974359, 0.7426131810897436, 0.7509515224358975, 0.7663511618589743, 0.7571614583333334, 0.768729967948718, 0.7680538862179487, 0.779121594551282, 0.7740885416666666, 0.7774439102564102, 0.7785206330128205, 0.7890124198717948, 0.7841296073717948, 0.8013070913461539, 0.7952724358974359, 0.8042618189102564, 0.8117237580128205, 0.8109224759615384, 0.8001802884615384, 0.8141526442307693, 0.8084685496794872, 0.817558092948718, 0.8081430288461539, 0.8198617788461539, 0.8264222756410257, 0.8225160256410257, 0.8204126602564102, 0.8226412259615384, 0.8189853766025641, 0.8238181089743589, 0.8247946714743589, 0.8177584134615384, 0.8187850560897436, 0.8213391426282052, 0.8313050881410257, 0.8308293269230769, 0.8387419871794872, 0.8336338141025641, 0.8284254807692307, 0.8315554887820513, 0.8328826121794872, 0.8364132612179487, 0.8381660657051282, 0.8423978365384616, 0.8392177483974359, 0.8333583733974359, 0.8402944711538461, 0.8371644631410257, 0.8353114983974359, 0.8394681490384616, 0.8450020032051282, 0.8491085737179487, 0.8486328125, 0.8438251201923077, 0.8548427483974359, 0.8440004006410257, 0.8445012019230769, 0.8338842147435898, 0.8503104967948718, 0.8499348958333334, 0.8379907852564102, 0.83984375, 0.8524889823717948]}, "used_budget": 1787.4158363342285}