{"train_history": {"acc": [0.36996694711538464, 0.5034805689102564, 0.568534655448718, 0.5934995993589743, 0.6203675881410257, 0.6339893830128205, 0.6434044471153846, 0.6587039262820513, 0.6831931089743589, 0.7001201923076923, 0.6993439503205128, 0.7042017227564102, 0.7144180689102564, 0.7216796875, 0.7309695512820513, 0.7366035657051282, 0.7492988782051282, 0.7434895833333334, 0.7535556891025641, 0.7513521634615384, 0.763671875, 0.7660256410256411, 0.7767928685897436, 0.7694561298076923, 0.7881610576923077, 0.7859825721153846, 0.784980969551282, 0.7927183493589743, 0.7874348958333334, 0.7941706730769231, 0.8062900641025641, 0.7995042067307693, 0.8112479967948718, 0.8085186298076923, 0.8043369391025641, 0.8089693509615384, 0.8170072115384616, 0.8142277644230769, 0.8123747996794872, 0.814277844551282, 0.8198868189102564, 0.8259715544871795, 0.832832532051282, 0.8271233974358975, 0.8216396233974359, 0.8153796073717948, 0.8295272435897436, 0.8257962740384616, 0.828300280448718, 0.821464342948718, 0.8252453926282052, 0.8317307692307693, 0.8321814903846154, 0.8360376602564102, 0.8351862980769231, 0.8414463141025641, 0.8293770032051282, 0.8443008814102564, 0.8404447115384616, 0.8351612580128205, 0.8426482371794872, 0.8341095753205128, 0.8385667067307693, 0.8424228766025641, 0.8362129407051282, 0.8422225560897436, 0.8405949519230769, 0.8342347756410257, 0.8485326522435898, 0.8475560897435898, 0.8499849759615384, 0.8500350560897436, 0.8519130608974359, 0.8495843349358975, 0.8391175881410257], "loss": [1.8325643294896834, 1.3980615918452923, 1.2238284792655554, 1.1580364948663957, 1.0872415449374762, 1.0468893524927971, 1.0199864590779328, 0.9836603135634692, 0.9161257010239822, 0.8653154495434884, 0.8684109915525485, 0.8580881250210297, 0.8306134259089445, 0.8068405901774381, 0.7811065965738052, 0.7705991917695755, 0.7366392451983231, 0.754674616532448, 0.7211058185650752, 0.729226413445595, 0.6896351461227124, 0.6843854517508776, 0.6629353983279986, 0.6740889778504005, 0.6279529134432474, 0.6297784336866477, 0.634577425244527, 0.6114697525134454, 0.6265425429894373, 0.6202199699786993, 0.5731080823983902, 0.5970706851818622, 0.5624066572158765, 0.5734715862916067, 0.5850499291450549, 0.5674560711934016, 0.5498433949855658, 0.5560236737514154, 0.5605676770210266, 0.55284978220096, 0.5414040948335941, 0.5204251045599962, 0.494392440869258, 0.524334735977344, 0.5296863233431791, 0.5476488199753639, 0.5148340601187485, 0.5209410714033322, 0.5171585912123705, 0.5357275372132276, 0.5254397839307785, 0.5036698824320084, 0.4965633417551334, 0.49103044814024216, 0.49307466890567386, 0.47635871936113405, 0.5145601037985239, 0.47144276935320634, 0.48165877086993975, 0.4887431993698462, 0.470042639817947, 0.4966904796086825, 0.4857451950128262, 0.47402591353807694, 0.49445531689203703, 0.4776804718451622, 0.4785811423491209, 0.49367894576146054, 0.4561970321795879, 0.459405548679523, 0.4512061438499353, 0.4542245230613611, 0.4469349957429446, 0.4573545910609074, 0.4848179920361592], "val_loss": [2.0088738027572632, 2.0888804571151733, 1.3925197620391845, 1.15080216217041, 1.0472313119888306, 0.8575314620018005, 0.8754972605705261, 0.8928278280258178, 0.7940845403671265, 0.7679106468200684, 0.7903298334121704, 0.8192448280334472, 0.8118674314498902, 0.7424456760406494, 0.7691258909225464, 0.7272736328125, 0.7832500761032104, 0.8341962989807129, 0.6903735259056091, 0.73789372215271, 0.7163005734443665, 0.6659877256393433, 0.7539520383834839, 0.6300316121101379, 0.7083655705451966, 0.6565381232261658, 0.7123371559143067, 0.6877929664611816, 0.6757407402038574, 0.7275736295700074, 0.6944614283561706, 0.6670794885635376, 0.670148949432373, 0.776226928806305, 0.6641876154899597, 0.7904074469566346, 0.7192625480651855, 0.714115371799469, 0.7755880790710449, 0.6579046513557434, 0.673009061050415, 0.7150452040672303, 0.6491977823257447, 0.7588318836212158, 0.6660617572784424, 0.6488194450378418, 0.7076768673896789, 0.747762832069397, 0.7013780919075012, 0.8035168364524842, 0.7339709114074707, 0.7199084119796753, 0.6859995098114013, 0.698464740562439, 0.7096403115272522, 0.6612268062591553, 0.6930741111755371, 0.7124323689460754, 0.6586533597946167, 0.7961552361488342, 0.6632544805526733, 0.7016713690757751, 0.6460507098197937, 0.6343791379928588, 0.6877437353134155, 0.6771321197509765, 0.667009381389618, 0.7396889495849609, 0.675948173236847, 0.6814458652496338, 0.6899106693267822, 0.6751086730003357, 0.664312731552124, 0.6873227220535278, 0.6798065577507019], "val_acc": [0.27970000038146975, 0.32739999980926515, 0.5170999998092651, 0.5951000002861023, 0.6453, 0.6995999998092651, 0.6927000002861023, 0.6960000005722046, 0.7237000001907349, 0.7355000002861023, 0.7267999998092651, 0.719400000667572, 0.7125000001907349, 0.7464999998092652, 0.7368000004768371, 0.7474, 0.7350000005722046, 0.7292000007629394, 0.7617000001907349, 0.7519000007629395, 0.7587000002861023, 0.776399999332428, 0.7536, 0.7850000005722045, 0.7649000007629394, 0.7770000005722046, 0.7654000002861023, 0.7774999997138977, 0.7706999997138977, 0.7688, 0.7766999997138977, 0.7812000003814698, 0.7828999995231628, 0.7600000004768371, 0.7850999992370605, 0.7580000002861023, 0.7676999994277954, 0.7859000001907349, 0.7629999999046325, 0.7939999995231628, 0.7845999997138977, 0.7728000001907349, 0.7880000005722045, 0.7710000007629395, 0.793099999332428, 0.7984000003814697, 0.7827000004768372, 0.777599999332428, 0.7873000001907349, 0.7661000005722046, 0.7787000001907348, 0.7841999999046325, 0.7950999995231628, 0.7882000004768371, 0.7936999992370606, 0.7979999995231628, 0.7887000003814697, 0.7840000004768372, 0.8020999992370605, 0.7705999994277954, 0.7975000003814697, 0.7908999993324279, 0.7968999997138977, 0.8035, 0.7996000005722046, 0.7931000004768372, 0.8018999994277954, 0.7836000000953675, 0.8015000007629395, 0.7946000007629395, 0.7983999997138977, 0.8054999994277954, 0.8042999994277954, 0.8009999997138977, 0.7992999999046325]}, "validation_error": 0.2007, "configs": {"rotation_probability": 0.34642284158569214, "coarse_dropout_size_percent_upper": 0.18872554774872097, "vertical_flip": 0.1635039829924506, "rotation_upper": 4, "coarse_dropout_upper": 0.18261766826105907, "shear_upper": 16, "elastic_transform_sigma": 0.7012536593750455, "pad_crop_lower": -0.03501526218734172, "gaussian_noise_scale_upper": 11.76578126731667, "shear_probability": 0.025234917404913237, "coarse_dropout_per_channel": 0.46525963789220404, "elastic_transform_alpha_lower": 1.2152213871837911, "shear_lower": -9, "scale_lower": 0.9692986843663498, "coarse_dropout_size_percent_lower": 0.08887834511694198, "pad_crop_probability": 0.006038684422380425, "pad_crop_upper": 0.24372493750397886, "rotation_lower": -130, "coarse_dropout_lower": 0.09618080201146986, "augment_probability": 0.4112161287648376, "gaussian_noise_scale_lower": 9.042153752845827, "scale_upper": 1.4113617370112452, "elastic_transform_probability": 0.1761609717253444, "horizontal_flip": 0.8853328016421632, "elastic_transform_alpha_upper": 4.610617318611505, "coarse_dropout_probability": 0.8700666778314724, "scale_probability": 0.11429448865027125, "gaussian_noise_probability": 0.5721768576867147}, "validation_loss": 0.679806549835205, "used_budget": 1794.2821264266968}