{"validation_error": 0.2106, "train_history": {"val_loss": [1.963629351234436, 1.5358508083343505, 1.1770359397888184, 1.1558219940185548, 1.0226841468811034, 0.9079241107940674, 0.8553863808631897, 0.895437769317627, 0.88935951461792, 0.7745625263214111, 0.9706792134284973, 0.8243060884475708, 0.7392370836257934, 0.8331042616844178, 0.674014238834381, 0.7346954796791076, 0.7096172693252564, 0.7684313491821289, 0.6751033586502075, 0.6809418016433716, 0.6791615547180175, 0.724671147441864, 0.8171640440940857, 0.7696827443122863, 0.6830690205574036, 0.7915222951889038, 0.7608273198127746, 0.7782724221229553, 0.6388866891860961, 0.6660229383468628, 0.7479135051727295, 0.7056271018981933, 0.8059997405052185, 0.7194120728492737, 0.6860948122978211, 0.7858511984825134, 0.6767044672012329, 0.7310504631996155, 0.6619100267410278, 0.6656624214172363, 0.6867846858978272, 0.6387186958312988, 0.7902869768142701, 0.6585268639564514, 0.8067144914627076, 0.7145381322860718, 0.6162697917938232, 0.6865878273010254, 0.7514526106834412, 0.7420786685943603, 0.6508054467201233, 0.6846598502159119, 0.678198058795929, 0.6405051141738891, 0.6607193809509277, 0.6586071254730225, 0.6565818168640136, 0.6316375540733338, 0.687052661895752, 0.7767686979293823, 0.6741045601844787, 0.6176175055503845, 0.6996783517837525, 0.726399840259552, 0.7370416844367981, 0.6143847178459168, 0.6690115476608276, 0.6512536170959473, 0.6959801893234253, 0.8067380592346192, 0.7011973112106323, 0.6525519231796265, 0.718864560508728, 0.7125039086341858, 0.7332469507217407], "acc": [0.3438000801282051, 0.4830478766025641, 0.5484274839743589, 0.5782752403846154, 0.6061698717948718, 0.6202173477564102, 0.6372696314102564, 0.6412259615384616, 0.6708233173076923, 0.6835436698717948, 0.6828926282051282, 0.7022235576923077, 0.7110126201923077, 0.7112129407051282, 0.7191005608974359, 0.7262369791666666, 0.7366035657051282, 0.7305438701923077, 0.7438401442307693, 0.7533553685897436, 0.7654747596153846, 0.7592648237179487, 0.7645232371794872, 0.763671875, 0.7833032852564102, 0.7806239983974359, 0.7763171073717948, 0.7866336137820513, 0.7822015224358975, 0.7868840144230769, 0.8036608573717948, 0.7946714743589743, 0.8087439903846154, 0.8060146233974359, 0.8035857371794872, 0.8056891025641025, 0.8137520032051282, 0.8086688701923077, 0.8137770432692307, 0.8120492788461539, 0.8108223157051282, 0.8212139423076923, 0.8327073317307693, 0.8206380208333334, 0.8231420272435898, 0.8134264823717948, 0.8258213141025641, 0.8196614583333334, 0.8236678685897436, 0.8169571314102564, 0.826973157051282, 0.825020032051282, 0.8350861378205128, 0.8324068509615384, 0.8348357371794872, 0.837890625, 0.8276742788461539, 0.8404947916666666, 0.8353866185897436, 0.8343850160256411, 0.8420222355769231, 0.8352864583333334, 0.8384415064102564, 0.8391175881410257, 0.8361879006410257, 0.8396434294871795, 0.8400440705128205, 0.8307542067307693, 0.8469050480769231, 0.8443509615384616, 0.8440504807692307, 0.8477564102564102, 0.8516626602564102, 0.8469551282051282, 0.8373397435897436], "loss": [1.9893303528810158, 1.445967510724679, 1.2846842255347815, 1.2075479810054486, 1.130942824559334, 1.091608071174377, 1.0459529772782936, 1.0240304599969814, 0.9540173785808759, 0.91270834283951, 0.9129904615573394, 0.8629663410859231, 0.8408951384898944, 0.8370488293659992, 0.810519916124833, 0.7931019449845339, 0.7678394799049084, 0.780595057285749, 0.746223672078206, 0.7239561287256387, 0.6944161852200826, 0.7050532973729647, 0.6873985429604849, 0.6934637618370545, 0.6394098286445324, 0.6479733899617807, 0.656961528918682, 0.6307807759596751, 0.6391213291730636, 0.6331090315794333, 0.590268706664061, 0.613943643294848, 0.5657928513410764, 0.5784177684631103, 0.5829342351509974, 0.5763405217574193, 0.5582267733720633, 0.570524234802295, 0.5605701590195681, 0.5588134217720765, 0.5612643395478909, 0.5315817254476058, 0.5051281608832188, 0.5383428518588727, 0.5297817767430575, 0.5571517898486211, 0.5215087869228461, 0.5389457983084214, 0.5282904394926169, 0.5504716027241486, 0.5176148559802618, 0.5210340699324241, 0.4892671142633145, 0.498303553996942, 0.4959659144664422, 0.4848632682592441, 0.5141315360864004, 0.4752804403885817, 0.495973133123838, 0.49863846676471907, 0.47768026743179715, 0.49810370000509113, 0.4879974451584694, 0.4788428525894116, 0.48935052905327237, 0.48320970512353456, 0.48213113959019, 0.5059106514239923, 0.45223068503233105, 0.4624602022843483, 0.4652690344896072, 0.45476543750518406, 0.4468941849011641, 0.46009709361271983, 0.48778955753032976], "val_acc": [0.3278000002384186, 0.46119999961853025, 0.5822999997138977, 0.5982000007629394, 0.6388000002861023, 0.6805000005722046, 0.7033999999046325, 0.6849, 0.6883999995231629, 0.7330999995231628, 0.6729999992370606, 0.7138999997138977, 0.7464, 0.7181, 0.7674999992370606, 0.7533999992370606, 0.7611999992370605, 0.7426000007629394, 0.7685000003814697, 0.7670999997138978, 0.770299999332428, 0.763200000667572, 0.7369999992370605, 0.7514999998092652, 0.7718999997138977, 0.7432000000953675, 0.7447999997138977, 0.7487000003814698, 0.7870999992370605, 0.7848999992370606, 0.7583999998092651, 0.7744999995231628, 0.7540000005722046, 0.7723999995231629, 0.7802000005722046, 0.7596000007629394, 0.7872000000953674, 0.7709999992370605, 0.7899999997138977, 0.7892000004768371, 0.7830999996185303, 0.7922999995231629, 0.7613, 0.7938999995231628, 0.7603000005722046, 0.7801999992370605, 0.8039000000953674, 0.7900999992370605, 0.7780000007629394, 0.775800000667572, 0.7937999996185303, 0.7890000001907349, 0.7955, 0.8010999998092652, 0.8002000003814698, 0.7976000000953675, 0.7999000000953674, 0.8067000002861023, 0.7918000000953674, 0.7649999998092651, 0.8028000003814697, 0.8056000004768371, 0.7927000001907348, 0.7875999999046326, 0.7868999994277954, 0.8130000002861023, 0.8039000005722046, 0.8053000000953674, 0.7990000002861023, 0.7692000002861022, 0.7892, 0.8047000002861023, 0.7929, 0.7987, 0.7893999996185302]}, "validation_loss": 0.7332469477176666, "configs": {"pad_crop_lower": -0.03501526218734172, "vertical_flip": 0.1635039829924506, "gaussian_noise_probability": 0.5721768576867147, "shear_upper": 16, "shear_lower": -9, "scale_lower": 0.9692986843663498, "elastic_transform_alpha_lower": 1.2152213871837911, "pad_crop_upper": 0.24372493750397886, "elastic_transform_probability": 0.1761609717253444, "augment_probability": 0.4112161287648376, "coarse_dropout_upper": 0.18261766826105907, "horizontal_flip": 0.8853328016421632, "coarse_dropout_lower": 0.09618080201146986, "pad_crop_probability": 0.006038684422380425, "coarse_dropout_per_channel": 0.46525963789220404, "gaussian_noise_scale_lower": 9.042153752845827, "rotation_lower": -130, "elastic_transform_sigma": 0.7012536593750455, "scale_upper": 1.4113617370112452, "gaussian_noise_scale_upper": 11.76578126731667, "rotation_probability": 0.34642284158569214, "elastic_transform_alpha_upper": 4.610617318611505, "rotation_upper": 4, "scale_probability": 0.11429448865027125, "shear_probability": 0.025234917404913237, "coarse_dropout_probability": 0.8700666778314724, "coarse_dropout_size_percent_lower": 0.08887834511694198, "coarse_dropout_size_percent_upper": 0.18872554774872097}, "used_budget": 1797.2613308429718}