{"validation_loss": 0.6934676265716553, "train_history": {"val_loss": [2.050863172149658, 1.677887408065796, 1.5870028392791748, 1.2417037687301635, 0.9110917243957519, 0.9961306928634643, 0.9515473754882813, 1.0222849809646606, 0.9029695790290833, 0.7754881325721741, 0.7281530252456665, 0.7320874095916748, 0.7115655891418458, 0.7490634407043457, 0.6933358157157898, 0.6963479515075683, 0.7771941094398499, 0.6950687697410584, 0.7179863718986511, 0.6801428718566894, 0.6584621556282043, 0.6230598294258117, 0.6479625867843628, 0.659812377166748, 0.6607231216430665, 0.7778883856773376, 0.710573524093628, 0.7898235104560852, 0.6551365517616272, 0.7123828668594361, 0.8602342389106751, 0.678283493423462, 0.6552631965637207, 0.702908194732666, 0.630901342868805, 0.770782567024231, 0.8322929012298584, 0.6773469354629517, 0.6579870044708251, 0.6667576818466187, 0.6563844702720643, 0.6530142919540405, 0.6618824878692627, 0.8175297359466552, 0.7630842555999756, 0.6480464655876159, 0.6963189033508301, 0.6838992939949036, 0.6360007748603821, 0.6479291213989258, 0.6438357892036438, 0.7116980827331543, 0.6974694192886353, 0.6735291135787964, 0.6236922863960266, 0.6759808362960815, 0.6287637232780456, 0.6506066478729248, 0.673224878501892, 0.6212915656089782, 0.6320200375556946, 0.6923311718940734, 0.6320962067604065, 0.6146305769920349, 0.6785537462234497, 0.6245710357666016, 0.6360029910087586, 0.6452045780181884, 0.6928902735710144, 0.6697613916397095, 0.6636591848373413, 0.6687975043296814, 0.6334249011039734, 0.6630436509132386, 0.6827669577598572, 0.6908726810455322, 0.6291745872497558, 0.7026568017005921, 0.6934676080703736], "acc": [0.3554437099358974, 0.498046875, 0.5677834535256411, 0.5897435897435898, 0.6177884615384616, 0.6287810496794872, 0.6467598157051282, 0.6512419871794872, 0.6810897435897436, 0.6911308092948718, 0.6881260016025641, 0.7049779647435898, 0.7182992788461539, 0.7153445512820513, 0.7366035657051282, 0.7344000400641025, 0.7391576522435898, 0.7354016426282052, 0.7513020833333334, 0.7534555288461539, 0.7706330128205128, 0.7601913060897436, 0.7667267628205128, 0.7680538862179487, 0.7827774439102564, 0.7836037660256411, 0.7817508012820513, 0.7831029647435898, 0.7896634615384616, 0.7887870592948718, 0.8041115785256411, 0.7986027644230769, 0.8048377403846154, 0.8121243990384616, 0.80859375, 0.8061648637820513, 0.8184094551282052, 0.8121744791666666, 0.8151292067307693, 0.8130759214743589, 0.8151542467948718, 0.8237429887820513, 0.8276993189102564, 0.8230418669871795, 0.8197616185897436, 0.8182091346153846, 0.8226161858974359, 0.827323717948718, 0.8188100961538461, 0.8225661057692307, 0.8227163461538461, 0.8362880608974359, 0.8309294871794872, 0.8404947916666666, 0.8345853365384616, 0.8298026842948718, 0.8370392628205128, 0.8363381410256411, 0.8386668669871795, 0.8355618990384616, 0.837890625, 0.8365134214743589, 0.8389673477564102, 0.8377654246794872, 0.8351612580128205, 0.8393679887820513, 0.8369641426282052, 0.8460536858974359, 0.8485326522435898, 0.847831530448718, 0.8471304086538461, 0.8543669871794872, 0.843574719551282, 0.8462289663461539, 0.8341095753205128, 0.8460536858974359, 0.8489332932692307, 0.8404196714743589, 0.8440004006410257], "val_acc": [0.24759999985694886, 0.4066000002384186, 0.4349999999523163, 0.5647000003814697, 0.6892000002861023, 0.6702999996185303, 0.6760999998092652, 0.6656999992370606, 0.6954000002861023, 0.7383999994277954, 0.7542999994277955, 0.7539000002861023, 0.7563000004768372, 0.7521000003814697, 0.7675000004768372, 0.7668000004768372, 0.7456999997138977, 0.7633000001907349, 0.7630000001907349, 0.7748000001907349, 0.7771000002861023, 0.7930999999046325, 0.7834999994277954, 0.7818999996185303, 0.7838999994277954, 0.7539999999046326, 0.7718000007629394, 0.7574000004768372, 0.7861999998092651, 0.7757000005722046, 0.7473999999046326, 0.7790000002861023, 0.7840999999046325, 0.782199999332428, 0.8017999994277955, 0.7621000002861023, 0.7521999996185302, 0.7888000005722046, 0.7943999997138977, 0.7891999994277954, 0.7890999996185303, 0.8001999995231629, 0.7970999995231628, 0.7615000001907348, 0.7713000001907349, 0.7995999992370606, 0.7903999997138977, 0.795299999332428, 0.8069, 0.7980999996185303, 0.8030999998092652, 0.7810000007629394, 0.7941999992370605, 0.795299999332428, 0.806399999332428, 0.7963999995231629, 0.8108999996185303, 0.8011999996185303, 0.7978999994277954, 0.8072999997138977, 0.8065999997138977, 0.7993999998092651, 0.8071, 0.8106999994277954, 0.797899999332428, 0.8133999997138978, 0.8049000006675721, 0.8085999992370605, 0.7956999992370606, 0.7988999996185303, 0.806899999332428, 0.8043999995231629, 0.8129999998092652, 0.8001999994277954, 0.8067000005722046, 0.8048999992370606, 0.8112999999046325, 0.7897999992370606, 0.8010999992370605], "loss": [1.8730063270299862, 1.4137072563171387, 1.2395073557511354, 1.1669100431295543, 1.0932691800288665, 1.064129154651593, 1.0156125525633495, 1.0053176069870973, 0.9130092836343325, 0.8894244799247155, 0.893013915954492, 0.8527538279692332, 0.8166668636676593, 0.8216280715587811, 0.7735446179524447, 0.7683951839422568, 0.7576822050106831, 0.7734858210270221, 0.7218220554865323, 0.7209736406803131, 0.6721214606211736, 0.7012153206727444, 0.6869857578705518, 0.6772586237161587, 0.6438825604243156, 0.6366431216398875, 0.6401013754881345, 0.6359101067750882, 0.6218174489644858, 0.6243352370384412, 0.5787961303423612, 0.5980121497160349, 0.5777188719083102, 0.5613439686787434, 0.5627395915679443, 0.5780082054627247, 0.548900843048707, 0.5555735127283976, 0.55070694287618, 0.5569387475649515, 0.5501414674978989, 0.5242325369364176, 0.5187049901638275, 0.5292284076030438, 0.5392454587496244, 0.539823062144793, 0.5290560806408907, 0.5208483426234661, 0.5396361335729941, 0.533303337983596, 0.5289940131016266, 0.4939861637659562, 0.5080837871019657, 0.47868164838888705, 0.4989628180479392, 0.5106436270169723, 0.48976700886701924, 0.4941681161140784, 0.47905322718314636, 0.4946900915641051, 0.48213589115020555, 0.4864393923527155, 0.485275570780803, 0.4847999249513333, 0.48902560159181935, 0.4860046039789151, 0.48589661488166225, 0.4646114428073932, 0.4545819205351365, 0.4581051461207561, 0.4579962824399655, 0.4365665744512509, 0.4667392548842308, 0.46482381301048475, 0.49493367396868193, 0.46751575554028535, 0.45036117541484344, 0.48078609429872954, 0.4723745385805766]}, "configs": {"elastic_transform_sigma": 0.7012536593750455, "horizontal_flip": 0.8853328016421632, "pad_crop_upper": 0.24372493750397886, "coarse_dropout_per_channel": 0.46525963789220404, "shear_lower": -9, "elastic_transform_alpha_upper": 4.610617318611505, "elastic_transform_alpha_lower": 1.2152213871837911, "shear_upper": 16, "shear_probability": 0.025234917404913237, "pad_crop_lower": -0.03501526218734172, "rotation_lower": -130, "elastic_transform_probability": 0.1761609717253444, "pad_crop_probability": 0.006038684422380425, "gaussian_noise_probability": 0.5721768576867147, "gaussian_noise_scale_upper": 11.76578126731667, "augment_probability": 0.4112161287648376, "scale_lower": 0.9692986843663498, "scale_upper": 1.4113617370112452, "scale_probability": 0.11429448865027125, "rotation_probability": 0.34642284158569214, "coarse_dropout_size_percent_lower": 0.08887834511694198, "vertical_flip": 0.1635039829924506, "gaussian_noise_scale_lower": 9.042153752845827, "coarse_dropout_lower": 0.09618080201146986, "coarse_dropout_upper": 0.18261766826105907, "coarse_dropout_probability": 0.8700666778314724, "rotation_upper": 4, "coarse_dropout_size_percent_upper": 0.18872554774872097}, "validation_error": 0.19889999999999997, "used_budget": 1778.874455690384}