{"validation_loss": 0.6583544546604156, "validation_error": 0.18889999999999996, "used_budget": 1785.7095746994019, "configs": {"pad_crop_upper": 0.24372493750397886, "horizontal_flip": 0.8853328016421632, "shear_lower": -9, "scale_probability": 0.11429448865027125, "elastic_transform_sigma": 0.7012536593750455, "gaussian_noise_probability": 0.5721768576867147, "coarse_dropout_lower": 0.09618080201146986, "elastic_transform_alpha_upper": 4.610617318611505, "rotation_upper": 4, "rotation_lower": -130, "coarse_dropout_upper": 0.18261766826105907, "elastic_transform_probability": 0.1761609717253444, "gaussian_noise_scale_upper": 11.76578126731667, "coarse_dropout_size_percent_lower": 0.08887834511694198, "shear_probability": 0.025234917404913237, "gaussian_noise_scale_lower": 9.042153752845827, "augment_probability": 0.4112161287648376, "pad_crop_lower": -0.03501526218734172, "coarse_dropout_probability": 0.8700666778314724, "elastic_transform_alpha_lower": 1.2152213871837911, "coarse_dropout_size_percent_upper": 0.18872554774872097, "vertical_flip": 0.1635039829924506, "coarse_dropout_per_channel": 0.46525963789220404, "scale_lower": 0.9692986843663498, "shear_upper": 16, "pad_crop_probability": 0.006038684422380425, "scale_upper": 1.4113617370112452, "rotation_probability": 0.34642284158569214}, "train_history": {"loss": [1.8508854859914534, 1.429823270210853, 1.2601949037649693, 1.1838626617040389, 1.104465166727702, 1.0579953820277483, 1.0200115213027368, 0.9998371654596084, 0.920321041956926, 0.8901216678130321, 0.8866687264197912, 0.8526501693786719, 0.8171757345016186, 0.8202095390894474, 0.7681115369002024, 0.7791946155902667, 0.7446510791778564, 0.7717499282115545, 0.7290933674726731, 0.7161924609771142, 0.6761314593828641, 0.6992654701073965, 0.6607959262835674, 0.6769412809457535, 0.6452454496652652, 0.6477053310626593, 0.635344664255778, 0.6397956609725952, 0.6194986211947906, 0.6189950230794076, 0.5748626933648036, 0.6089109430710474, 0.5917879167275552, 0.5766710180502671, 0.5660797582987027, 0.5885520088366973, 0.548049468260545, 0.5581377821090894, 0.5518062405097179, 0.5482748536727368, 0.5489211812233313, 0.5295627082769687, 0.514370403610743, 0.5291332193674185, 0.5338694812395633, 0.5371810476749371, 0.5173435555054591, 0.5243029995606496, 0.547678333062392, 0.52908922961125, 0.5169283124880913, 0.49762898683547974, 0.5076649540509933, 0.4873957572839199, 0.4985472063223521, 0.5017979672321906, 0.48646141359439266, 0.49551683282240844, 0.48774729860134614, 0.49859596445010257, 0.47251640756924945, 0.48336226091935086, 0.48994014736933583, 0.49028292527565587, 0.4867188158707741, 0.4860774943461785, 0.4852168571490508, 0.46439827099824565, 0.45582070641028577, 0.46330919365088147, 0.4596275954674452, 0.44205681406534636, 0.4652561961840361, 0.46298635999361676, 0.4832368512184192, 0.46828814767874205, 0.45140778980193996, 0.47294518427971083, 0.4775898701105362, 0.44227523452196366], "acc": [0.3521133814102564, 0.4895332532051282, 0.5563651842948718, 0.5861378205128205, 0.6129557291666666, 0.6334635416666666, 0.6441306089743589, 0.6544471153846154, 0.6822666266025641, 0.6915064102564102, 0.6923327323717948, 0.7043269230769231, 0.7169971955128205, 0.7181740785256411, 0.7385566907051282, 0.7312950721153846, 0.7458433493589743, 0.7363782051282052, 0.7502754407051282, 0.7560596955128205, 0.7690054086538461, 0.76171875, 0.7749899839743589, 0.7709334935897436, 0.7842047275641025, 0.7783703926282052, 0.7847305689102564, 0.7837790464743589, 0.7891626602564102, 0.7924178685897436, 0.8086187900641025, 0.7951973157051282, 0.8014823717948718, 0.8062900641025641, 0.8102714342948718, 0.8005058092948718, 0.8169821714743589, 0.8112229567307693, 0.8145532852564102, 0.8163812099358975, 0.8172325721153846, 0.8213641826923077, 0.8282001201923077, 0.8217898637820513, 0.8210887419871795, 0.8212640224358975, 0.8293269230769231, 0.8258463541666666, 0.8190104166666666, 0.8235677083333334, 0.8296274038461539, 0.8361879006410257, 0.8297025240384616, 0.8380408653846154, 0.836112780448718, 0.8311548477564102, 0.8390174278846154, 0.8336087740384616, 0.8366386217948718, 0.8335336538461539, 0.8427984775641025, 0.8398187099358975, 0.8379907852564102, 0.8366386217948718, 0.8364883814102564, 0.8376151842948718, 0.837890625, 0.8442508012820513, 0.8509114583333334, 0.846504407051282, 0.8476061698717948, 0.8535406650641025, 0.844901842948718, 0.8457281650641025, 0.8383663862179487, 0.8441756810897436, 0.8501602564102564, 0.8393429487179487, 0.840995592948718, 0.8524639423076923], "val_loss": [1.9995274364471436, 1.5853399976730347, 1.4426428030014038, 1.2888992881774903, 1.109246971511841, 0.9149890376091003, 1.0149049896240234, 0.8797190180778504, 0.8965248439788819, 1.06464428024292, 0.8761666744232178, 0.8072768590927124, 0.9382047630310059, 0.7702630509376526, 0.6994201937675476, 0.7182774538040161, 0.7095494661331176, 0.7999067685127258, 0.7220349600791931, 0.6642917203903198, 0.7819557513237, 0.6938208895683289, 0.6764794805526734, 0.7795970303535461, 0.6468533781051635, 0.6950398780822754, 0.671162729358673, 0.6287574076652527, 0.6804120200157165, 0.7092613037109375, 0.6422130611419677, 0.7263684454917908, 0.7274415717124939, 0.6455235845565795, 0.6878041683197021, 0.7821393407821655, 0.6254330179214478, 0.7335741211891175, 0.6533057209014893, 0.6824587120056153, 0.6537257781982422, 0.6629177543640137, 0.6777996569633484, 0.6537196739196778, 0.6543847541809082, 0.7337100967407226, 0.7101220726013183, 0.6517805338859558, 0.7117485221862793, 0.7152718448638916, 0.6745031130790711, 0.657416674232483, 0.6653909352302552, 0.6496675994873047, 0.6321702790260315, 0.6921147385597229, 0.678520764541626, 0.691869354057312, 0.7226854556083679, 0.6438196376800537, 0.7237107078552246, 0.684534677028656, 0.6365503144264221, 0.6482686566352844, 0.638825988483429, 0.625544939994812, 0.6598135568618775, 0.6935192840576172, 0.7130935664176941, 0.7306218984603882, 0.6420123061180115, 0.6281502038955689, 0.6111553398132324, 0.6708579502105713, 0.6530979179382325, 0.6546111005783081, 0.7084981969833374, 0.7399889368057251, 0.6533301287651062, 0.658354453086853], "val_acc": [0.3312999997615814, 0.4402000003814697, 0.49289999976158144, 0.5548999998092652, 0.615900000667572, 0.679599999332428, 0.6646999994277955, 0.693999999332428, 0.702999999332428, 0.6469999995231629, 0.7060000003814697, 0.7201999995231628, 0.6979999999046326, 0.7381999998092651, 0.7581999997138977, 0.7580000000953674, 0.7584999992370606, 0.7450000004768371, 0.7608000005722045, 0.7714999995231628, 0.7434000002861023, 0.7673000005722046, 0.7725000006675721, 0.7454999994277954, 0.7816999994277954, 0.7691999997138977, 0.7761000007629395, 0.7913999996185302, 0.7768999999046325, 0.7710000004768371, 0.7843999998092651, 0.773499999332428, 0.769700000667572, 0.7861999995231629, 0.7811999999046325, 0.752, 0.7937000002861023, 0.7757000007629394, 0.7914999996185302, 0.7834000005722046, 0.7972000005722046, 0.7952999995231629, 0.7848999994277954, 0.7928999995231628, 0.7927000002861023, 0.7762000007629395, 0.7860999999046325, 0.7952999998092651, 0.777300000667572, 0.7771999996185303, 0.7868999996185303, 0.7962000003814698, 0.7954000004768371, 0.7993, 0.8019000000953674, 0.789799999332428, 0.7939999996185303, 0.7878999997138977, 0.7849999995231628, 0.7999999995231628, 0.7845999998092651, 0.7921, 0.8031000003814698, 0.802699999332428, 0.8062000007629394, 0.8056999996185302, 0.7968, 0.7921999994277954, 0.7888999999046326, 0.7894000007629395, 0.8068000005722046, 0.8090999992370606, 0.8171000003814697, 0.796099999332428, 0.8051000007629394, 0.8082999996185303, 0.7993999994277954, 0.7903999998092651, 0.8066999998092651, 0.8111000004768372]}}