{"validation_loss": 0.6890507006645202, "configs": {"rotation_lower": -130, "elastic_transform_alpha_lower": 1.2152213871837911, "elastic_transform_probability": 0.1761609717253444, "coarse_dropout_size_percent_lower": 0.08887834511694198, "rotation_probability": 0.34642284158569214, "scale_lower": 0.9692986843663498, "gaussian_noise_scale_lower": 9.042153752845827, "gaussian_noise_scale_upper": 11.76578126731667, "coarse_dropout_lower": 0.09618080201146986, "pad_crop_probability": 0.006038684422380425, "shear_upper": 16, "scale_upper": 1.4113617370112452, "coarse_dropout_per_channel": 0.46525963789220404, "shear_probability": 0.025234917404913237, "pad_crop_upper": 0.24372493750397886, "pad_crop_lower": -0.03501526218734172, "coarse_dropout_probability": 0.8700666778314724, "horizontal_flip": 0.8853328016421632, "augment_probability": 0.4112161287648376, "rotation_upper": 4, "gaussian_noise_probability": 0.5721768576867147, "elastic_transform_sigma": 0.7012536593750455, "elastic_transform_alpha_upper": 4.610617318611505, "shear_lower": -9, "scale_probability": 0.11429448865027125, "coarse_dropout_size_percent_upper": 0.18872554774872097, "coarse_dropout_upper": 0.18261766826105907, "vertical_flip": 0.1635039829924506}, "used_budget": 1785.8281426429749, "train_history": {"acc": [0.34490184294871795, 0.4935897435897436, 0.555839342948718, 0.5843599759615384, 0.6075721153846154, 0.6307842548076923, 0.6380709134615384, 0.6514423076923077, 0.6780098157051282, 0.6914813701923077, 0.6976161858974359, 0.7076071714743589, 0.7082582131410257, 0.7215795272435898, 0.7272886618589743, 0.7315454727564102, 0.7332732371794872, 0.736328125, 0.7483473557692307, 0.7517277644230769, 0.7699318910256411, 0.7603916266025641, 0.7686548477564102, 0.7635466746794872, 0.7762419871794872, 0.779296875, 0.7855318509615384, 0.7825771233974359, 0.7892628205128205, 0.7874599358974359, 0.8056390224358975, 0.7959234775641025, 0.8013321314102564, 0.8065404647435898, 0.8065404647435898, 0.8021334134615384, 0.8156300080128205, 0.8095953525641025, 0.8170572916666666, 0.8115234375, 0.8189352964743589, 0.8267477964743589, 0.8256961137820513, 0.8216396233974359, 0.8217648237179487, 0.8204377003205128, 0.8229917868589743, 0.8247696314102564, 0.8212890625, 0.8233173076923077, 0.8238431490384616, 0.8346103766025641, 0.8333583733974359, 0.8376652644230769, 0.8288511618589743, 0.8344100560897436, 0.834785657051282, 0.8350110176282052, 0.8385416666666666, 0.8382411858974359, 0.8393179086538461, 0.8391175881410257, 0.8358874198717948, 0.8416466346153846, 0.8355118189102564, 0.838065905448718, 0.8370392628205128, 0.8431239983974359, 0.8491336137820513, 0.8476061698717948, 0.8484074519230769, 0.8530398637820513, 0.8430238381410257, 0.8483072916666666, 0.8375901442307693, 0.8450020032051282, 0.8518129006410257, 0.840645032051282, 0.8393679887820513, 0.8516626602564102], "val_acc": [0.35540000019073487, 0.39439999980926516, 0.5549000005722046, 0.5893999994277954, 0.6569999995231628, 0.6693, 0.6989999992370606, 0.6895, 0.691699999332428, 0.7104999996185303, 0.7427999992370605, 0.7243999992370606, 0.729299999332428, 0.7430000001907349, 0.7603999995231628, 0.7509999995231629, 0.7629999994277954, 0.7647000001907349, 0.7278000003814697, 0.7391999996185302, 0.7715999997138977, 0.7583999994277955, 0.7638999998092652, 0.7590000003814698, 0.7442999995231628, 0.7663000000953675, 0.7580999994277954, 0.7717000007629394, 0.7819000001907349, 0.7693999998092651, 0.7490000004768371, 0.7829000003814697, 0.7635999996185303, 0.7831000002861023, 0.7632999995231629, 0.7780999997138976, 0.7744000001907348, 0.7880000003814698, 0.7879999997138977, 0.7867000000953674, 0.7791999999046326, 0.7884999998092651, 0.787, 0.7883000002861023, 0.7906000001907348, 0.7914999998092651, 0.7469999998092651, 0.7946, 0.7984, 0.7848999995231628, 0.7832000000953674, 0.7934999995231629, 0.7907000002861023, 0.7860000005722045, 0.803200000667572, 0.8009999998092652, 0.7957999995231628, 0.7906999999046326, 0.7902000001907349, 0.785099999332428, 0.8029000002861023, 0.7933, 0.7998999996185303, 0.7935999998092651, 0.7994000001907349, 0.8072000004768372, 0.7835999999046326, 0.8083000007629395, 0.7903000005722046, 0.7939000001907348, 0.8003999998092651, 0.8025000001907349, 0.7970000001907349, 0.7831, 0.8051000000953674, 0.8004000003814697, 0.8068000004768372, 0.7927999998092652, 0.7949000000953674, 0.7962], "loss": [1.9187898162083747, 1.4291487137476604, 1.2612974765973213, 1.1826889621905792, 1.128108329497851, 1.0604777145080078, 1.037692775328954, 1.0010484816172185, 0.9268161761455047, 0.8822486094939404, 0.8838064968585968, 0.8525975850912241, 0.8381551687534039, 0.8115221246694907, 0.7929579073037857, 0.7837192530815418, 0.7737759328805484, 0.7611831059822669, 0.7364528530683273, 0.7278903126716614, 0.68102244918163, 0.7014902226435833, 0.6774219862925701, 0.6908118365666805, 0.657051512064078, 0.652741191478876, 0.6326743303201138, 0.6404726642828721, 0.6265383729567895, 0.6209174719376441, 0.582633219850369, 0.6052441421227578, 0.5902652041270182, 0.5754591196011274, 0.5750462321134714, 0.58359822898339, 0.5542132575542499, 0.5685078138724352, 0.5417347149207041, 0.5604644314600871, 0.5384194121146814, 0.5211826880008746, 0.5217712689668704, 0.5355910395200436, 0.5337996964271252, 0.5352115344542724, 0.5260015309621127, 0.5247839845907993, 0.5353699017029542, 0.5265028858796145, 0.5211753577758105, 0.5001926406835898, 0.4944362227733319, 0.4864549075181668, 0.5039363763271234, 0.49888926094923264, 0.4980544096384293, 0.4983399961239252, 0.4849300334850947, 0.48805844707366747, 0.48269456472152317, 0.48220657996642285, 0.49043617302026504, 0.4778078366548587, 0.4971022628820859, 0.48284528843867475, 0.487922632923493, 0.46928529326732343, 0.45609622467786837, 0.4561450385894531, 0.45140260457992554, 0.44470519591600466, 0.4693414366398102, 0.45876884384033007, 0.47955799752321, 0.4647991745135723, 0.44702314451718944, 0.47749399221860445, 0.4761168559392293, 0.4396307903986711], "val_loss": [1.7118543685913086, 1.5859910274505615, 1.2998288751602174, 1.154186164665222, 1.0030898577690124, 0.9403268161773681, 0.8840378662109375, 0.9130398626327515, 0.8839683213233948, 0.8371384818077088, 0.7449234409332275, 0.8063105924606323, 0.8000702233314514, 0.7639805265426636, 0.6945929084777832, 0.7234948076248169, 0.6795538230895997, 0.699567877960205, 0.837499174785614, 0.7474565002441407, 0.6788285855293273, 0.7095235706329346, 0.7136804039001465, 0.7269790808677673, 0.7851425253868103, 0.7173929260253906, 0.7484762301445007, 0.6996203013420105, 0.6724952790260315, 0.7087376863479614, 0.790982291316986, 0.6672959121704102, 0.7439410774230957, 0.6478550992965698, 0.7583580428123474, 0.6974377104759216, 0.7451686244964599, 0.6696234353065491, 0.6667439156532288, 0.677548113822937, 0.7036050539016724, 0.6840424925804138, 0.6581224702835083, 0.6657857799530029, 0.6600781296730042, 0.675232691192627, 0.8740189915657044, 0.6775238180160522, 0.6313245800971985, 0.7079130254745484, 0.7018502641677856, 0.6622794924736023, 0.6827266669273376, 0.7205752840995788, 0.6599963669776916, 0.6666008187294006, 0.6722956689834595, 0.690753690814972, 0.7077791890144348, 0.7355469510078431, 0.6686685702323913, 0.6975879035949707, 0.669365765953064, 0.674460014629364, 0.674516466999054, 0.640226748752594, 0.7192256690025329, 0.6674201725006104, 0.722944955253601, 0.6918976541519165, 0.694492216873169, 0.6666475859642029, 0.6993520812034607, 0.7307726611137391, 0.6453550793647767, 0.6780171787261963, 0.6724600305557251, 0.7107333487510681, 0.6867671442031861, 0.6890506930351258]}, "validation_error": 0.20379999999999998}