{"used_budget": 1793.0766353607178, "validation_loss": 0.7513903042793274, "validation_error": 0.21619999999999995, "configs": {"elastic_transform_alpha_upper": 4.610617318611505, "vertical_flip": 0.1635039829924506, "rotation_upper": 4, "scale_probability": 0.11429448865027125, "gaussian_noise_scale_lower": 9.042153752845827, "coarse_dropout_size_percent_lower": 0.08887834511694198, "elastic_transform_alpha_lower": 1.2152213871837911, "rotation_probability": 0.34642284158569214, "augment_probability": 0.4112161287648376, "coarse_dropout_size_percent_upper": 0.18872554774872097, "pad_crop_upper": 0.24372493750397886, "pad_crop_probability": 0.006038684422380425, "shear_lower": -9, "scale_upper": 1.4113617370112452, "coarse_dropout_probability": 0.8700666778314724, "rotation_lower": -130, "coarse_dropout_upper": 0.18261766826105907, "gaussian_noise_scale_upper": 11.76578126731667, "gaussian_noise_probability": 0.5721768576867147, "coarse_dropout_per_channel": 0.46525963789220404, "coarse_dropout_lower": 0.09618080201146986, "elastic_transform_probability": 0.1761609717253444, "shear_probability": 0.025234917404913237, "elastic_transform_sigma": 0.7012536593750455, "pad_crop_lower": -0.03501526218734172, "shear_upper": 16, "scale_lower": 0.9692986843663498, "horizontal_flip": 0.8853328016421632}, "train_history": {"val_loss": [1.7656911808013915, 1.6850381883621215, 1.4392472520828248, 1.1788944261550904, 0.9839308277130127, 0.8720499565124512, 0.9575350038528443, 0.9193570247650147, 0.9579235519409179, 0.8087412177085876, 0.8122654620170593, 0.8694061061859131, 0.8774384272575378, 0.7464974704742432, 0.7954362280845642, 0.7057218195915222, 0.6913085130691529, 0.6948017261505127, 0.7147352110862732, 0.7707158962249756, 0.7011469424247742, 0.707080773448944, 0.7480358692169189, 0.7251383790969849, 0.8360249143600463, 0.7284047647476196, 0.6802560102462769, 0.7140180991172791, 0.7741320169448852, 0.6699237103462219, 0.7292352698326111, 0.6220794330596924, 0.6919764773368835, 0.6773392879486084, 0.7343420441627503, 0.7589653635025024, 0.7214959834098816, 0.7600053130149841, 0.6962808916091919, 0.7095655548095703, 0.6302538362503052, 0.7389684387207032, 0.7313461610794068, 0.7482392359733582, 0.7386670904159546, 0.7090970211982727, 0.7339924222946167, 0.7316033107757568, 0.7209124136924744, 0.6630972256660461, 0.6840754397392272, 0.6867001350402832, 0.6950963076591492, 0.6721491401672364, 0.6901657706260681, 0.6894858333587647, 0.6949793765068054, 0.6691986001968384, 0.831703383731842, 0.665222246170044, 0.723119003868103, 0.7311255276679993, 0.886660926246643, 0.6996796423912048, 0.7629790213584899, 0.6698375524520874, 0.7612928411483765, 0.6774719463348389, 0.692460568523407, 0.7055476941108704, 0.6981666619300843, 0.6740502781867981, 0.7060230798721313, 0.7269156064987182, 0.7607778712272644, 0.6608968152046204, 0.7205033716201782, 0.7401442150115967, 0.6955978614807129, 0.7513903133392335], "loss": [1.8517894775439532, 1.3953303771141248, 1.2565040664795117, 1.1746954230161815, 1.1081667420191643, 1.0531460291300065, 1.0260865268034813, 1.008661876886319, 0.9121682078410418, 0.8710575546973791, 0.8909417719413073, 0.8449106575586857, 0.8352063924838335, 0.8126802024168845, 0.8101158371338477, 0.7941767603923113, 0.7536274569156842, 0.772709981753276, 0.7272363442641038, 0.7376966629272852, 0.6784877563134218, 0.6926461802079127, 0.6731838698570545, 0.6836308814012088, 0.6489411011720315, 0.6440659429018314, 0.6400070511377774, 0.6327508985996246, 0.6417100995014875, 0.6192396749288608, 0.596045372195733, 0.5992638999835039, 0.5879526669398333, 0.569532667979216, 0.5769342994078611, 0.6049690139599335, 0.5521641816848364, 0.5666460452171472, 0.5479129950205485, 0.55795646019471, 0.5424590087853945, 0.518405557060853, 0.5296520995788085, 0.5308322944702246, 0.5363782499081049, 0.5366258529516367, 0.5251041253407797, 0.525843742948312, 0.534898518369748, 0.5330001608683512, 0.5195659884275534, 0.49555272513475174, 0.5102147372105182, 0.49240555862585705, 0.497518451550068, 0.5011893499356049, 0.49987220152830464, 0.501428063863363, 0.4828437910630153, 0.4922682279959703, 0.4797421571535942, 0.4886057946162346, 0.49544591628588164, 0.4858599756008539, 0.4942694359864944, 0.48993045817583036, 0.4788938004236955, 0.4725360293418933, 0.4485201209019392, 0.47649308427786213, 0.46426151578242963, 0.4456649881142836, 0.46434671107010966, 0.4663748030479138, 0.49906223439253294, 0.4586632607074884, 0.44512640551114696, 0.4756197092624811, 0.4736181214833871, 0.44977893546605724], "acc": [0.36280548878205127, 0.5053084935897436, 0.5590695112179487, 0.5907201522435898, 0.6161107772435898, 0.6343900240384616, 0.6438301282051282, 0.6512169471153846, 0.6842698317307693, 0.6998447516025641, 0.6928836137820513, 0.7103365384615384, 0.7106119791666666, 0.7207281650641025, 0.7180989583333334, 0.7248096955128205, 0.7393078926282052, 0.7339743589743589, 0.7509515224358975, 0.747245592948718, 0.7681790865384616, 0.7651492387820513, 0.7720602964743589, 0.7673527644230769, 0.7782702323717948, 0.7823768028846154, 0.7831029647435898, 0.7868840144230769, 0.7796223958333334, 0.7904647435897436, 0.7991786858974359, 0.7976262019230769, 0.8033854166666666, 0.8072916666666666, 0.8065655048076923, 0.7980769230769231, 0.8181089743589743, 0.8097956730769231, 0.8153545673076923, 0.8136268028846154, 0.8193860176282052, 0.8285006009615384, 0.8240685096153846, 0.8231670673076923, 0.8223157051282052, 0.8216396233974359, 0.8260967548076923, 0.8253455528846154, 0.8221404246794872, 0.8210887419871795, 0.8253956330128205, 0.8360126201923077, 0.8289012419871795, 0.8371143830128205, 0.8344851762820513, 0.8310797275641025, 0.8320062099358975, 0.8323317307692307, 0.8408453525641025, 0.8343850160256411, 0.8377904647435898, 0.8379907852564102, 0.8352363782051282, 0.8390675080128205, 0.8363381410256411, 0.8350861378205128, 0.8394431089743589, 0.8422976762820513, 0.8508112980769231, 0.8402443910256411, 0.8457281650641025, 0.8515374599358975, 0.8461788862179487, 0.8469801682692307, 0.8335336538461539, 0.8488331330128205, 0.8524138621794872, 0.8414212740384616, 0.8403695913461539, 0.8510366586538461], "val_acc": [0.3470999997138977, 0.41740000009536743, 0.5029000001907349, 0.5882, 0.6582999998092651, 0.6921999997138977, 0.6655000001907349, 0.6862000003814698, 0.6733000003814698, 0.7194999997138977, 0.7195999995231629, 0.7060000005722046, 0.7039999996185303, 0.7454999994277954, 0.7296000000953674, 0.7554000004768372, 0.763599999332428, 0.7629999995231629, 0.7580999997138977, 0.7468000007629394, 0.7663000001907349, 0.7682999996185302, 0.7476000005722045, 0.7664999992370606, 0.7335000003814697, 0.755800000667572, 0.7740999998092651, 0.7660000007629395, 0.7538000002861023, 0.7817999992370606, 0.7654999996185303, 0.7923999999046326, 0.7781000003814698, 0.7811000000953674, 0.768999999332428, 0.7636999996185303, 0.7727999994277954, 0.7662999996185302, 0.7761000001907349, 0.782, 0.797200000667572, 0.7801999997138978, 0.7727000000953674, 0.7742, 0.7736999995231628, 0.7865999996185302, 0.7798, 0.776099999332428, 0.7813999992370605, 0.7958000001907348, 0.7933000004768371, 0.7952, 0.7871999999046325, 0.7939000003814697, 0.7900000001907349, 0.792200000667572, 0.796000000667572, 0.7977000002861023, 0.7662000004768371, 0.7995000005722046, 0.7815, 0.7816, 0.7538999994277954, 0.7935000003814697, 0.7757000001907348, 0.803199999332428, 0.7786000002861023, 0.7964000004768371, 0.7954000003814697, 0.7908000000953674, 0.792300000667572, 0.7993000003814698, 0.7908000001907348, 0.786199999332428, 0.7828999995231628, 0.8007000003814697, 0.7914000004768371, 0.788399999332428, 0.7949000002861023, 0.7838000003814697]}}