{"configs": {"pad_probability": 0.01373404075821727, "pad_lower": 0.0799837870705477, "pad_upper": 0.2963276902632925, "crop_probability": 0.9457223759223539, "crop_lower": 0.054558470466212275, "crop_upper": 0.28089247646351945, "vertical_flip": 0.6338766151042129, "horizontal_flip": 0.5673658710196322, "rotation_probability": 0.32326967457982214, "rotation_lower": -115, "rotation_upper": 170, "scale_probability": 0.2691664022585887, "scale_lower": 0.6975386831380532, "scale_upper": 1.0364477573810278}, "train_accuracy": 0.15116666666666667, "validation_error": 0.5773333333333333, "runtime": [94.06684279441833, 186.35390520095825, 279.3095717430115, 373.9005751609802, 469.3605740070343, 562.6288232803345, 654.9342670440674, 749.5945339202881, 842.515212059021], "used_budget": 842.5151906013489, "train_history": {"val_loss": [1.9905786905288696, 1.7868710317611693, 1.644638316790263, 1.6883554916381835, 1.62824049504598, 1.51199915822347, 1.5748827158610026, 1.5647195370992024, 1.539765024503072], "val_acc": [0.2515833333333333, 0.3606666665871938, 0.43125, 0.37433333333333335, 0.4325833334128062, 0.5070000001589458, 0.433, 0.42791666666666667, 0.4226666666666667], "loss": [2.2715102106730143, 2.258191889444987, 2.2530954443613687, 2.246089090983073, 2.241535078048706, 2.2439946104685466, 2.239903584798177, 2.2403739535013836, 2.236803081512451], "acc": [0.13541666666666666, 0.1439375, 0.14145833333333332, 0.146125, 0.15197916666666667, 0.14704166666666665, 0.1504375, 0.14889583333333334, 0.15116666666666667]}, "augment": true}