{"configs": {"pad_probability": 0.27529470098811615, "pad_lower": 0.08369728875646254, "pad_upper": 0.2854752781065899, "crop_probability": 0.6109998149312702, "crop_lower": 0.08030955652677169, "crop_upper": 0.25169110178105814, "vertical_flip": 0.36136694218530374, "horizontal_flip": 0.2903262754978504, "rotation_probability": 0.5513760966987113, "rotation_lower": -20, "rotation_upper": 24, "scale_probability": 0.494088685041162, "scale_lower": 0.5615617626625479, "scale_upper": 1.119872572682536}, "learning_curve": {"val_loss": [0.7739989355405171], "val_acc": [0.772916666507721], "loss": [2.255412762324015], "acc": [0.1378125]}, "train_accuracy": 0.1378125, "validation_error": 0.2270833333333333, "runtime": [81.5110011100769, 162.02261590957642, 242.6438570022583, 323.35561537742615, 403.8339741230011, 484.2936100959778, 564.9067277908325, 645.4533236026764, 725.973718881607], "used_budget": 725.9737000465393, "augment": true}
