{"configs": {"pad_probability": 0.9668718272076537, "pad_lower": 0.06686975632814464, "pad_upper": 0.1095124833979728, "crop_probability": 0.025633571520875198, "crop_lower": 0.06707746408690335, "crop_upper": 0.19219418900964977, "vertical_flip": 0.6552736078826344, "horizontal_flip": 0.3374076878334502, "rotation_probability": 0.18190513130631591, "rotation_lower": -104, "rotation_upper": 178, "scale_probability": 0.4332681357975786, "scale_lower": 0.9898278539005338, "scale_upper": 1.0589372517075892}, "train_accuracy": 0.16704166666666667, "validation_error": 0.25649999999999995, "runtime": [96.08671808242798, 184.82229828834534, 278.54591369628906, 373.0208492279053, 467.78069829940796, 562.4761652946472, 656.5950894355774, 752.8550047874451, 848.2493846416473], "used_budget": 848.2493646144867, "train_history": {"val_loss": [1.5134903135299682, 1.3393269338607787, 1.1494505961736043, 1.077066865603129, 0.9117441415786743, 0.8612018235524496, 0.8950483077367147, 0.8851855958302816, 0.8019155049324036], "val_acc": [0.4346666667461395, 0.5153333331743876, 0.6204166666666666, 0.6367499998410543, 0.7079166666666666, 0.725166666507721, 0.7106666665077209, 0.706166666507721, 0.7435000001589457], "loss": [2.250892724355062, 2.2247402432759604, 2.216202215194702, 2.2133415342966716, 2.2031762421925865, 2.2021754322052, 2.2051056257883705, 2.207635967254639, 2.194977782567342], "acc": [0.14183333333333334, 0.15083333333333335, 0.15891666666666668, 0.1606875, 0.16529166666666667, 0.16114583333333332, 0.16414583333333332, 0.1621875, 0.16704166666666667]}, "augment": true}