{"configs": {"pad_probability": 0.8907482855881942, "pad_lower": 0.0031382572067924054, "pad_upper": 0.2223890006272758, "crop_probability": 0.3390961891903087, "crop_lower": 0.043910639228620665, "crop_upper": 0.22639972962493163, "vertical_flip": 0.8109855444770285, "horizontal_flip": 0.938535903624613, "rotation_probability": 0.4302621423635784, "rotation_lower": -162, "rotation_upper": 48, "scale_probability": 0.2706783358509429, "scale_lower": 0.7837053442740525, "scale_upper": 1.0463065161382656}, "learning_curve": {"val_loss": [1.9285101197560628], "val_acc": [0.4126666666666667], "loss": [2.251443040847778], "acc": [0.140375]}, "train_accuracy": 0.140375, "validation_error": 0.5873333333333333, "runtime": [81.54083895683289, 162.00973677635193, 242.6715705394745, 323.0739917755127, 403.53473353385925, 484.1750018596649, 564.7420401573181, 645.1977999210358, 725.6573524475098], "used_budget": 725.657336473465, "augment": true}