{"configs": {"pad_probability": 0.474301621709629, "pad_lower": 0.09317371243393492, "pad_upper": 0.20213262748955224, "crop_probability": 0.9379104805018783, "crop_lower": 0.011964430837645958, "crop_upper": 0.2967244030504411, "vertical_flip": 0.09368251300330777, "horizontal_flip": 0.6288127378625881, "rotation_probability": 0.9567906658452751, "rotation_lower": -10, "rotation_upper": 83, "scale_probability": 0.30713488973898717, "scale_lower": 0.6822200301700989, "scale_upper": 1.7835035624612383}, "train_accuracy": 0.11860416666666666, "validation_error": 0.5101666666666667, "runtime": [98.12321043014526, 187.5876829624176, 285.2369465827942, 384.20722937583923, 481.0650782585144, 578.7849481105804, 677.4758338928223, 775.8993804454803, 874.4296832084656], "used_budget": 874.4296631813049, "train_history": {"val_loss": [2.040415460586548, 2.1011397876739504, 2.031117827733358, 1.9676981496810912, 1.9904348751703898, 1.933582194328308, 1.9476370204289755, 1.9329657767613728, 1.7517589839299519], "val_acc": [0.24258333333333335, 0.34658333333333335, 0.3945, 0.3587500000794729, 0.26775000007947286, 0.40675, 0.25158333325386045, 0.31075000007947284, 0.4898333334128062], "loss": [2.300212199529012, 2.2972666511535644, 2.295938514709473, 2.2959100538889565, 2.294575372695923, 2.2937716229756675, 2.293015317281087, 2.292042662302653, 2.292533842722575], "acc": [0.11175, 0.11639583333333334, 0.118, 0.11752083333333334, 0.1178125, 0.11870833333333333, 0.11735416666666666, 0.12070833333333333, 0.11860416666666666]}, "augment": true}