{"configs": {"vertical_flip": 0.7477895720747217, "rotation_probability": 0.597381148222255, "rotation_lower": -53, "scale_probability": 0.28374295276538486, "pad_lower": 0.08872452836806552, "pad_probability": 0.8358179543460339, "horizontal_flip": 0.35086775924720026, "crop_upper": 0.19353575530340306, "crop_lower": 0.09838600832996745, "pad_upper": 0.18844285652543047, "crop_probability": 0.35313968079797076, "scale_upper": 1.5833941636003792, "rotation_upper": 127, "scale_lower": 0.6457458741758628}, "validation_error": 0.8956999999999999, "train_accuracy": 0.12217047275641026, "train_history": {"acc": [0.11075220352564102, 0.11373197115384616, 0.1153094951923077, 0.11803886217948718, 0.12049278846153846, 0.11818910256410256, 0.11676181891025642, 0.11773838141025642, 0.12016726762820513, 0.11728766025641026, 0.12174479166666667, 0.12217047275641026], "val_acc": [0.1048, 0.1046, 0.1044, 0.105, 0.1049, 0.1049, 0.1045, 0.1058, 0.1046, 0.1044, 0.1045, 0.1043], "val_loss": [2.4215126483917238, 2.3008240463256837, 2.3855834281921386, 2.3948170574188232, 2.4249003616333007, 2.3692997108459473, 2.434888816833496, 2.3548483016967774, 2.578631679534912, 2.3644564868927, 2.6343768074035645, 2.635620447921753], "loss": [2.2959533417836213, 2.291429591484559, 2.2894532214372587, 2.2862861966475463, 2.2846857530948443, 2.2842673544700327, 2.285618488605206, 2.285686099376434, 2.283721229204765, 2.284890680741041, 2.2834158692604456, 2.280882952304987]}, "augment": true, "used_budget": 667.0016465187073}