{"used_budget": 677.4078159332275, "augment": true, "configs": {"vertical_flip": 0.39780170220193256, "pad_upper": 0.20436112738551201, "rotation_probability": 0.20737292579963795, "pad_probability": 0.4124659357367645, "scale_upper": 1.164141904674604, "pad_lower": 0.07363468291234464, "scale_lower": 0.8968819511328407, "horizontal_flip": 0.19348748779209235, "scale_probability": 0.7358312324166224, "rotation_upper": 137, "crop_probability": 0.42685755478182896, "crop_lower": 0.0679999653562724, "crop_upper": 0.18313733544332067, "rotation_lower": -71}, "validation_error": 0.9053, "train_accuracy": 0.11934094551282051, "train_history": {"acc": [0.10955028044871795, 0.1141826923076923, 0.11698717948717949, 0.11706229967948718, 0.11728766025641026, 0.11831430288461539, 0.11583533653846154, 0.11936598557692307, 0.11728766025641026, 0.11999198717948718, 0.1172626201923077, 0.11934094551282051], "val_loss": [2.3781327072143554, 2.5559671310424803, 2.6633557395935057, 2.7862619777679445, 2.5806111057281496, 2.6228298240661623, 2.7040673698425293, 2.6213802673339845, 2.3669298973083497, 3.1047937255859375, 2.647046488189697, 2.749945956039429], "loss": [2.295719021405929, 2.2881124867842746, 2.285239419111839, 2.283186536568862, 2.2847850139324484, 2.2830985280183644, 2.281946464990958, 2.2814793296349354, 2.2823966099665713, 2.280977774124879, 2.2804877437078037, 2.2803685741546826], "val_acc": [0.0967, 0.0944, 0.0965, 0.0965, 0.0994, 0.0923, 0.0957, 0.0942, 0.0907, 0.0937, 0.0968, 0.0947]}}