{"validation_error": 0.9034, "train_history": {"val_acc": [0.0948, 0.0946, 0.0946, 0.0946, 0.0945, 0.0944, 0.0913, 0.0961, 0.096, 0.0975, 0.0957, 0.0966], "acc": [0.10904947916666667, 0.11330629006410256, 0.11315604967948718, 0.1123798076923077, 0.11395733173076923, 0.11538461538461539, 0.11663661858974358, 0.11463341346153846, 0.11350661057692307, 0.11571013621794872, 0.10997596153846154, 0.11408253205128205], "loss": [2.297399736367739, 2.2930347881256004, 2.2915184658307295, 2.2908101364588127, 2.290814589231442, 2.290224700401991, 2.2885112510277676, 2.286623458831738, 2.288817441616303, 2.2879362985109672, 2.2880414663217006, 2.2875147729347916], "val_loss": [2.3368622707366944, 2.7222428230285645, 2.934796505355835, 3.1646030113220216, 3.1848880336761476, 3.641822427368164, 3.483111644744873, 4.262871875762939, 3.4357612174987793, 3.8573326416015625, 3.412393376159668, 2.8873510047912596]}, "used_budget": 753.1974213123322, "train_accuracy": 0.11408253205128205, "augment": true, "configs": {"pad_upper": 0.2831025834908789, "horizontal_flip": 0.2931988147438722, "pad_lower": 0.09866061117825155, "crop_upper": 0.1665712492778954, "rotation_probability": 0.9010962909261048, "pad_probability": 0.13128245152256146, "scale_probability": 0.5981357893094182, "rotation_upper": 123, "vertical_flip": 0.9628419686207936, "scale_upper": 1.2583582949235053, "rotation_lower": -59, "scale_lower": 0.551186973211404, "crop_lower": 0.025355384061198995, "crop_probability": 0.007725377894613472}}