{"augment": true, "used_budget": 755.3350219726562, "train_history": {"loss": [2.2999712511515007, 2.2996632487345963, 2.2976939242619734, 2.297040193508833, 2.2957505599046364, 2.295806477467219, 2.2950235658731217, 2.2958294183779984, 2.2952173222333956, 2.293910187788499, 2.2933786511421204, 2.29474970469108], "val_acc": [0.0988, 0.0985, 0.0986, 0.099, 0.0991, 0.1014, 0.1024, 0.0987, 0.1002, 0.0985, 0.0986, 0.0986], "val_loss": [2.445667431640625, 2.3269696884155273, 2.93656759185791, 2.653660887145996, 2.4636301055908203, 2.356849594497681, 2.3220996002197265, 2.6055053192138673, 2.3732834896087645, 3.1221873741149904, 3.0033489715576174, 3.3130961585998535], "acc": [0.10346554487179487, 0.10431690705128205, 0.11012620192307693, 0.10784755608974358, 0.10647035256410256, 0.10992588141025642, 0.11165364583333333, 0.10767227564102565, 0.1102764423076923, 0.11017628205128205, 0.11160356570512821, 0.10975060096153846]}, "validation_error": 0.9014, "train_accuracy": 0.10975060096153846, "configs": {"scale_upper": 1.8406568394123026, "pad_upper": 0.13943061616412583, "rotation_lower": -103, "pad_lower": 0.09291804719106798, "horizontal_flip": 0.9314982952758607, "rotation_upper": 54, "scale_lower": 0.7862320905031562, "crop_lower": 0.036533924298659336, "crop_upper": 0.17008801970815152, "crop_probability": 0.5576768304841822, "pad_probability": 0.2858479865764473, "rotation_probability": 0.8742491803131833, "vertical_flip": 0.5467434214625236, "scale_probability": 0.6243446893661112}}