{"augment": true, "validation_error": 0.8968, "train_history": {"val_acc": [0.1246, 0.1029, 0.1041, 0.103, 0.1107, 0.1013, 0.1348, 0.1061, 0.103, 0.1087, 0.1018, 0.1032], "loss": [2.2948194444179535, 2.2907686073046465, 2.288124843285634, 2.2883135813933153, 2.2875924225036917, 2.2856682454928374, 2.2840778071146746, 2.2828156925164738, 2.285721310438254, 2.2839840115644994, 2.2836202199642477, 2.283732710740505], "val_loss": [2.3230832206726073, 2.3832265895843507, 2.4260476181030275, 2.7151060569763183, 2.5570551120758056, 2.8151774837493897, 2.374165279006958, 3.8737301586151123, 3.318739641571045, 2.9333939788818357, 2.782046333312988, 3.2140747577667237], "acc": [0.11318108974358974, 0.11313100961538461, 0.11480869391025642, 0.11405749198717949, 0.11543469551282051, 0.1133563701923077, 0.11603565705128205, 0.11841446314102565, 0.11473357371794872, 0.11738782051282051, 0.1158603766025641, 0.11520933493589744]}, "configs": {"pad_upper": 0.19269559895597219, "scale_lower": 0.7206682276983369, "pad_lower": 0.007415555360656701, "rotation_upper": 63, "pad_probability": 0.6792996581183288, "scale_probability": 0.8685096139861513, "crop_lower": 0.04653566213959207, "rotation_probability": 0.22215342986221243, "crop_upper": 0.10143905523418893, "crop_probability": 0.7219077149429662, "horizontal_flip": 0.7317122741835029, "scale_upper": 1.2007693582119647, "rotation_lower": -48, "vertical_flip": 0.2368182749964648}, "used_budget": 751.4028751850128, "train_accuracy": 0.11520933493589744}