{"train_accuracy": 0.11618589743589744, "augment": true, "used_budget": 751.6796836853027, "validation_error": 0.9004, "configs": {"vertical_flip": 0.17050081676155038, "rotation_lower": -98, "scale_upper": 1.1678121431976503, "scale_probability": 0.4733255922892249, "crop_probability": 0.19361712357552574, "rotation_probability": 0.720401205385644, "scale_lower": 0.6371293666216062, "rotation_upper": 141, "pad_upper": 0.29979036792324043, "pad_probability": 0.693840099325034, "pad_lower": 0.04737235111988715, "horizontal_flip": 0.48779240322584494, "crop_lower": 0.08768744902947227, "crop_upper": 0.12202205812844054}, "train_history": {"loss": [2.2974097094474693, 2.293375795468306, 2.2923248012860618, 2.2910986557984963, 2.289442708859077, 2.287960627904305, 2.286902436079123, 2.287932045184649, 2.2890349680032487, 2.2883165967770114, 2.2874026871644535, 2.2875974476337433], "val_acc": [0.1029, 0.0996, 0.0996, 0.0996, 0.0996, 0.0996, 0.0996, 0.0996, 0.0995, 0.0996, 0.0995, 0.0996], "val_loss": [2.321718966674805, 2.4025722915649412, 2.455611813354492, 3.2394644351959228, 3.8512209869384764, 3.018871304321289, 2.588997045135498, 3.1802213409423827, 2.9071072788238523, 3.0042117485046385, 2.6124978549957274, 3.9339782669067382], "acc": [0.10724659455128205, 0.11192908653846154, 0.11350661057692307, 0.11550981570512821, 0.11591045673076923, 0.11380709134615384, 0.11606069711538461, 0.1178135016025641, 0.11618589743589744, 0.11525941506410256, 0.11693709935897435, 0.11618589743589744]}}