{"validation_error": 0.8979, "augment": true, "used_budget": 745.8873469829559, "train_history": {"val_loss": [2.3137629329681397, 2.2894060939788816, 2.3474055950164794, 2.40442776260376, 2.459732988357544, 2.9097613929748536, 2.333380308532715, 2.8166463180541994, 2.5221069778442384, 2.6774636615753176, 2.6171182662963868, 2.6808205726623533], "loss": [2.2992099729868083, 2.296972494858962, 2.2946129823342347, 2.2937529805379038, 2.2929121477481647, 2.292583165260462, 2.29261628863139, 2.2920642533363442, 2.290992329518, 2.290269584991993, 2.2921296067726917, 2.2910733200036564], "acc": [0.10767227564102565, 0.10889923878205128, 0.11055188301282051, 0.11067708333333333, 0.11185396634615384, 0.11538461538461539, 0.11152844551282051, 0.11062700320512821, 0.11268028846153846, 0.11518429487179487, 0.11463341346153846, 0.11268028846153846], "val_acc": [0.1048, 0.1405, 0.102, 0.1022, 0.1019, 0.1021, 0.1018, 0.102, 0.1019, 0.1019, 0.1022, 0.1021]}, "train_accuracy": 0.11268028846153846, "configs": {"pad_upper": 0.29739145162657454, "scale_lower": 0.7103260496135646, "crop_probability": 0.9411424373245068, "pad_probability": 0.0631573764643677, "scale_probability": 0.2448730415483248, "horizontal_flip": 0.6697446256325007, "scale_upper": 1.884520435590665, "pad_lower": 0.01788488826591066, "crop_upper": 0.2746355224567484, "vertical_flip": 0.5290258210394614, "rotation_probability": 0.7468015335879793, "rotation_upper": 45, "rotation_lower": -177, "crop_lower": 0.007514915183421423}}