{"validation_error": 0.8968, "train_history": {"val_acc": [0.1036, 0.1052, 0.1033, 0.1013, 0.1021, 0.1032, 0.1089, 0.1099, 0.1086, 0.1164, 0.1082, 0.1032], "loss": [2.293066536768889, 2.2855310829786153, 2.2809334030518165, 2.2763514518737793, 2.275092648390012, 2.275536068739035, 2.2720891504715652, 2.2722478692348185, 2.2750770090482173, 2.272358455719092, 2.2695438815997195, 2.2726959930016446], "val_loss": [2.3821260135650633, 2.7574594192504884, 2.4255737129211425, 2.705592349243164, 3.019551280975342, 2.807968244552612, 2.6713523406982422, 2.437798264694214, 2.7911469146728516, 3.117133446121216, 3.20338702545166, 3.0323844566345213], "acc": [0.11573517628205128, 0.11871494391025642, 0.1252003205128205, 0.12712840544871795, 0.12352263621794872, 0.12502504006410256, 0.1246494391025641, 0.12517528044871795, 0.12299679487179487, 0.12510016025641027, 0.1281300080128205, 0.12565104166666666]}, "configs": {"horizontal_flip": 0.9616758636659618, "pad_upper": 0.28110020818825154, "crop_lower": 0.06189317537013028, "vertical_flip": 0.17029202974638302, "rotation_upper": 26, "pad_lower": 0.04446693328038599, "crop_probability": 0.8863976425176588, "pad_probability": 0.4297351963385334, "rotation_lower": -1, "crop_upper": 0.16730219026478305, "scale_probability": 0.19346890060905997, "scale_lower": 0.8444449147736814, "scale_upper": 1.6957094925430398, "rotation_probability": 0.34766688477594987}, "used_budget": 727.7233827114105, "train_accuracy": 0.12565104166666666, "augment": true}