{"used_budget": 760.5193390846252, "augment": true, "validation_error": 0.9002, "train_history": {"val_loss": [2.2925229175567625, 2.371649468231201, 2.4829033584594726, 2.5723120845794676, 2.525374687957764, 2.9926545181274413, 3.6672810703277587, 2.7013412185668946, 2.963866944503784, 3.3828494201660155, 2.6445274101257326, 3.051313433456421], "loss": [2.2980956656810565, 2.294924352413569, 2.2934776575137406, 2.2923857967058816, 2.2932894963484545, 2.2917546094992223, 2.2911704312532377, 2.291211112187459, 2.290775042313796, 2.2904365001580653, 2.290242518369968, 2.290055486636284], "acc": [0.10714643429487179, 0.11017628205128205, 0.11147836538461539, 0.11067708333333333, 0.11127804487179487, 0.1122295673076923, 0.11045172275641026, 0.10789763621794872, 0.11448317307692307, 0.11388221153846154, 0.11290564903846154, 0.11353165064102565], "val_acc": [0.0998, 0.1243, 0.0995, 0.0997, 0.1003, 0.0995, 0.0997, 0.0995, 0.0996, 0.0996, 0.0997, 0.0998]}, "train_accuracy": 0.11353165064102565, "configs": {"scale_probability": 0.7705488842353213, "pad_upper": 0.10124016595833725, "rotation_upper": 73, "vertical_flip": 0.14215770006824502, "pad_lower": 0.04728612719746707, "scale_upper": 1.408539085662713, "crop_lower": 0.06063964301137586, "rotation_lower": -19, "horizontal_flip": 0.5737115790140244, "crop_probability": 0.4022325376430379, "scale_lower": 0.5886185416843623, "rotation_probability": 0.6366430315613236, "pad_probability": 0.6566858597842081, "crop_upper": 0.2054536202454913}}