{"train_accuracy": 0.11122796474358974, "validation_error": 0.8992, "used_budget": 678.7786056995392, "train_history": {"val_loss": [2.5926477924346925, 2.39431303024292, 2.3782333431243896, 2.500754419708252, 2.4963341049194336, 2.87497113571167, 3.2123446037292482, 3.018943922424316, 3.4093062492370607, 2.9083654079437258, 3.660599401855469, 3.3706978858947756], "acc": [0.10251402243589744, 0.10867387820512821, 0.10985076121794872, 0.10932491987179487, 0.11295572916666667, 0.11365685096153846, 0.10899939903846154, 0.11090244391025642, 0.1112530048076923, 0.10834835737179487, 0.1067958733974359, 0.11122796474358974], "val_acc": [0.1011, 0.1018, 0.1027, 0.1012, 0.1018, 0.1023, 0.1011, 0.1011, 0.1015, 0.1011, 0.1011, 0.1008], "loss": [2.300185428215907, 2.2984648782473345, 2.296987769695429, 2.2960349840995593, 2.2957226076187234, 2.2943068070289416, 2.295500771357463, 2.2945166390675764, 2.2942260832358627, 2.2943888948513913, 2.2945856138681755, 2.293839014493502]}, "configs": {"rotation_lower": -160, "vertical_flip": 0.30162451689691683, "pad_upper": 0.11681854665800138, "pad_probability": 0.22194853009295046, "scale_probability": 0.32728956652888086, "crop_upper": 0.2783446444434896, "horizontal_flip": 0.021839542350415075, "pad_lower": 0.0028458170393887206, "rotation_probability": 0.7818092695746102, "scale_upper": 1.5002840337172199, "scale_lower": 0.6807610811299524, "rotation_upper": 54, "crop_probability": 0.9176544373811014, "crop_lower": 0.07916718733717795}, "augment": true}