{"configs": {"crop_lower": 0.009577983318539075, "pad_probability": 0.2007389455776054, "scale_lower": 0.9770836785701567, "rotation_upper": 168, "horizontal_flip": 0.5097777504662742, "scale_probability": 0.5238829239042028, "crop_upper": 0.27899457015454454, "rotation_probability": 0.8220346909270098, "pad_lower": 0.07969661360597491, "scale_upper": 1.1390169523079179, "crop_probability": 0.6433063886352468, "vertical_flip": 0.2234701277159773, "rotation_lower": -4, "pad_upper": 0.15207376376182444}, "validation_error": 0.9007000000000001, "train_accuracy": 0.11037660256410256, "train_history": {"acc": [0.10559395032051282, 0.1070713141025641, 0.10699619391025642, 0.10737179487179487, 0.11152844551282051, 0.11090244391025642, 0.11122796474358974, 0.11067708333333333, 0.11005108173076923, 0.11005108173076923, 0.10759715544871795, 0.11037660256410256], "loss": [2.3002751653011027, 2.298925295854226, 2.296116828918457, 2.294438966573813, 2.295360823472341, 2.2938488859396715, 2.292703550595504, 2.292831235971206, 2.2927324259892488, 2.293646623690923, 2.294076132468688, 2.29220318259337], "val_loss": [2.2926012531280517, 2.3479440639495848, 2.3894791790008547, 2.283230377960205, 2.6018470222473145, 2.696575751495361, 3.6005290168762207, 2.3438802665710448, 2.442294165802002, 2.3515919258117677, 2.5200174133300783, 2.9232289794921873], "val_acc": [0.1006, 0.0999, 0.0993, 0.107, 0.0992, 0.1168, 0.0993, 0.0996, 0.0991, 0.0991, 0.0993, 0.0993]}, "used_budget": 725.0079588890076, "augment": true}