{"augment": true, "validation_error": 0.8991, "train_accuracy": 0.11623597756410256, "used_budget": 732.457183599472, "configs": {"rotation_lower": -159, "pad_upper": 0.1619890026150239, "vertical_flip": 0.8549506276912582, "scale_probability": 0.551330854553497, "rotation_upper": 59, "crop_probability": 0.7984048735983191, "scale_lower": 0.8220292563114324, "crop_upper": 0.26783829960247596, "rotation_probability": 0.007328366639616557, "pad_probability": 0.9428567689732529, "pad_lower": 0.07555100372801618, "horizontal_flip": 0.5099257384996909, "scale_upper": 1.802213962428576, "crop_lower": 0.07147270533689176}, "train_history": {"val_loss": [2.324225842666626, 2.399637484741211, 2.6389833450317384, 3.3313870712280274, 3.76456849861145, 3.071168045043945, 3.279363691711426, 3.727819297027588, 2.863898498535156, 3.3735787994384765, 2.729515966796875, 3.274406065368652], "val_acc": [0.1036, 0.1003, 0.0998, 0.0995, 0.1036, 0.0995, 0.0991, 0.0992, 0.1014, 0.0997, 0.1141, 0.1009], "acc": [0.10960036057692307, 0.11340645032051282, 0.115234375, 0.11783854166666667, 0.11315604967948718, 0.11686197916666667, 0.11520933493589744, 0.11706229967948718, 0.11828926282051282, 0.11588541666666667, 0.12044270833333333, 0.11623597756410256], "loss": [2.296729198633096, 2.2914927441340227, 2.2888470872854576, 2.2851670606014056, 2.2876683443020553, 2.287179714594132, 2.2849316742175665, 2.284089203064258, 2.2832054686851992, 2.2833317204927788, 2.282708478279603, 2.283388098080953]}}