{"configs": {"crop_lower": 0.03624598052451229, "pad_probability": 0.10497637483645372, "rotation_lower": -83, "vertical_flip": 0.782153705929702, "scale_lower": 0.5383104257596312, "rotation_probability": 0.9776712459864075, "rotation_upper": 38, "scale_upper": 1.5104292465122087, "pad_upper": 0.22286896593102679, "crop_upper": 0.13296773259693206, "pad_lower": 0.0693606889050314, "scale_probability": 0.7759783328421247, "horizontal_flip": 0.7386382008149983, "crop_probability": 0.43227625200473674}, "train_history": {"acc": [0.10354066506410256, 0.10639523237179487, 0.10879907852564102, 0.11085236378205128, 0.10889923878205128, 0.1073467548076923, 0.11170372596153846, 0.10955028044871795, 0.10924979967948718, 0.1103515625, 0.10967548076923077, 0.11137820512820513], "val_loss": [2.4785265354156496, 2.4027966033935546, 2.353444567871094, 2.4032105545043945, 2.841499215698242, 2.655488698577881, 2.884180516052246, 2.389030146408081, 2.920401781463623, 2.650088043212891, 2.4721130783081056, 2.328608674240112], "val_acc": [0.1003, 0.1003, 0.1002, 0.1028, 0.1004, 0.1008, 0.1112, 0.1117, 0.0997, 0.1076, 0.1085, 0.1151], "loss": [2.300142990472989, 2.2980161553774123, 2.296987145374983, 2.295215796201657, 2.2963324915140104, 2.295885613331428, 2.2945414055616427, 2.2955390444168677, 2.294696589310964, 2.2935547744616485, 2.2922581350192046, 2.292280676273199]}, "train_accuracy": 0.11137820512820513, "validation_error": 0.8849, "used_budget": 751.6819500923157, "augment": true}