{"used_budget": 750.9745683670044, "train_history": {"val_loss": [2.3507562690734862, 2.4318513946533202, 2.569020066452026, 3.709796276092529, 2.3729877796173096, 2.5995220706939697, 3.5953002876281737, 5.053582988739014, 4.028217797470092, 4.121376821899414, 3.5473547012329103, 3.4934767639160156], "acc": [0.10616987179487179, 0.10904947916666667, 0.1077724358974359, 0.1100010016025641, 0.10962540064102565, 0.10927483974358974, 0.10812299679487179, 0.10955028044871795, 0.11157852564102565, 0.1122295673076923, 0.10997596153846154, 0.11355669070512821], "val_acc": [0.0995, 0.0995, 0.0994, 0.0995, 0.1008, 0.0996, 0.0995, 0.0995, 0.0995, 0.0993, 0.0996, 0.0994], "loss": [2.299306477491672, 2.297134450612924, 2.2976180016994476, 2.2957536455912466, 2.2966467241446176, 2.2955674215769157, 2.293733137540328, 2.293032170106203, 2.294653881054658, 2.2944035736414103, 2.2941955572519546, 2.2927718536976056]}, "augment": true, "train_accuracy": 0.11355669070512821, "validation_error": 0.9006, "configs": {"pad_upper": 0.2595103305761561, "scale_upper": 1.8573126723579008, "rotation_upper": 138, "rotation_lower": -89, "vertical_flip": 0.4181090295676718, "pad_probability": 0.5241504940836526, "pad_lower": 0.07179084250287747, "crop_probability": 0.1110818987928639, "scale_probability": 0.6156659328866545, "crop_upper": 0.2412045123479166, "crop_lower": 0.04250766736045214, "scale_lower": 0.9219129993058466, "horizontal_flip": 0.891714478217772, "rotation_probability": 0.8470645282373882}}