{"train_history": {"val_loss": [2.32344694442749, 2.3864823013305663, 2.577335683441162, 2.5473877342224123, 2.6851510292053224, 2.3477751567840577, 2.53769107093811, 3.7487291805267335, 2.6887897510528562, 4.254430820465088, 3.2682085834503174, 2.9375419410705566], "val_acc": [0.104, 0.098, 0.0979, 0.0979, 0.0975, 0.0933, 0.0956, 0.0977, 0.0979, 0.0964, 0.0985, 0.099], "acc": [0.10561899038461539, 0.11142828525641026, 0.11278044871794872, 0.11207932692307693, 0.1090244391025641, 0.11253004807692307, 0.111328125, 0.11185396634615384, 0.11263020833333333, 0.11067708333333333, 0.11458333333333333, 0.11020132211538461], "loss": [2.298318690978564, 2.2957348823547363, 2.293585467032897, 2.2934808127391033, 2.2929430596339397, 2.2915254632631936, 2.2924955563667493, 2.2915861155742254, 2.2926351672563796, 2.291206793143199, 2.2909597876744394, 2.2920404695547543]}, "validation_error": 0.901, "configs": {"pad_probability": 0.37590403524633087, "scale_upper": 1.151789456188188, "rotation_probability": 0.7654957757878339, "horizontal_flip": 0.03203926390513756, "crop_upper": 0.15555187061867587, "rotation_upper": 140, "vertical_flip": 0.9881317981475506, "pad_lower": 0.052584724291377484, "crop_lower": 0.004141649303800343, "pad_upper": 0.2605864481611617, "scale_lower": 0.998595432717148, "scale_probability": 0.7860976316720153, "rotation_lower": -169, "crop_probability": 0.5020045612917197}, "train_accuracy": 0.11020132211538461, "used_budget": 757.8578131198883, "augment": true}