{"augment": true, "validation_error": 0.9007000000000001, "configs": {"crop_probability": 0.8274730728767391, "pad_upper": 0.22313934925144047, "rotation_probability": 0.5054107094429288, "scale_lower": 0.6519442383624862, "pad_lower": 0.03670619795999809, "horizontal_flip": 0.1055542255852765, "rotation_upper": 50, "scale_probability": 0.5212361088471087, "crop_upper": 0.2595027714237501, "pad_probability": 0.8651430256245172, "vertical_flip": 0.7741322188983288, "rotation_lower": -50, "crop_lower": 0.08956773651099052, "scale_upper": 1.817933946363714}, "train_history": {"acc": [0.10566907051282051, 0.10837339743589744, 0.11060196314102565, 0.11095252403846154, 0.10947516025641026, 0.11260516826923077, 0.11303084935897435, 0.11032652243589744, 0.11100260416666667, 0.11303084935897435, 0.1107021233974359, 0.10904947916666667], "val_loss": [3.4017472862243654, 2.930513801574707, 2.4190173110961912, 2.5876476833343505, 2.7531025302886962, 2.6465926704406737, 2.5482517929077146, 2.5579206424713137, 2.776717143249512, 2.8569093635559084, 2.5781482704162597, 3.1005914428710937], "val_acc": [0.1011, 0.1013, 0.1024, 0.093, 0.1013, 0.1092, 0.1042, 0.0924, 0.0999, 0.1012, 0.0954, 0.0993], "loss": [2.298943275060409, 2.297693905922083, 2.293447044415352, 2.294782335941608, 2.2943050486919208, 2.2926179552689576, 2.292660137017568, 2.2950347807162848, 2.292342334221571, 2.2935552260814567, 2.292972527253322, 2.292560795942942]}, "used_budget": 755.1930589675903, "train_accuracy": 0.10904947916666667}