{"used_budget": 662.0965464115143, "validation_error": 0.9041, "train_history": {"val_loss": [2.625492096710205, 4.300850935363769, 2.567730637359619, 2.55058897857666, 2.8951951358795167, 2.7258014335632326, 3.2746550506591796, 2.6995885704040528, 3.2302536518096923, 3.4174714706420897, 2.96901669960022, 2.928327976989746], "val_acc": [0.0943, 0.0944, 0.0944, 0.0945, 0.098, 0.0876, 0.0946, 0.1033, 0.0927, 0.0948, 0.0951, 0.0959], "loss": [2.295865447857441, 2.2883235888603406, 2.286330532569152, 2.28529683748881, 2.2833790397032714, 2.2821495273174386, 2.2814458150130053, 2.281389982272417, 2.280324182449243, 2.2829084877784434, 2.28078924310513, 2.2826091838188662], "acc": [0.11110276442307693, 0.11518429487179487, 0.11981670673076923, 0.11833934294871795, 0.11866486378205128, 0.12249599358974358, 0.12049278846153846, 0.12154447115384616, 0.12327223557692307, 0.1190655048076923, 0.12272135416666667, 0.12164463141025642]}, "train_accuracy": 0.12164463141025642, "configs": {"rotation_lower": -8, "rotation_upper": 116, "crop_upper": 0.16381913299273365, "pad_lower": 0.060039555670345135, "rotation_probability": 0.254980212843644, "crop_probability": 0.5784250116827035, "pad_upper": 0.2872087850517977, "crop_lower": 0.09286550538676695, "horizontal_flip": 0.6205918965104078, "pad_probability": 0.44718272573240725, "scale_upper": 1.5530235850892757, "scale_lower": 0.5108548162520581, "scale_probability": 0.541155477402585, "vertical_flip": 0.7841313508782107}, "augment": true}