{"validation_error": 0.898, "used_budget": 741.8435890674591, "train_accuracy": 0.12362279647435898, "train_history": {"acc": [0.11716245993589744, 0.11793870192307693, 0.12141927083333333, 0.11909054487179487, 0.12136919070512821, 0.1240234375, 0.12247095352564102, 0.12249599358974358, 0.12459935897435898, 0.12392327724358974, 0.12429887820512821, 0.12362279647435898], "val_loss": [2.369183570098877, 2.6744027923583986, 2.6373756813049316, 2.6292743003845214, 3.278778261566162, 2.699834560775757, 2.4625484733581544, 2.6181994636535646, 2.7750535636901854, 2.7053553176879883, 2.4223807903289796, 2.6264431373596193], "val_acc": [0.1029, 0.1018, 0.1021, 0.1019, 0.1021, 0.1021, 0.1019, 0.1022, 0.102, 0.1023, 0.1019, 0.102], "loss": [2.294219751388599, 2.2874835393367667, 2.2837432599984684, 2.283118949486659, 2.281331777572632, 2.279276437484301, 2.281275680431953, 2.2790677432830515, 2.278184692064921, 2.2797911121295047, 2.2775066135785518, 2.2772794167200723]}, "augment": true, "configs": {"rotation_lower": -130, "rotation_probability": 0.3953908298768468, "crop_upper": 0.22548763540245687, "crop_lower": 0.020967613020793065, "pad_upper": 0.18359486731800473, "rotation_upper": 150, "crop_probability": 0.8154575541408878, "vertical_flip": 0.684633913974133, "scale_probability": 0.09784608353894764, "pad_lower": 0.0628030500014875, "scale_lower": 0.6699302067772221, "horizontal_flip": 0.8851240825018636, "scale_upper": 1.3874180572327202, "pad_probability": 0.7569974053981063}}