{"train_accuracy": 0.12740384615384615, "configs": {"crop_probability": 0.011868412108444804, "rotation_upper": 54, "pad_probability": 0.7175528522802921, "horizontal_flip": 0.4490279407131793, "rotation_lower": -104, "pad_lower": 0.0006016334964813463, "pad_upper": 0.14456065716729052, "vertical_flip": 0.3979114305885233, "scale_upper": 1.0500258577038863, "scale_lower": 0.5767242012219833, "crop_lower": 0.09678542872735829, "crop_upper": 0.25236104602423093, "scale_probability": 0.25103332338135464, "rotation_probability": 0.6004418631464757}, "validation_error": 0.8994, "used_budget": 671.5798804759979, "train_history": {"loss": [2.2937442599198756, 2.2856118579705558, 2.2838120330602694, 2.2784928518992205, 2.2801998532735386, 2.278995149410688, 2.2793452670940986, 2.279121369887621, 2.2774238945581975, 2.2773857552271624, 2.278825063736011, 2.2759061050720706], "val_loss": [2.346744078063965, 2.578491703414917, 2.587024383544922, 2.86515318107605, 3.428110772705078, 4.909013661193848, 2.4194686477661134, 2.947924351882935, 2.8206344757080077, 2.5820150745391848, 2.5613500106811524, 2.6013803054809572], "val_acc": [0.1008, 0.1007, 0.1008, 0.1007, 0.1007, 0.1007, 0.1007, 0.1007, 0.1007, 0.1005, 0.1006, 0.1006], "acc": [0.11716245993589744, 0.12179487179487179, 0.12186999198717949, 0.1231219951923077, 0.12354767628205128, 0.12439903846153846, 0.12362279647435898, 0.12540064102564102, 0.12510016025641027, 0.12444911858974358, 0.12337239583333333, 0.12740384615384615]}, "augment": true}