{"augment": true, "train_history": {"val_loss": [2.2997394325256346, 2.30505361328125, 2.453165769958496, 2.959799210357666, 2.35181826171875, 2.329019496154785, 2.449622215270996, 2.5643523742675782, 2.5611246292114256, 2.6649524085998535, 2.5816286071777346, 2.63540983581543], "val_acc": [0.1048, 0.1069, 0.1044, 0.1049, 0.1066, 0.1253, 0.1068, 0.1107, 0.1067, 0.1057, 0.1313, 0.1082], "loss": [2.2933970238917913, 2.286072497948622, 2.282614999092542, 2.2789385662629056, 2.276406956788821, 2.279819207313733, 2.2752968768278756, 2.276506007481844, 2.276958256195753, 2.2721868684658637, 2.2733405973666754, 2.2740476628144584], "acc": [0.11458333333333333, 0.12079326923076923, 0.12204527243589744, 0.12580128205128205, 0.1264523237179487, 0.12537560096153846, 0.12454927884615384, 0.12417367788461539, 0.12497495993589744, 0.12732872596153846, 0.12755408653846154, 0.1273036858974359]}, "configs": {"rotation_upper": 157, "rotation_lower": -127, "scale_probability": 0.46794678453652694, "crop_probability": 0.6142562423023298, "scale_upper": 1.6516336500557398, "vertical_flip": 0.6289924938104534, "pad_upper": 0.11948115955607641, "horizontal_flip": 0.6253581383975375, "pad_probability": 0.4811227582610018, "crop_lower": 0.09028906009737916, "pad_lower": 0.050281515209921385, "rotation_probability": 0.11777150932981961, "crop_upper": 0.1061446288832445, "scale_lower": 0.5183344245948431}, "validation_error": 0.8918, "used_budget": 656.8324820995331, "train_accuracy": 0.1273036858974359}