{"augment": true, "train_accuracy": 0.10934995993589744, "configs": {"vertical_flip": 0.6870812691390354, "scale_upper": 1.9356191315413391, "crop_probability": 0.6945693229400569, "rotation_probability": 0.8926794973633813, "horizontal_flip": 0.4965628184432731, "scale_lower": 0.7737654808091852, "pad_probability": 0.2595810467947556, "crop_upper": 0.2544882185640296, "rotation_lower": 0, "crop_lower": 0.06493899645850068, "pad_lower": 0.06433422728003557, "rotation_upper": 48, "scale_probability": 0.41663821322019345, "pad_upper": 0.1671097887219683}, "train_history": {"val_acc": [0.1008, 0.1036, 0.1006, 0.1011, 0.1006, 0.1009, 0.1006, 0.1006, 0.1011, 0.1007, 0.1012, 0.1019], "loss": [2.2999614431307864, 2.2990151957059517, 2.2970880957750173, 2.296910415093104, 2.295519416913008, 2.2953956677363467, 2.295455367137224, 2.2951444341586185, 2.295061932924466, 2.2955522185716872, 2.294058089072888, 2.295855614619377], "val_loss": [2.382923318481445, 2.2812553035736083, 2.864666618347168, 2.4264479038238527, 3.6581728378295897, 2.86062212600708, 3.079712963104248, 3.25443547706604, 3.076082883453369, 3.2566800331115724, 2.5563088912963865, 2.6301527198791503], "acc": [0.10384114583333333, 0.10566907051282051, 0.10827323717948718, 0.10977564102564102, 0.1142578125, 0.11060196314102565, 0.10782251602564102, 0.11085236378205128, 0.1097255608974359, 0.10897435897435898, 0.11112780448717949, 0.10934995993589744]}, "used_budget": 749.081375837326, "validation_error": 0.8981}