{"train_accuracy": 0.11192908653846154, "validation_error": 0.9042, "used_budget": 675.7386643886566, "train_history": {"val_acc": [0.0985, 0.1079, 0.0983, 0.0985, 0.098, 0.0984, 0.0988, 0.0985, 0.0905, 0.0963, 0.0981, 0.0958], "val_loss": [2.645678840637207, 2.2957450141906737, 2.3344001914978025, 2.4255446186065672, 2.3351858459472656, 3.182071257019043, 3.4079082511901855, 2.827826288986206, 2.7758020137786867, 2.6883812774658202, 2.714101245880127, 3.0010854412078856], "loss": [2.2992616181190195, 2.2957839323924136, 2.293694347143173, 2.2924714294763713, 2.2924337845582228, 2.2902804750662584, 2.290115222716943, 2.2904388583623447, 2.2905308657731767, 2.289038259249467, 2.2896282351933994, 2.287649005651474], "acc": [0.10824819711538461, 0.11150340544871795, 0.10889923878205128, 0.11085236378205128, 0.1064453125, 0.10955028044871795, 0.11358173076923077, 0.11350661057692307, 0.11328125, 0.11075220352564102, 0.10980068108974358, 0.11192908653846154]}, "augment": true, "configs": {"scale_upper": 1.884878723512235, "rotation_upper": 22, "scale_lower": 0.867681698635624, "scale_probability": 0.7689437670575721, "crop_probability": 0.4517578448929308, "pad_upper": 0.23617513507688753, "rotation_lower": -8, "pad_lower": 0.02266845058632272, "crop_lower": 0.09232126484669784, "rotation_probability": 0.3526134484019451, "vertical_flip": 0.9217335827638266, "horizontal_flip": 0.5692019524003339, "crop_upper": 0.27928845772062527, "pad_probability": 0.7010674672487477}}