{"validation_error": 0.8989, "used_budget": 745.8166818618774, "train_history": {"acc": [0.1107021233974359, 0.11553485576923077, 0.11616085737179487, 0.11934094551282051, 0.11889022435897435, 0.11901542467948718, 0.11838942307692307, 0.1204677483974359, 0.11796374198717949, 0.12247095352564102, 0.12066806891025642, 0.12021734775641026], "val_loss": [2.306062738800049, 2.3765982734680176, 2.463202219390869, 3.1723930194854737, 2.441925503540039, 2.3893895401000975, 2.6895007568359377, 2.551130121231079, 2.541735341262817, 3.3191044658660886, 2.9654781341552736, 2.7854614681243897], "loss": [2.294005635457161, 2.289345387464915, 2.2875293546762223, 2.2830907091116295, 2.28468066912431, 2.2812155118355384, 2.282994503394151, 2.2815876679542737, 2.2806407847465615, 2.2796913446524205, 2.279077085929039, 2.279127832406606], "val_acc": [0.112, 0.1033, 0.1011, 0.1009, 0.1015, 0.1039, 0.1012, 0.1009, 0.101, 0.1009, 0.1011, 0.1011]}, "augment": true, "train_accuracy": 0.12021734775641026, "configs": {"horizontal_flip": 0.7799936167119979, "rotation_probability": 0.1287214122985012, "scale_lower": 0.7965971755024516, "scale_upper": 1.0347919649571566, "rotation_lower": -176, "rotation_upper": 12, "crop_upper": 0.22588221289863217, "pad_probability": 0.7247718610973519, "crop_lower": 0.052406139363785215, "pad_upper": 0.11770800476001403, "scale_probability": 0.7649413248260843, "crop_probability": 0.32836076148285753, "vertical_flip": 0.3695046063402748, "pad_lower": 0.03895604988124113}}