{"train_accuracy": 0.11563501602564102, "augment": true, "configs": {"horizontal_flip": 0.43955967724125666, "scale_upper": 1.1643790520572637, "rotation_probability": 0.7543180047477053, "crop_probability": 0.8394293408424607, "pad_lower": 0.03583869044591274, "vertical_flip": 0.22336701344209664, "rotation_upper": 41, "pad_probability": 0.9648244084275535, "crop_upper": 0.18939915728630713, "pad_upper": 0.22731121679518357, "scale_lower": 0.9926798478740397, "rotation_lower": -175, "scale_probability": 0.044401615152088625, "crop_lower": 0.027636967376243382}, "train_history": {"loss": [2.2990987736445208, 2.2946463341896353, 2.2922540337611466, 2.289477372016662, 2.289274065158306, 2.288624884226383, 2.2895723833487582, 2.289550531368989, 2.2878502897727184, 2.2861904372007418, 2.287151126525341, 2.288178963538928], "val_loss": [2.3394541343688964, 2.356084278869629, 2.643936863708496, 2.5532090576171873, 2.828247653579712, 3.062381700897217, 3.147559786605835, 3.3611338901519776, 3.471637418746948, 3.0634358795166015, 3.031853733062744, 2.9083191421508787], "val_acc": [0.1073, 0.1069, 0.1072, 0.1071, 0.1071, 0.107, 0.107, 0.107, 0.1068, 0.1064, 0.1059, 0.1049], "acc": [0.10982572115384616, 0.1119541266025641, 0.11495893429487179, 0.11616085737179487, 0.11245492788461539, 0.11370693108974358, 0.11748798076923077, 0.11583533653846154, 0.11746294070512821, 0.1172626201923077, 0.1142578125, 0.11563501602564102]}, "used_budget": 751.7875869274139, "validation_error": 0.8951}