{"used_budget": 752.2234225273132, "train_history": {"val_loss": [3.2416094032287597, 2.295669969177246, 2.6689865402221677, 3.274618291473389, 2.7908677791595458, 2.7749025438308714, 3.3467136795043944, 2.3410584915161134, 2.9028865665435792, 3.345826237487793, 2.6261820863723755, 3.308114472579956], "loss": [2.2997609873612723, 2.2962881479507837, 2.2958048574435406, 2.2956012097688823, 2.294149482097381, 2.292605853997744, 2.29260181922179, 2.294608394304911, 2.294050471140788, 2.293417983330213, 2.2930846351843615, 2.2936662955161853], "acc": [0.10486778846153846, 0.1083233173076923, 0.1084735576923077, 0.10682091346153846, 0.10950020032051282, 0.10779747596153846, 0.10787259615384616, 0.10862379807692307, 0.1083984375, 0.10934995993589744, 0.10975060096153846, 0.10859875801282051], "val_acc": [0.0999, 0.1123, 0.0999, 0.0989, 0.0998, 0.0992, 0.0967, 0.0998, 0.0999, 0.103, 0.1084, 0.0992]}, "augment": true, "validation_error": 0.9008, "configs": {"rotation_probability": 0.3301567500504252, "scale_probability": 0.9128825918811051, "scale_lower": 0.7178939940663416, "horizontal_flip": 0.131905978783047, "pad_probability": 0.3136089225916686, "rotation_lower": -25, "crop_upper": 0.28993925042149526, "pad_lower": 0.04868435112808981, "rotation_upper": 112, "vertical_flip": 0.9999677757806423, "crop_lower": 0.04857553544043402, "crop_probability": 0.9922577742027554, "pad_upper": 0.2379843524262705, "scale_upper": 1.3482584834548639}, "train_accuracy": 0.10859875801282051}