{"used_budget": 745.8618471622467, "configs": {"crop_lower": 0.030541155915713915, "rotation_upper": 77, "scale_probability": 0.9485083571318657, "pad_upper": 0.24544785102052205, "rotation_lower": -72, "rotation_probability": 0.18712325981382805, "scale_lower": 0.7273564635750839, "crop_upper": 0.2845809605370595, "vertical_flip": 0.42434268476663173, "pad_lower": 0.057704097237996355, "horizontal_flip": 0.8059053838662452, "scale_upper": 1.4819962781897116, "crop_probability": 0.7528011173375232, "pad_probability": 0.6659634706029463}, "validation_error": 0.8865, "train_accuracy": 0.11105268429487179, "train_history": {"val_loss": [2.62558607711792, 2.3317634399414064, 2.4152117431640625, 2.312698544692993, 2.8698656929016115, 3.194704238128662, 3.0267831481933594, 3.194707339477539, 3.1286292411804197, 2.4842689834594727, 2.4089555938720704, 2.398665651702881], "val_acc": [0.1032, 0.1034, 0.1031, 0.1037, 0.1032, 0.1032, 0.1031, 0.1042, 0.104, 0.108, 0.104, 0.1135], "acc": [0.10571915064102565, 0.11002604166666667, 0.11007612179487179, 0.10932491987179487, 0.11465845352564102, 0.11037660256410256, 0.11012620192307693, 0.11087740384615384, 0.10960036057692307, 0.1122295673076923, 0.10787259615384616, 0.11105268429487179], "loss": [2.2997126013804703, 2.297466625769933, 2.2967731593511043, 2.295172609579869, 2.2933563674107575, 2.2947022097233014, 2.2944720349250693, 2.292680274981719, 2.2934626768796873, 2.293146143356959, 2.2938957649927874, 2.2926790591997976]}, "augment": true}