{"used_budget": 754.4451899528503, "train_history": {"acc": [0.10494290865384616, 0.11022636217948718, 0.10899939903846154, 0.10752203525641026, 0.1064453125, 0.11175380608974358, 0.10919971955128205, 0.10897435897435898, 0.11240484775641026, 0.10914963942307693, 0.10809795673076923, 0.10854867788461539], "val_acc": [0.1075, 0.1041, 0.1015, 0.1015, 0.1017, 0.1075, 0.1066, 0.1009, 0.107, 0.1147, 0.1016, 0.0968], "val_loss": [2.7515518356323243, 2.3415045879364014, 2.3016248291015624, 2.6578378997802736, 3.4919458671569825, 2.6213783824920656, 2.442251828765869, 2.469267791366577, 2.6257533584594728, 2.3215914409637453, 2.3769205070495607, 2.3463334293365476], "loss": [2.2994346167796698, 2.2966820972088056, 2.2961739485080424, 2.2954330360278106, 2.2947595509198995, 2.294871607652077, 2.294164682045961, 2.293568715071067, 2.2928398427290793, 2.2942343934988365, 2.2938067530974364, 2.292930543422699]}, "validation_error": 0.9032, "configs": {"rotation_lower": -44, "pad_probability": 0.4284016019555761, "rotation_probability": 0.7555517317839963, "rotation_upper": 18, "scale_lower": 0.7082640242030223, "pad_upper": 0.1497961199141024, "scale_upper": 1.9700078021490892, "scale_probability": 0.5812178229157607, "vertical_flip": 0.803185828187884, "crop_probability": 0.8026394029045693, "crop_upper": 0.24633634488890788, "crop_lower": 0.011213953901578567, "pad_lower": 0.03971218448505986, "horizontal_flip": 0.014369064277200971}, "augment": true, "train_accuracy": 0.10854867788461539}