{"configs": {"pad_upper": 0.2324309795793891, "crop_upper": 0.14101000158256677, "crop_probability": 0.7015479286808832, "pad_probability": 0.2686134957456726, "pad_lower": 0.006454384729237772, "vertical_flip": 0.02089432406951075, "scale_lower": 0.803247518614675, "scale_upper": 1.5561612751831086, "crop_lower": 0.027883021277457745, "horizontal_flip": 0.375401654142964, "rotation_upper": 36, "scale_probability": 0.5885144335200783, "rotation_lower": -105, "rotation_probability": 0.15919386630008436}, "validation_error": 0.8831, "train_history": {"loss": [2.2915943486568255, 2.284300733071107, 2.2806797340894356, 2.2770452980811777, 2.275357947135583, 2.2765456919486704, 2.2750900082099133, 2.272665058191006, 2.270420408401734, 2.271507819493612, 2.269623427054821, 2.274143553697146], "val_loss": [2.5650465549468993, 2.634699981689453, 2.5536398273468017, 2.5362667671203614, 2.3957082084655763, 3.200755676269531, 2.6841933570861816, 2.7850255363464353, 2.6171527370452883, 3.2018079036712646, 3.20925007019043, 2.8732669437408447], "acc": [0.11505909455128205, 0.11979166666666667, 0.1226963141025641, 0.1226963141025641, 0.12359775641025642, 0.12194511217948718, 0.12427383814102565, 0.12342247596153846, 0.1255008012820513, 0.1258263221153846, 0.12615184294871795, 0.1257011217948718], "val_acc": [0.0976, 0.0976, 0.0975, 0.0981, 0.0989, 0.0975, 0.1071, 0.1027, 0.1003, 0.1023, 0.1303, 0.1169]}, "train_accuracy": 0.1257011217948718, "used_budget": 664.1049873828888, "augment": true}