{"configs": {"scale_lower": 0.9758618853216027, "scale_upper": 1.5260557314237628, "pad_probability": 0.3971371606881623, "crop_probability": 0.10594811723624187, "pad_lower": 0.08919967365542879, "horizontal_flip": 0.9959165699477743, "rotation_upper": 69, "rotation_lower": -89, "vertical_flip": 0.5679874325985563, "pad_upper": 0.1092250126136243, "rotation_probability": 0.7608427397540871, "scale_probability": 0.20748054438188324, "crop_upper": 0.11286172483507535, "crop_lower": 9.652708361901352e-05}, "used_budget": 747.1814885139465, "augment": true, "train_accuracy": 0.12146935096153846, "train_history": {"val_acc": [0.1027, 0.1026, 0.1028, 0.1027, 0.1025, 0.1031, 0.1028, 0.1031, 0.1071, 0.103, 0.1204, 0.1029], "loss": [2.2957157286313863, 2.291124785557771, 2.2860879592406445, 2.285608721085084, 2.2844608571284857, 2.28395577501028, 2.28300227645116, 2.281939236017374, 2.281277298163145, 2.2802654657608423, 2.2821032947454696, 2.2806598994976435], "acc": [0.11410757211538461, 0.11345653044871795, 0.11838942307692307, 0.11831430288461539, 0.1192157451923077, 0.11741286057692307, 0.12014222756410256, 0.12034254807692307, 0.11961638621794872, 0.12249599358974358, 0.11723758012820513, 0.12146935096153846], "val_loss": [2.358595399856567, 2.5296326419830324, 2.341238131713867, 2.650081799697876, 2.500907657241821, 2.45498069229126, 2.6415005310058595, 2.5446733680725098, 2.4743957984924316, 3.0490191608428954, 2.3346130069732665, 2.717246175003052]}, "validation_error": 0.8971}