{"used_budget": 677.0243973731995, "validation_error": 0.8971, "train_accuracy": 0.10849859775641026, "configs": {"rotation_lower": -117, "scale_upper": 1.5815072489652628, "rotation_upper": 136, "scale_lower": 0.8316376607944204, "crop_probability": 0.9563500441289955, "crop_upper": 0.2838043458111098, "scale_probability": 0.9112993173889784, "pad_lower": 0.06220021635138265, "horizontal_flip": 0.46284875831861183, "pad_probability": 0.344252486221415, "pad_upper": 0.17609864960890076, "vertical_flip": 0.9133437346093866, "crop_lower": 0.07848439470383799, "rotation_probability": 0.1465869248262186}, "augment": true, "train_history": {"acc": [0.10444210737179487, 0.10531850961538461, 0.1044170673076923, 0.10599459134615384, 0.10882411858974358, 0.1063701923076923, 0.10769731570512821, 0.10772235576923077, 0.10829827724358974, 0.11007612179487179, 0.10722155448717949, 0.10849859775641026], "val_loss": [2.695220261001587, 2.801208698272705, 2.721909827041626, 3.009726615142822, 3.324914065551758, 2.7539222423553467, 3.242538959503174, 3.264986162185669, 3.8971059967041017, 3.4493311714172363, 2.7188697025299073, 3.580778815460205], "loss": [2.300137949295533, 2.2969173277035737, 2.2964751575237665, 2.296425994390096, 2.2956576759998617, 2.294644824969463, 2.2945421857711596, 2.2951058447360992, 2.293592529419141, 2.2942540569183154, 2.2944617668787637, 2.293801322197303], "val_acc": [0.0994, 0.0943, 0.0994, 0.0979, 0.1004, 0.0949, 0.1013, 0.1031, 0.1007, 0.1008, 0.1062, 0.1029]}}