{"configs": {"scale_upper": 1.2775118585950547, "crop_lower": 0.029723808251233975, "horizontal_flip": 0.20427832994553063, "pad_upper": 0.1284883260423906, "rotation_probability": 0.5221680336282133, "pad_probability": 0.9149817856676955, "crop_upper": 0.24630885005957928, "scale_lower": 0.5724568556434737, "crop_probability": 0.48902412005093454, "rotation_lower": -99, "vertical_flip": 0.5530625700587406, "scale_probability": 0.32753097601115555, "pad_lower": 0.0952208646576293, "rotation_upper": 152}, "used_budget": 741.0467305183411, "validation_error": 0.9027000000000001, "augment": true, "train_accuracy": 0.11691205929487179, "train_history": {"loss": [2.296771919880158, 2.2924397710042124, 2.290037060395265, 2.2901478639015784, 2.289056432552827, 2.287098923554787, 2.285727987686793, 2.2858006174747763, 2.2862436587993917, 2.2867093919179378, 2.285266236617015, 2.285105126790511], "val_loss": [2.3287602336883544, 2.3119787364959716, 2.5905331176757813, 2.5173198554992675, 2.627120524597168, 2.3151436309814453, 2.8921062870025636, 2.571356325531006, 2.859679761886597, 2.3177914108276365, 2.7756930419921875, 2.51746114654541], "acc": [0.10985076121794872, 0.1161358173076923, 0.11608573717948718, 0.11483373397435898, 0.11641125801282051, 0.11748798076923077, 0.11581029647435898, 0.11934094551282051, 0.11583533653846154, 0.11280548878205128, 0.11751302083333333, 0.11691205929487179], "val_acc": [0.0973, 0.0973, 0.0973, 0.0973, 0.0974, 0.0971, 0.0973, 0.0973, 0.0973, 0.0988, 0.0973, 0.0973]}}