{"configs": {"vertical_flip": 0.957077041710152, "crop_lower": 0.05868993086937126, "rotation_probability": 0.7019429065591996, "pad_probability": 0.35119657642211777, "scale_lower": 0.6997614540104711, "pad_upper": 0.22348221997446768, "rotation_upper": 18, "horizontal_flip": 0.4272220719788401, "scale_upper": 1.4497159967402529, "rotation_lower": -93, "scale_probability": 0.3006718196978023, "crop_probability": 0.16506592540070175, "crop_upper": 0.2170510386199616, "pad_lower": 0.03585704975749552}, "train_accuracy": 0.12044270833333333, "augment": true, "used_budget": 751.6519463062286, "train_history": {"val_loss": [2.394874411010742, 2.594845599365234, 2.8615152278900147, 2.4734852832794187, 2.7185962310791014, 2.8632332447052002, 2.5827172660827635, 2.8468081230163573, 2.8401736850738524, 2.805813370132446, 3.7147751636505126, 2.52930333404541], "loss": [2.2942328529480176, 2.284880614433533, 2.284880383656575, 2.2836191730621533, 2.2820377563818908, 2.280468972829672, 2.281086136897405, 2.2799351391119833, 2.2788490851720176, 2.2798267748111334, 2.276410534595832, 2.2788565319318037], "acc": [0.1104266826923077, 0.11964142628205128, 0.11761318108974358, 0.11758814102564102, 0.12277143429487179, 0.11798878205128205, 0.12267127403846154, 0.12287159455128205, 0.11838942307692307, 0.12039262820512821, 0.12314703525641026, 0.12044270833333333], "val_acc": [0.1039, 0.0991, 0.0984, 0.0991, 0.0985, 0.0986, 0.0985, 0.0988, 0.0989, 0.0981, 0.0976, 0.101]}, "validation_error": 0.899}