{"train_history": {"loss": [2.2992443427061424, 2.297003054466003, 2.294805782727706, 2.294351693147268, 2.2943068712185593, 2.2923903304796953, 2.2932674372807527, 2.292039934641276, 2.292420219916564, 2.29190038335629, 2.2922784036550765, 2.2921080130797167], "val_loss": [2.289453330230713, 2.8403126583099367, 2.8286578262329103, 2.6312550228118896, 2.9484807804107667, 2.3886418479919436, 2.787933048629761, 2.5997605087280276, 3.1229646255493164, 2.496159011077881, 2.7132610412597655, 2.709628966140747], "val_acc": [0.1119, 0.1049, 0.1049, 0.1046, 0.1046, 0.1053, 0.1045, 0.1049, 0.1045, 0.1105, 0.1152, 0.105], "acc": [0.10616987179487179, 0.10694611378205128, 0.10852363782051282, 0.1102764423076923, 0.10672075320512821, 0.10995092147435898, 0.10767227564102565, 0.11122796474358974, 0.11005108173076923, 0.1123046875, 0.11100260416666667, 0.10950020032051282]}, "used_budget": 743.7362487316132, "validation_error": 0.895, "train_accuracy": 0.10950020032051282, "augment": true, "configs": {"crop_upper": 0.2810043105313712, "scale_probability": 0.841340811936071, "vertical_flip": 0.10779695932194289, "rotation_probability": 0.42167892354706793, "crop_probability": 0.2986109630706939, "scale_lower": 0.8472929784598807, "rotation_lower": -153, "pad_probability": 0.5711418737113358, "rotation_upper": 106, "crop_lower": 0.0817676406855643, "horizontal_flip": 0.10680082185436035, "pad_upper": 0.2826369347821538, "pad_lower": 0.07151994561483864, "scale_upper": 1.9199430407786675}}