{"train_accuracy": 0.14533253205128205, "validation_error": 0.9008, "augment": true, "train_history": {"acc": [0.1256260016025641, 0.1313351362179487, 0.1350410657051282, 0.13709435096153846, 0.14039963942307693, 0.13997395833333334, 0.14065004006410256, 0.1389473157051282, 0.14155148237179488, 0.1378455528846154, 0.14483173076923078, 0.14533253205128205], "loss": [2.2851152229003415, 2.2688240691637382, 2.2641245539371786, 2.2616601838515353, 2.255471015587831, 2.254318293852684, 2.252411208091638, 2.2500635163906293, 2.249619512221752, 2.25070896362647, 2.2447095803725414, 2.244766592215269], "val_acc": [0.0992, 0.0983, 0.0998, 0.099, 0.0991, 0.0985, 0.1005, 0.0993, 0.1046, 0.1145, 0.1043, 0.0992], "val_loss": [2.469652656555176, 2.441082308959961, 2.3911934104919434, 2.4418308944702147, 2.659062336730957, 2.683757829284668, 2.5959583000183106, 3.2733885173797606, 3.1366551216125487, 2.614602290344238, 2.8993294940948484, 2.701649723815918]}, "used_budget": 653.4513385295868, "configs": {"crop_probability": 0.19796724921383524, "rotation_lower": -148, "crop_lower": 0.05693399423273944, "vertical_flip": 0.4850011882976406, "pad_lower": 0.07364289683924918, "scale_upper": 1.6075788012308219, "pad_probability": 0.22140541312236262, "pad_upper": 0.27092122491905, "scale_probability": 0.31904133684129454, "horizontal_flip": 0.4896433723471285, "scale_lower": 0.9356738738805518, "crop_upper": 0.1943662750560556, "rotation_probability": 0.0122571145764232, "rotation_upper": 135}}