{"train_accuracy": 0.11566005608974358, "used_budget": 673.5942008495331, "train_history": {"val_loss": [2.292910752105713, 2.413802939605713, 2.7686894695281983, 2.680083271408081, 3.048056667327881, 2.6924074813842775, 2.2950435302734373, 2.7837257720947264, 2.941347890090942, 4.0211540077209476, 2.4560221321105957, 2.958700164794922], "val_acc": [0.1012, 0.0988, 0.0989, 0.0991, 0.0987, 0.1147, 0.1348, 0.1067, 0.0987, 0.0987, 0.1022, 0.1002], "loss": [2.2974525690078735, 2.2949479940610056, 2.2913644092205243, 2.2915054788956275, 2.2889667680630317, 2.2897047645006423, 2.2896320552397995, 2.286981212022977, 2.2892713875342636, 2.2859893334217563, 2.287517342811976, 2.286699706927324], "acc": [0.10967548076923077, 0.10970052083333333, 0.11423277243589744, 0.11120292467948718, 0.11591045673076923, 0.11693709935897435, 0.11305588942307693, 0.11821414262820513, 0.11518429487179487, 0.11848958333333333, 0.11448317307692307, 0.11566005608974358]}, "configs": {"scale_lower": 0.8917551295966565, "rotation_upper": 116, "scale_upper": 1.6813129536520255, "crop_lower": 0.07306955735563525, "pad_upper": 0.2955902936196135, "rotation_lower": -62, "scale_probability": 0.3036930786952762, "crop_upper": 0.10235062105713895, "pad_lower": 0.029940143745276527, "horizontal_flip": 0.9574257941888631, "pad_probability": 0.4897434580863165, "crop_probability": 0.12219638229879559, "vertical_flip": 0.9276495653978339, "rotation_probability": 0.8789673941323533}, "augment": true, "validation_error": 0.8998}