{"augment": true, "used_budget": 744.7923312187195, "validation_error": 0.8982, "train_accuracy": 0.11545973557692307, "train_history": {"loss": [2.2966556258690662, 2.293173368924703, 2.289281666278839, 2.2895397207675834, 2.2875037903969107, 2.287836633431606, 2.2895234380012903, 2.288866699506075, 2.287769854832918, 2.2874932984511056, 2.287531147400538, 2.285423543972847], "acc": [0.10757211538461539, 0.11187900641025642, 0.11503405448717949, 0.1161358173076923, 0.11475861378205128, 0.11378205128205128, 0.11455829326923077, 0.11420773237179487, 0.11588541666666667, 0.11303084935897435, 0.11358173076923077, 0.11545973557692307], "val_acc": [0.1047, 0.1026, 0.1017, 0.1017, 0.1015, 0.1014, 0.1078, 0.1015, 0.1023, 0.1025, 0.1064, 0.1018], "val_loss": [2.3148279903411866, 2.3066148490905762, 2.8713375148773195, 2.5330665367126466, 2.7411078636169433, 2.934031270599365, 2.3313687301635744, 2.6135796966552736, 2.628701664352417, 3.0027061431884765, 2.8212330276489257, 4.032348611450195]}, "configs": {"pad_lower": 0.032220289729596466, "crop_upper": 0.1931403257955781, "scale_lower": 0.5232803145567102, "crop_lower": 0.09748450645679146, "crop_probability": 0.30454652079257183, "rotation_probability": 0.4368222571534566, "rotation_upper": 21, "rotation_lower": -148, "pad_probability": 0.5450724178420878, "scale_probability": 0.8092343883845384, "pad_upper": 0.16482567928641284, "scale_upper": 1.0847862762397904, "horizontal_flip": 0.18639691259529012, "vertical_flip": 0.8573166270614748}}