{"train_accuracy": 0.11120292467948718, "validation_error": 0.8975, "train_history": {"loss": [2.298922673249856, 2.294425830627099, 2.294384690431448, 2.292790413666994, 2.2923995669071493, 2.291901484513894, 2.290228328643701, 2.2892906696368485, 2.290813765464685, 2.2907403906186423, 2.2893206675847373, 2.291012996282333], "acc": [0.10864883814102565, 0.11122796474358974, 0.11145332532051282, 0.11040164262820513, 0.10819811698717949, 0.11175380608974358, 0.11300580929487179, 0.11318108974358974, 0.11428285256410256, 0.11333133012820513, 0.11240484775641026, 0.11120292467948718], "val_loss": [2.564192906188965, 3.131832752990723, 2.4439358768463135, 2.778094739151001, 2.3631321533203127, 2.480425054168701, 2.4282436180114746, 3.2351837371826173, 2.3733571311950685, 2.527686891174316, 2.366194679260254, 2.679463792037964], "val_acc": [0.0993, 0.1008, 0.1004, 0.1006, 0.1024, 0.1014, 0.1008, 0.1014, 0.1032, 0.1013, 0.1047, 0.1025]}, "configs": {"scale_lower": 0.8505926803322632, "pad_upper": 0.19279287069386325, "crop_lower": 0.019798387081740455, "rotation_probability": 0.45599044605505723, "crop_upper": 0.2606213832875085, "scale_probability": 0.6477715924035135, "vertical_flip": 0.1565068695306422, "scale_upper": 1.653077855135633, "crop_probability": 0.8523933344689484, "horizontal_flip": 0.4904686853041975, "rotation_upper": 106, "pad_probability": 0.010908239116679042, "rotation_lower": -132, "pad_lower": 0.01932064779604771}, "used_budget": 681.4531898498535, "augment": true}