{"used_budget": 720.4267687797546, "validation_error": 0.887, "train_accuracy": 0.14838741987179488, "train_history": {"val_loss": [2.4764726913452146, 2.9463265216827392, 2.4026247093200683, 2.8284728260040284, 2.392662900543213, 3.053302767944336, 2.6237768280029297, 2.591600975036621, 3.133390435409546, 2.398429132080078, 2.9261390113830568, 3.0300747161865234], "loss": [2.280267209578783, 2.263547013203303, 2.254781092588718, 2.2526841194201737, 2.250322020970858, 2.2444876103829117, 2.2400951309081836, 2.2418280824636803, 2.241585856828934, 2.2426366179417343, 2.2374342404879055, 2.2323506466853313], "val_acc": [0.105, 0.098, 0.0992, 0.1019, 0.1011, 0.0981, 0.1023, 0.0993, 0.0941, 0.0967, 0.1033, 0.113], "acc": [0.12565104166666666, 0.13764523237179488, 0.14428084935897437, 0.14465645032051283, 0.1466346153846154, 0.14701021634615385, 0.14958934294871795, 0.14836237980769232, 0.15021534455128205, 0.1485877403846154, 0.14978966346153846, 0.14838741987179488]}, "configs": {"crop_probability": 0.30884112106869577, "vertical_flip": 0.4578864580591281, "rotation_upper": 87, "scale_lower": 0.5702049279666347, "pad_upper": 0.20462320874081458, "scale_upper": 1.8842432994364753, "crop_lower": 0.004412476081578987, "crop_upper": 0.20150006673953397, "horizontal_flip": 0.8116843180720579, "scale_probability": 0.014126217612996927, "rotation_lower": -172, "pad_probability": 0.5180358539258907, "rotation_probability": 0.006938080057893092, "pad_lower": 0.0025778672426142405}, "augment": true}