{"train_accuracy": 0.11060196314102565, "augment": true, "train_history": {"loss": [2.2996781284992514, 2.2975538816207495, 2.2952333772793794, 2.295204290976891, 2.294336266242541, 2.2932424124998922, 2.292295832664539, 2.2931220699579287, 2.2901089718708625, 2.2915979142372427, 2.291887640188902, 2.29116218823653], "val_acc": [0.0978, 0.0975, 0.0987, 0.0987, 0.1272, 0.0987, 0.0982, 0.0977, 0.0987, 0.1073, 0.1008, 0.1136], "val_loss": [2.495589595794678, 2.4366665992736816, 2.334956315612793, 2.355216677856445, 2.3641428970336915, 3.189349021911621, 2.644995362854004, 2.7080555236816406, 2.766130464553833, 2.3564423416137696, 2.795415358734131, 2.510075720214844], "acc": [0.10586939102564102, 0.10789763621794872, 0.1123798076923077, 0.11278044871794872, 0.10987580128205128, 0.11142828525641026, 0.11268028846153846, 0.11343149038461539, 0.11495893429487179, 0.11333133012820513, 0.11190404647435898, 0.11060196314102565]}, "configs": {"scale_probability": 0.7295739709640758, "rotation_probability": 0.040582959928352036, "crop_lower": 0.06207701039020022, "pad_lower": 0.05177141184274406, "rotation_upper": 91, "rotation_lower": -133, "pad_probability": 0.15083089027458008, "scale_upper": 1.5391739765643901, "horizontal_flip": 0.7558760159466655, "pad_upper": 0.21581976966998634, "vertical_flip": 0.5671860265019673, "crop_probability": 0.9635639381889369, "crop_upper": 0.27368145218379714, "scale_lower": 0.9974740174433124}, "validation_error": 0.8864, "used_budget": 731.1815502643585}