{"used_budget": 669.9038808345795, "validation_error": 0.8907, "augment": true, "train_history": {"val_acc": [0.101, 0.1021, 0.0979, 0.1058, 0.0906, 0.1048, 0.0939, 0.0997, 0.094, 0.1004, 0.0929, 0.1093], "loss": [2.2930338902351184, 2.285377364892226, 2.281456118210768, 2.2816029641872797, 2.2803421777028303, 2.2773091793060303, 2.279467150186881, 2.278432207993972, 2.2775489321121802, 2.2742698803926125, 2.2753172631447134, 2.272821787840281], "val_loss": [2.3099608993530274, 2.574199769592285, 2.846239196777344, 2.373829448699951, 2.477593427276611, 2.4198459308624267, 3.007601488113403, 2.697589033508301, 2.9087214332580564, 2.6926852294921875, 2.481524574661255, 3.0627011363983154], "acc": [0.11493389423076923, 0.11991686698717949, 0.12044270833333333, 0.12084334935897435, 0.12277143429487179, 0.12209535256410256, 0.12227063301282051, 0.11981670673076923, 0.12474959935897435, 0.12359775641025642, 0.12537560096153846, 0.12747896634615385]}, "train_accuracy": 0.12747896634615385, "configs": {"scale_probability": 0.7767683176758506, "rotation_probability": 0.11921041008003941, "pad_lower": 0.04511647690279143, "crop_probability": 0.08013514655510656, "rotation_lower": -57, "vertical_flip": 0.4579964464375207, "pad_upper": 0.11645214684074784, "pad_probability": 0.006431230612740424, "crop_upper": 0.11211064294088856, "rotation_upper": 35, "crop_lower": 0.0526299187587663, "scale_lower": 0.6104110396447966, "horizontal_flip": 0.6419042601905697, "scale_upper": 1.5413338632345779}}