{"used_budget": 745.3280513286591, "train_accuracy": 0.11966646634615384, "augment": true, "configs": {"pad_lower": 0.07785594009158484, "horizontal_flip": 0.7589475100456541, "scale_probability": 0.7890642453157684, "rotation_upper": 169, "crop_lower": 0.09374708116727859, "crop_upper": 0.14626669881870202, "pad_upper": 0.2487049478674846, "scale_lower": 0.6672050730558041, "rotation_probability": 0.19387255535712056, "scale_upper": 1.3340484891794822, "crop_probability": 0.20036731786908102, "rotation_lower": -1, "pad_probability": 0.7543110184739775, "vertical_flip": 0.6332099757727176}, "train_history": {"loss": [2.2952321576766477, 2.290391117334366, 2.2877504290678563, 2.286322207787098, 2.286574966632403, 2.2832289101221623, 2.284471775476749, 2.2839006857994275, 2.2821907722032986, 2.284698247145384, 2.2836763171049266, 2.2816822032133737], "val_acc": [0.0986, 0.1208, 0.098, 0.0981, 0.0979, 0.0978, 0.0979, 0.0979, 0.0978, 0.0985, 0.097, 0.0976], "val_loss": [2.3371895072937012, 2.511007984161377, 2.612535450363159, 2.5723215217590334, 4.391799909210205, 2.8244900512695312, 2.761811602401733, 4.0158661945343015, 3.5611601676940916, 2.549445449066162, 3.2137008880615237, 3.476415833282471], "acc": [0.1102764423076923, 0.11202924679487179, 0.115234375, 0.11631109775641026, 0.11803886217948718, 0.11550981570512821, 0.11793870192307693, 0.11668669871794872, 0.12104366987179487, 0.11646133814102565, 0.11876502403846154, 0.11966646634615384]}, "validation_error": 0.9024}