{"train_accuracy": 0.11305588942307693, "augment": true, "used_budget": 741.482382774353, "train_history": {"loss": [2.2989819256158976, 2.29541233029121, 2.2927548640813584, 2.292932758728663, 2.2913439029302354, 2.291876957202569, 2.291660119325687, 2.291024062113884, 2.289821376403173, 2.291904861346269, 2.2907626040470905, 2.2898865785354223], "val_loss": [2.383069499206543, 2.3025236736297607, 3.0951517761230467, 3.912203873825073, 2.655188533782959, 2.5311942932128906, 2.5048740913391114, 3.4806561027526857, 3.5386218753814696, 2.5003984642028807, 2.7063132308959963, 2.861291946029663], "val_acc": [0.0999, 0.0941, 0.1, 0.1003, 0.0983, 0.0994, 0.1094, 0.0998, 0.0998, 0.0996, 0.0995, 0.0994], "acc": [0.1051181891025641, 0.11142828525641026, 0.11458333333333333, 0.11030148237179487, 0.1092998798076923, 0.11345653044871795, 0.10904947916666667, 0.11065204326923077, 0.11012620192307693, 0.11353165064102565, 0.11283052884615384, 0.11305588942307693]}, "validation_error": 0.9006, "configs": {"rotation_probability": 0.7559643687308878, "rotation_upper": 19, "rotation_lower": -102, "pad_probability": 0.4722899300715484, "vertical_flip": 0.4911181311081033, "scale_probability": 0.4072328276798918, "crop_upper": 0.1242044114027062, "pad_lower": 0.012708985963789344, "pad_upper": 0.14724697411338292, "crop_lower": 0.09991259089601873, "scale_lower": 0.6562993366194534, "horizontal_flip": 0.6714975924688253, "crop_probability": 0.7611756213771926, "scale_upper": 1.8575963573616012}}