{"validation_error": 0.9055, "configs": {"pad_lower": 0.05680361820425378, "scale_upper": 1.6967715299587618, "horizontal_flip": 0.40640609815378415, "crop_upper": 0.20693095691505486, "crop_lower": 0.018079454580332832, "scale_probability": 0.6617210412707665, "pad_probability": 0.6630682107368384, "pad_upper": 0.17883632942324354, "crop_probability": 0.8836939535500636, "rotation_lower": -55, "rotation_probability": 0.49457228946806775, "rotation_upper": 179, "scale_lower": 0.6659232546989114, "vertical_flip": 0.7253671453841085}, "used_budget": 752.4143195152283, "train_accuracy": 0.11092748397435898, "train_history": {"val_acc": [0.0945, 0.0945, 0.0944, 0.0944, 0.0943, 0.094, 0.0945, 0.0945, 0.0943, 0.0945, 0.0945, 0.0945], "loss": [2.2983608605005803, 2.2958034521494155, 2.294694944069936, 2.2945300218386526, 2.293281566638213, 2.2938389533605332, 2.2923244268466263, 2.2925636500884323, 2.2913059301865406, 2.292462251125238, 2.2908812937064047, 2.2918750865337176], "acc": [0.10426682692307693, 0.10960036057692307, 0.10965044070512821, 0.11298076923076923, 0.1123798076923077, 0.11162860576923077, 0.11157852564102565, 0.10997596153846154, 0.11415765224358974, 0.10869891826923077, 0.11378205128205128, 0.11092748397435898], "val_loss": [2.5525596462249758, 2.331849715423584, 2.589803832244873, 2.8687872634887697, 2.9591935470581054, 2.485721802520752, 3.227564865875244, 2.8193533508300783, 2.4600881034851074, 2.6276315635681153, 2.9265982246398927, 3.68911452255249]}, "augment": true}