{"train_history": {"val_loss": [2.310763171005249, 2.523959856033325, 2.420336708068848, 3.278907262802124, 3.4663316551208494, 2.774565444564819, 3.5361828819274903, 3.1562000770568845, 3.0252538578033445, 3.521235551452637, 2.97652211227417, 3.448928971862793], "val_acc": [0.0984, 0.0986, 0.0983, 0.0986, 0.0986, 0.0975, 0.0968, 0.0971, 0.0964, 0.0958, 0.0934, 0.0948], "acc": [0.11343149038461539, 0.12189503205128205, 0.12477463942307693, 0.12344751602564102, 0.12274639423076923, 0.12307191506410256, 0.12502504006410256, 0.12479967948717949, 0.12637720352564102, 0.12600160256410256, 0.12262119391025642, 0.1296073717948718], "loss": [2.2940467160481672, 2.2838466603022356, 2.2814501332931028, 2.2801226545602846, 2.277763469096942, 2.275699339615993, 2.275225961055511, 2.2739150378948603, 2.276473636046434, 2.2715728160662527, 2.2759882471500297, 2.271131027967502]}, "used_budget": 733.291759967804, "validation_error": 0.9052, "augment": true, "configs": {"rotation_probability": 0.45598932952569415, "rotation_lower": -92, "crop_lower": 0.03919556746228023, "pad_upper": 0.13067927431507081, "scale_lower": 0.9441316829459401, "scale_upper": 1.780705402312834, "pad_lower": 0.06558015923574327, "vertical_flip": 0.43689835462972193, "scale_probability": 0.20017072200265118, "horizontal_flip": 0.4841680393625043, "crop_upper": 0.17288379323336103, "pad_probability": 0.5289133800722653, "crop_probability": 0.23751118124012294, "rotation_upper": 96}, "train_accuracy": 0.1296073717948718}