{"augment": true, "train_accuracy": 0.10882411858974358, "train_history": {"val_loss": [2.2949719589233397, 2.297563257598877, 2.348145959472656, 2.6891200828552244, 2.368429590988159, 2.871865335845947, 2.639824136734009, 2.3501495849609375, 2.356995922088623, 2.774205364227295, 3.5529232887268067, 2.980600757598877], "loss": [2.2983835140864053, 2.297379847520437, 2.2956704130539527, 2.294677969736931, 2.2946823774239955, 2.294043223827313, 2.2947744260995817, 2.2943027195258017, 2.293391087116339, 2.2934570679297814, 2.2928772477003245, 2.2942784176423], "acc": [0.10657051282051282, 0.10789763621794872, 0.10744691506410256, 0.11020132211538461, 0.10942508012820513, 0.10864883814102565, 0.10729667467948718, 0.10849859775641026, 0.10894931891025642, 0.10977564102564102, 0.11085236378205128, 0.10882411858974358], "val_acc": [0.1494, 0.1, 0.0998, 0.0993, 0.0997, 0.0993, 0.0993, 0.101, 0.1014, 0.0992, 0.0992, 0.0993]}, "validation_error": 0.9007000000000001, "configs": {"crop_probability": 0.47403881141741777, "scale_upper": 1.0624409297949753, "rotation_probability": 0.7537675433279024, "scale_probability": 0.9551346230086682, "rotation_upper": 28, "crop_upper": 0.1421129543315121, "pad_upper": 0.1327958444471659, "scale_lower": 0.759981063053317, "pad_probability": 0.7880789037997691, "rotation_lower": -133, "pad_lower": 0.07338214652319137, "vertical_flip": 0.5144419177150183, "crop_lower": 0.07334589302073855, "horizontal_flip": 0.762523077271287}, "used_budget": 757.4113795757294}