{"train_accuracy": 0.11005108173076923, "configs": {"crop_upper": 0.2522412668854589, "horizontal_flip": 0.7768465800042448, "crop_lower": 0.01739987994239429, "rotation_upper": 164, "pad_lower": 0.07025458257114475, "crop_probability": 0.1752004749235493, "pad_upper": 0.2963198075802972, "pad_probability": 0.9157008375484834, "scale_upper": 1.4299742821360908, "scale_probability": 0.8360244375690491, "scale_lower": 0.5503887509556147, "vertical_flip": 0.5569375571025912, "rotation_lower": -72, "rotation_probability": 0.5438014440363519}, "validation_error": 0.8976999999999999, "used_budget": 697.0807213783264, "augment": true, "train_history": {"val_loss": [2.2937227409362793, 2.325598689651489, 2.315625827026367, 2.3317142322540283, 2.9919027572631838, 4.197143669128418, 2.431128904724121, 3.515161715698242, 2.713461536026001, 3.0541951835632326, 4.3591795318603515, 2.8428391792297365], "loss": [2.2996284251029673, 2.296229823277547, 2.2951217614687405, 2.2939471495457187, 2.292859125595826, 2.2929480710090737, 2.2937091153401594, 2.293510635693868, 2.29240633891179, 2.2934266665042977, 2.2910564029828095, 2.2926580691948915], "val_acc": [0.109, 0.1024, 0.1015, 0.1035, 0.1019, 0.1019, 0.102, 0.1019, 0.102, 0.1019, 0.1019, 0.1023], "acc": [0.10481770833333333, 0.10982572115384616, 0.11215444711538461, 0.11170372596153846, 0.11105268429487179, 0.11235476762820513, 0.11005108173076923, 0.11055188301282051, 0.10759715544871795, 0.11212940705128205, 0.11082732371794872, 0.11005108173076923]}}