{"augment": true, "validation_error": 0.8994, "used_budget": 752.7513008117676, "train_history": {"acc": [0.10662059294871795, 0.10531850961538461, 0.11152844551282051, 0.10606971153846154, 0.10995092147435898, 0.11162860576923077, 0.1107021233974359, 0.11032652243589744, 0.10894931891025642, 0.10809795673076923, 0.1122295673076923, 0.11085236378205128], "val_loss": [2.270822029495239, 2.322586799621582, 2.4891115261077883, 2.319326034164429, 2.9776324726104737, 2.9172581398010253, 2.486816828918457, 2.932286166381836, 3.0746668807983397, 4.268784167480469, 3.3546643287658693, 3.0172446552276613], "val_acc": [0.1015, 0.1006, 0.1006, 0.102, 0.0951, 0.1007, 0.1007, 0.1006, 0.1006, 0.1006, 0.1006, 0.1006], "loss": [2.300556014745663, 2.2977433716639495, 2.295678782921571, 2.296712863903779, 2.2945249378681183, 2.2933735717565584, 2.2943786726548123, 2.294676571320265, 2.293174290504211, 2.293268225896053, 2.29228629439305, 2.2930331428845725]}, "configs": {"scale_probability": 0.9179160135451614, "rotation_probability": 0.5281832856548238, "crop_lower": 0.07044602469201673, "crop_probability": 0.18483021911161535, "scale_upper": 1.6885436331225434, "pad_probability": 0.3841193215469194, "vertical_flip": 0.728465748383104, "pad_lower": 0.01634851540542518, "pad_upper": 0.26315286713888725, "rotation_lower": -169, "crop_upper": 0.10565804606674695, "horizontal_flip": 0.6426277450415827, "rotation_upper": 14, "scale_lower": 0.5413747621053437}, "train_accuracy": 0.11085236378205128}