{"validation_error": 0.8929, "train_history": {"acc": [0.1168369391025641, 0.12282151442307693, 0.12805488782051283, 0.12635216346153846, 0.1297325721153846, 0.1293820112179487, 0.1301582532051282, 0.12993289262820512, 0.1324619391025641, 0.1323367387820513, 0.13248697916666666, 0.13391426282051283], "val_acc": [0.0956, 0.0983, 0.0987, 0.0983, 0.0992, 0.0983, 0.1022, 0.1028, 0.1057, 0.103, 0.1026, 0.1071], "loss": [2.28818431802285, 2.280470855725117, 2.273624288730132, 2.272964432453498, 2.267270348775081, 2.2658038513782697, 2.2662459161037054, 2.2653518303846703, 2.263783920269746, 2.2607041215285277, 2.263167936832477, 2.2570480345151362], "val_loss": [2.411761661529541, 2.6167466201782226, 2.693996897125244, 3.370041136932373, 3.0380511260986327, 3.397309983062744, 3.129535075378418, 2.75229054145813, 2.892860559082031, 2.8841576557159425, 3.290650715255737, 2.656357586669922]}, "used_budget": 731.4431765079498, "augment": true, "configs": {"pad_probability": 0.005696155946102177, "pad_upper": 0.2759277066637643, "crop_lower": 0.012096747330476165, "scale_upper": 1.228596602246633, "crop_upper": 0.2065760973066787, "scale_lower": 0.8508352608624277, "rotation_probability": 0.2421640176451123, "pad_lower": 0.02567839403924629, "horizontal_flip": 0.5571697147822395, "crop_probability": 0.1145576056076879, "vertical_flip": 0.7887429653869967, "rotation_lower": -138, "rotation_upper": 91, "scale_probability": 0.5876535540935159}, "train_accuracy": 0.13391426282051283}