{"train_history": {"val_loss": [2.3916096473693846, 2.3441207202911376, 2.29899748878479, 2.298665446472168, 2.3046451400756838, 2.299248891067505, 2.6327054973602295, 2.297951065826416, 2.6606057498931883, 2.508688205718994, 2.2955079689025877, 2.297730739593506], "acc": [0.0986328125, 0.10374098557692307, 0.10379106570512821, 0.10627003205128205, 0.10324018429487179, 0.10143729967948718, 0.1015625, 0.10203826121794872, 0.10291466346153846, 0.10281450320512821, 0.10744691506410256, 0.10526842948717949], "loss": [2.3018404039052816, 2.301314354707033, 2.3000352757099347, 2.3002527142182374, 2.2997005994503317, 2.300130683642167, 2.2990205456049013, 2.298959974295054, 2.2995319901368556, 2.299348980952532, 2.2989234970166135, 2.2987029728217], "val_acc": [0.1014, 0.0982, 0.113, 0.0972, 0.1016, 0.1047, 0.098, 0.098, 0.0977, 0.0981, 0.1115, 0.1108]}, "configs": {"vertical_flip": 0.1514636570328065, "crop_upper": 0.24559217369752132, "rotation_probability": 0.7902282493536518, "scale_probability": 0.9309093049893852, "rotation_lower": -124, "pad_lower": 0.02987069416877295, "pad_probability": 0.5722789440543808, "crop_probability": 0.7446854586062421, "scale_upper": 1.8766880310067013, "scale_lower": 0.7985929889713428, "horizontal_flip": 0.3101754022635118, "pad_upper": 0.21288476051829552, "rotation_upper": 42, "crop_lower": 0.0915438001798838}, "used_budget": 765.5929901599884, "validation_error": 0.8892, "train_accuracy": 0.10526842948717949, "augment": true}