{"train_history": {"val_loss": [2.336413893127441, 2.314037117767334, 2.362885916900635, 2.365028897857666, 2.323716704559326, 2.8933160690307616, 2.308729524230957, 3.189399169540405, 2.5694268310546877, 2.412603537368774, 2.9632631942749024, 5.150983642578125], "acc": [0.10474258814102565, 0.10576923076923077, 0.10579427083333333, 0.10649539262820513, 0.10556891025641026, 0.10501802884615384, 0.10541866987179487, 0.10869891826923077, 0.1063701923076923, 0.10474258814102565, 0.10611979166666667, 0.10917467948717949], "val_acc": [0.1012, 0.1025, 0.1016, 0.1016, 0.0992, 0.0986, 0.0858, 0.0984, 0.0979, 0.0944, 0.0983, 0.0989], "loss": [2.300405367826804, 2.2984300393324633, 2.2980914956484084, 2.2970688113799462, 2.295751615976676, 2.295382613554979, 2.29506755562929, 2.295848629413507, 2.295371941266916, 2.295001288255056, 2.2953551373420615, 2.2936527102421493]}, "validation_error": 0.9011, "augment": true, "used_budget": 683.7918305397034, "train_accuracy": 0.10917467948717949, "configs": {"crop_probability": 0.20254120385424168, "rotation_lower": -136, "crop_lower": 0.06586857473305303, "pad_upper": 0.290721834822981, "scale_probability": 0.9542861848334799, "scale_lower": 0.9030746731834315, "horizontal_flip": 0.74562719004286, "vertical_flip": 0.4031270389959616, "rotation_upper": 124, "pad_probability": 0.7367622300872413, "rotation_probability": 0.31131563607080925, "crop_upper": 0.25734882460281017, "pad_lower": 0.02292723059158308, "scale_upper": 1.9902537081367493}}