{"validation_error": 0.9029, "train_accuracy": 0.11818910256410256, "augment": true, "train_history": {"loss": [2.2948531149289546, 2.2908457930271444, 2.287888676692278, 2.2861554454534483, 2.2868428260852127, 2.2836769192646713, 2.2847142723890452, 2.281654809529965, 2.2843146049059353, 2.282933002863175, 2.282590545904942, 2.2822365967126994], "acc": [0.10940004006410256, 0.11202924679487179, 0.11413261217948718, 0.11368189102564102, 0.11671173878205128, 0.12001702724358974, 0.1162109375, 0.11871494391025642, 0.11964142628205128, 0.1194911858974359, 0.1187900641025641, 0.11818910256410256], "val_loss": [2.476145297241211, 2.578139695739746, 2.4220286811828613, 2.4650861572265623, 2.667746348953247, 2.501870881652832, 2.4342340965270997, 3.2659263092041018, 2.9771630828857423, 2.9907716785430907, 4.071350926971435, 3.473028504943848], "val_acc": [0.0972, 0.0969, 0.1013, 0.097, 0.1004, 0.0971, 0.0975, 0.097, 0.0971, 0.0976, 0.0973, 0.0971]}, "configs": {"crop_probability": 0.8926891155440699, "scale_probability": 0.08265662576565314, "scale_lower": 0.5984629351341944, "horizontal_flip": 0.7742379756821429, "pad_lower": 0.035616184700821174, "scale_upper": 1.407566416346576, "crop_lower": 0.05885788031144132, "crop_upper": 0.20877139999258965, "vertical_flip": 0.9919670252773627, "pad_upper": 0.22280677355278453, "rotation_upper": 28, "rotation_probability": 0.6820163563463298, "rotation_lower": -54, "pad_probability": 0.6100284758853584}, "used_budget": 692.0393409729004}