{"used_budget": 743.7487661838531, "augment": true, "train_history": {"acc": [0.11716245993589744, 0.12935697115384615, 0.1277293669871795, 0.12702824519230768, 0.1282051282051282, 0.12935697115384615, 0.1287560096153846, 0.13186097756410256, 0.12782952724358973, 0.1284304887820513, 0.1286308092948718, 0.13243689903846154], "val_loss": [2.3573756889343263, 2.5095906169891355, 2.464886400985718, 2.46874147644043, 2.385860338592529, 2.5518679164886473, 2.458503998565674, 2.6407125625610353, 2.6935455226898193, 2.934563791656494, 2.435767629623413, 3.025743632507324], "loss": [2.291024876710696, 2.2799881276411886, 2.274992757118665, 2.2743991911411285, 2.2753592874759283, 2.272793350311426, 2.272374599407881, 2.271815117353048, 2.2703953293653636, 2.269101138298328, 2.269092944952158, 2.270493874183068], "val_acc": [0.0997, 0.0977, 0.0982, 0.0978, 0.0982, 0.0978, 0.0975, 0.0977, 0.109, 0.0987, 0.0986, 0.1061]}, "validation_error": 0.8939, "configs": {"crop_upper": 0.17096974870229076, "vertical_flip": 0.45848018626899056, "horizontal_flip": 0.9448024276530492, "scale_probability": 0.1888251652599222, "pad_lower": 0.031394692726557386, "crop_lower": 0.02850033430188649, "crop_probability": 0.7469894533819187, "scale_lower": 0.6713140659325596, "pad_upper": 0.2364617915380999, "rotation_probability": 0.09289590968867112, "scale_upper": 1.851707832666683, "pad_probability": 0.8139716929210552, "rotation_lower": -71, "rotation_upper": 64}, "train_accuracy": 0.13243689903846154}