{"train_accuracy": 0.11843950320512821, "configs": {"crop_lower": 0.04352528903580669, "pad_upper": 0.1380853905844447, "rotation_lower": -19, "scale_probability": 0.010893047957282409, "rotation_probability": 0.9367740130882787, "crop_upper": 0.17201109817887564, "scale_lower": 0.8635696083557614, "pad_lower": 0.06643142813744989, "vertical_flip": 0.5782759070602318, "rotation_upper": 149, "pad_probability": 0.28770719072403306, "crop_probability": 0.1430609585718663, "scale_upper": 1.3359917603260998, "horizontal_flip": 0.33105818942649967}, "augment": true, "used_budget": 647.4735205173492, "train_history": {"val_acc": [0.1042, 0.1045, 0.1043, 0.1068, 0.1073, 0.1044, 0.1131, 0.1043, 0.1042, 0.1071, 0.1043, 0.1043], "val_loss": [2.4026522163391113, 2.4434397357940676, 2.8806319313049316, 2.532071770477295, 2.995469465637207, 2.9684652084350587, 2.505196664428711, 2.5704362403869627, 2.998623876571655, 2.9864248710632326, 3.065166396331787, 3.7714549964904784], "loss": [2.29586072686391, 2.291784176459679, 2.2897872305833378, 2.28725418754113, 2.287591521556561, 2.287629859569745, 2.2848170208625302, 2.286075180157637, 2.284808878715222, 2.2844650004154596, 2.2846309680205126, 2.282596202997061], "acc": [0.11067708333333333, 0.11490885416666667, 0.11490885416666667, 0.11763822115384616, 0.11884014423076923, 0.11971654647435898, 0.11841446314102565, 0.11563501602564102, 0.119140625, 0.11894030448717949, 0.11738782051282051, 0.11843950320512821]}, "validation_error": 0.8956999999999999}