{"validation_error": 0.9003, "train_accuracy": 0.1370693108974359, "configs": {"rotation_upper": 155, "pad_probability": 0.7622635176021255, "crop_probability": 0.1561928090796092, "crop_lower": 0.061600976553157744, "scale_lower": 0.6584331688133676, "vertical_flip": 0.0390232346285494, "scale_upper": 1.7093185581986754, "rotation_lower": -93, "rotation_probability": 0.24315642977457375, "crop_upper": 0.29971918165906963, "pad_upper": 0.2858498213974826, "pad_lower": 0.05029311167135064, "horizontal_flip": 0.30325547107225903, "scale_probability": 0.01602075739373654}, "augment": true, "used_budget": 730.9337742328644, "train_history": {"acc": [0.12560096153846154, 0.13531650641025642, 0.13499098557692307, 0.13353866185897437, 0.13616786858974358, 0.1388221153846154, 0.13659354967948717, 0.1364433092948718, 0.14004907852564102, 0.14054987980769232, 0.1409004407051282, 0.1370693108974359], "val_loss": [2.767990659332275, 3.169529365539551, 3.214404367828369, 3.0747647071838378, 2.5263061874389647, 2.524083724975586, 2.7242833717346193, 2.7145325569152834, 2.539652275848389, 2.7730966522216796, 2.8659460708618165, 2.5861498039245605], "val_acc": [0.1005, 0.0987, 0.0986, 0.0986, 0.0993, 0.0995, 0.0985, 0.0987, 0.0989, 0.0991, 0.0992, 0.0997], "loss": [2.2820751949762688, 2.268999988451982, 2.2644281486670175, 2.2652303920342374, 2.258034844429065, 2.256671277376322, 2.2595438903723006, 2.254531124463448, 2.255696026942669, 2.2530346375245314, 2.2498685748149185, 2.2526676112260575]}}