{"augment": true, "train_accuracy": 0.1292568108974359, "configs": {"rotation_probability": 0.48669763071186445, "crop_upper": 0.10256125639934788, "crop_probability": 0.2505275163120684, "scale_lower": 0.6702897622357344, "pad_lower": 0.034514318539268944, "horizontal_flip": 0.40299617510573904, "pad_probability": 0.23942592939225527, "pad_upper": 0.2005881725495458, "crop_lower": 0.06632156169454118, "rotation_upper": 71, "scale_probability": 0.31879433390307854, "scale_upper": 1.1104394665522612, "rotation_lower": -75, "vertical_flip": 0.49857973837098524}, "used_budget": 734.3321063518524, "validation_error": 0.9062, "train_history": {"val_acc": [0.0937, 0.0934, 0.0934, 0.0937, 0.0933, 0.0933, 0.0934, 0.0935, 0.0937, 0.094, 0.0944, 0.0938], "val_loss": [2.303439987564087, 2.418184196472168, 3.1140143127441404, 2.4999195137023924, 2.611380408477783, 2.739494979095459, 2.5326505310058596, 2.8369819149017332, 2.939046890258789, 2.625565090560913, 2.592442568588257, 2.7506577072143554], "acc": [0.11606069711538461, 0.12176983173076923, 0.12181991185897435, 0.12124399038461539, 0.12687800480769232, 0.12454927884615384, 0.12993289262820512, 0.12963241185897437, 0.12677784455128205, 0.12755408653846154, 0.12687800480769232, 0.1292568108974359], "loss": [2.2918604077436986, 2.2846330732871323, 2.281657340434881, 2.280708853250895, 2.2753911897158012, 2.275242785612742, 2.2754351764153213, 2.2714897959660263, 2.2723928628823695, 2.2723165185023575, 2.271804173787435, 2.2696527059261618]}}