{"validation_error": 0.8996999999999999, "augment": true, "train_history": {"val_loss": [2.3225382568359376, 2.333404744720459, 2.649958612060547, 2.9323164070129395, 2.972804417800903, 2.8190013278961183, 3.1920864604949952, 5.537682652282715, 3.150448445510864, 2.7749554748535155, 3.0051873741149904, 2.6256453201293946], "acc": [0.10762219551282051, 0.11050180288461539, 0.11843950320512821, 0.11743790064102565, 0.11445813301282051, 0.11658653846153846, 0.11651141826923077, 0.11939102564102565, 0.11543469551282051, 0.11493389423076923, 0.11631109775641026, 0.11448317307692307], "loss": [2.2965930792001576, 2.293123727425551, 2.29020111148174, 2.288308960505021, 2.2871901966058292, 2.285771152912042, 2.2870399363529987, 2.285404363503823, 2.2848879022476, 2.286091209222109, 2.2852351077092, 2.2856238377399936], "val_acc": [0.12, 0.0997, 0.0997, 0.0997, 0.0997, 0.0997, 0.0995, 0.0997, 0.0997, 0.0983, 0.0995, 0.1003]}, "used_budget": 752.0544114112854, "configs": {"scale_lower": 0.6462657729435948, "horizontal_flip": 0.17674267548825606, "crop_upper": 0.2828497767272237, "rotation_lower": -103, "pad_probability": 0.5690782355030487, "rotation_probability": 0.6785133729636755, "pad_lower": 0.05917066509947943, "pad_upper": 0.19246679752555482, "scale_probability": 0.35193929370896937, "rotation_upper": 65, "crop_lower": 0.0782858540901814, "scale_upper": 1.4335620674368688, "vertical_flip": 0.2517033496251989, "crop_probability": 0.2997673631657969}, "train_accuracy": 0.11448317307692307}