{"train_accuracy": 0.1388221153846154, "configs": {"crop_probability": 0.046697967240292515, "scale_lower": 0.8100927731767327, "rotation_probability": 0.241750406681274, "pad_probability": 0.43630363569498687, "scale_probability": 0.4180961597126417, "pad_lower": 0.09204998839882537, "crop_upper": 0.1698272750657853, "scale_upper": 1.8040292605977801, "pad_upper": 0.13244745534968735, "crop_lower": 0.02758051464117013, "vertical_flip": 0.008800810850809082, "rotation_upper": 132, "horizontal_flip": 0.55263886788304, "rotation_lower": -35}, "augment": true, "train_history": {"loss": [2.286820493447475, 2.2733455109290586, 2.2696981537036405, 2.2696037865602054, 2.2646043659784856, 2.2624572041707163, 2.261265296966602, 2.2600668974411793, 2.2580676399744473, 2.2567119827637305, 2.256917702081876, 2.2532391189000545], "acc": [0.11853966346153846, 0.12592648237179488, 0.12833032852564102, 0.12908153044871795, 0.13201121794871795, 0.13188601762820512, 0.1321864983974359, 0.13639322916666666, 0.1354667467948718, 0.13421474358974358, 0.1365184294871795, 0.1388221153846154], "val_acc": [0.1024, 0.1014, 0.1019, 0.1013, 0.1069, 0.1012, 0.1023, 0.1052, 0.1031, 0.1027, 0.1033, 0.1148], "val_loss": [2.2826829154968262, 3.1076773536682127, 2.9942719135284426, 3.781944036102295, 3.3971486557006836, 3.3868190841674806, 3.1976208545684814, 2.6253935890197755, 2.663933659362793, 2.8729215137481687, 3.204257253265381, 2.615102732849121]}, "validation_error": 0.8852, "used_budget": 667.9299111366272}