{"augment": true, "configs": {"rotation_upper": 121, "rotation_lower": -10, "crop_lower": 0.0656545963431959, "scale_probability": 0.7735763306126521, "pad_probability": 0.9252824731216132, "scale_lower": 0.738693075877636, "crop_upper": 0.21492623105691433, "scale_upper": 1.7997382463887643, "pad_lower": 0.04427093752890519, "horizontal_flip": 0.9636982860875587, "rotation_probability": 0.09059961507662606, "vertical_flip": 0.45433451256551305, "pad_upper": 0.25251271811644915, "crop_probability": 0.45988411830997067}, "validation_error": 0.8961, "used_budget": 742.7335429191589, "train_history": {"val_acc": [0.1034, 0.1034, 0.1038, 0.1032, 0.1034, 0.1036, 0.1031, 0.1032, 0.1033, 0.1035, 0.1034, 0.1039], "loss": [2.2986104755829544, 2.293164780506721, 2.2926476208063273, 2.291021237006554, 2.2896884504037027, 2.290856962784743, 2.2890345538273835, 2.288519967824985, 2.2887580517010813, 2.287420233854881, 2.288159566812026, 2.288837717893796], "acc": [0.10654547275641026, 0.11072716346153846, 0.11190404647435898, 0.11077724358974358, 0.11596053685897435, 0.11217948717948718, 0.11217948717948718, 0.11458333333333333, 0.1084735576923077, 0.11463341346153846, 0.11641125801282051, 0.11187900641025642], "val_loss": [2.433400333404541, 2.6481495960235595, 2.4700264266967773, 2.7221527404785157, 3.1771937896728515, 3.582470674133301, 3.442651767730713, 3.170392329788208, 3.8481024299621582, 2.9427336975097655, 4.539778215026855, 3.6084539573669434]}, "train_accuracy": 0.11187900641025642}