{"used_budget": 726.6321141719818, "train_accuracy": 0.13000801282051283, "validation_error": 0.8887, "augment": true, "train_history": {"val_loss": [2.401430351638794, 2.3858315864562987, 2.37224909362793, 2.612173097229004, 2.316886228942871, 3.2391930084228515, 2.337938088989258, 2.4603551830291748, 2.7171260814666747, 2.940758911895752, 2.551022044754028, 2.4582512855529783], "val_acc": [0.1112, 0.1014, 0.1114, 0.1006, 0.1206, 0.1003, 0.0998, 0.1033, 0.1083, 0.0986, 0.1012, 0.1113], "acc": [0.12154447115384616, 0.1274539262820513, 0.12873096955128205, 0.12995793269230768, 0.1293820112179487, 0.12873096955128205, 0.13033353365384615, 0.1333133012820513, 0.13251201923076922, 0.13531650641025642, 0.13173577724358973, 0.13000801282051283], "loss": [2.2902480562527976, 2.280403822660446, 2.2737938387271686, 2.273502623423552, 2.269703121521534, 2.2690180929807515, 2.2684129109749427, 2.2670379601992092, 2.2656228442986808, 2.264659446019393, 2.2637730065064554, 2.2652534498618198]}, "configs": {"scale_probability": 0.37485728777310956, "rotation_lower": -41, "crop_lower": 0.08033110382811767, "rotation_probability": 0.17991731442755, "crop_probability": 0.29363401113316556, "pad_upper": 0.20102326101887663, "pad_probability": 0.3295404102281976, "pad_lower": 0.07547212260523056, "scale_upper": 1.7426258294710302, "crop_upper": 0.20463019428166745, "horizontal_flip": 0.6653772868590258, "scale_lower": 0.5605707275142605, "vertical_flip": 0.7312749255898935, "rotation_upper": 121}}