{"configs": {"vertical_flip": 0.8514897438862575, "rotation_upper": 15, "horizontal_flip": 0.24992072200565585, "pad_probability": 0.011822512908409188, "scale_upper": 1.639804059921353, "pad_upper": 0.13510649165340696, "crop_upper": 0.14424172491693316, "pad_lower": 0.0767169104982903, "rotation_probability": 0.18748052685095795, "scale_lower": 0.9993873025836898, "crop_probability": 0.47932778212661387, "crop_lower": 0.09960723987052923, "scale_probability": 0.8898325024139283, "rotation_lower": -135}, "train_accuracy": 0.11253004807692307, "train_history": {"val_loss": [2.583587558364868, 2.483518253707886, 2.3970960594177244, 3.120932984161377, 2.6583264713287353, 2.5367918853759766, 2.6769464477539064, 2.8804619750976563, 2.618635033416748, 2.992941323471069, 3.210866376113892, 2.5620768112182617], "loss": [2.2983663991475716, 2.2953283060819674, 2.2924728225439024, 2.2920866173047285, 2.2911198146832294, 2.290290110386335, 2.2884525924156875, 2.290450250491118, 2.2884228252447567, 2.2889680365721383, 2.2876831881510906, 2.2876632702656283], "val_acc": [0.106, 0.1089, 0.1003, 0.0993, 0.1007, 0.0995, 0.0986, 0.0964, 0.098, 0.096, 0.0949, 0.1033], "acc": [0.10576923076923077, 0.11015124198717949, 0.11040164262820513, 0.11077724358974358, 0.10919971955128205, 0.10879907852564102, 0.11192908653846154, 0.11202924679487179, 0.11305588942307693, 0.11192908653846154, 0.11518429487179487, 0.11253004807692307]}, "used_budget": 684.6038870811462, "augment": true, "validation_error": 0.8967}