{"train_history": {"acc": [0.11045172275641026, 0.11811398237179487, 0.11616085737179487, 0.11738782051282051, 0.1217197516025641, 0.11954126602564102, 0.11991686698717949, 0.1221454326923077, 0.12176983173076923, 0.12327223557692307, 0.12282151442307693, 0.11946614583333333], "val_loss": [2.3875267684936525, 2.477720613861084, 2.451341944885254, 2.385947270965576, 2.336101756286621, 2.7109770584106445, 2.6193149650573733, 2.3370645294189454, 2.279058016586304, 2.5463517204284667, 2.648196479797363, 2.751220683288574], "loss": [2.295434824167154, 2.289456840509023, 2.2849863332051497, 2.2847750186920166, 2.282051546451373, 2.284767280786465, 2.2822704895948753, 2.2800005636154075, 2.2805147896974516, 2.2785169841387334, 2.2781492486978188, 2.280090028658891], "val_acc": [0.1034, 0.0988, 0.1036, 0.1037, 0.1037, 0.1047, 0.1057, 0.1237, 0.133, 0.1226, 0.1074, 0.1078]}, "validation_error": 0.8922, "train_accuracy": 0.11946614583333333, "configs": {"pad_lower": 0.04090271284514507, "rotation_probability": 0.23595491418633852, "rotation_upper": 138, "pad_probability": 0.835267720305122, "pad_upper": 0.19565002522273287, "rotation_lower": -178, "crop_upper": 0.2684861983056145, "crop_lower": 0.09539500807382412, "scale_probability": 0.09337921040432906, "crop_probability": 0.9651117061554739, "vertical_flip": 0.1902500027010663, "horizontal_flip": 0.5423380469367781, "scale_upper": 1.0212766613627262, "scale_lower": 0.7821901171418391}, "used_budget": 734.4025280475616, "augment": true}