{"used_budget": 737.438761472702, "configs": {"scale_lower": 0.8086507206079743, "rotation_upper": 124, "vertical_flip": 0.8806214275798808, "horizontal_flip": 0.6237579141898677, "crop_probability": 0.2514026267422994, "rotation_lower": -170, "pad_upper": 0.24249461726276253, "crop_lower": 0.08454449786214316, "crop_upper": 0.29092509329986493, "rotation_probability": 0.5387982384632344, "pad_lower": 0.005545344167576927, "scale_probability": 0.5506446369373551, "pad_probability": 0.4760572728021356, "scale_upper": 1.3078587196351255}, "augment": true, "train_accuracy": 0.12094350961538461, "validation_error": 0.9049, "train_history": {"val_loss": [2.544604879760742, 2.760878359222412, 2.637285290527344, 2.6674027618408203, 2.508561441040039, 3.1736652153015137, 2.818779459762573, 2.3344170978546144, 2.8705102478027342, 2.5021691059112547, 3.423800197982788, 2.599149555206299], "acc": [0.1084735576923077, 0.11190404647435898, 0.1153094951923077, 0.1168369391025641, 0.11443309294871795, 0.11631109775641026, 0.11671173878205128, 0.11866486378205128, 0.11886518429487179, 0.11681189903846154, 0.12252103365384616, 0.12094350961538461], "val_acc": [0.0951, 0.0951, 0.0951, 0.0951, 0.0924, 0.0946, 0.0951, 0.0964, 0.0951, 0.0952, 0.0951, 0.0951], "loss": [2.2977192126787624, 2.2923790980608034, 2.288093022811107, 2.2860080286478386, 2.286766371665857, 2.2857088423692264, 2.2858238304272676, 2.283275245856016, 2.285118418626296, 2.283143489024578, 2.2818573094331303, 2.2829319414420004]}}