{"validation_error": 0.8967, "train_history": {"acc": [0.11147836538461539, 0.11876502403846154, 0.11826422275641026, 0.1182391826923077, 0.12069310897435898, 0.11929086538461539, 0.12099358974358974, 0.1178135016025641, 0.12159455128205128, 0.11803886217948718, 0.12156951121794872, 0.12334735576923077], "val_loss": [2.418935520172119, 2.5315298416137697, 2.3428177570343016, 2.5351924125671386, 2.4347036437988283, 2.7545536697387694, 2.4971512866973877, 2.655996144104004, 2.9346698013305663, 2.542454593658447, 2.8969195331573485, 2.6398150001525877], "loss": [2.296132055612711, 2.2911487099451895, 2.2879627538033023, 2.28510997004998, 2.2829803106112356, 2.2840864788263273, 2.282806504995395, 2.281327045116669, 2.279172275310908, 2.2794720385319147, 2.2790132684585376, 2.2788365307526712], "val_acc": [0.0976, 0.0986, 0.0969, 0.0979, 0.0986, 0.0961, 0.0993, 0.1099, 0.0976, 0.1151, 0.0973, 0.1033]}, "augment": true, "used_budget": 742.8986356258392, "configs": {"crop_probability": 0.6357297857962212, "pad_probability": 0.11374627773872215, "scale_lower": 0.7603551122408629, "scale_probability": 0.4072687719522702, "crop_lower": 0.05575427978943495, "rotation_probability": 0.3460157613180975, "crop_upper": 0.24877491398925974, "rotation_lower": -170, "horizontal_flip": 0.6942896626303043, "pad_lower": 0.08723748003002163, "vertical_flip": 0.3368493214018178, "rotation_upper": 95, "pad_upper": 0.14565787483200868, "scale_upper": 1.8175369054770156}, "train_accuracy": 0.12334735576923077}