{"validation_error": 0.8967, "train_history": {"acc": [0.10569411057692307, 0.11495893429487179, 0.11380709134615384, 0.11528445512820513, 0.11721254006410256, 0.11701221955128205, 0.11703725961538461, 0.11408253205128205, 0.11786358173076923, 0.12016726762820513, 0.12056790865384616, 0.11981670673076923], "loss": [2.2968406761303926, 2.291646286463126, 2.2912114698153276, 2.288596662191244, 2.2891494853374286, 2.287784347931544, 2.2888162365326514, 2.286717135936786, 2.286701733485246, 2.285552986157246, 2.285373404239997, 2.2848629370713844], "val_acc": [0.0988, 0.1034, 0.0996, 0.0991, 0.0994, 0.0993, 0.099, 0.0992, 0.1049, 0.1016, 0.0991, 0.1033], "val_loss": [2.345462113571167, 2.3351264072418214, 2.4358822410583496, 2.47440061416626, 2.3538050788879397, 2.492003889465332, 2.895709966659546, 3.174553488922119, 3.3030756706237794, 3.7973417251586916, 2.9485038192749022, 2.9496460968017577]}, "used_budget": 676.6913321018219, "train_accuracy": 0.11981670673076923, "configs": {"pad_upper": 0.12037506462808299, "vertical_flip": 0.2090613007613933, "crop_probability": 0.24402238112517638, "scale_probability": 0.8416203429231554, "rotation_upper": 147, "rotation_lower": -145, "scale_upper": 1.2142721891160224, "horizontal_flip": 0.7038385916524411, "scale_lower": 0.993313372240991, "crop_upper": 0.18391437054928295, "pad_probability": 0.027526996842005103, "pad_lower": 0.0705311457029917, "crop_lower": 0.028863418931954744, "rotation_probability": 0.5284400438609871}, "augment": true}