{"configs": {"scale_probability": 0.553436433337354, "rotation_lower": -170, "vertical_flip": 0.6610278687690472, "scale_lower": 0.7579432937039515, "crop_upper": 0.10810269815387497, "pad_upper": 0.197606249135092, "pad_probability": 0.8737656522541123, "crop_lower": 0.04606231854541531, "scale_upper": 1.3139397311685714, "rotation_upper": 68, "crop_probability": 0.6807678615305156, "pad_lower": 0.09783221118777818, "horizontal_flip": 0.3760282797495619, "rotation_probability": 0.19781614615127774}, "train_accuracy": 0.12139423076923077, "augment": true, "train_history": {"acc": [0.11192908653846154, 0.11435797275641026, 0.11408253205128205, 0.11899038461538461, 0.11668669871794872, 0.12014222756410256, 0.11838942307692307, 0.11643629807692307, 0.11951622596153846, 0.11924078525641026, 0.11606069711538461, 0.12139423076923077], "val_acc": [0.1126, 0.0951, 0.0995, 0.0994, 0.0999, 0.0994, 0.0992, 0.0981, 0.1042, 0.1003, 0.1001, 0.1021], "val_loss": [2.3424172462463377, 2.455151103973389, 2.563726223754883, 2.5662836681365966, 2.3562623264312745, 3.088855292892456, 3.771996939086914, 3.0267385185241698, 4.1000792518615725, 3.069843253326416, 2.6287528076171873, 3.1142307468414305], "loss": [2.294754985051277, 2.289216701801007, 2.2853457828362784, 2.285341828297346, 2.2827800260140347, 2.280183115830788, 2.2812542678453984, 2.279990326899749, 2.280511888938072, 2.2812114625405044, 2.2786830495565367, 2.276583514152429]}, "validation_error": 0.8979, "used_budget": 742.0910482406616}