{"used_budget": 727.0875720977783, "configs": {"pad_upper": 0.12510132799786286, "crop_lower": 0.012051697447528986, "scale_probability": 0.10431552661145105, "rotation_upper": 57, "pad_probability": 0.3537729226639911, "vertical_flip": 0.6276186024137455, "pad_lower": 0.09949834550237635, "scale_upper": 1.8947376545250374, "crop_probability": 0.8622364923184856, "rotation_probability": 0.20690184230283037, "rotation_lower": -151, "horizontal_flip": 0.5219002724587829, "crop_upper": 0.15864851300887836, "scale_lower": 0.817815749633142}, "train_accuracy": 0.13326322115384615, "train_history": {"val_loss": [2.3371778301239012, 2.5782417289733885, 3.382137650299072, 2.4257688194274905, 2.4240291584014892, 2.368305004119873, 2.4248025520324705, 2.639883615112305, 2.4861875061035157, 2.433019228363037, 2.6966048194885253, 2.696512833404541], "val_acc": [0.1005, 0.1008, 0.1002, 0.1002, 0.0953, 0.1021, 0.1005, 0.1012, 0.1013, 0.1016, 0.1007, 0.1007], "acc": [0.11618589743589744, 0.12750400641025642, 0.12595152243589744, 0.1293820112179487, 0.13146033653846154, 0.1345653044871795, 0.1334385016025641, 0.1303585737179487, 0.1332882612179487, 0.13030849358974358, 0.1331630608974359, 0.13326322115384615], "loss": [2.2889268558758955, 2.2789986607355948, 2.276118835577598, 2.2719170336539927, 2.2718284749067745, 2.2668875822654138, 2.267005544442397, 2.2674833987003717, 2.2645481190620322, 2.265573723193927, 2.265773851902057, 2.2656740034237886]}, "validation_error": 0.8993, "augment": true}