{"used_budget": 752.7331128120422, "train_accuracy": 0.11105268429487179, "augment": true, "validation_error": 0.8941, "configs": {"scale_lower": 0.5309370927041873, "rotation_lower": -50, "pad_lower": 0.08219759868591302, "scale_probability": 0.4730418801993983, "crop_probability": 0.31281528820602444, "pad_probability": 0.6916376237286057, "rotation_upper": 157, "scale_upper": 1.7471574485750818, "crop_lower": 0.0540592482785928, "vertical_flip": 0.9632317960660909, "pad_upper": 0.2006626621253193, "horizontal_flip": 0.8770181475515203, "crop_upper": 0.27466992412752944, "rotation_probability": 0.8553415106875806}, "train_history": {"loss": [2.300378152193167, 2.29653129975001, 2.2939343467736855, 2.294954620874845, 2.2929358864441896, 2.293733972769517, 2.2930897871653237, 2.2925519545873008, 2.2936613452740207, 2.291857428275622, 2.2917263309160867, 2.2913042643131356], "val_acc": [0.1004, 0.1003, 0.1004, 0.1003, 0.1008, 0.1004, 0.1004, 0.1001, 0.1004, 0.1004, 0.1119, 0.1059], "val_loss": [2.57988938369751, 2.3341389015197755, 2.471463193893433, 3.3652793266296386, 2.4407680683135986, 3.264845566558838, 2.846150082015991, 3.6488122146606443, 3.3392624252319334, 3.6702008583068846, 2.35878422164917, 2.629961161804199], "acc": [0.10464242788461539, 0.10774739583333333, 0.11075220352564102, 0.1109775641025641, 0.10887419871794872, 0.10977564102564102, 0.11115284455128205, 0.10724659455128205, 0.11240484775641026, 0.11443309294871795, 0.1104266826923077, 0.11105268429487179]}}