{"used_budget": 670.1317746639252, "validation_error": 0.8979, "configs": {"crop_probability": 0.8414686240164112, "rotation_lower": -66, "horizontal_flip": 0.5497735326127295, "rotation_upper": 27, "scale_probability": 0.31156391493292546, "pad_lower": 0.003538336622135785, "crop_lower": 0.06716215012643223, "rotation_probability": 0.6724519958940376, "crop_upper": 0.18075860535224572, "pad_upper": 0.27416312673494064, "vertical_flip": 0.22832372475451534, "scale_lower": 0.7818943322180638, "pad_probability": 0.6164768323651185, "scale_upper": 1.8903846702599805}, "augment": true, "train_accuracy": 0.11681189903846154, "train_history": {"val_acc": [0.1083, 0.1016, 0.1258, 0.1028, 0.1024, 0.101, 0.1015, 0.1015, 0.1012, 0.0988, 0.0997, 0.1021], "val_loss": [2.3453842227935793, 2.4742195320129396, 2.4482302978515627, 2.3979173027038576, 3.2503982955932615, 2.6495644924163817, 3.34133053855896, 2.753958423614502, 2.386026015472412, 3.0132042320251466, 2.788748846054077, 2.617639476394653], "loss": [2.2990962328054967, 2.293931394815445, 2.2924782587931705, 2.293098204410993, 2.2905941292261467, 2.2906769193135776, 2.2902445930701036, 2.289708301807061, 2.2882177256620846, 2.289269814888636, 2.2898732370291, 2.2874178802355742], "acc": [0.10724659455128205, 0.11383213141025642, 0.11555989583333333, 0.11611077724358974, 0.11330629006410256, 0.11385717147435898, 0.11473357371794872, 0.11172876602564102, 0.11253004807692307, 0.1146083733974359, 0.11325620993589744, 0.11681189903846154]}}