{"configs": {"pad_upper": 0.12975226365118256, "scale_probability": 0.9473140332682011, "crop_upper": 0.2310878914372735, "crop_lower": 0.030884676886111698, "crop_probability": 0.34963159978197, "pad_lower": 0.09584173253544995, "rotation_upper": 72, "scale_lower": 0.5246617219347748, "scale_upper": 1.37087730464983, "rotation_probability": 0.9738067853913599, "vertical_flip": 0.22366120803798473, "pad_probability": 0.8582589080530654, "rotation_lower": -161, "horizontal_flip": 0.2670155161966016}, "validation_error": 0.8996, "augment": true, "train_accuracy": 0.10809795673076923, "used_budget": 708.1614513397217, "train_history": {"val_loss": [3.356810394668579, 2.712245855331421, 3.0489731132507325, 3.0417814086914063, 2.7663850639343264, 3.021837172317505, 3.3448097991943357, 3.5477549743652346, 3.5248439170837402, 4.989143225479126, 2.7940485000610353, 5.045861382293701], "val_acc": [0.0998, 0.0998, 0.0997, 0.0996, 0.0994, 0.0997, 0.0998, 0.0996, 0.0996, 0.0997, 0.0976, 0.1004], "acc": [0.10421674679487179, 0.1063701923076923, 0.10659555288461539, 0.10632011217948718, 0.10960036057692307, 0.10867387820512821, 0.11045172275641026, 0.10827323717948718, 0.10727163461538461, 0.10744691506410256, 0.11017628205128205, 0.10809795673076923], "loss": [2.299327987890977, 2.298106924845622, 2.2975683502661877, 2.29814543785193, 2.2956975461580815, 2.297243980260996, 2.2968202034632363, 2.2964034783534513, 2.295788421844825, 2.2950118336922083, 2.2963616977899504, 2.2952309113282423]}}