{"train_history": {"loss": [2.2955035827098746, 2.29327336870707, 2.2902450477465606, 2.2892229763361125, 2.287342537672092, 2.2877528690374813, 2.286149357373898, 2.2853336364795, 2.286997587252886, 2.286802385862057, 2.2861607793049936, 2.2846432641530647], "acc": [0.10859875801282051, 0.11020132211538461, 0.11368189102564102, 0.1155849358974359, 0.11661157852564102, 0.11761318108974358, 0.11671173878205128, 0.11648637820512821, 0.11919070512820513, 0.115234375, 0.11545973557692307, 0.1146083733974359], "val_acc": [0.0979, 0.0992, 0.0979, 0.098, 0.098, 0.0983, 0.0981, 0.098, 0.098, 0.0979, 0.1112, 0.1119], "val_loss": [2.321900937652588, 2.4427790367126465, 3.26869555015564, 3.3077560791015626, 3.315980235671997, 2.7813467727661134, 2.74320107421875, 2.9538971298217773, 2.535486901473999, 3.3585071311950685, 2.308755696487427, 2.563545693588257]}, "validation_error": 0.8881, "augment": true, "used_budget": 745.8129947185516, "train_accuracy": 0.1146083733974359, "configs": {"pad_probability": 0.5812216608232991, "rotation_lower": -132, "horizontal_flip": 0.7613742898882404, "pad_upper": 0.14795732849140758, "scale_probability": 0.4966731477751313, "scale_upper": 1.3239469274484086, "pad_lower": 0.033603363058678413, "crop_upper": 0.24655745216937047, "crop_lower": 0.02873039365448654, "scale_lower": 0.7305044256086051, "rotation_probability": 0.5385945936150425, "rotation_upper": 82, "vertical_flip": 0.45224312081710616, "crop_probability": 0.45128681832644}}