{"configs": {"horizontal_flip": 0.7543373292074793, "crop_upper": 0.29807740715060105, "crop_lower": 0.0971148186644404, "pad_probability": 0.86500506467074, "pad_upper": 0.2562065004766529, "scale_lower": 0.8955886652486221, "rotation_upper": 167, "crop_probability": 0.7757153688185643, "rotation_probability": 0.4629758144976077, "vertical_flip": 0.9203246265171419, "scale_probability": 0.7800119304267636, "pad_lower": 0.0933271231729625, "scale_upper": 1.6862329939824363, "rotation_lower": -78}, "train_accuracy": 0.11072716346153846, "augment": true, "train_history": {"val_loss": [2.3332392883300783, 2.5098587226867677, 3.0503522064208983, 3.261078707122803, 3.4298697261810305, 2.9173440170288085, 2.7735419483184813, 3.7464268203735354, 3.4248798828125, 3.0343695381164553, 2.738788540649414, 2.4179714530944825], "val_acc": [0.1015, 0.0992, 0.099, 0.1043, 0.0997, 0.0995, 0.0989, 0.0991, 0.0991, 0.0991, 0.0964, 0.098], "loss": [2.300604392320682, 2.297921734742629, 2.298066136164543, 2.2968899546525416, 2.2962660789489746, 2.2954621742933226, 2.2958531303283496, 2.2955059149326424, 2.295082848805648, 2.295177549887926, 2.294350197682014, 2.2935390021556463], "acc": [0.1031650641025641, 0.10471754807692307, 0.10586939102564102, 0.10674579326923077, 0.10737179487179487, 0.10992588141025642, 0.10904947916666667, 0.10699619391025642, 0.10754707532051282, 0.10621995192307693, 0.11002604166666667, 0.11072716346153846]}, "used_budget": 684.3763074874878, "validation_error": 0.902}