{"train_history": {"val_acc": [0.0964, 0.0967, 0.0965, 0.0966, 0.0964, 0.0966, 0.0966, 0.0966, 0.0966, 0.0967, 0.0967, 0.0966], "val_loss": [2.3737549339294435, 2.431043486404419, 2.4781435802459715, 2.7399861835479737, 2.5367863906860353, 3.239304780960083, 2.5001337863922117, 2.6042625968933106, 3.2585629043579103, 2.732966229248047, 3.0349785106658937, 3.6747106384277344], "loss": [2.299062805298047, 2.2962925976667647, 2.2948589607691154, 2.2916534810494156, 2.2935127050448685, 2.292142783219998, 2.2922942768304777, 2.2919422067128696, 2.2905480349675202, 2.29216900238624, 2.292111118634542, 2.2902720463581576], "acc": [0.10722155448717949, 0.10934995993589744, 0.10737179487179487, 0.11210436698717949, 0.1100010016025641, 0.11423277243589744, 0.11015124198717949, 0.11130308493589744, 0.11510917467948718, 0.10982572115384616, 0.11157852564102565, 0.10837339743589744]}, "augment": true, "validation_error": 0.9034, "used_budget": 682.1402659416199, "train_accuracy": 0.10837339743589744, "configs": {"rotation_lower": -83, "rotation_upper": 174, "scale_upper": 1.695804326619251, "horizontal_flip": 0.055796352449006825, "pad_probability": 0.4088608931664749, "crop_lower": 0.07746957175222711, "rotation_probability": 0.5918294740698837, "scale_lower": 0.8053242398304294, "pad_upper": 0.2236348330357692, "crop_upper": 0.23676281535790958, "crop_probability": 0.5537003811752653, "vertical_flip": 0.3412107776220915, "scale_probability": 0.5548132826688863, "pad_lower": 0.09151083334359572}}