{"configs": {"rotation_upper": 124, "scale_lower": 0.8751202412410211, "crop_upper": 0.1903083636244282, "rotation_lower": -149, "rotation_probability": 0.29775600136509506, "scale_upper": 1.9621977890300628, "pad_upper": 0.26292442685106476, "scale_probability": 0.6589308755286223, "crop_probability": 0.4142203035757003, "vertical_flip": 0.9058101618738794, "pad_lower": 0.09922509608987887, "horizontal_flip": 0.5255083142182151, "crop_lower": 0.03489949598920389, "pad_probability": 0.9069315423381454}, "used_budget": 753.9773840904236, "validation_error": 0.8988, "augment": true, "train_accuracy": 0.1129306891025641, "train_history": {"val_loss": [2.4711941539764406, 2.394249473953247, 3.014162769317627, 2.9512213203430178, 4.434960352325439, 3.7622553657531737, 3.3093012351989746, 4.031538356399536, 4.9473684150695805, 4.614598892593384, 3.7210436599731445, 3.7779692085266112], "acc": [0.1073467548076923, 0.11300580929487179, 0.10887419871794872, 0.11495893429487179, 0.1126552483974359, 0.11378205128205128, 0.11653645833333333, 0.11606069711538461, 0.11598557692307693, 0.11465845352564102, 0.11255508814102565, 0.1129306891025641], "loss": [2.296927483418049, 2.292001728828137, 2.2928225971185245, 2.29031765460968, 2.289408875581546, 2.2891464363305998, 2.2865248865041976, 2.2857942497118926, 2.2865802401151414, 2.285594859948525, 2.2864961945093594, 2.285568808897948], "val_acc": [0.0979, 0.0992, 0.0975, 0.0976, 0.0976, 0.0975, 0.0976, 0.0975, 0.0975, 0.1047, 0.0989, 0.1012]}}