{"validation_error": 0.8967, "configs": {"rotation_upper": 162, "pad_lower": 0.04288733508207431, "scale_upper": 1.245479901573935, "scale_lower": 0.8088618088921418, "crop_lower": 0.05552235621164667, "vertical_flip": 0.5419595980521968, "crop_probability": 0.30076599544106564, "horizontal_flip": 0.43374132302620205, "pad_probability": 0.8619014952131488, "crop_upper": 0.18276978777637937, "scale_probability": 0.9936799660169213, "pad_upper": 0.2028136010879779, "rotation_lower": -56, "rotation_probability": 0.02273708273263697}, "train_history": {"val_acc": [0.1064, 0.1068, 0.11, 0.1097, 0.1083, 0.1059, 0.1061, 0.1142, 0.1038, 0.1148, 0.1207, 0.1033], "val_loss": [2.298480112838745, 2.2792477016448975, 2.282583110809326, 2.3139439903259276, 2.314210678100586, 2.3928923248291016, 2.783602153778076, 2.337965069580078, 3.467908427810669, 2.4155444458007813, 2.2992375186920166, 3.5248922653198242], "acc": [0.10764723557692307, 0.10877403846153846, 0.11180388621794872, 0.11566005608974358, 0.11505909455128205, 0.11500901442307693, 0.11470853365384616, 0.11338141025641026, 0.11290564903846154, 0.11638621794871795, 0.11663661858974358, 0.11508413461538461], "loss": [2.2967722973762412, 2.2929605574179917, 2.2899885192895546, 2.28830139988508, 2.2882338166236877, 2.286268079892183, 2.287425155058885, 2.285993844270706, 2.286212669733243, 2.2845625403599863, 2.2863042599115615, 2.285348356534273]}, "used_budget": 739.5663821697235, "train_accuracy": 0.11508413461538461, "augment": true}