{"validation_error": 0.8995, "configs": {"pad_probability": 0.7307042084984913, "scale_lower": 0.5588189688256935, "pad_lower": 0.09294335097198075, "crop_upper": 0.23349972443082823, "scale_upper": 1.3077430238496892, "crop_probability": 0.9144416853041687, "vertical_flip": 0.9093167440827696, "horizontal_flip": 0.7136885045804517, "rotation_probability": 0.029016773986145772, "rotation_upper": 56, "scale_probability": 0.0690636685872218, "crop_lower": 0.002552648801758506, "rotation_lower": -114, "pad_upper": 0.15274470524186184}, "augment": true, "train_history": {"val_loss": [2.792360601425171, 2.430675060272217, 2.3797303230285642, 2.7688828773498537, 2.583436777877808, 2.7661524562835695, 2.6817691974639892, 3.017572669219971, 2.695935752105713, 2.8175362796783445, 2.886132481765747, 2.7103392311096193], "loss": [2.2850722112716775, 2.2756000657876334, 2.2717918768907204, 2.2654229532449675, 2.267644221966083, 2.2626127126889353, 2.2659618166776805, 2.2628253599007926, 2.263609699713878, 2.2610686963949447, 2.257820393794622, 2.2623741076542783], "val_acc": [0.1037, 0.1037, 0.1046, 0.1038, 0.1043, 0.1037, 0.1034, 0.1049, 0.1028, 0.1047, 0.1038, 0.1005], "acc": [0.1239483173076923, 0.12677784455128205, 0.13251201923076922, 0.13469050480769232, 0.1323116987179487, 0.1358924278846154, 0.1330128205128205, 0.13221153846153846, 0.13726963141025642, 0.13649338942307693, 0.1368689903846154, 0.13276241987179488]}, "train_accuracy": 0.13276241987179488, "used_budget": 731.561603307724}