{"augment": true, "validation_error": 0.8783, "used_budget": 684.6762554645538, "configs": {"scale_probability": 0.9253712124704264, "scale_upper": 1.3239891577342016, "pad_probability": 0.6229735284214607, "crop_probability": 0.8520789168683791, "vertical_flip": 0.3081933949592468, "rotation_probability": 0.3499224240451648, "pad_upper": 0.27637697755362656, "rotation_lower": -150, "horizontal_flip": 0.6755897679090346, "scale_lower": 0.689951259810943, "crop_upper": 0.20736912069845737, "pad_lower": 0.07644202484402551, "crop_lower": 0.016445054210367228, "rotation_upper": 100}, "train_history": {"acc": [0.10611979166666667, 0.1107021233974359, 0.10912459935897435, 0.10807291666666667, 0.10752203525641026, 0.1100010016025641, 0.10647035256410256, 0.10950020032051282, 0.10732171474358974, 0.11100260416666667, 0.10980068108974358, 0.11142828525641026], "loss": [2.299291437252974, 2.295813953265166, 2.2951949475667415, 2.2946303005401907, 2.293661953547062, 2.2930851509937873, 2.292854198278525, 2.292030388728166, 2.29239758849144, 2.2923749899252868, 2.2918280286666675, 2.291390122511448], "val_acc": [0.1081, 0.1086, 0.1073, 0.1068, 0.1067, 0.1085, 0.1108, 0.1084, 0.1057, 0.116, 0.1218, 0.1217], "val_loss": [2.2998638832092286, 2.330867626953125, 2.3701069313049317, 3.404633684158325, 2.9376384925842287, 2.7418813617706297, 2.5141522312164306, 2.824612124633789, 5.723139514923096, 2.993924370574951, 3.202338137817383, 3.2266501853942873]}, "train_accuracy": 0.11142828525641026}