{"augment": true, "train_history": {"val_loss": [2.289306979751587, 2.2890141052246094, 2.335432191848755, 2.42098377532959, 2.400202523803711, 2.8414416778564453, 3.1797619552612306, 2.773500903701782, 2.7898504600524903, 2.490429354095459, 3.2715076438903807, 2.525119464111328], "loss": [2.2977730356729946, 2.291395237048467, 2.2873638302851944, 2.2876085952306404, 2.2849067648251853, 2.285881507855195, 2.2856716146835914, 2.2849812576403985, 2.28466434050829, 2.282640577126772, 2.28295629681685, 2.282670056208586], "acc": [0.10975060096153846, 0.11598557692307693, 0.11766326121794872, 0.12064302884615384, 0.1171875, 0.1192157451923077, 0.11884014423076923, 0.11728766025641026, 0.11848958333333333, 0.11961638621794872, 0.11631109775641026, 0.11813902243589744], "val_acc": [0.1016, 0.1056, 0.0997, 0.0987, 0.0987, 0.0987, 0.0987, 0.0986, 0.0987, 0.1007, 0.0988, 0.0998]}, "validation_error": 0.9002, "train_accuracy": 0.11813902243589744, "used_budget": 732.5288581848145, "configs": {"rotation_probability": 0.7353979198185103, "crop_upper": 0.2552133691284465, "scale_upper": 1.8339411883291672, "pad_upper": 0.20913378356900209, "scale_lower": 0.6735203890074497, "pad_probability": 0.25723840551319754, "scale_probability": 0.08324197196539473, "pad_lower": 0.09866630906244238, "rotation_lower": -43, "rotation_upper": 142, "crop_probability": 0.472563547807189, "vertical_flip": 0.20517992008964359, "crop_lower": 0.01150924608382069, "horizontal_flip": 0.485120201539619}}