{"augment": true, "train_history": {"val_acc": [0.1307, 0.0985, 0.1022, 0.1107, 0.0994, 0.0985, 0.0995, 0.0984, 0.1073, 0.0985, 0.0982, 0.0987], "loss": [2.2991910699086313, 2.2971495588620505, 2.2970889699764743, 2.296014048350163, 2.2954593881582603, 2.2945780761730976, 2.2957769471865435, 2.2936112597966805, 2.293977665595519, 2.2949549914934697, 2.2944082579551597, 2.293008785217236], "val_loss": [2.280884591293335, 3.23537346534729, 2.2782393547058106, 2.2794428573608396, 3.2796884948730467, 3.0817263305664064, 2.742809111404419, 3.6077567417144776, 2.321523020553589, 3.4422941429138185, 2.949913631439209, 2.7612481170654295], "acc": [0.1038661858974359, 0.10394130608974358, 0.1044170673076923, 0.10792267628205128, 0.10411658653846154, 0.10669571314102565, 0.10481770833333333, 0.10634515224358974, 0.10812299679487179, 0.10682091346153846, 0.10546875, 0.10501802884615384]}, "configs": {"scale_upper": 1.3463261180982367, "crop_lower": 0.0910201582806541, "pad_upper": 0.26936273854002846, "rotation_lower": -18, "vertical_flip": 0.019974992618578824, "rotation_upper": 42, "horizontal_flip": 0.647838810492737, "pad_lower": 0.04557499350766134, "crop_upper": 0.27257473892519934, "crop_probability": 0.7836508595244787, "scale_probability": 0.9700062757162804, "pad_probability": 0.689156127357319, "scale_lower": 0.6619079659206545, "rotation_probability": 0.6135999179333349}, "used_budget": 758.1744208335876, "train_accuracy": 0.10501802884615384, "validation_error": 0.9013}