{"augment": true, "train_history": {"val_loss": [2.4279404708862304, 2.315458947753906, 2.4707914054870606, 3.6587403114318846, 2.3071926513671874, 3.429792032623291, 2.90513236618042, 3.83180838470459, 2.487990179443359, 2.5136625465393068, 3.181378998184204, 2.493913336181641], "acc": [0.10329026442307693, 0.10712139423076923, 0.1083233173076923, 0.1133563701923077, 0.11355669070512821, 0.11172876602564102, 0.111328125, 0.11378205128205128, 0.11275540865384616, 0.11315604967948718, 0.11318108974358974, 0.1119541266025641], "val_acc": [0.0996, 0.0999, 0.0995, 0.0995, 0.1037, 0.0996, 0.099, 0.0994, 0.0998, 0.1007, 0.099, 0.1001], "loss": [2.298144701963816, 2.2951945127584996, 2.292495548725128, 2.2912732324539085, 2.2894340875821237, 2.2890755045108304, 2.2888719087991958, 2.2876670444623017, 2.288781768236405, 2.2881118991436105, 2.287919839223226, 2.28922252700879]}, "validation_error": 0.8999, "train_accuracy": 0.1119541266025641, "used_budget": 761.52481341362, "configs": {"scale_upper": 1.5493639908845704, "crop_probability": 0.4616105212647218, "rotation_probability": 0.9334720081366633, "horizontal_flip": 0.12641941661630052, "pad_upper": 0.2374120003698785, "rotation_lower": -1, "crop_upper": 0.12883822151710872, "crop_lower": 0.05243588167373578, "scale_lower": 0.7765669097551486, "scale_probability": 0.538108778427199, "vertical_flip": 0.26145617360891005, "rotation_upper": 14, "pad_lower": 0.024121795242070677, "pad_probability": 0.8393892235055966}}