{"validation_error": 0.8988, "train_accuracy": 0.1112530048076923, "augment": true, "configs": {"scale_upper": 1.4856967879319676, "crop_probability": 0.3975672940352336, "vertical_flip": 0.4415930631702434, "pad_lower": 0.03993660633927966, "pad_probability": 0.8748502449636024, "rotation_probability": 0.6078349048346138, "scale_lower": 0.7369278700638051, "rotation_lower": -113, "scale_probability": 0.7251652984830975, "crop_upper": 0.24097268592637688, "pad_upper": 0.28901137878522765, "rotation_upper": 40, "crop_lower": 0.04125382977648115, "horizontal_flip": 0.032026519279565124}, "train_history": {"val_loss": [2.4163578109741213, 3.1976725090026856, 2.729072240829468, 3.037128187561035, 3.0715358406066895, 2.6713547576904295, 3.037317342376709, 4.133009893798828, 4.194061431884766, 2.742444495010376, 3.166907303619385, 3.8183168075561524], "loss": [2.299664568442565, 2.2965105642110872, 2.294719796914321, 2.2936435372401505, 2.293643371416972, 2.292771182763271, 2.292113660237728, 2.2925047331895585, 2.2931859294573465, 2.2916214710626845, 2.2907670690463138, 2.291254761127325], "acc": [0.10569411057692307, 0.10712139423076923, 0.11157852564102565, 0.11227964743589744, 0.11052684294871795, 0.11150340544871795, 0.11232972756410256, 0.11240484775641026, 0.11075220352564102, 0.11057692307692307, 0.10987580128205128, 0.1112530048076923], "val_acc": [0.1006, 0.1006, 0.1005, 0.1006, 0.1005, 0.1006, 0.1018, 0.1035, 0.1024, 0.1022, 0.0944, 0.1012]}, "used_budget": 756.7725269794464}