{"used_budget": 749.580644607544, "augment": true, "configs": {"crop_probability": 0.6381037368749054, "horizontal_flip": 0.08869529570650658, "vertical_flip": 0.04247851572353456, "pad_lower": 0.05866423210339964, "pad_probability": 0.21245390926780128, "scale_upper": 1.8883849086009645, "pad_upper": 0.2976729922975016, "scale_probability": 0.5846804848932532, "rotation_upper": 40, "rotation_lower": -116, "crop_upper": 0.2594469138345177, "rotation_probability": 0.7285864467546505, "crop_lower": 0.02346464566749512, "scale_lower": 0.9208223975115355}, "train_history": {"val_loss": [2.3330142654418946, 2.3950091037750245, 2.4632899002075197, 2.622393716430664, 2.526282849884033, 2.40924716796875, 2.355453821563721, 2.4372864562988283, 2.6707382316589356, 3.260828796005249, 2.9427966201782225, 2.8690285514831544], "val_acc": [0.1053, 0.1046, 0.1061, 0.105, 0.1067, 0.1121, 0.1356, 0.1317, 0.1057, 0.1167, 0.1215, 0.109], "acc": [0.10601963141025642, 0.10824819711538461, 0.11263020833333333, 0.10927483974358974, 0.1112530048076923, 0.11187900641025642, 0.111328125, 0.11360677083333333, 0.10797275641025642, 0.10952524038461539, 0.10970052083333333, 0.10882411858974358], "loss": [2.3001543336953874, 2.2968487441539764, 2.2961006592481565, 2.294961460889914, 2.294068212692554, 2.292804309190848, 2.293120284875234, 2.293540589320354, 2.292903722860874, 2.292681164466418, 2.2912187033738847, 2.291115563649398]}, "train_accuracy": 0.10882411858974358, "validation_error": 0.891}