{"used_budget": 648.9784352779388, "train_history": {"loss": [2.2862281837524514, 2.271152225824503, 2.268535766081932, 2.2660043988472376, 2.262394913496115, 2.264967154998046, 2.265124831444178, 2.257851983492191, 2.258115986982981, 2.2576050880627756, 2.2567445773344774, 2.2523176020536666], "val_loss": [2.3609896244049073, 2.6576449146270753, 2.6665596324920653, 3.2023309185028075, 3.3943961433410643, 2.7353579345703123, 2.6375656730651857, 2.806883909606934, 2.455980125427246, 2.627553380584717, 2.9453024280548097, 2.6926534339904786], "val_acc": [0.0998, 0.1005, 0.0998, 0.0996, 0.0994, 0.0973, 0.1008, 0.1001, 0.1023, 0.1021, 0.1038, 0.1072], "acc": [0.1181640625, 0.13469050480769232, 0.12980769230769232, 0.13123497596153846, 0.13243689903846154, 0.13010817307692307, 0.13068409455128205, 0.13549178685897437, 0.1344150641025641, 0.13541666666666666, 0.13408954326923078, 0.13877203525641027]}, "validation_error": 0.8928, "configs": {"scale_probability": 0.059791902763001836, "crop_probability": 0.5354079234768061, "pad_probability": 0.9189383289642507, "crop_upper": 0.27094202892515395, "scale_lower": 0.6980988102097199, "rotation_lower": -31, "vertical_flip": 0.9204351146894643, "pad_lower": 0.06812426705267781, "crop_lower": 0.07706823452462065, "rotation_probability": 0.06997648268245615, "scale_upper": 1.5173498982459397, "pad_upper": 0.12587605653546266, "horizontal_flip": 0.042055503668046335, "rotation_upper": 143}, "train_accuracy": 0.13877203525641027, "augment": true}