{"augment": true, "train_accuracy": 0.11137820512820513, "configs": {"scale_upper": 1.0744973041214032, "pad_lower": 0.0011543516692180567, "rotation_upper": 101, "rotation_probability": 0.8520794737573654, "horizontal_flip": 0.716461257944624, "crop_probability": 0.3371734236763305, "scale_lower": 0.8477410036855452, "vertical_flip": 0.39035421070157417, "crop_lower": 0.0008618900598171387, "scale_probability": 0.7130524425312831, "rotation_lower": -38, "pad_probability": 0.9904436474988593, "crop_upper": 0.13824725096726476, "pad_upper": 0.2791168137482628}, "train_history": {"val_acc": [0.1031, 0.1073, 0.0982, 0.1163, 0.1003, 0.1003, 0.1006, 0.1075, 0.1008, 0.1002, 0.1001, 0.1002], "acc": [0.10604467147435898, 0.10934995993589744, 0.10717147435897435, 0.10669571314102565, 0.11095252403846154, 0.11423277243589744, 0.11348157051282051, 0.1133563701923077, 0.10970052083333333, 0.11082732371794872, 0.11210436698717949, 0.11137820512820513], "val_loss": [2.297746907043457, 2.305582973861694, 2.6587212539672853, 2.4018980087280273, 2.541853414916992, 2.888774392700195, 3.3425228591918947, 2.3049514583587647, 2.5371297004699707, 6.395191041564941, 3.9295329536437986, 4.480496873474121], "loss": [2.2986962092228427, 2.2951040948048615, 2.2945437782850022, 2.2945453914312215, 2.2934775268420196, 2.293720529629634, 2.292779518243594, 2.2919666308623095, 2.292128645456754, 2.290875391318248, 2.2906948755948973, 2.2905276532356558]}, "used_budget": 766.492927312851, "validation_error": 0.8998}