{"train_history": {"loss": [2.292438016488002, 2.2873906034689684, 2.2846168952110486, 2.281976561515759, 2.2785163942055826, 2.2794887859087725, 2.278990463568614, 2.279313304485419, 2.2783323518740826, 2.277955648990778, 2.277575542529424, 2.275380006967447], "val_loss": [2.4991540817260742, 2.5431760581970213, 2.942876355743408, 3.212732537841797, 2.4332110458374023, 2.6195547985076906, 2.691074002075195, 3.044131622314453, 2.562144785308838, 2.5607062507629395, 3.1919375053405763, 3.636395671081543], "acc": [0.11258012820512821, 0.1158603766025641, 0.11773838141025642, 0.12259615384615384, 0.1261268028846154, 0.12204527243589744, 0.11721254006410256, 0.12257111378205128, 0.11936598557692307, 0.12049278846153846, 0.12284655448717949, 0.12357271634615384], "val_acc": [0.0969, 0.1063, 0.0973, 0.0968, 0.0972, 0.0969, 0.0961, 0.0961, 0.0963, 0.0965, 0.0966, 0.0966]}, "validation_error": 0.9034, "used_budget": 746.482204914093, "augment": true, "configs": {"crop_lower": 0.0498868086243112, "pad_upper": 0.1134069093450137, "pad_lower": 0.04960178058991216, "rotation_probability": 0.5332985574861938, "crop_upper": 0.27929907827608424, "rotation_lower": -90, "vertical_flip": 0.8662497484297884, "scale_lower": 0.5129419403224116, "scale_probability": 0.3648635071273828, "scale_upper": 1.2155310203179002, "pad_probability": 0.8153781986234293, "crop_probability": 0.015623066578711708, "horizontal_flip": 0.6017520321387682, "rotation_upper": 132}, "train_accuracy": 0.12357271634615384}