{"configs": {"vertical_flip": 0.8931821451625963, "scale_upper": 1.6522691533147216, "pad_upper": 0.23156846744057225, "crop_upper": 0.1313266401760551, "scale_lower": 0.7254456774323106, "pad_lower": 0.08136665162429928, "rotation_upper": 7, "rotation_lower": -105, "pad_probability": 0.19836652470920357, "crop_probability": 0.4480918491492917, "scale_probability": 0.19890076052161865, "horizontal_flip": 0.46588830091498545, "crop_lower": 0.0010692034743987279, "rotation_probability": 0.5820081754651734}, "used_budget": 734.1782145500183, "augment": true, "train_accuracy": 0.12830528846153846, "validation_error": 0.8973, "train_history": {"val_loss": [2.3582905632019044, 2.5699187599182127, 2.4038919525146483, 2.7322300537109374, 2.695159775161743, 2.7620104007720947, 2.3794857391357422, 2.728450784301758, 2.9473617916107178, 2.4374578651428225, 2.5331487060546873, 2.9188088790893554], "loss": [2.2913411267292805, 2.2841040813005886, 2.280399916263727, 2.276845232034341, 2.2775258108591423, 2.272866048109837, 2.2756892908842135, 2.2762153110443015, 2.2730934413579793, 2.26962302510555, 2.2730753360650477, 2.2717445500386066], "acc": [0.11796374198717949, 0.11911558493589744, 0.12149439102564102, 0.12422375801282051, 0.12309695512820513, 0.12915665064102563, 0.12379807692307693, 0.1268028846153846, 0.12560096153846154, 0.12858072916666666, 0.12630208333333334, 0.12830528846153846], "val_acc": [0.1125, 0.1041, 0.1026, 0.1025, 0.1025, 0.1044, 0.1049, 0.1026, 0.1025, 0.1031, 0.1026, 0.1027]}}