{"used_budget": 681.3173477649689, "augment": true, "train_history": {"loss": [2.3004942421729746, 2.299189867881628, 2.2978094663375463, 2.2959990050548162, 2.2964335030470138, 2.296058319317989, 2.293813977486048, 2.2944453832430716, 2.294970150177295, 2.293332447608312, 2.294411759345959, 2.2944030509545255], "val_acc": [0.1046, 0.1055, 0.1049, 0.0991, 0.105, 0.1054, 0.101, 0.1049, 0.094, 0.0977, 0.1051, 0.1054], "acc": [0.10724659455128205, 0.10331530448717949, 0.10642027243589744, 0.10672075320512821, 0.10869891826923077, 0.10909955929487179, 0.1094501201923077, 0.10859875801282051, 0.10669571314102565, 0.10962540064102565, 0.11110276442307693, 0.11127804487179487], "val_loss": [2.3389717391967775, 2.3253136444091798, 2.524613884353638, 2.682756847000122, 2.4558319900512697, 3.273624250793457, 2.4345769145965575, 2.9336836208343504, 2.6527827014923098, 3.023104549407959, 4.30208320350647, 2.846448970031738]}, "configs": {"rotation_upper": 162, "pad_upper": 0.2586721974395795, "rotation_probability": 0.46443061384114115, "horizontal_flip": 0.3919017279473852, "scale_probability": 0.843914953671647, "scale_upper": 1.786328225647388, "crop_probability": 0.7034386319482574, "pad_probability": 0.18106602178450804, "scale_lower": 0.5814333385636439, "rotation_lower": -84, "vertical_flip": 0.17488269237400078, "pad_lower": 0.03688357219659736, "crop_lower": 0.05373350506127466, "crop_upper": 0.27326031913998117}, "train_accuracy": 0.11127804487179487, "validation_error": 0.8946000000000001}