{"train_history": {"val_acc": [0.1005, 0.1005, 0.1025, 0.0998, 0.1011, 0.0914, 0.1452, 0.1065, 0.1001, 0.0999, 0.1022, 0.1], "loss": [2.2996727167031703, 2.2986130760266232, 2.296593263363227, 2.297019520631203, 2.2956045804879603, 2.297204362276273, 2.295356586957589, 2.2955050200988083, 2.2957686254611382, 2.294945043631089, 2.294043916158187, 2.2960314261607633], "acc": [0.10374098557692307, 0.10576923076923077, 0.10837339743589744, 0.10747195512820513, 0.11060196314102565, 0.10664563301282051, 0.10689603365384616, 0.10654547275641026, 0.10541866987179487, 0.10667067307692307, 0.1104266826923077, 0.10729667467948718], "val_loss": [2.442669848251343, 2.320112586593628, 2.3188364509582517, 2.347428324890137, 2.3005833923339845, 2.302270090484619, 2.288445659637451, 2.3536842597961427, 3.274080534362793, 2.6413462940216066, 2.288109459686279, 2.5231885932922364]}, "augment": true, "validation_error": 0.9, "train_accuracy": 0.10729667467948718, "used_budget": 755.6313552856445, "configs": {"pad_upper": 0.1754128609321403, "pad_lower": 0.021945973869531246, "crop_lower": 0.08033396821986322, "pad_probability": 0.41330797740837766, "scale_probability": 0.8438650436912875, "crop_probability": 0.5643030603693829, "rotation_upper": 69, "scale_lower": 0.7119322411584701, "rotation_lower": -167, "scale_upper": 1.2683852875498687, "crop_upper": 0.28913062415547064, "rotation_probability": 0.7376780475521725, "horizontal_flip": 0.3021500692225295, "vertical_flip": 0.17237771672017943}}