{"train_history": {"val_acc": [0.0994, 0.0993, 0.0993, 0.0999, 0.1003, 0.0993, 0.0993, 0.0993, 0.0993, 0.0997, 0.0994, 0.0995], "acc": [0.1122295673076923, 0.11643629807692307, 0.11550981570512821, 0.11863982371794872, 0.11746294070512821, 0.11966646634615384, 0.11748798076923077, 0.12076822916666667, 0.1143329326923077, 0.12141927083333333, 0.12181991185897435, 0.12039262820512821], "val_loss": [2.312564286804199, 2.7330392902374268, 2.6099784034729003, 2.378749562072754, 2.6055219741821287, 3.548277438735962, 2.7815814178466796, 3.334718992614746, 3.296321524429321, 2.6583179317474364, 3.2880589576721193, 3.087494659805298], "loss": [2.2955845999412046, 2.289880599731054, 2.2868483700813393, 2.285486394778276, 2.285795126205836, 2.2840354251555905, 2.284893136758071, 2.28238995717122, 2.282717154576228, 2.282776986177151, 2.282067339389752, 2.2817456470086026]}, "augment": true, "train_accuracy": 0.12039262820512821, "used_budget": 744.3500642776489, "validation_error": 0.9005, "configs": {"scale_probability": 0.44284138419284214, "rotation_upper": 146, "pad_upper": 0.25866232100398145, "crop_probability": 0.7710947046395812, "vertical_flip": 0.6437440516806195, "crop_lower": 0.07155496426494339, "rotation_lower": -133, "rotation_probability": 0.3990940889191239, "crop_upper": 0.1482578762409634, "horizontal_flip": 0.8944776081122574, "pad_probability": 0.5363893296657858, "pad_lower": 0.0845701805471299, "scale_lower": 0.9307234370806943, "scale_upper": 1.0147424683953394}}