{"used_budget": 668.8474168777466, "validation_error": 0.8932, "train_accuracy": 0.12662760416666666, "augment": true, "train_history": {"val_acc": [0.1008, 0.1014, 0.1005, 0.1007, 0.1011, 0.1007, 0.1046, 0.1011, 0.0992, 0.1118, 0.1244, 0.1068], "loss": [2.2917509086621113, 2.284676296588702, 2.2854198332016287, 2.2816999684541655, 2.27805546995921, 2.280280741361471, 2.2782980486368523, 2.2777179838755193, 2.275562088458966, 2.2727783788473177, 2.272359778483709, 2.2741543352603912], "acc": [0.11247996794871795, 0.11881510416666667, 0.11408253205128205, 0.11901542467948718, 0.1201923076923077, 0.12482471955128205, 0.12379807692307693, 0.12234575320512821, 0.11961638621794872, 0.12086838942307693, 0.12642728365384615, 0.12662760416666666], "val_loss": [2.565621757507324, 2.3899386154174804, 2.912484741592407, 3.009830436706543, 2.7832079486846926, 2.959680171203613, 2.659312892150879, 2.7347161628723144, 2.974582046508789, 3.335968578338623, 2.4039201148986815, 3.460034850692749]}, "configs": {"pad_upper": 0.26098454049188996, "rotation_probability": 0.6754215412735597, "crop_upper": 0.17434963392695516, "crop_probability": 0.33093297508301545, "pad_probability": 0.11481264649759437, "horizontal_flip": 0.642094318715918, "scale_lower": 0.5219482167229875, "vertical_flip": 0.025340733744094512, "pad_lower": 0.04641862187380185, "rotation_lower": -54, "scale_probability": 0.28636118214109874, "scale_upper": 1.858768080199723, "rotation_upper": 22, "crop_lower": 0.06626019873533288}}