{"train_history": {"acc": [0.10178786057692307, 0.10311498397435898, 0.10677083333333333, 0.10894931891025642, 0.10857371794871795, 0.10947516025641026, 0.10283954326923077, 0.10872395833333333, 0.10474258814102565, 0.10799779647435898, 0.10814803685897435, 0.10687099358974358], "val_loss": [2.365339492416382, 2.592205265045166, 2.830796795654297, 3.388710256576538, 3.6928310371398925, 2.298953737640381, 2.310820774078369, 4.846573705291748, 3.721058215332031, 4.737829225158691, 3.414764729309082, 3.9253444633483885], "loss": [2.3003792136143417, 2.2987464567025504, 2.2982855836550393, 2.2961094555182333, 2.296657759409684, 2.2949150388057413, 2.2959338548855905, 2.2943530029211288, 2.2953349336599693, 2.2937759993932185, 2.2940690372234736, 2.294566042912312], "val_acc": [0.0992, 0.0975, 0.0994, 0.1003, 0.0969, 0.1222, 0.1067, 0.0993, 0.0992, 0.0991, 0.0988, 0.0994]}, "validation_error": 0.9006, "train_accuracy": 0.10687099358974358, "used_budget": 680.709722995758, "configs": {"scale_lower": 0.6009426239326847, "scale_probability": 0.6343748398650064, "crop_lower": 0.06509846545109092, "crop_upper": 0.20146083210107407, "pad_probability": 0.6425721126512592, "pad_upper": 0.1906295285089349, "rotation_upper": 27, "crop_probability": 0.9390389929294436, "vertical_flip": 0.8699518820309405, "pad_lower": 0.08635873401404731, "scale_upper": 1.777531939327437, "horizontal_flip": 0.03388795963803237, "rotation_lower": -167, "rotation_probability": 0.7110925615339247}, "augment": true}