{"augment": true, "configs": {"pad_lower": 0.08756549362471318, "rotation_probability": 0.6130489451399391, "pad_probability": 0.784133229957718, "rotation_lower": -32, "crop_lower": 0.08289527986223372, "horizontal_flip": 0.5159516445539019, "scale_lower": 0.606245003493866, "crop_upper": 0.26718084660522545, "scale_probability": 0.1670365242979548, "rotation_upper": 10, "pad_upper": 0.2665757570066539, "vertical_flip": 0.024130881023255557, "crop_probability": 0.3282469803002973, "scale_upper": 1.3150572054832597}, "validation_error": 0.9, "train_accuracy": 0.12379807692307693, "train_history": {"val_loss": [2.295827684020996, 2.3045017990112306, 2.4759469444274904, 3.08805383682251, 2.847742802810669, 2.7958475418090822, 2.5528417045593264, 2.5216075233459474, 2.4565772899627687, 4.629071537780762, 2.557349924468994, 3.187062380981445], "val_acc": [0.1149, 0.1005, 0.1, 0.0999, 0.1007, 0.0989, 0.1052, 0.1243, 0.1127, 0.0997, 0.1033, 0.1], "loss": [2.2937450194970155, 2.2861410845548678, 2.2816091806460648, 2.2806880351824637, 2.2798475737755117, 2.2792589098979263, 2.2771270473798118, 2.277655685559297, 2.278599506769425, 2.2784344385831785, 2.2759168568329935, 2.274194578329722], "acc": [0.11435797275641026, 0.1181640625, 0.12051782852564102, 0.11731270032051282, 0.11904046474358974, 0.12121895032051282, 0.12234575320512821, 0.12061798878205128, 0.12031750801282051, 0.12094350961538461, 0.12224559294871795, 0.12379807692307693]}, "used_budget": 732.6114594936371}