{"augment": true, "train_history": {"val_loss": [2.312048685455322, 2.4093290019989015, 2.416005118179321, 2.3181156105041505, 2.9305386955261232, 3.8285908767700194, 2.504889069366455, 4.4041344291687015, 2.7829284759521484, 5.576623520660401, 4.216134960174561, 3.551785304260254], "loss": [2.3007578551769257, 2.2989355493814516, 2.2970136449887204, 2.29651816151081, 2.296010668461139, 2.2961939091865835, 2.2958332239053187, 2.29646679911858, 2.295743397413156, 2.295214491776931, 2.2951411253366714, 2.2948848735063505], "val_acc": [0.0981, 0.0981, 0.0978, 0.0975, 0.0979, 0.0979, 0.0979, 0.0979, 0.0979, 0.0979, 0.0979, 0.0977], "acc": [0.10434194711538461, 0.10639523237179487, 0.107421875, 0.10997596153846154, 0.10819811698717949, 0.10940004006410256, 0.10384114583333333, 0.10879907852564102, 0.10952524038461539, 0.10789763621794872, 0.1067958733974359, 0.10794771634615384]}, "validation_error": 0.9023, "train_accuracy": 0.10794771634615384, "configs": {"vertical_flip": 0.850240391132077, "pad_lower": 0.09774775276047167, "crop_upper": 0.19027556673931983, "scale_lower": 0.6330152641499874, "horizontal_flip": 0.03209200772636678, "pad_upper": 0.18338386505864573, "rotation_lower": -28, "crop_lower": 0.015012135516777282, "scale_upper": 1.8728903944018362, "scale_probability": 0.7528705766164648, "rotation_upper": 92, "crop_probability": 0.8125047430552512, "pad_probability": 0.15521960364845377, "rotation_probability": 0.8404032726208491}, "used_budget": 753.0167062282562}