{"train_history": {"val_loss": [2.402704870223999, 2.337623868560791, 2.426658365249634, 2.4918777282714846, 2.39280703125, 2.6142523460388185, 2.4654012702941897, 2.39931142578125, 2.370427063369751, 2.336664384841919, 2.6821929225921632, 2.5095485710144043], "acc": [0.11606069711538461, 0.12372295673076923, 0.12615184294871795, 0.12494991987179487, 0.13303786057692307, 0.12677784455128205, 0.13241185897435898, 0.12740384615384615, 0.13028345352564102, 0.13141025641025642, 0.13639322916666666, 0.1325370592948718], "loss": [2.2921078090484324, 2.281491273488754, 2.2779712417186837, 2.2766452439320393, 2.2716415906563783, 2.2723162296490793, 2.2702437173097563, 2.2679066635095158, 2.26782032312491, 2.268216133881838, 2.2626597376970143, 2.2664683644588175], "val_acc": [0.1029, 0.1029, 0.1028, 0.1029, 0.1031, 0.1037, 0.104, 0.1068, 0.1069, 0.1063, 0.1043, 0.1046]}, "augment": true, "train_accuracy": 0.1325370592948718, "validation_error": 0.8954, "configs": {"rotation_upper": 6, "rotation_probability": 0.424941068944797, "crop_upper": 0.20857806214574023, "scale_probability": 0.1845961395480865, "crop_probability": 0.04838005743453333, "rotation_lower": -129, "crop_lower": 0.0941835776777669, "pad_probability": 0.4028217563399267, "scale_upper": 1.9550096710717537, "pad_lower": 0.0890013679430762, "horizontal_flip": 0.6605775021197611, "pad_upper": 0.20030096996413138, "vertical_flip": 0.5582822184554742, "scale_lower": 0.6734380359134182}, "used_budget": 654.2750041484833}