{"used_budget": 747.3708050251007, "train_accuracy": 0.12009214743589744, "train_history": {"val_acc": [0.1024, 0.1024, 0.1025, 0.1024, 0.1141, 0.1026, 0.1024, 0.1024, 0.1036, 0.1024, 0.1023, 0.1024], "loss": [2.2977978610075436, 2.292365400454937, 2.2883641574627314, 2.287855865863653, 2.286542093142485, 2.2880360774504833, 2.2857858813725986, 2.2852824315046654, 2.2849910167547374, 2.284540981054306, 2.284419459410203, 2.28371292581925], "val_loss": [2.3983703414916993, 2.325598206329346, 2.397882182312012, 2.7597923362731933, 2.660962201690674, 3.150594651031494, 3.5041349006652833, 4.17360758972168, 2.6356508529663087, 3.0370267665863038, 2.552391002655029, 3.8342191909790038], "acc": [0.11105268429487179, 0.11413261217948718, 0.11673677884615384, 0.11746294070512821, 0.12031750801282051, 0.11746294070512821, 0.11588541666666667, 0.1168369391025641, 0.11468349358974358, 0.11841446314102565, 0.11826422275641026, 0.12009214743589744]}, "configs": {"pad_lower": 0.06237138370181392, "horizontal_flip": 0.33472908698085924, "rotation_probability": 0.5242902552281485, "vertical_flip": 0.7848600761515332, "scale_lower": 0.7400983210620802, "pad_upper": 0.21466211263646034, "crop_lower": 0.005165296268437847, "scale_probability": 0.2060047725246993, "crop_upper": 0.23575073210062483, "scale_upper": 1.4966866065923208, "rotation_lower": -21, "crop_probability": 0.9267923151867938, "pad_probability": 0.7486309498911909, "rotation_upper": 143}, "validation_error": 0.8976, "augment": true}