{"train_accuracy": 0.10975060096153846, "augment": true, "used_budget": 693.9539020061493, "train_history": {"val_loss": [2.3051201984405516, 2.4573550819396974, 2.2977004791259765, 2.4066704971313477, 2.3966048347473143, 2.605840245437622, 3.7421524894714358, 2.415129613494873, 2.4754664779663087, 2.720112293243408, 4.121327342224121, 2.840943450164795], "val_acc": [0.1095, 0.1057, 0.1003, 0.1139, 0.1105, 0.1028, 0.1031, 0.1044, 0.1054, 0.1078, 0.1033, 0.1033], "loss": [2.2999554918362546, 2.2976168432296853, 2.2976064345775504, 2.296176547423387, 2.296147402280416, 2.2961050929167333, 2.2935257989626665, 2.294340272744497, 2.295667942517843, 2.2939198995247865, 2.2943251805427747, 2.293682105266131], "acc": [0.10389122596153846, 0.10632011217948718, 0.10822315705128205, 0.10767227564102565, 0.10431690705128205, 0.10724659455128205, 0.1097255608974359, 0.10732171474358974, 0.10854867788461539, 0.10887419871794872, 0.10817307692307693, 0.10975060096153846]}, "validation_error": 0.8967, "configs": {"rotation_upper": 61, "pad_upper": 0.14000244969327943, "crop_upper": 0.20028790938543461, "rotation_probability": 0.8484544105475467, "vertical_flip": 0.06553780426847278, "rotation_lower": -75, "crop_lower": 0.05606838763680061, "horizontal_flip": 0.6840710856735766, "crop_probability": 0.8453367994326606, "pad_probability": 0.5864417636166447, "scale_probability": 0.6560887770053513, "scale_upper": 1.567445305381132, "pad_lower": 0.07303642876423107, "scale_lower": 0.5566441984362124}}