{"configs": {"pad_lower": 0.01416513825604816, "pad_upper": 0.2387488909864448, "crop_probability": 0.5641040972119468, "rotation_probability": 0.4092682675192406, "crop_lower": 0.05966078923877724, "vertical_flip": 0.13074964124049981, "rotation_upper": 27, "crop_upper": 0.2373253544431864, "horizontal_flip": 0.3076503935241284, "pad_probability": 0.7922389342491497, "scale_lower": 0.6372147807065949, "scale_probability": 0.312313808066107, "scale_upper": 1.4810249099893968, "rotation_lower": -99}, "used_budget": 733.1409895420074, "validation_error": 0.8945, "train_accuracy": 0.12139423076923077, "augment": true, "train_history": {"loss": [2.295041020099933, 2.2880443945909157, 2.284634863718962, 2.28241697488687, 2.2842284532693715, 2.2809716761112213, 2.2815303343992968, 2.282602262038451, 2.282624368484204, 2.281233141055474, 2.279946266840666, 2.2796772680221458], "acc": [0.1123046875, 0.11606069711538461, 0.11979166666666667, 0.12084334935897435, 0.12119391025641026, 0.12202023237179487, 0.12232071314102565, 0.1194911858974359, 0.12186999198717949, 0.12192007211538461, 0.12292167467948718, 0.12139423076923077], "val_acc": [0.1048, 0.1047, 0.1046, 0.1046, 0.1049, 0.1048, 0.1087, 0.1055, 0.1053, 0.1048, 0.1084, 0.1055], "val_loss": [2.7170805015563966, 2.358578759765625, 2.357958265686035, 2.5104736465454103, 2.4375973628997802, 2.7150659759521485, 2.386875551223755, 2.5369932067871095, 2.636599370574951, 2.9804576667785643, 2.4686487312316894, 2.7243142044067383]}}