{"configs": {"pad_upper": 0.20001048102946814, "pad_lower": 0.07347602051941159, "vertical_flip": 0.3882044545374582, "rotation_upper": 80, "scale_lower": 0.738319186836464, "crop_lower": 0.07743542193975707, "crop_probability": 0.0375474261837202, "rotation_lower": -74, "rotation_probability": 0.46616907438719657, "pad_probability": 0.1387894357118391, "horizontal_flip": 0.9164884905376063, "crop_upper": 0.18551678760017254, "scale_upper": 1.4492738952222615, "scale_probability": 0.11781154957782325}, "train_history": {"val_acc": [0.1055, 0.1078, 0.104, 0.115, 0.103, 0.0997, 0.1, 0.1417, 0.0991, 0.0919, 0.1026, 0.1], "val_loss": [2.3578338386535647, 2.4126328491210938, 2.61333099937439, 2.3528241764068603, 2.74424543838501, 2.6104204360961916, 2.4461273509979247, 2.3200621749877928, 2.4900009349823, 2.4268607391357424, 2.7191493335723878, 2.927263732910156], "loss": [2.2867144483786364, 2.2737008325564556, 2.2698757274028583, 2.2670520482919154, 2.2599037358394036, 2.2541230901693687, 2.255041371553372, 2.2500540744035673, 2.250685195128123, 2.247212985387215, 2.2485363399371123, 2.2448438115608997], "acc": [0.11866486378205128, 0.13018329326923078, 0.1291065705128205, 0.1305839342948718, 0.13606770833333334, 0.14037459935897437, 0.1412510016025641, 0.13952323717948717, 0.13514122596153846, 0.14455629006410256, 0.14049979967948717, 0.1404246794871795]}, "augment": true, "train_accuracy": 0.1404246794871795, "used_budget": 673.1683242321014, "validation_error": 0.9}