{"augment": true, "validation_error": 0.9017, "configs": {"rotation_probability": 0.12380567820253241, "pad_upper": 0.15814326831425457, "horizontal_flip": 0.801675004026689, "pad_lower": 0.052480019252023516, "scale_upper": 1.2443302991280873, "pad_probability": 0.3927869373218158, "scale_probability": 0.41637501161223545, "rotation_lower": -85, "scale_lower": 0.676619624521592, "vertical_flip": 0.787930356170078, "rotation_upper": 92, "crop_upper": 0.17489380493394013, "crop_lower": 0.01857036437670334, "crop_probability": 0.21983332831326885}, "train_history": {"val_acc": [0.1053, 0.1013, 0.0994, 0.0995, 0.0995, 0.0993, 0.0996, 0.0996, 0.0989, 0.0992, 0.0996, 0.0983], "val_loss": [2.303150012588501, 2.304990657043457, 2.5436015426635743, 3.139546820068359, 3.4179160232543944, 2.5131711910247803, 3.4070918811798094, 2.5310458641052245, 2.6498517944335935, 3.4100785217285154, 2.568233309555054, 2.78313952331543], "loss": [2.2885305743951063, 2.2752944360940885, 2.271943293320827, 2.2647647582567654, 2.260432564295255, 2.2631763961070623, 2.2644103436897964, 2.2605333152489786, 2.2592214804429274, 2.2564497590065002, 2.256998502291166, 2.2564304287617025], "acc": [0.11863982371794872, 0.1246494391025641, 0.12725360576923078, 0.1319861778846154, 0.1358924278846154, 0.1336388221153846, 0.13146033653846154, 0.13421474358974358, 0.1349158653846154, 0.13529146634615385, 0.13822115384615385, 0.13411458333333334]}, "train_accuracy": 0.13411458333333334, "used_budget": 665.3245480060577}