{"used_budget": 743.9780719280243, "train_history": {"val_acc": [0.1028, 0.1026, 0.1028, 0.1028, 0.1028, 0.1027, 0.1028, 0.1028, 0.1027, 0.1028, 0.1032, 0.1027], "val_loss": [2.331973928451538, 2.414686336135864, 2.8778408592224123, 2.6457019805908204, 3.320963859176636, 2.6988906211853028, 4.76441343460083, 3.7287942234039306, 2.7369454414367675, 3.0640987899780274, 3.2951501251220705, 3.5059916328430174], "acc": [0.11232972756410256, 0.11245492788461539, 0.11300580929487179, 0.11573517628205128, 0.11445813301282051, 0.11500901442307693, 0.11701221955128205, 0.11708733974358974, 0.11841446314102565, 0.11941606570512821, 0.11686197916666667, 0.11894030448717949], "loss": [2.2967052520849767, 2.2914137504039664, 2.291263762192848, 2.2871290139662914, 2.2869541194194403, 2.2862423834128256, 2.2852681347957025, 2.283258326542683, 2.284575207111163, 2.2834863112523007, 2.283811704470561, 2.2823418982518024]}, "configs": {"pad_lower": 0.01630430588661228, "crop_lower": 0.08863376091146824, "crop_probability": 0.7258930550446508, "scale_probability": 0.7365781856972363, "rotation_lower": -138, "rotation_upper": 88, "rotation_probability": 0.48698147913238776, "horizontal_flip": 0.7585847515095414, "crop_upper": 0.12582726543560593, "scale_upper": 1.0826447015261125, "pad_probability": 0.16014366682822045, "vertical_flip": 0.028045900787796563, "scale_lower": 0.661027230292001, "pad_upper": 0.2907871370183742}, "validation_error": 0.8973, "augment": true, "train_accuracy": 0.11894030448717949}