{"train_accuracy": 0.1257011217948718, "configs": {"pad_probability": 0.8264000072624778, "scale_lower": 0.9872867138174943, "pad_upper": 0.2828157283464673, "rotation_probability": 0.20298061872217832, "vertical_flip": 0.3088011014709586, "crop_probability": 0.757895248092139, "horizontal_flip": 0.6343479606713366, "pad_lower": 0.008795227561259144, "scale_upper": 1.0201194082405491, "scale_probability": 0.1780907668662195, "crop_lower": 0.020933739459697988, "rotation_lower": -156, "rotation_upper": 95, "crop_upper": 0.26916260133760195}, "used_budget": 656.3338508605957, "augment": true, "validation_error": 0.897, "train_history": {"loss": [2.295478865122184, 2.285369500135764, 2.2845627940618076, 2.2814565086976075, 2.2802197214884634, 2.2811673619808297, 2.2800938242521043, 2.2782307076148496, 2.277445968144979, 2.2770093167439485, 2.276217894676404, 2.276333185342642], "val_loss": [2.2881552055358885, 2.547526053619385, 2.838130302429199, 2.7831986938476563, 2.5006485149383546, 3.1180974155426027, 2.6359377574920653, 2.9015427810668943, 3.2169085662841796, 2.474078409957886, 2.6787905715942384, 3.5886813079833986], "acc": [0.11413261217948718, 0.1211688701923077, 0.12227063301282051, 0.12337239583333333, 0.12417367788461539, 0.12362279647435898, 0.12457431891025642, 0.12590144230769232, 0.12284655448717949, 0.12349759615384616, 0.1253505608974359, 0.1257011217948718], "val_acc": [0.1109, 0.103, 0.1029, 0.1043, 0.104, 0.1028, 0.107, 0.1106, 0.1035, 0.103, 0.1032, 0.103]}}