{"validation_error": 0.8911, "augment": true, "used_budget": 742.8787908554077, "configs": {"horizontal_flip": 0.9358369645653046, "pad_probability": 0.22625686035850923, "scale_upper": 1.898770679217824, "pad_upper": 0.29819699298429597, "rotation_lower": -12, "pad_lower": 0.0072463378468326295, "rotation_upper": 81, "scale_probability": 0.7035407042551752, "rotation_probability": 0.2082506450013123, "vertical_flip": 0.07832293194944007, "scale_lower": 0.96252240735584, "crop_lower": 0.03922603806089292, "crop_upper": 0.12882613604610765, "crop_probability": 0.147576702425814}, "train_accuracy": 0.12307191506410256, "train_history": {"val_acc": [0.1027, 0.1026, 0.1024, 0.1058, 0.1057, 0.1025, 0.1062, 0.1251, 0.1146, 0.1148, 0.1121, 0.1089], "val_loss": [2.68824568939209, 2.7825912162780764, 2.4589415588378905, 3.0452660373687745, 3.108106158065796, 4.819414546203613, 2.722618942642212, 2.3401480003356934, 2.4244445487976076, 3.0476117031097414, 3.210915042114258, 3.052211944961548], "loss": [2.2932914143953567, 2.2880435234461074, 2.2843789832714276, 2.282726160990886, 2.281223660096144, 2.278694260578889, 2.2769762812516627, 2.276186464688717, 2.2758254760350938, 2.27475159519758, 2.2736839078939877, 2.273970351005212], "acc": [0.1103515625, 0.11728766025641026, 0.11423277243589744, 0.11450821314102565, 0.11986678685897435, 0.1197666266025641, 0.11979166666666667, 0.1214443108974359, 0.12462439903846154, 0.12186999198717949, 0.1239483173076923, 0.12307191506410256]}}