{"validation_error": 0.8945, "augment": true, "train_accuracy": 0.1373447516025641, "configs": {"pad_lower": 0.03209946378326506, "scale_upper": 1.467224448788051, "pad_probability": 0.3182175018023443, "pad_upper": 0.166774880015042, "scale_probability": 0.07710555753489468, "scale_lower": 0.9188926530550472, "crop_lower": 0.092476129957191, "rotation_upper": 35, "crop_upper": 0.27056800168237816, "horizontal_flip": 0.22274111897994664, "rotation_probability": 0.5127716544274424, "vertical_flip": 0.8662929447031733, "crop_probability": 0.14812085560167987, "rotation_lower": -64}, "train_history": {"val_acc": [0.1023, 0.1081, 0.108, 0.1017, 0.1015, 0.1015, 0.1054, 0.1, 0.1036, 0.1121, 0.1081, 0.1055], "val_loss": [2.415796733093262, 2.3009066856384277, 2.530808748626709, 2.6597676559448242, 3.0021468879699706, 2.7501537399291993, 2.563310361480713, 2.363947731399536, 2.4932607551574706, 2.477270330810547, 2.5582975238800048, 2.497582566833496], "loss": [2.2877556536442194, 2.2754231706643715, 2.2733292220494685, 2.2692905137172112, 2.2647642508531227, 2.2638466373468056, 2.2627792839820566, 2.2604608619824433, 2.2603019040364485, 2.2552125545648427, 2.2536543737619352, 2.254379616333888], "acc": [0.12024238782051282, 0.12610176282051283, 0.1303585737179487, 0.13278745993589744, 0.13586738782051283, 0.1336388221153846, 0.13291266025641027, 0.13646834935897437, 0.13366386217948717, 0.1413261217948718, 0.13909755608974358, 0.1373447516025641]}, "used_budget": 733.753977060318}