{"train_accuracy": 0.14886318108974358, "train_history": {"val_loss": [2.4889289123535154, 2.7814324470520018, 2.516664677810669, 2.8471023742675783, 2.407948427581787, 2.469048264312744, 2.548825535583496, 2.7858073356628417, 2.8085637126922607, 2.8189340934753417, 2.594346912765503, 2.4699389080047607], "val_acc": [0.0972, 0.0972, 0.0972, 0.0972, 0.0989, 0.0988, 0.0906, 0.1041, 0.1052, 0.1026, 0.1093, 0.1123], "loss": [2.284718236862085, 2.264928311873705, 2.2616185874511032, 2.2579822081785936, 2.2513174376426597, 2.2493592569461236, 2.2434774109950433, 2.2444000985377874, 2.242168738291814, 2.237647695419116, 2.236818017103733, 2.2337889533776503], "acc": [0.12785456730769232, 0.14032451923076922, 0.1390224358974359, 0.13388922275641027, 0.14152644230769232, 0.14463141025641027, 0.14420572916666666, 0.14635917467948717, 0.14445612980769232, 0.14888822115384615, 0.1484375, 0.14886318108974358]}, "augment": true, "validation_error": 0.8877, "configs": {"pad_upper": 0.14717655112274655, "crop_upper": 0.19934159816328098, "pad_lower": 0.07240135878337288, "rotation_upper": 6, "rotation_probability": 0.1173928397059254, "scale_probability": 0.17587972147547326, "horizontal_flip": 0.9377445251297982, "rotation_lower": -77, "crop_lower": 0.005967266905659841, "scale_lower": 0.6597305052496234, "vertical_flip": 0.6274488460813483, "scale_upper": 1.584887476264862, "crop_probability": 0.1627553028201757, "pad_probability": 0.4090610315482288}, "used_budget": 667.9441673755646}