{"configs": {"scale_probability": 0.4410319587726982, "pad_probability": 0.280270198228038, "scale_lower": 0.8769319786486678, "scale_upper": 1.770727686876179, "crop_lower": 0.030647133094851453, "rotation_probability": 0.9379446732586088, "horizontal_flip": 0.4308679304019929, "pad_lower": 0.005629046680797101, "crop_probability": 0.07183268180528635, "rotation_upper": 100, "rotation_lower": -15, "pad_upper": 0.2860609594982065, "vertical_flip": 0.963232736544892, "crop_upper": 0.2946807837986771}, "augment": true, "train_accuracy": 0.11380709134615384, "used_budget": 756.2941162586212, "validation_error": 0.9024, "train_history": {"acc": [0.10987580128205128, 0.10934995993589744, 0.11278044871794872, 0.11160356570512821, 0.11280548878205128, 0.11162860576923077, 0.11723758012820513, 0.11545973557692307, 0.11190404647435898, 0.11353165064102565, 0.11185396634615384, 0.11380709134615384], "val_acc": [0.0983, 0.0981, 0.0984, 0.0987, 0.1002, 0.0987, 0.0993, 0.0981, 0.098, 0.0979, 0.0978, 0.0976], "val_loss": [2.469727907562256, 2.3512743492126464, 3.5197428962707518, 2.3457648445129395, 2.6187142921447752, 2.5446143142700195, 2.4006033351898193, 2.774958057022095, 3.1480591232299804, 2.9647181846618653, 3.158899440383911, 2.599073327636719], "loss": [2.2978029938844533, 2.2953973015149436, 2.2925029076062717, 2.2926047024054403, 2.2921319290613518, 2.291397851247054, 2.2895119984944663, 2.290437114544404, 2.290774648006146, 2.2884166026726747, 2.2907839448024063, 2.2891237911505575]}}