{"train_history": {"loss": [2.2980792277898545, 2.295284236088777, 2.294286860869481, 2.2944611517282634, 2.2933657559064717, 2.2933275340459285, 2.2926061199261594, 2.29184540724143, 2.2928624886732836, 2.2917896027748403, 2.2893258661795883, 2.289670520868057], "val_acc": [0.0993, 0.0993, 0.0993, 0.0993, 0.0993, 0.0993, 0.0993, 0.0993, 0.0993, 0.0993, 0.0993, 0.0993], "val_loss": [2.305681826400757, 2.5725677280426025, 2.6387651077270506, 2.576360298156738, 2.6306701011657716, 3.2699372520446777, 2.9660027503967283, 3.252882921218872, 3.204070310211182, 2.5981611042022705, 3.4258960662841798, 3.034295252990723], "acc": [0.10519330929487179, 0.10995092147435898, 0.11147836538461539, 0.10844851762820513, 0.10942508012820513, 0.11077724358974358, 0.1126552483974359, 0.11065204326923077, 0.1116786858974359, 0.10965044070512821, 0.11520933493589744, 0.11633613782051282]}, "configs": {"pad_probability": 0.9987912685719914, "pad_lower": 0.012966128060715988, "rotation_lower": -113, "vertical_flip": 0.6220248940983956, "horizontal_flip": 0.4476830781327926, "rotation_probability": 0.6869302405442375, "scale_lower": 0.6065929312013587, "pad_upper": 0.2540584979598782, "rotation_upper": 152, "scale_upper": 1.2788427057106073, "crop_probability": 0.13555040112643657, "crop_lower": 0.027581096994063838, "crop_upper": 0.2981085895576764, "scale_probability": 0.7411605994168701}, "augment": true, "used_budget": 756.3789250850677, "validation_error": 0.9007000000000001, "train_accuracy": 0.11633613782051282}