{"augment": true, "train_accuracy": 0.12001702724358974, "train_history": {"acc": [0.11025140224358974, 0.11378205128205128, 0.11172876602564102, 0.11490885416666667, 0.11766326121794872, 0.11778846153846154, 0.1146083733974359, 0.11796374198717949, 0.11991686698717949, 0.11500901442307693, 0.11873998397435898, 0.12001702724358974], "loss": [2.2975973173593864, 2.291150885514724, 2.290764318826871, 2.2885309213247056, 2.287631627076711, 2.2865558694570494, 2.286596852999467, 2.2856869109165974, 2.2836761268285604, 2.2850482784784756, 2.283698551929914, 2.2833127906689277], "val_loss": [2.2982553688049316, 2.543715993499756, 2.505465530395508, 2.977861562347412, 2.884516674041748, 3.3724500804901125, 2.6905246143341066, 3.7080149711608885, 3.312950619506836, 2.647675563812256, 3.428002401351929, 3.6582906131744384], "val_acc": [0.1055, 0.0974, 0.1034, 0.0996, 0.0972, 0.0922, 0.0985, 0.0964, 0.0974, 0.0981, 0.1046, 0.1066]}, "validation_error": 0.8934, "used_budget": 676.0389993190765, "configs": {"rotation_lower": -113, "crop_lower": 0.018104530608341697, "crop_upper": 0.1656636646462366, "rotation_upper": 122, "scale_upper": 1.941016463243022, "scale_lower": 0.6261400168225599, "crop_probability": 0.734706070386582, "pad_probability": 0.09574623795084602, "scale_probability": 0.7518827155683412, "rotation_probability": 0.14500351517227483, "horizontal_flip": 0.975035763018848, "vertical_flip": 0.19945763937334327, "pad_lower": 0.05933032821091686, "pad_upper": 0.19882807900822508}}