{"validation_error": 0.8866, "configs": {"rotation_probability": 0.32559736845867726, "rotation_lower": -33, "horizontal_flip": 0.9395913276505891, "pad_upper": 0.13137942975942823, "scale_upper": 1.313029464173904, "crop_lower": 0.07234052381252393, "crop_probability": 0.3026343555030362, "scale_probability": 0.015197206738306268, "rotation_upper": 55, "pad_probability": 0.6684235228544865, "pad_lower": 0.07622586768459598, "vertical_flip": 0.014792468340983689, "scale_lower": 0.7003104339338848, "crop_upper": 0.232281481281875}, "augment": true, "train_history": {"acc": [0.12342247596153846, 0.12895633012820512, 0.13423978365384615, 0.1349158653846154, 0.13536658653846154, 0.13664362980769232, 0.1396484375, 0.1388221153846154, 0.14170172275641027, 0.1396484375, 0.13967347756410256, 0.14380508814102563], "val_loss": [2.2880760845184325, 2.468104151535034, 2.7083963508605957, 2.6353779205322265, 2.8766788299560546, 2.958849955749512, 2.864199184036255, 3.3171398551940916, 2.977912564086914, 3.219813395690918, 3.064099739074707, 2.9110243415832517], "loss": [2.2816356069002395, 2.26939226877995, 2.265036770930657, 2.2612390969044123, 2.255459704460242, 2.2525745515639963, 2.2512639248982453, 2.2487513552873564, 2.2484349539646735, 2.24737734748767, 2.2468415720340533, 2.2421448696882296], "val_acc": [0.1337, 0.1029, 0.1013, 0.1027, 0.1052, 0.1019, 0.1028, 0.1048, 0.106, 0.106, 0.1088, 0.1134]}, "train_accuracy": 0.14380508814102563, "used_budget": 657.5811033248901}