{"validation_error": 0.8929, "augment": true, "train_history": {"val_acc": [0.1038, 0.1072, 0.106, 0.1058, 0.1062, 0.1068, 0.1061, 0.107, 0.1099, 0.1091, 0.116, 0.1071], "acc": [0.11150340544871795, 0.11601061698717949, 0.12059294871794872, 0.11843950320512821, 0.11858974358974358, 0.12001702724358974, 0.11846454326923077, 0.12056790865384616, 0.11833934294871795, 0.12121895032051282, 0.12014222756410256, 0.12487479967948718], "val_loss": [2.305766877746582, 2.320347587585449, 2.8455025146484374, 2.421907204055786, 2.502446070480347, 2.351458071899414, 2.6006342906951905, 2.415947957611084, 2.4111305820465088, 2.527625266265869, 2.465374485015869, 2.861778530883789], "loss": [2.296814440916746, 2.289115386895644, 2.286277113052515, 2.2866495702511225, 2.283868895127223, 2.2825077512325387, 2.2852454559925275, 2.2836941067989054, 2.2857529520988464, 2.2831778151866717, 2.283629046800809, 2.280536970266929]}, "configs": {"pad_upper": 0.17241089534601364, "crop_upper": 0.28567020285102523, "crop_probability": 0.842361260173425, "crop_lower": 0.04688547369585194, "scale_upper": 1.1899444192297848, "pad_lower": 0.08675787483108435, "horizontal_flip": 0.8543300306539213, "pad_probability": 0.3025071715118639, "scale_probability": 0.27806019409908933, "vertical_flip": 0.334417497706067, "rotation_lower": -84, "rotation_upper": 3, "rotation_probability": 0.34759056598004, "scale_lower": 0.6288470446168757}, "train_accuracy": 0.12487479967948718, "used_budget": 733.5894694328308}