{"train_history": {"val_loss": [2.309953768157959, 2.5639079235076903, 2.622693953704834, 2.818949311065674, 2.613909479141235, 2.8645110401153566, 3.413695774078369, 2.488089938735962, 2.531881122589111, 2.8186243366241457, 2.8607520484924316, 3.1188376739501953], "acc": [0.11465845352564102, 0.11596053685897435, 0.11916566506410256, 0.11871494391025642, 0.11843950320512821, 0.12001702724358974, 0.12054286858974358, 0.12151943108974358, 0.12056790865384616, 0.12039262820512821, 0.12399839743589744, 0.12009214743589744], "val_acc": [0.0958, 0.0953, 0.0957, 0.0953, 0.0953, 0.0916, 0.095, 0.0955, 0.0958, 0.0959, 0.0955, 0.0954], "loss": [2.293900720584087, 2.2875948273218594, 2.2859322948333545, 2.283603325868264, 2.283633749454449, 2.2810028753219505, 2.2806682540820193, 2.27920133410356, 2.2819444093948755, 2.279792544169304, 2.2775008227580633, 2.278299644207343]}, "used_budget": 748.712310552597, "augment": true, "validation_error": 0.9046, "train_accuracy": 0.12009214743589744, "configs": {"scale_lower": 0.7825196823090954, "rotation_lower": 0, "crop_probability": 0.9204385208723391, "scale_upper": 1.6323796637859078, "rotation_upper": 108, "pad_upper": 0.20112203662985734, "horizontal_flip": 0.3685271005219819, "rotation_probability": 0.3895117419950992, "crop_upper": 0.10906705277883773, "scale_probability": 0.2692315776366456, "crop_lower": 0.04873500316650803, "pad_probability": 0.929345028191505, "vertical_flip": 0.7059555879954517, "pad_lower": 0.07896452347705642}}