{"used_budget": 736.8148744106293, "configs": {"vertical_flip": 0.7923420877880855, "crop_upper": 0.2202921720075449, "scale_upper": 1.6024568190462092, "rotation_probability": 0.11282162492257886, "pad_upper": 0.2634512978634732, "rotation_lower": -14, "crop_lower": 0.09149917757064524, "horizontal_flip": 0.14067114331263064, "rotation_upper": 88, "pad_probability": 0.6853746605123265, "scale_lower": 0.6125078128598975, "pad_lower": 0.06727594309726186, "crop_probability": 0.48393429708667124, "scale_probability": 0.15550950993252532}, "validation_error": 0.8959, "train_accuracy": 0.13837139423076922, "augment": true, "train_history": {"val_acc": [0.097, 0.097, 0.0969, 0.097, 0.097, 0.0973, 0.0973, 0.0974, 0.0981, 0.0976, 0.104, 0.1041], "acc": [0.12176983173076923, 0.12830528846153846, 0.13153545673076922, 0.1296073717948718, 0.12810496794871795, 0.13303786057692307, 0.13481570512820512, 0.1325370592948718, 0.13143529647435898, 0.13068409455128205, 0.1341396233974359, 0.13837139423076922], "val_loss": [2.3218335163116457, 2.4010738220214844, 2.758743332672119, 3.322677669906616, 3.238108762359619, 2.8034187995910647, 3.073697622680664, 3.2674911346435547, 2.7624120445251465, 2.9112094444274903, 2.71247269821167, 2.9910264060974123], "loss": [2.28870328496664, 2.2764533849862905, 2.2722556048478837, 2.271365221494283, 2.27091453396357, 2.2674095775836554, 2.2665272576686664, 2.265732500797663, 2.2670239355319586, 2.265447552387531, 2.2650096110808544, 2.262675568079337]}}