{"train_accuracy": 0.11535957532051282, "configs": {"pad_probability": 0.19142047944899032, "scale_lower": 0.8913443570047477, "pad_upper": 0.29697060009057097, "vertical_flip": 0.8976805613802497, "crop_probability": 0.7968700209382829, "rotation_probability": 0.3393446471289676, "rotation_upper": 94, "pad_lower": 0.0004291553902067591, "rotation_lower": -37, "scale_upper": 1.2935991921810228, "horizontal_flip": 0.764434141395319, "crop_lower": 0.06521131134682845, "scale_probability": 0.6679803079620776, "crop_upper": 0.13128020485732012}, "used_budget": 742.9761202335358, "validation_error": 0.8762, "train_history": {"loss": [2.295051138370465, 2.2901016290371237, 2.2881531379161735, 2.284579445154239, 2.2834838124421926, 2.2841036847004523, 2.2811090617607803, 2.280928848645626, 2.2816997231581273, 2.280014387308023, 2.2799898080336742, 2.278645056944627], "val_loss": [2.4834043003082273, 2.4259775287628176, 2.6991949783325193, 2.8800520557403564, 2.9789774967193603, 2.7923330593109132, 2.6412081504821776, 2.640793901824951, 2.4221804695129396, 3.1277976135253907, 2.770597520446777, 2.5001898944854735], "val_acc": [0.1065, 0.1036, 0.1031, 0.1034, 0.1036, 0.1014, 0.1027, 0.104, 0.1205, 0.1028, 0.1152, 0.1238], "acc": [0.11110276442307693, 0.11843950320512821, 0.11370693108974358, 0.1148838141025641, 0.12041766826923077, 0.11588541666666667, 0.11646133814102565, 0.11881510416666667, 0.11578525641025642, 0.11761318108974358, 0.11831430288461539, 0.11535957532051282]}, "augment": true}