{"validation_error": 0.9018, "augment": true, "train_accuracy": 0.11861478365384616, "train_history": {"acc": [0.1139072516025641, 0.11172876602564102, 0.11518429487179487, 0.12024238782051282, 0.12029246794871795, 0.11608573717948718, 0.11966646634615384, 0.11961638621794872, 0.12217047275641026, 0.12164463141025642, 0.11821414262820513, 0.11861478365384616], "val_loss": [2.6755279502868654, 2.3210240840911864, 2.7340741012573244, 2.3245595401763914, 2.5578662551879883, 2.3387416015625, 2.482062047576904, 2.8673338779449464, 3.181324562835693, 2.5064901588439943, 2.732955532455444, 2.558333037185669], "val_acc": [0.0979, 0.0981, 0.1013, 0.0978, 0.0976, 0.0977, 0.0991, 0.0982, 0.0984, 0.0991, 0.0969, 0.0982], "loss": [2.294999456558472, 2.2904336207952256, 2.2881640104147105, 2.2861882211306157, 2.2847270094431362, 2.2853391751264915, 2.285126893948286, 2.283139027846165, 2.283767905754921, 2.281063370215587, 2.283948439818162, 2.2804087660251517]}, "used_budget": 670.8511612415314, "configs": {"pad_lower": 0.0025342751755499716, "scale_upper": 1.1216735566732063, "rotation_upper": 177, "pad_probability": 0.21031965746540537, "crop_probability": 0.9219841971781668, "crop_lower": 0.055953945303150454, "scale_lower": 0.5179338072281204, "crop_upper": 0.13591725092436055, "vertical_flip": 0.4833250089628238, "pad_upper": 0.15581354620011792, "horizontal_flip": 0.4348942273947014, "rotation_lower": -93, "rotation_probability": 0.2888578236704221, "scale_probability": 0.6239203550681068}}