{"train_accuracy": 0.12292167467948718, "configs": {"rotation_upper": 167, "horizontal_flip": 0.4461076432055707, "crop_lower": 0.09173901823835232, "crop_upper": 0.17712279225340616, "crop_probability": 0.2124991767436314, "pad_lower": 0.06769736143009618, "scale_upper": 1.0239757694417317, "rotation_probability": 0.5619542205821138, "scale_probability": 0.29814925149752647, "pad_upper": 0.253228038809409, "vertical_flip": 0.5026968588463255, "scale_lower": 0.7146465923906151, "pad_probability": 0.49546464611416163, "rotation_lower": -162}, "train_history": {"val_acc": [0.0977, 0.0977, 0.0989, 0.0977, 0.0977, 0.0977, 0.0977, 0.0977, 0.0978, 0.0982, 0.1003, 0.1011], "loss": [2.294418371640719, 2.2888811276509213, 2.2852807534046664, 2.2836203147203493, 2.281914480221577, 2.281124791273704, 2.2806958999389257, 2.2794054578512144, 2.279481583680862, 2.278508190161143, 2.282007925785505, 2.278712743367904], "val_loss": [2.5543842948913573, 2.632314793395996, 2.3620962661743166, 3.568083648300171, 3.508388094329834, 3.430009957122803, 2.9765185241699217, 2.781476800918579, 2.7790159309387206, 3.055017213821411, 2.583407480621338, 2.575058122253418], "acc": [0.11373197115384616, 0.11498397435897435, 0.11909054487179487, 0.1171875, 0.12184495192307693, 0.12234575320512821, 0.12111879006410256, 0.11929086538461539, 0.12249599358974358, 0.12344751602564102, 0.12302183493589744, 0.12292167467948718]}, "used_budget": 752.1695094108582, "validation_error": 0.8989, "augment": true}