{"train_history": {"acc": [0.10396634615384616, 0.10975060096153846, 0.10787259615384616, 0.10919971955128205, 0.1109775641025641, 0.11245492788461539, 0.11415765224358974, 0.11440805288461539, 0.1133563701923077, 0.1146083733974359, 0.11648637820512821, 0.11340645032051282], "loss": [2.3001791727848544, 2.2959214716385574, 2.294658878674874, 2.293828676144282, 2.293392679630182, 2.2915181196652927, 2.291298805903166, 2.2907898066899715, 2.291011999050776, 2.2910368763483486, 2.289911925028532, 2.2888735425777926], "val_acc": [0.0999, 0.0995, 0.0993, 0.0984, 0.0995, 0.0983, 0.096, 0.0994, 0.0991, 0.1008, 0.1011, 0.0985], "val_loss": [2.305509503173828, 3.1499917030334474, 3.093410608673096, 2.7939972843170167, 3.6310645053863526, 4.275432143402099, 3.313697534561157, 3.552192031097412, 3.754460443115234, 2.456943862915039, 2.740897521972656, 5.013446074676514]}, "augment": true, "train_accuracy": 0.11340645032051282, "validation_error": 0.9015, "used_budget": 740.9223449230194, "configs": {"horizontal_flip": 0.7558476304023077, "crop_lower": 0.060562863193956346, "pad_upper": 0.27460887887833263, "rotation_lower": -80, "scale_probability": 0.44863553772006126, "pad_lower": 0.035734335858520205, "rotation_probability": 0.7201896488338437, "scale_lower": 0.8983697021382141, "scale_upper": 1.8917111114883287, "pad_probability": 0.06594999829383419, "vertical_flip": 0.33855126904464916, "crop_probability": 0.9126894625568417, "rotation_upper": 83, "crop_upper": 0.1294690379064203}}