{"used_budget": 743.8395366668701, "augment": true, "train_history": {"acc": [0.10494290865384616, 0.11112780448717949, 0.11227964743589744, 0.11212940705128205, 0.11227964743589744, 0.11212940705128205, 0.11465845352564102, 0.11358173076923077, 0.11588541666666667, 0.11308092948717949, 0.11545973557692307, 0.11455829326923077], "loss": [2.2982414739254193, 2.295435514205541, 2.2921205292909574, 2.290810451293603, 2.2909349554624314, 2.2907155798031735, 2.2885650732578378, 2.2878215320599384, 2.2876486159287968, 2.2884424947775326, 2.28821989435416, 2.2894563652001896], "val_loss": [2.313225410079956, 2.29840669631958, 2.302237188720703, 2.3720957118988037, 2.768526304244995, 2.2971331047058103, 2.3487332717895506, 2.3003881690979004, 2.6673483016967774, 2.3101491718292237, 2.6449253608703613, 2.5677827449798585], "val_acc": [0.0987, 0.1196, 0.1004, 0.1084, 0.0975, 0.1284, 0.0977, 0.1042, 0.0975, 0.1035, 0.0974, 0.0984]}, "configs": {"rotation_upper": 122, "scale_lower": 0.553239485279857, "rotation_lower": -76, "scale_upper": 1.9620067777716816, "crop_probability": 0.310622930002703, "crop_lower": 0.09239470765629333, "scale_probability": 0.03211835637958127, "pad_lower": 0.0703736791383645, "vertical_flip": 0.1974224306090323, "pad_probability": 0.7373840452758038, "rotation_probability": 0.8834249291643778, "horizontal_flip": 0.32815384512498214, "crop_upper": 0.17037066412887522, "pad_upper": 0.28236324397939816}, "validation_error": 0.9016, "train_accuracy": 0.11455829326923077}