{"configs": {"rotation_upper": 44, "rotation_probability": 0.8312387804551964, "crop_upper": 0.20767800922287055, "vertical_flip": 0.4092110818199507, "pad_lower": 0.0989402930091056, "pad_upper": 0.1435577608485512, "horizontal_flip": 0.172825823829309, "crop_lower": 0.05357448637139559, "scale_upper": 1.7368010418278472, "crop_probability": 0.18518538499067816, "rotation_lower": -82, "pad_probability": 0.0779720185377768, "scale_probability": 0.48523921490956246, "scale_lower": 0.6523782264461582}, "train_history": {"val_acc": [0.1027, 0.1087, 0.1038, 0.104, 0.1115, 0.1041, 0.1047, 0.103, 0.1072, 0.1068, 0.1161, 0.1058], "val_loss": [2.4503206176757812, 2.3205929542541504, 2.451427774810791, 2.7443079483032227, 2.454895778656006, 2.634461205291748, 2.683684489440918, 2.702576896286011, 2.7159504524230957, 2.7990398582458496, 2.9105599296569826, 2.5557412063598632], "acc": [0.10837339743589744, 0.11185396634615384, 0.11082732371794872, 0.11075220352564102, 0.11175380608974358, 0.11395733173076923, 0.11503405448717949, 0.11495893429487179, 0.11413261217948718, 0.11490885416666667, 0.11205428685897435, 0.11555989583333333], "loss": [2.298374898922749, 2.2953892732277894, 2.293279012044271, 2.2923743358025184, 2.2913450186069193, 2.2906440847959275, 2.2897285391122866, 2.288355840322299, 2.2889349575226126, 2.2889861112985854, 2.2888145744800568, 2.2882051941676016]}, "validation_error": 0.8942, "used_budget": 754.5655934810638, "augment": true, "train_accuracy": 0.11555989583333333}