{"configs": {"crop_probability": 0.07331866675395049, "pad_probability": 0.2265630370378705, "scale_upper": 1.4871005877505072, "rotation_probability": 0.1175651102473717, "pad_lower": 0.07816021814586627, "horizontal_flip": 0.5971276050475262, "rotation_upper": 122, "pad_upper": 0.24121164476749923, "crop_lower": 0.03984159759320996, "vertical_flip": 0.03553726457916506, "crop_upper": 0.29712905228939546, "rotation_lower": -55, "scale_lower": 0.7603006595379185, "scale_probability": 0.1912583567700632}, "used_budget": 729.6314563751221, "train_accuracy": 0.16486378205128205, "train_history": {"acc": [0.1310596955128205, 0.14791165865384615, 0.14688501602564102, 0.14813701923076922, 0.15031550480769232, 0.15452223557692307, 0.15569911858974358, 0.15404647435897437, 0.15935496794871795, 0.15970552884615385, 0.1648387419871795, 0.16486378205128205], "val_loss": [2.5068091033935547, 2.3433551727294923, 2.5503201469421386, 2.4971207176208496, 2.539212567138672, 2.422084489440918, 2.946882999038696, 2.474527167510986, 2.663562041091919, 2.411707870864868, 2.3268130725860594, 2.499721503829956], "loss": [2.2734921345343957, 2.247919778793286, 2.244895582015698, 2.2419663148048596, 2.234119210487757, 2.2270711255379214, 2.228878297102757, 2.2239629855522742, 2.2146621399965043, 2.215086240034837, 2.207362725948676, 2.2012951358770714], "val_acc": [0.1028, 0.1286, 0.1047, 0.0995, 0.1107, 0.1022, 0.102, 0.114, 0.1182, 0.111, 0.1198, 0.1006]}, "augment": true, "validation_error": 0.8994}