{"train_history": {"val_loss": [2.418452558135986, 2.4420110595703126, 2.5292108253479, 2.49868401222229, 2.4152270252227783, 2.531009815979004, 2.923561795043945, 2.8857960193634034, 2.565456415557861, 2.8218770557403565, 2.412326335144043, 2.303175189971924], "val_acc": [0.0958, 0.0962, 0.0968, 0.0964, 0.0955, 0.0982, 0.0988, 0.0979, 0.0977, 0.0967, 0.0998, 0.1207], "loss": [2.282838780910541, 2.2659330475024686, 2.2609698994037433, 2.25632092051017, 2.2512619380767527, 2.2491874511425314, 2.248934198648502, 2.244713918520854, 2.246748584203231, 2.2456732101929493, 2.241531580686569, 2.2395153725758576], "acc": [0.12552584134615385, 0.13506610576923078, 0.13957331730769232, 0.1437049278846154, 0.1450320512820513, 0.1462840544871795, 0.14448116987179488, 0.1486378205128205, 0.14593349358974358, 0.14685997596153846, 0.1492638221153846, 0.1494140625]}, "validation_error": 0.8793, "augment": true, "configs": {"crop_upper": 0.20971061920960965, "pad_lower": 0.06214220999936371, "scale_probability": 0.03417925344350603, "pad_upper": 0.20323166583112193, "rotation_lower": -158, "pad_probability": 0.13580039270147592, "scale_lower": 0.7512252698014474, "rotation_upper": 125, "crop_probability": 0.6787011773319449, "rotation_probability": 0.02718984971878735, "horizontal_flip": 0.7001482455378415, "crop_lower": 0.02983931821913748, "scale_upper": 1.819199539856308, "vertical_flip": 0.2795228388478923}, "used_budget": 643.4537658691406, "train_accuracy": 0.1494140625}