{"used_budget": 730.6043472290039, "augment": true, "configs": {"scale_probability": 0.032177778990838624, "horizontal_flip": 0.9682851393283252, "crop_upper": 0.2371747303562065, "crop_lower": 0.08600043853454409, "scale_lower": 0.9446126982504622, "crop_probability": 0.3274389825165751, "rotation_probability": 0.3314972185572641, "vertical_flip": 0.8737495208494857, "pad_upper": 0.2051177978109967, "pad_probability": 0.5699856138148995, "pad_lower": 0.03243837345736957, "rotation_lower": -38, "rotation_upper": 88, "scale_upper": 1.7905300898551422}, "train_history": {"loss": [2.285399304750638, 2.2748581499625473, 2.2689132659863205, 2.2686415284107895, 2.261267892825298, 2.263422145293309, 2.2612370993846502, 2.2605870205622454, 2.257308914875373, 2.2569984602622495, 2.256907630425233, 2.2535368547989774], "val_loss": [2.5076578300476076, 2.5850786670684816, 3.0550618186950684, 2.4561814140319824, 2.6650606731414794, 2.708549758148193, 3.2517446319580077, 2.458983809661865, 2.7857737018585205, 2.70783593711853, 3.397379054260254, 2.924705289077759], "val_acc": [0.0977, 0.0962, 0.0965, 0.1012, 0.0987, 0.0971, 0.0968, 0.1025, 0.0972, 0.1005, 0.1007, 0.0998], "acc": [0.11821414262820513, 0.12880608974358973, 0.12993289262820512, 0.13103465544871795, 0.13278745993589744, 0.13529146634615385, 0.13777043269230768, 0.13514122596153846, 0.1378956330128205, 0.13716947115384615, 0.13714443108974358, 0.13962339743589744]}, "train_accuracy": 0.13962339743589744, "validation_error": 0.9002}