{"augment": true, "used_budget": 746.8383433818817, "configs": {"rotation_probability": 0.4372274735401511, "pad_lower": 0.015960363404392577, "crop_probability": 0.4058876799621062, "vertical_flip": 0.665588623276512, "horizontal_flip": 0.21136692759477715, "scale_lower": 0.6227885567914683, "rotation_lower": -106, "pad_upper": 0.27187895156854375, "crop_lower": 0.09821106892468165, "crop_upper": 0.24709436528542725, "scale_probability": 0.5923957915102405, "rotation_upper": 128, "pad_probability": 0.814081699259173, "scale_upper": 1.1660003606665397}, "train_history": {"val_loss": [2.350285652542114, 2.6354987060546873, 2.5060348510742188, 2.8290855167388917, 2.4856121337890626, 3.6978090236663816, 3.0320865036010742, 3.4495562313079833, 2.7799640243530273, 2.589802606964111, 3.4825335235595705, 3.393815574264526], "acc": [0.10727163461538461, 0.11388221153846154, 0.11508413461538461, 0.11550981570512821, 0.11443309294871795, 0.11641125801282051, 0.11783854166666667, 0.11571013621794872, 0.1132061298076923, 0.11470853365384616, 0.1175380608974359, 0.11550981570512821], "loss": [2.2978484554168506, 2.292811175951591, 2.2910840809345245, 2.2903352089417286, 2.2882362756973658, 2.28731551919228, 2.2879458566506705, 2.2882384994091134, 2.287889544016276, 2.2884193521279554, 2.287543927247708, 2.286813355409182], "val_acc": [0.0995, 0.0995, 0.0995, 0.0995, 0.0995, 0.0995, 0.0995, 0.0998, 0.0995, 0.1008, 0.0997, 0.0995]}, "validation_error": 0.9005, "train_accuracy": 0.11550981570512821}