{"train_accuracy": 0.13611778846153846, "augment": true, "used_budget": 734.534866809845, "train_history": {"val_loss": [2.4194584362030027, 3.065942399597168, 2.8374384922027587, 3.2808013374328615, 2.7293416481018067, 3.2756785526275634, 3.116118890762329, 3.199633807373047, 3.7931258674621584, 3.6673348011016844, 2.8915710926055906, 3.140485481643677], "val_acc": [0.1025, 0.1025, 0.1025, 0.1021, 0.1023, 0.1025, 0.1021, 0.1027, 0.1022, 0.1088, 0.1031, 0.1022], "acc": [0.12324719551282051, 0.1316356169871795, 0.12930689102564102, 0.13489082532051283, 0.13444010416666666, 0.13631810897435898, 0.13276241987179488, 0.130859375, 0.13907251602564102, 0.13746995192307693, 0.13969851762820512, 0.13611778846153846], "loss": [2.2803930028890953, 2.270107613924222, 2.266816477745007, 2.261346172827941, 2.260346217797353, 2.258459824017989, 2.259088398554386, 2.2598027609861813, 2.2529919919295187, 2.2522620054391713, 2.251195264168275, 2.2522840920167093]}, "configs": {"crop_lower": 0.0675393170961874, "crop_upper": 0.2345756312538743, "scale_upper": 1.3850849539769088, "rotation_upper": 160, "pad_upper": 0.18880663301593842, "pad_probability": 0.99152681924013, "pad_lower": 0.08920591447133186, "scale_probability": 0.2568843577561323, "rotation_probability": 0.08604417516429153, "crop_probability": 0.06759950509642354, "horizontal_flip": 0.2866217962266604, "vertical_flip": 0.9155571252113812, "scale_lower": 0.6599588378777352, "rotation_lower": -107}, "validation_error": 0.8978}