{"configs": {"pad_upper": 0.27553173223538785, "pad_lower": 0.06172519913797189, "scale_lower": 0.9409192383535269, "crop_probability": 0.7024512721539814, "vertical_flip": 0.5912039201783593, "rotation_probability": 0.3033752233034802, "pad_probability": 0.8041891937072145, "crop_lower": 0.08035854324991577, "scale_probability": 0.8729355755590067, "scale_upper": 1.0093655589238506, "crop_upper": 0.10521865216503679, "rotation_upper": 104, "horizontal_flip": 0.8637067174038751, "rotation_lower": -173}, "augment": true, "train_accuracy": 0.11746294070512821, "used_budget": 681.0137560367584, "train_history": {"loss": [2.297661313643822, 2.292917165236595, 2.291275748075583, 2.2888910800982742, 2.2886012143049483, 2.2890679431267276, 2.287361667706416, 2.2867094851457157, 2.2868258341764793, 2.285163328433648, 2.2862830322522383, 2.2863623713835692], "val_loss": [2.298727574920654, 2.3516237098693846, 2.9842930351257326, 2.3411930419921876, 2.683655430221558, 2.501521314620972, 2.546682406616211, 3.0203392978668213, 2.9810513259887697, 3.4887464431762694, 2.907826403427124, 3.058458200836182], "val_acc": [0.0991, 0.0992, 0.0991, 0.0969, 0.0991, 0.0991, 0.1006, 0.099, 0.1088, 0.0989, 0.0988, 0.0972], "acc": [0.10904947916666667, 0.11400741185897435, 0.10952524038461539, 0.11443309294871795, 0.1136318108974359, 0.11260516826923077, 0.11438301282051282, 0.11448317307692307, 0.11383213141025642, 0.11603565705128205, 0.11793870192307693, 0.11746294070512821]}, "validation_error": 0.9028}