{"augment": true, "used_budget": 679.2701139450073, "train_accuracy": 0.1116786858974359, "configs": {"horizontal_flip": 0.7800921040673522, "pad_lower": 0.07280580810473103, "crop_probability": 0.3721129909390607, "scale_upper": 1.404867034793105, "scale_lower": 0.9213556345982301, "vertical_flip": 0.9458849118457597, "pad_probability": 0.5658058793718345, "rotation_lower": -114, "crop_upper": 0.11460680541576272, "rotation_probability": 0.5946070636834071, "pad_upper": 0.16391217344863987, "scale_probability": 0.7555728623629684, "crop_lower": 0.0009058099299087742, "rotation_upper": 124}, "validation_error": 0.8973, "train_history": {"acc": [0.10909955929487179, 0.11298076923076923, 0.11458333333333333, 0.11478365384615384, 0.11736278044871795, 0.11505909455128205, 0.11190404647435898, 0.11483373397435898, 0.11560997596153846, 0.11588541666666667, 0.11576021634615384, 0.1116786858974359], "val_loss": [2.586557125854492, 2.4316199241638183, 2.597970003890991, 2.444181211090088, 2.97045016708374, 2.5309952774047852, 2.759972472381592, 2.6886988159179688, 2.782389573287964, 2.733985857772827, 2.7553552696228025, 3.039881132888794], "val_acc": [0.1019, 0.104, 0.1019, 0.1022, 0.1019, 0.1058, 0.1026, 0.1023, 0.1068, 0.1024, 0.1022, 0.1027], "loss": [2.2981176483325467, 2.2928146987389297, 2.2914316088725357, 2.288124340466964, 2.2881611776657595, 2.29073115113454, 2.2876868278552323, 2.2872244792106824, 2.2873199864839897, 2.2868978213041258, 2.2868711184232664, 2.286334957831945]}}