{"configs": {"crop_probability": 0.26202574521351707, "pad_upper": 0.2567560044102182, "scale_lower": 0.5146922545869546, "horizontal_flip": 0.8394693344094323, "pad_lower": 0.09094306373391631, "vertical_flip": 0.07920791783769676, "rotation_lower": -90, "pad_probability": 0.24149810804494332, "rotation_probability": 0.09252953335928871, "scale_upper": 1.9908886396637895, "rotation_upper": 63, "crop_upper": 0.19696422422943802, "scale_probability": 0.2523531228674083, "crop_lower": 0.015593160663269379}, "train_history": {"val_acc": [0.1045, 0.1039, 0.1032, 0.1027, 0.1029, 0.1035, 0.1055, 0.1126, 0.1132, 0.1098, 0.1063, 0.1086], "loss": [2.2817082550281134, 2.2631724369831576, 2.254873656309568, 2.2536452970443626, 2.244908776038732, 2.2420000372788844, 2.2439817786216736, 2.2410071927767534, 2.233715758109704, 2.2294341784257155, 2.22936197809684, 2.2267300952703524], "val_loss": [2.4331484645843506, 2.6307790004730225, 2.453391497039795, 2.543048460006714, 2.626503546524048, 2.485189601135254, 2.421288848114014, 2.617263935852051, 2.6655904888153077, 2.680718151855469, 2.750809276199341, 2.8957146247863768], "acc": [0.12858072916666666, 0.13701923076923078, 0.13877203525641027, 0.13969851762820512, 0.14388020833333334, 0.14372996794871795, 0.14215244391025642, 0.14493189102564102, 0.15001502403846154, 0.14998998397435898, 0.15021534455128205, 0.15539863782051283]}, "used_budget": 652.4179103374481, "train_accuracy": 0.15539863782051283, "augment": true, "validation_error": 0.8914}