{"augment": true, "train_history": {"acc": [0.10914963942307693, 0.1162860576923077, 0.11821414262820513, 0.1172626201923077, 0.11535957532051282, 0.1185146233974359, 0.11763822115384616, 0.12009214743589744, 0.11889022435897435, 0.11884014423076923, 0.11701221955128205, 0.12121895032051282], "val_loss": [2.367185671234131, 2.5727545803070067, 2.8454184478759768, 2.6734019958496096, 2.4256606315612794, 2.5720771625518797, 3.1724201541900636, 2.4488536838531494, 2.446992744445801, 3.489495000457764, 2.4822658935546875, 2.4694397064208986], "val_acc": [0.0968, 0.0963, 0.098, 0.0964, 0.0964, 0.0964, 0.0964, 0.1035, 0.1159, 0.0996, 0.107, 0.0971], "loss": [2.2971422435381474, 2.2933031503970804, 2.288663265032646, 2.28754975933295, 2.2884558935960135, 2.2857030041706867, 2.284811487564674, 2.28629545829235, 2.2842854383664255, 2.2842035935475278, 2.2850436018063474, 2.2841283060037174]}, "train_accuracy": 0.12121895032051282, "used_budget": 660.275141954422, "validation_error": 0.9029, "configs": {"crop_probability": 0.8030892896171378, "rotation_lower": -174, "horizontal_flip": 0.44752163330705486, "crop_upper": 0.2217414492006926, "rotation_upper": 43, "rotation_probability": 0.6578115019883859, "pad_probability": 0.37030560841397087, "scale_upper": 1.306341022804327, "crop_lower": 0.05067987838505248, "scale_lower": 0.7027073545490132, "pad_lower": 0.043091903292579475, "scale_probability": 0.03621354641923025, "pad_upper": 0.19181609880860115, "vertical_flip": 0.6663910436572937}}