{"configs": {"horizontal_flip": 0.38429793553396796, "pad_upper": 0.20180084868595283, "pad_probability": 0.6408837405622052, "vertical_flip": 0.719990195910328, "scale_probability": 0.9615570442313157, "crop_upper": 0.11105290952074187, "scale_upper": 1.646637697001149, "scale_lower": 0.9065969448020967, "crop_lower": 0.07638618613544042, "rotation_lower": -123, "pad_lower": 0.0028313933348710907, "rotation_upper": 179, "crop_probability": 0.6565252022741651, "rotation_probability": 0.18238152933586615}, "validation_error": 0.9019, "used_budget": 683.0164225101471, "train_accuracy": 0.11232972756410256, "train_history": {"loss": [2.2999620024974528, 2.296413445319885, 2.2951129239339094, 2.2937813049707656, 2.293868641822766, 2.2917885092588572, 2.294008345176012, 2.291689172005042, 2.2912412805434985, 2.2911576430002847, 2.2912536370448575, 2.2908465571892567], "val_loss": [2.313126638031006, 3.6364159591674805, 2.3953450736999513, 2.7086270431518553, 2.513776067352295, 2.3923079887390135, 2.3238899932861328, 2.4051065086364747, 2.5117079025268554, 2.642240727996826, 3.466559307861328, 2.9897522228240967], "val_acc": [0.0991, 0.0989, 0.0983, 0.0984, 0.0984, 0.0986, 0.0983, 0.0975, 0.0988, 0.0985, 0.0989, 0.0981], "acc": [0.10892427884615384, 0.10727163461538461, 0.10894931891025642, 0.10947516025641026, 0.11067708333333333, 0.11303084935897435, 0.1116786858974359, 0.1122295673076923, 0.10844851762820513, 0.11107772435897435, 0.11162860576923077, 0.11232972756410256]}, "augment": true}