{"train_history": {"val_acc": [0.1009, 0.1014, 0.1075, 0.1007, 0.1004, 0.1008, 0.1104, 0.1013, 0.1375, 0.1171, 0.1016, 0.101], "val_loss": [2.443732856750488, 2.43081833114624, 2.442721827697754, 2.504078638458252, 2.5790005477905273, 2.5275251358032227, 2.5729484786987307, 2.4615781772613525, 2.4813790870666503, 2.4551593795776365, 2.5250915019989013, 2.683400674057007], "acc": [0.12322215544871795, 0.12928185096153846, 0.12933193108974358, 0.12913161057692307, 0.13401442307692307, 0.1335136217948718, 0.1354667467948718, 0.13386418269230768, 0.1346153846153846, 0.13641826923076922, 0.13729467147435898, 0.1370693108974359], "loss": [2.285617092481026, 2.2754340202380448, 2.271933926985814, 2.267875225880207, 2.2624596617160697, 2.2637699788961654, 2.2647184828917184, 2.2605022405966735, 2.260669012864431, 2.2606932734831786, 2.259354232977598, 2.257961459648915]}, "augment": true, "used_budget": 735.626914024353, "configs": {"scale_lower": 0.7978245371707788, "pad_probability": 0.7968968449053839, "rotation_lower": -159, "vertical_flip": 0.6455714904649011, "rotation_upper": 112, "scale_upper": 1.224985616443718, "horizontal_flip": 0.3210030241323405, "crop_probability": 0.26309429411471463, "scale_probability": 0.30423676542216915, "pad_lower": 0.08551233846839258, "crop_lower": 0.015845656680155584, "rotation_probability": 0.0073014444896697395, "crop_upper": 0.2222599637509005, "pad_upper": 0.18509704277891156}, "validation_error": 0.899, "train_accuracy": 0.1370693108974359}