{"train_accuracy": 0.119140625, "configs": {"rotation_probability": 0.5713840597184578, "crop_probability": 0.14182446813756988, "crop_lower": 0.0456175066131349, "pad_lower": 0.012654873273031797, "scale_lower": 0.7324250149699791, "pad_probability": 0.47060002411503654, "pad_upper": 0.22305832921057944, "rotation_lower": -86, "scale_upper": 1.51779733415486, "horizontal_flip": 0.05399134068083611, "rotation_upper": 69, "scale_probability": 0.5525192654581628, "vertical_flip": 0.7051280614588425, "crop_upper": 0.11076498567379418}, "validation_error": 0.8998, "train_history": {"acc": [0.11310596955128205, 0.11155348557692307, 0.11455829326923077, 0.11443309294871795, 0.11393229166666667, 0.11889022435897435, 0.11831430288461539, 0.11969150641025642, 0.12126903044871795, 0.11763822115384616, 0.1211688701923077, 0.119140625], "val_loss": [2.3448488632202147, 2.315566876220703, 2.5339502662658693, 2.489309603881836, 2.6782130504608155, 2.512903054046631, 3.1254322536468506, 2.9854310096740724, 2.430436175918579, 2.537887768173218, 2.7305056858062744, 2.741518364715576], "val_acc": [0.1036, 0.1001, 0.0999, 0.1048, 0.0998, 0.1007, 0.0999, 0.1, 0.1, 0.1002, 0.1002, 0.1002], "loss": [2.2960220781656413, 2.2919586255000186, 2.289982039959003, 2.286355373186943, 2.286407674734409, 2.286014417807261, 2.2838914959858627, 2.2852203379838896, 2.284139328278028, 2.285332358800448, 2.282502992795064, 2.281782792928891]}, "used_budget": 748.7553935050964, "augment": true}