{"augment": true, "train_history": {"loss": [2.294884028343054, 2.2915264475039945, 2.2876683420095687, 2.2870196929344764, 2.286433157248375, 2.2849046931816983, 2.284585368174773, 2.283716068818019, 2.283838525796548, 2.2833404579223733, 2.2820052596238942, 2.2831564583839516], "val_loss": [2.4512297492980957, 2.71097656288147, 2.5866390396118164, 3.0067518390655517, 2.50831063041687, 2.7826417179107668, 3.225475740814209, 2.4996225189208983, 2.6873282508850096, 5.063248387145996, 4.117367352294922, 2.711353565979004], "acc": [0.11120292467948718, 0.1142578125, 0.11696213942307693, 0.11535957532051282, 0.11353165064102565, 0.11545973557692307, 0.11884014423076923, 0.11821414262820513, 0.11919070512820513, 0.11766326121794872, 0.11773838141025642, 0.119140625], "val_acc": [0.0972, 0.1009, 0.1206, 0.0975, 0.098, 0.0976, 0.0976, 0.0979, 0.0975, 0.0975, 0.1075, 0.0966]}, "used_budget": 736.578134059906, "train_accuracy": 0.119140625, "validation_error": 0.9034, "configs": {"rotation_probability": 0.4258453584441626, "pad_upper": 0.2785481316513788, "scale_upper": 1.0526626968390318, "rotation_lower": -71, "vertical_flip": 0.9311938961179863, "scale_lower": 0.7963726137608433, "scale_probability": 0.7557619112694055, "crop_lower": 0.021798216776989968, "pad_lower": 0.07428897739934734, "horizontal_flip": 0.4134654620028222, "pad_probability": 0.4846658045428035, "crop_upper": 0.14895025456824904, "rotation_upper": 43, "crop_probability": 0.4303125011284703}}