{"used_budget": 666.1487975120544, "augment": true, "validation_error": 0.8979, "train_history": {"loss": [2.29870691207739, 2.2958547327762995, 2.293620138596266, 2.294321976411037, 2.2930334141621223, 2.2911506600869007, 2.2926227931792917, 2.289159824450811, 2.291285181656862, 2.2909332475601096, 2.2890093433551297, 2.2896796671243815], "val_loss": [2.350677522277832, 2.3528617813110353, 2.39491033782959, 3.0608625801086426, 2.499893733215332, 2.658258304977417, 3.2400500305175783, 3.3256374961853026, 3.6843662689208982, 2.9580944606781006, 2.9174043975830077, 2.8376328247070313], "acc": [0.10709635416666667, 0.10997596153846154, 0.1119541266025641, 0.1109775641025641, 0.10862379807692307, 0.11345653044871795, 0.11185396634615384, 0.11786358173076923, 0.1132061298076923, 0.11175380608974358, 0.11348157051282051, 0.1143329326923077], "val_acc": [0.1071, 0.1016, 0.102, 0.1017, 0.1018, 0.1018, 0.1017, 0.1017, 0.1017, 0.1017, 0.1016, 0.1021]}, "train_accuracy": 0.1143329326923077, "configs": {"horizontal_flip": 0.9455794876211242, "crop_probability": 0.4936668636900763, "rotation_probability": 0.9239595959264648, "scale_upper": 1.1753024785368396, "crop_upper": 0.2670257879293708, "rotation_upper": 160, "pad_upper": 0.11022162554073722, "pad_lower": 0.08420571942613914, "rotation_lower": -93, "scale_lower": 0.5368012370982529, "crop_lower": 0.01777859574434624, "pad_probability": 0.23143994831413717, "scale_probability": 0.2955125741276845, "vertical_flip": 0.9333977793774745}}