{"validation_error": 0.8962, "train_history": {"val_loss": [2.5281582656860353, 2.3480037837982177, 2.302186036300659, 2.444083794403076, 2.821665969848633, 3.5118037605285646, 2.4360142333984376, 2.7691389694213866, 2.6577880687713624, 2.6238817611694336, 2.448314817047119, 2.8314570598602296], "acc": [0.1073467548076923, 0.11082732371794872, 0.11020132211538461, 0.11225460737179487, 0.10712139423076923, 0.11170372596153846, 0.11157852564102565, 0.11170372596153846, 0.111328125, 0.10912459935897435, 0.10950020032051282, 0.11160356570512821], "val_acc": [0.1027, 0.1027, 0.1151, 0.1028, 0.1028, 0.1027, 0.1032, 0.1025, 0.1023, 0.1036, 0.1026, 0.1038], "loss": [2.3000826170811286, 2.2980875372886658, 2.294938786671712, 2.294632308758222, 2.2950479235404577, 2.293010643659494, 2.2937163634177966, 2.2933286008162375, 2.2925234352931, 2.2923477979806752, 2.29154902161696, 2.291845734302814]}, "configs": {"vertical_flip": 0.29652210590407413, "scale_upper": 1.7821849638812792, "rotation_upper": 1, "crop_probability": 0.40176089830060413, "pad_probability": 0.38716503787933076, "rotation_probability": 0.8670910848617154, "crop_lower": 0.050328094229506085, "horizontal_flip": 0.6147392832871417, "scale_probability": 0.5907332218076592, "rotation_lower": -71, "pad_lower": 0.002025831442827708, "pad_upper": 0.16257632027569996, "crop_upper": 0.10438589606498504, "scale_lower": 0.9107800899196747}, "augment": true, "train_accuracy": 0.11160356570512821, "used_budget": 756.1668469905853}