{"train_history": {"acc": [0.10754707532051282, 0.11508413461538461, 0.11738782051282051, 0.12089342948717949, 0.11924078525641026, 0.12174479166666667, 0.12119391025641026, 0.12014222756410256, 0.1231219951923077, 0.1190655048076923, 0.12014222756410256, 0.12357271634615384], "val_loss": [2.3070281414031983, 2.3150878662109373, 2.7070982555389405, 2.5991842910766603, 2.4864514236450197, 2.4835727233886717, 2.513423705291748, 2.8847316535949705, 2.9767026473999025, 2.699118616104126, 2.7221883152008055, 2.5713332378387452], "val_acc": [0.1078, 0.1008, 0.1005, 0.1005, 0.1001, 0.102, 0.1004, 0.1003, 0.1001, 0.0993, 0.1006, 0.1013], "loss": [2.2955811451642942, 2.2900366569176698, 2.285365187204801, 2.282989658606358, 2.282049915729425, 2.2802905249289975, 2.2819545903267007, 2.2814512642530294, 2.27969169540283, 2.2803799219620533, 2.2815834352603326, 2.278582669221438]}, "configs": {"pad_probability": 0.9588252916827665, "scale_lower": 0.509972657773048, "crop_probability": 0.6738322650350422, "rotation_probability": 0.2402473254441262, "scale_upper": 1.3189817400575516, "vertical_flip": 0.22082647540666678, "pad_lower": 0.03419285270285656, "rotation_upper": 7, "crop_upper": 0.18309222742149833, "horizontal_flip": 0.7906528889465746, "pad_upper": 0.16128302131089273, "rotation_lower": -92, "crop_lower": 0.07428092714386413, "scale_probability": 0.4897130273584044}, "validation_error": 0.8987, "augment": true, "train_accuracy": 0.12357271634615384, "used_budget": 748.4823462963104}