{"train_history": {"val_loss": [2.3254612594604493, 2.4234357860565185, 2.7670328987121584, 2.4199579372406004, 2.366614776611328, 3.4412297607421873, 3.322331206893921, 2.8863575294494628, 2.7072497619628906, 4.32652338180542, 2.654475454711914, 3.678811553192139], "val_acc": [0.0967, 0.0965, 0.0965, 0.0965, 0.0966, 0.0965, 0.0965, 0.0967, 0.1002, 0.0963, 0.0965, 0.0964], "loss": [2.2974181328064356, 2.294878832040689, 2.2939731654448385, 2.292817106613746, 2.292696793874105, 2.289851977274968, 2.2906109935198073, 2.2896690987623654, 2.289128894989307, 2.288675253972029, 2.2901736895243325, 2.2889847044761362], "acc": [0.10907451923076923, 0.11020132211538461, 0.10782251602564102, 0.11288060897435898, 0.1094501201923077, 0.11308092948717949, 0.11142828525641026, 0.11067708333333333, 0.11688701923076923, 0.11643629807692307, 0.11298076923076923, 0.11310596955128205]}, "used_budget": 752.6607904434204, "configs": {"pad_probability": 0.9820195048970596, "pad_upper": 0.15118408164067115, "rotation_probability": 0.6917532651177901, "crop_probability": 0.5541909677162666, "scale_probability": 0.433795106804148, "horizontal_flip": 0.785511954771063, "crop_upper": 0.11396827740442071, "rotation_upper": 107, "rotation_lower": -156, "scale_lower": 0.9213804156934844, "scale_upper": 1.6176901222529003, "crop_lower": 0.05818069857781817, "vertical_flip": 0.37539779891127323, "pad_lower": 0.09050316663152698}, "train_accuracy": 0.11310596955128205, "augment": true, "validation_error": 0.9036}