{"validation_error": 0.9, "used_budget": 753.313711643219, "train_history": {"val_loss": [2.305572348022461, 2.4001318962097167, 2.6982199890136718, 2.8024892387390135, 2.537297003173828, 2.795930136871338, 3.0655353576660156, 3.1162211517333986, 3.471203466796875, 2.546494102859497, 2.7763314308166502, 3.0887506980895996], "val_acc": [0.1005, 0.1001, 0.1005, 0.1005, 0.1003, 0.1004, 0.1005, 0.1004, 0.1001, 0.1, 0.0998, 0.1], "loss": [2.2997627762647777, 2.2959292966585894, 2.2952223320802054, 2.2931572191226177, 2.292048920423557, 2.292804500231376, 2.290280512510202, 2.2907968706045394, 2.290040280574407, 2.2904376807885294, 2.2899076227958384, 2.290649168766462], "acc": [0.10479266826923077, 0.11072716346153846, 0.10982572115384616, 0.11350661057692307, 0.11318108974358974, 0.11325620993589744, 0.11478365384615384, 0.11500901442307693, 0.11560997596153846, 0.11555989583333333, 0.11270532852564102, 0.11318108974358974]}, "augment": true, "configs": {"rotation_probability": 0.7880890163453226, "rotation_upper": 149, "rotation_lower": -153, "pad_probability": 0.7518209836360379, "vertical_flip": 0.3602024877649638, "scale_upper": 1.7097751044919922, "crop_lower": 0.04927210076739746, "pad_upper": 0.15499451166429884, "horizontal_flip": 0.928644278439509, "pad_lower": 0.09479404296434706, "crop_upper": 0.17066769888961628, "scale_lower": 0.6243342725774266, "scale_probability": 0.45964351611498144, "crop_probability": 0.35723019250900356}, "train_accuracy": 0.11318108974358974}