{"validation_error": 0.8907, "train_accuracy": 0.12810496794871795, "configs": {"pad_probability": 0.816845037577193, "scale_lower": 0.6312630439870768, "crop_lower": 0.08259008057212712, "vertical_flip": 0.37546826755870455, "scale_upper": 1.4497831955318659, "crop_upper": 0.10330468476644157, "rotation_upper": 140, "pad_lower": 0.0973573090811517, "rotation_probability": 0.3303479952679105, "pad_upper": 0.14226341142754717, "crop_probability": 0.786613379600619, "horizontal_flip": 0.4633589509776105, "rotation_lower": -97, "scale_probability": 0.044519814462106067}, "used_budget": 651.9262855052948, "train_history": {"loss": [2.290606439877779, 2.2823552794945545, 2.2799992568981953, 2.2754907439916563, 2.2742395997047424, 2.275878527225592, 2.2759572634330163, 2.272105804620645, 2.2733310644443216, 2.2733958600423274, 2.271698168455026, 2.2710356697058067], "val_acc": [0.0986, 0.0986, 0.0987, 0.0988, 0.0985, 0.0987, 0.0996, 0.0995, 0.0973, 0.0972, 0.1088, 0.1093], "acc": [0.11480869391025642, 0.12061798878205128, 0.12194511217948718, 0.12510016025641027, 0.13123497596153846, 0.12878104967948717, 0.1261768830128205, 0.12815504807692307, 0.12970753205128205, 0.1266025641025641, 0.12602664262820512, 0.12810496794871795], "val_loss": [2.3146421264648436, 2.4501021003723142, 2.393436753463745, 2.367042567062378, 2.673378921508789, 2.390241707611084, 2.2968205963134767, 2.409990299987793, 2.546863933944702, 2.8021395877838136, 2.3439004123687743, 2.4322330364227294]}, "augment": true}