{"used_budget": 764.7413296699524, "augment": true, "train_accuracy": 0.10556891025641026, "train_history": {"loss": [2.3010196662866154, 2.300710612382644, 2.300081347043698, 2.2988659968742957, 2.2994026862657986, 2.298788988437408, 2.298659013632016, 2.2993040734376664, 2.2983631835534024, 2.29857132373712, 2.297422705552517, 2.2982181937266617], "val_acc": [0.0981, 0.1606, 0.0981, 0.0957, 0.0981, 0.0981, 0.0982, 0.0981, 0.0982, 0.0981, 0.101, 0.0981], "acc": [0.10183794070512821, 0.10544370993589744, 0.10546875, 0.10722155448717949, 0.10401642628205128, 0.10672075320512821, 0.10727163461538461, 0.10291466346153846, 0.10401642628205128, 0.10336538461538461, 0.10960036057692307, 0.10556891025641026], "val_loss": [2.334547525024414, 2.2936463218688963, 3.292785957336426, 2.335137313079834, 2.558357962036133, 3.187758275985718, 2.8282541965484618, 3.2847897064208986, 3.0621614639282226, 2.7503259365081787, 2.404432382583618, 3.8506169006347655]}, "configs": {"rotation_probability": 0.878273240071248, "rotation_upper": 165, "horizontal_flip": 0.4188210992099184, "vertical_flip": 0.7390269842123218, "scale_probability": 0.9907180447596797, "scale_upper": 1.259675918271396, "pad_probability": 0.6198314754358, "rotation_lower": -35, "crop_upper": 0.2777797058273368, "crop_probability": 0.7247022226845383, "pad_lower": 0.07300402714358824, "pad_upper": 0.27983999074667876, "scale_lower": 0.7916775330607602, "crop_lower": 0.08746953650490798}, "validation_error": 0.9019}