{"validation_error": 0.9021, "augment": true, "used_budget": 740.7368900775909, "train_history": {"val_acc": [0.095, 0.0955, 0.0948, 0.0949, 0.0953, 0.095, 0.0949, 0.0951, 0.0948, 0.104, 0.1026, 0.0979], "acc": [0.11348157051282051, 0.11671173878205128, 0.11798878205128205, 0.11748798076923077, 0.11966646634615384, 0.12222055288461539, 0.12259615384615384, 0.12327223557692307, 0.12217047275641026, 0.12517528044871795, 0.12382311698717949, 0.12272135416666667], "loss": [2.293855361449413, 2.288392343582251, 2.284219103745925, 2.2812222249996967, 2.279297425196721, 2.2778041439178662, 2.277148676988406, 2.2786629788386517, 2.277338921259611, 2.2741106916696596, 2.2757832346818385, 2.2752874417182727], "val_loss": [2.6829016525268554, 2.3812251106262208, 2.317282064437866, 2.9141468601226808, 2.3437039710998535, 2.4070576770782472, 3.0404075553894043, 2.7878666809082033, 2.815397995376587, 2.405208030700684, 2.3916551223754885, 2.928370838165283]}, "configs": {"pad_upper": 0.1607979720274496, "rotation_lower": -144, "vertical_flip": 0.7483172760262196, "crop_probability": 0.1188374740404563, "scale_upper": 1.9866106370211496, "scale_lower": 0.9222255164146136, "rotation_upper": 41, "rotation_probability": 0.6385733725968785, "pad_probability": 0.5902802355340624, "horizontal_flip": 0.8061946587942198, "pad_lower": 0.057931122935142056, "scale_probability": 0.1246523094050076, "crop_upper": 0.23198525304123668, "crop_lower": 0.038910054254891996}, "train_accuracy": 0.12272135416666667}