{"validation_error": 0.9001, "used_budget": 694.9948289394379, "train_accuracy": 0.11423277243589744, "train_history": {"val_loss": [2.333517676925659, 2.3963447078704836, 2.6529998153686525, 3.273770376586914, 2.847474203109741, 2.888806537246704, 2.4905691116333006, 2.526912003326416, 3.0920439125061034, 3.697379517364502, 2.5113715785980224, 4.506802354431152], "loss": [2.2991588031634307, 2.2955900766910653, 2.2933892202682986, 2.2918586547558126, 2.2929745583962173, 2.2924015636627493, 2.290696158623084, 2.290801989726531, 2.290429955873734, 2.2896958398513303, 2.288625711049789, 2.288471384690358], "acc": [0.10712139423076923, 0.1087489983974359, 0.11150340544871795, 0.11270532852564102, 0.11120292467948718, 0.11040164262820513, 0.11278044871794872, 0.11090244391025642, 0.11117788461538461, 0.11380709134615384, 0.11205428685897435, 0.11423277243589744], "val_acc": [0.1002, 0.1, 0.1006, 0.1001, 0.1001, 0.0948, 0.0967, 0.096, 0.1078, 0.0972, 0.0908, 0.0999]}, "configs": {"crop_upper": 0.10027786472235567, "crop_probability": 0.1456319386777446, "scale_upper": 1.2499856077455158, "scale_lower": 0.88192577982325, "rotation_probability": 0.6577505077455308, "rotation_lower": -58, "pad_lower": 0.0038769811546519265, "pad_probability": 0.8316811805856523, "horizontal_flip": 0.2004105624983581, "vertical_flip": 0.3706918795053815, "rotation_upper": 50, "scale_probability": 0.8900019522145469, "pad_upper": 0.2290879349425983, "crop_lower": 0.029542770656993612}, "augment": true}