{"used_budget": 744.2092554569244, "validation_error": 0.8953, "train_history": {"val_loss": [2.3101449939727785, 2.4406625495910643, 2.32081202545166, 2.3841234008789063, 2.535632078552246, 2.6286665687561035, 2.382592098236084, 2.7053686878204344, 2.953308676147461, 2.870020191192627, 2.891138585281372, 2.6794026092529295], "val_acc": [0.1014, 0.1014, 0.1029, 0.1018, 0.1014, 0.1015, 0.1018, 0.1012, 0.1021, 0.102, 0.1014, 0.1047], "loss": [2.298632105191549, 2.2954498743399596, 2.292940623485125, 2.290350841406064, 2.2921395110778318, 2.289234405144667, 2.2872602267143054, 2.288659778160927, 2.2876434196264315, 2.2878683232344112, 2.287163263712174, 2.2880297051026273], "acc": [0.10627003205128205, 0.11245492788461539, 0.11170372596153846, 0.11651141826923077, 0.11581029647435898, 0.1182391826923077, 0.11631109775641026, 0.11638621794871795, 0.11611077724358974, 0.11833934294871795, 0.11856470352564102, 0.11763822115384616]}, "train_accuracy": 0.11763822115384616, "augment": true, "configs": {"scale_probability": 0.15986966811094327, "vertical_flip": 0.34837915088260696, "pad_lower": 0.002019697317234248, "pad_probability": 0.9552388109870407, "rotation_upper": 173, "pad_upper": 0.1928889196322583, "scale_upper": 1.5679910305128832, "scale_lower": 0.8695177416689924, "rotation_lower": -139, "crop_probability": 0.5021670737143141, "rotation_probability": 0.7650931464395428, "crop_upper": 0.21327760913255212, "horizontal_flip": 0.0038982144163991483, "crop_lower": 0.038099379853539866}}