{"used_budget": 681.2301623821259, "validation_error": 0.8914, "train_history": {"val_loss": [2.5453932598114015, 2.9810322326660157, 2.364363342666626, 2.5990392456054687, 2.3847576766967773, 2.7045461097717287, 2.498820223236084, 2.4158239433288573, 2.6789724983215333, 3.21490625, 2.426804889678955, 2.6170354480743407], "val_acc": [0.1009, 0.101, 0.1023, 0.1009, 0.101, 0.1008, 0.1011, 0.1026, 0.1013, 0.1006, 0.1002, 0.1086], "loss": [2.296590444369194, 2.292863125984485, 2.2927162119975457, 2.2893053117470865, 2.2886275480955076, 2.288451774762227, 2.288099761192615, 2.2864812329793587, 2.2855600729966774, 2.2881618310243654, 2.2861998104132137, 2.285413755820348], "acc": [0.10812299679487179, 0.11483373397435898, 0.11445813301282051, 0.11783854166666667, 0.11395733173076923, 0.11202924679487179, 0.11395733173076923, 0.11520933493589744, 0.11681189903846154, 0.11102764423076923, 0.11360677083333333, 0.11510917467948718]}, "augment": true, "configs": {"pad_lower": 0.09587990342897583, "scale_upper": 1.8587387825899193, "scale_probability": 0.5273549469609441, "crop_probability": 0.9626719140279438, "horizontal_flip": 0.4813014594995483, "rotation_probability": 0.3821406291935846, "crop_upper": 0.17556207700485904, "pad_upper": 0.14338035565706314, "rotation_lower": -8, "crop_lower": 0.02549194554394162, "rotation_upper": 15, "pad_probability": 0.8535576878876028, "scale_lower": 0.8003672778997912, "vertical_flip": 0.6610989587926291}, "train_accuracy": 0.11510917467948718}