{"augment": true, "configs": {"rotation_probability": 0.43977288362810696, "scale_lower": 0.5374871167762958, "vertical_flip": 0.7258041197240511, "horizontal_flip": 0.9622401329553637, "crop_probability": 0.08145746457725667, "rotation_lower": -144, "rotation_upper": 105, "scale_probability": 0.6365529350249484, "scale_upper": 1.3310486304644975, "crop_upper": 0.2783200766959788, "crop_lower": 0.06541421235664692, "pad_lower": 0.07062451180303006, "pad_upper": 0.24900490066624878, "pad_probability": 0.757927917748429}, "train_accuracy": 0.11934094551282051, "train_history": {"val_acc": [0.0975, 0.0975, 0.0975, 0.0975, 0.0975, 0.0975, 0.0975, 0.0975, 0.0975, 0.0975, 0.0975, 0.0976], "val_loss": [2.3633035285949706, 2.389293215942383, 2.7884070358276367, 3.0638378845214844, 2.6642624340057375, 2.49403699760437, 2.8110916439056397, 2.653816510772705, 2.9429090454101563, 2.684785804748535, 2.742943967819214, 3.115140432357788], "loss": [2.2963761503879843, 2.2910804947217307, 2.290645434306218, 2.289598366388908, 2.290117574043763, 2.2863564498913593, 2.2857085183644905, 2.2865574726691613, 2.285510243513645, 2.2840948341748653, 2.285067318341671, 2.2851008581809507], "acc": [0.10899939903846154, 0.11503405448717949, 0.11172876602564102, 0.1168369391025641, 0.11288060897435898, 0.11798878205128205, 0.11956630608974358, 0.11884014423076923, 0.11525941506410256, 0.1175380608974359, 0.11716245993589744, 0.11934094551282051]}, "validation_error": 0.9024, "used_budget": 675.423020362854}