{"used_budget": 771.9779603481293, "validation_error": 0.9003, "configs": {"crop_upper": 0.19634266739200845, "rotation_lower": -89, "vertical_flip": 0.940085393541804, "pad_upper": 0.23862363468691541, "crop_lower": 0.0962922880601616, "scale_upper": 1.0917085222847902, "scale_lower": 0.5832958774201329, "rotation_probability": 0.6741482688461536, "crop_probability": 0.8699474788474492, "pad_probability": 0.5989550523171828, "rotation_upper": 112, "pad_lower": 0.04576334362099099, "horizontal_flip": 0.8447161103130739, "scale_probability": 0.9582799565246715}, "train_accuracy": 0.10957532051282051, "train_history": {"acc": [0.10404146634615384, 0.1064453125, 0.10601963141025642, 0.10827323717948718, 0.10869891826923077, 0.10519330929487179, 0.10629507211538461, 0.11095252403846154, 0.10752203525641026, 0.11007612179487179, 0.10692107371794872, 0.10957532051282051], "loss": [2.299453827051016, 2.297680458961389, 2.2965015982970214, 2.29585052606387, 2.295335027651909, 2.295869372594051, 2.294008556084755, 2.2939936893108563, 2.2943279338188662, 2.2928395691590433, 2.2938840694916554, 2.294190982213387], "val_loss": [2.300339540863037, 2.3202074378967286, 2.313440421295166, 2.6467930843353273, 2.6048648597717285, 2.3602884307861327, 2.7441363750457763, 2.503138084411621, 2.5133090816497803, 3.184602938079834, 3.733647302246094, 2.8509729446411134], "val_acc": [0.0993, 0.1008, 0.0956, 0.0992, 0.0993, 0.0991, 0.0991, 0.0998, 0.0993, 0.0991, 0.0991, 0.0997]}, "augment": true}