{"train_history": {"loss": [2.2970576049425664, 2.2945947226805563, 2.2922835518152285, 2.289990639075255, 2.2909055122962365, 2.289238812831732, 2.288413270925864, 2.289048982736392, 2.288352132607729, 2.287781312679633, 2.286869145356692, 2.2871071650431705], "val_acc": [0.1106, 0.1008, 0.0985, 0.1023, 0.1078, 0.0994, 0.101, 0.0935, 0.1075, 0.0984, 0.0928, 0.0995], "val_loss": [2.3062524085998537, 2.3003741592407225, 2.3728503997802735, 2.3732140594482423, 2.6235137115478517, 2.720296102142334, 4.621336059570313, 3.16397018699646, 3.1709574337005617, 2.7254378242492674, 3.2415332283020017, 2.3668313621520998], "acc": [0.10629507211538461, 0.10919971955128205, 0.11007612179487179, 0.11330629006410256, 0.11115284455128205, 0.11255508814102565, 0.11077724358974358, 0.11315604967948718, 0.11305588942307693, 0.1119541266025641, 0.11197916666666667, 0.11673677884615384]}, "validation_error": 0.9005, "configs": {"rotation_probability": 0.033652128886810906, "rotation_lower": 0, "crop_upper": 0.14689560895106657, "crop_lower": 0.055322336219498607, "scale_lower": 0.9493470100207926, "pad_probability": 0.881844490462736, "scale_upper": 1.8920377040542755, "horizontal_flip": 0.9224803946121962, "pad_upper": 0.16103464921472474, "crop_probability": 0.26584443456064644, "scale_probability": 0.8821889662226565, "rotation_upper": 83, "pad_lower": 0.03326461198061519, "vertical_flip": 0.2039321897536911}, "augment": true, "train_accuracy": 0.11673677884615384, "used_budget": 739.3981804847717}