{"augment": true, "validation_error": 0.897, "train_accuracy": 0.11245492788461539, "configs": {"scale_lower": 0.7096025138762407, "scale_upper": 1.1916480462507693, "vertical_flip": 0.9825331675414235, "pad_probability": 0.271968643281457, "rotation_lower": -179, "crop_lower": 0.03368781110008761, "pad_upper": 0.11284677628792449, "scale_probability": 0.6778869352723425, "crop_upper": 0.1328526970545993, "pad_lower": 0.029963112379892267, "horizontal_flip": 0.6015300094824966, "rotation_upper": 124, "rotation_probability": 0.9551913181967523, "crop_probability": 0.010325217562932365}, "used_budget": 682.1116461753845, "train_history": {"val_acc": [0.1031, 0.1031, 0.1031, 0.1031, 0.1046, 0.1052, 0.103, 0.1037, 0.1206, 0.1041, 0.1031, 0.103], "loss": [2.2991199646240625, 2.295408165607697, 2.294024556111067, 2.292000719369986, 2.2924664440827494, 2.2910750890389466, 2.2904916986441, 2.2925648161998162, 2.2907758492689867, 2.291269886188018, 2.2891915822640443, 2.2906938393910727], "acc": [0.10662059294871795, 0.10975060096153846, 0.10619491185897435, 0.11420773237179487, 0.11127804487179487, 0.11085236378205128, 0.11358173076923077, 0.11333133012820513, 0.11155348557692307, 0.11115284455128205, 0.1162860576923077, 0.11245492788461539], "val_loss": [2.452635220336914, 2.296981468963623, 2.819667698669434, 2.511421228790283, 2.407908039855957, 2.51667061958313, 2.4550360229492187, 2.901768480300903, 2.3408572692871092, 2.626692306518555, 2.791368228149414, 2.8525395568847656]}}