{"train_history": {"loss": [2.2901647954415054, 2.2859336848442373, 2.2822927786753726, 2.28123449973571, 2.279562241755999, 2.2786458944663024, 2.2781648444823728, 2.2763747779222636, 2.2769090808354893, 2.2763877488099613, 2.273753666724914, 2.2744675744802523], "acc": [0.11553485576923077, 0.11891526442307693, 0.12051782852564102, 0.12382311698717949, 0.12192007211538461, 0.12044270833333333, 0.12344751602564102, 0.12327223557692307, 0.1236728766025641, 0.12179487179487179, 0.12239583333333333, 0.12479967948717949], "val_acc": [0.105, 0.0994, 0.0993, 0.1099, 0.0998, 0.0993, 0.0993, 0.0996, 0.1003, 0.1009, 0.1, 0.0992], "val_loss": [2.3009859504699706, 2.444843510055542, 3.1535373695373536, 2.422128243637085, 2.8337622215270994, 3.110846061706543, 2.9556583038330078, 3.46247649230957, 2.6313748233795167, 2.557554635620117, 3.038544160079956, 3.194073374176025]}, "augment": true, "used_budget": 670.819207906723, "validation_error": 0.9008, "train_accuracy": 0.12479967948717949, "configs": {"pad_probability": 0.7175312600130005, "pad_lower": 0.07195778027602841, "scale_upper": 1.717466456724229, "scale_lower": 0.8026667385313442, "crop_upper": 0.14695123754586564, "crop_lower": 0.010296688853311687, "vertical_flip": 0.9251519520023704, "horizontal_flip": 0.6617331628562125, "scale_probability": 0.40382667794782556, "rotation_upper": 55, "rotation_lower": -29, "rotation_probability": 0.22756226421676296, "pad_upper": 0.17470059236662622, "crop_probability": 0.9998150039757383}}