{"configs": {"scale_lower": 0.9360351650251304, "scale_probability": 0.12258354855832121, "pad_lower": 0.0450674956297735, "pad_probability": 0.6113923611848147, "vertical_flip": 0.5260968371006499, "scale_upper": 1.7171296959785067, "horizontal_flip": 0.6896660769362379, "crop_upper": 0.10021135691170523, "rotation_probability": 0.22350202939084796, "crop_probability": 0.3244634177318966, "pad_upper": 0.24351467655643277, "crop_lower": 0.04650157887030259, "rotation_lower": -146, "rotation_upper": 136}, "validation_error": 0.8983, "train_history": {"val_acc": [0.1016, 0.1014, 0.1034, 0.1014, 0.1013, 0.1013, 0.1018, 0.1147, 0.1027, 0.1026, 0.1011, 0.1017], "loss": [2.288898303722724, 2.276916972337625, 2.2717015857879934, 2.268551678229601, 2.266069873021199, 2.2641589572796454, 2.2638906867076187, 2.262622440472627, 2.265650676611142, 2.261520581367688, 2.261570189243708, 2.2575154839417872], "val_loss": [2.3650571655273436, 2.93819460105896, 2.465319329833984, 3.0708198398590087, 2.481813079071045, 3.435157236480713, 2.7807645141601562, 2.2969276847839355, 2.5593257904052735, 2.491880123901367, 2.8485143272399904, 2.6710717109680178], "acc": [0.12069310897435898, 0.125, 0.12712840544871795, 0.12948217147435898, 0.12990785256410256, 0.13474058493589744, 0.13566706730769232, 0.13586738782051283, 0.13115985576923078, 0.1342898637820513, 0.13333834134615385, 0.13681891025641027]}, "train_accuracy": 0.13681891025641027, "augment": true, "used_budget": 721.3684811592102}