{"augment": true, "train_history": {"acc": [0.10526842948717949, 0.10792267628205128, 0.10822315705128205, 0.10754707532051282, 0.10872395833333333, 0.10571915064102565, 0.10889923878205128, 0.10977564102564102, 0.10884915865384616, 0.10942508012820513, 0.10889923878205128, 0.11057692307692307], "val_acc": [0.0988, 0.0988, 0.1008, 0.0989, 0.0985, 0.0987, 0.0987, 0.098, 0.0987, 0.0858, 0.0986, 0.0987], "loss": [2.3000719409722548, 2.2978538213632045, 2.2967453002929688, 2.2973138919243445, 2.2958287589060955, 2.295130185591869, 2.2946494084138136, 2.295281101495792, 2.294071843226751, 2.2939323217440872, 2.294295168075806, 2.2946276725866857], "val_loss": [2.3739681854248045, 2.5040504219055175, 2.301668655395508, 2.399506059265137, 2.5060389030456545, 2.4378071495056153, 2.8114471603393554, 2.560687296295166, 2.884261136627197, 2.510965213394165, 3.5765627059936524, 3.1187271114349366]}, "used_budget": 678.2065055370331, "train_accuracy": 0.11057692307692307, "validation_error": 0.9013, "configs": {"rotation_lower": -149, "scale_probability": 0.8904188764294414, "pad_lower": 0.001934927963306199, "rotation_probability": 0.5305254345558996, "crop_lower": 0.08682200668420338, "crop_upper": 0.22838505636483536, "scale_lower": 0.6650372639900158, "rotation_upper": 153, "crop_probability": 0.14131277314695734, "vertical_flip": 0.516134093995726, "scale_upper": 1.8643948678014914, "pad_upper": 0.2985556839164404, "pad_probability": 0.455983294495487, "horizontal_flip": 0.6210165392331456}}