{"train_accuracy": 0.11245492788461539, "validation_error": 0.8978, "used_budget": 682.5745701789856, "augment": true, "configs": {"crop_upper": 0.10515446242938227, "crop_probability": 0.907364665166519, "pad_upper": 0.12072715707687341, "scale_lower": 0.8012378587948027, "rotation_probability": 0.7652218167027918, "pad_lower": 0.08574441316896109, "scale_probability": 0.2268957920776251, "vertical_flip": 0.40610983495652897, "scale_upper": 1.325888954426449, "pad_probability": 0.8282872510545436, "horizontal_flip": 0.14988752871008726, "rotation_lower": -97, "rotation_upper": 72, "crop_lower": 0.07171109907682172}, "train_history": {"loss": [2.297141500008412, 2.2933209981673803, 2.2920487561287026, 2.2906891107559204, 2.2900737692148256, 2.288307371811989, 2.2883094281722336, 2.288047426022016, 2.288202485977075, 2.2877414188323875, 2.287431614521222, 2.2869825959205627], "acc": [0.10727163461538461, 0.11197916666666667, 0.111328125, 0.11147836538461539, 0.11480869391025642, 0.11593549679487179, 0.11353165064102565, 0.11533453525641026, 0.11373197115384616, 0.11528445512820513, 0.111328125, 0.11245492788461539], "val_acc": [0.1025, 0.1026, 0.1088, 0.1024, 0.103, 0.1024, 0.1025, 0.1023, 0.1029, 0.1025, 0.1036, 0.1022], "val_loss": [3.23336354637146, 2.322190008544922, 2.376570839691162, 2.821064631652832, 2.440363114929199, 3.66130591506958, 2.7092026180267332, 3.2058724575042725, 3.708171913146973, 2.5485797916412354, 2.408245947265625, 2.6649454643249513]}}