{"validation_error": 0.9005, "train_accuracy": 0.11721254006410256, "augment": true, "used_budget": 664.158567905426, "configs": {"rotation_lower": -96, "horizontal_flip": 0.8466592765824593, "scale_upper": 1.2371966297175598, "vertical_flip": 0.496403180768219, "scale_lower": 0.6745551556147427, "pad_probability": 0.8620165516385347, "crop_probability": 0.969910185923968, "rotation_probability": 0.45979251029662227, "rotation_upper": 85, "crop_upper": 0.2961987982167826, "scale_probability": 0.0840365096877349, "pad_upper": 0.15425165137211344, "crop_lower": 0.04006855651217274, "pad_lower": 0.036852511755610474}, "train_history": {"val_loss": [2.335703423690796, 2.3835585746765138, 2.312130475997925, 3.15602494430542, 2.8534449684143066, 2.399885527801514, 2.5750696647644045, 2.3720933269500732, 2.899395532989502, 2.8943046611785888, 3.160086058807373, 2.7826807056427003], "loss": [2.298253977145904, 2.293212186067532, 2.291240306236805, 2.292414924273124, 2.287779917319616, 2.28974580229857, 2.289773002648965, 2.2867433849053507, 2.285285921433033, 2.2862068842618894, 2.2872388385809383, 2.2876527576874466], "val_acc": [0.1016, 0.102, 0.1046, 0.1017, 0.1017, 0.1015, 0.1015, 0.0939, 0.1013, 0.1018, 0.1016, 0.0995], "acc": [0.10852363782051282, 0.11653645833333333, 0.11581029647435898, 0.1123046875, 0.1155849358974359, 0.1155849358974359, 0.11626101762820513, 0.11508413461538461, 0.12049278846153846, 0.11713741987179487, 0.11999198717948718, 0.11721254006410256]}}