{"train_history": {"acc": [0.10556891025641026, 0.11550981570512821, 0.12056790865384616, 0.12292167467948718, 0.1226963141025641, 0.11876502403846154, 0.12129407051282051, 0.12387319711538461, 0.12247095352564102, 0.12259615384615384, 0.11841446314102565, 0.12537560096153846], "val_loss": [2.320233377456665, 2.36405368347168, 2.409151119232178, 3.951930989074707, 3.459936162185669, 2.428905298614502, 2.9973311599731445, 2.591428329849243, 3.0142727157592772, 3.1098118843078613, 2.8418164558410646, 2.5838826915740967], "val_acc": [0.1031, 0.0997, 0.0995, 0.0997, 0.0995, 0.1002, 0.0996, 0.1039, 0.0999, 0.0995, 0.1003, 0.101], "loss": [2.2971825294005566, 2.29100377819477, 2.2874846038145895, 2.285374417518958, 2.284048983683953, 2.284794955681532, 2.2823921625430765, 2.28015969426204, 2.281060973803202, 2.277354713433828, 2.2799232372870812, 2.2784832693063297]}, "augment": true, "validation_error": 0.899, "used_budget": 726.3630549907684, "configs": {"scale_lower": 0.5707881785042539, "rotation_upper": 122, "scale_probability": 0.2512375217497149, "rotation_lower": -131, "pad_probability": 0.06389372617347366, "horizontal_flip": 0.8834233882213394, "vertical_flip": 0.564821953202928, "crop_upper": 0.22603967768442815, "crop_lower": 0.0636086696359835, "pad_upper": 0.22717696723609074, "pad_lower": 0.06370010147731162, "crop_probability": 0.6823157902853904, "scale_upper": 1.7495948026893355, "rotation_probability": 0.48438688650746486}, "train_accuracy": 0.12537560096153846}