{"used_budget": 742.6118912696838, "augment": true, "validation_error": 0.8988, "configs": {"vertical_flip": 0.7043335953077796, "scale_lower": 0.8947424367145703, "scale_upper": 1.8818228291695211, "rotation_probability": 0.6062915936222648, "crop_upper": 0.25193452623801843, "pad_lower": 0.03831409691631493, "crop_probability": 0.010660330751261715, "scale_probability": 0.014714921141670834, "pad_upper": 0.13653280723576056, "rotation_lower": -108, "horizontal_flip": 0.8849248766673788, "rotation_upper": 143, "pad_probability": 0.7401205911010273, "crop_lower": 0.06634983065157528}, "train_history": {"val_acc": [0.1068, 0.1011, 0.1008, 0.1009, 0.1008, 0.1017, 0.1021, 0.1014, 0.1026, 0.1004, 0.1003, 0.1012], "loss": [2.291708278350341, 2.282518904942733, 2.2774748565294805, 2.2748946715623903, 2.2742905425719724, 2.2732614080111184, 2.2742509719653006, 2.2738999754954605, 2.271284111035176, 2.2709910036661687, 2.2702546394788303, 2.2671226545786247], "acc": [0.11768830128205128, 0.12449919871794872, 0.1240985576923077, 0.12687800480769232, 0.12780448717948717, 0.12825520833333334, 0.1262520032051282, 0.12655248397435898, 0.12915665064102563, 0.13401442307692307, 0.12963241185897437, 0.12975761217948717], "val_loss": [2.338206418609619, 2.3132139419555666, 2.507546014404297, 2.361375584411621, 2.575548587036133, 2.5400503116607664, 2.469238214111328, 2.856006388092041, 2.5156010665893556, 2.6783842067718506, 2.95644900932312, 2.8002617401123047]}, "train_accuracy": 0.12975761217948717}