{"train_accuracy": 0.11984174679487179, "used_budget": 736.3970584869385, "augment": true, "validation_error": 0.9022, "train_history": {"acc": [0.1139072516025641, 0.11578525641025642, 0.11853966346153846, 0.11668669871794872, 0.11663661858974358, 0.11979166666666667, 0.12061798878205128, 0.12474959935897435, 0.12282151442307693, 0.12750400641025642, 0.11969150641025642, 0.11984174679487179], "val_acc": [0.0988, 0.0983, 0.0982, 0.0992, 0.0981, 0.0982, 0.0982, 0.0983, 0.0979, 0.0983, 0.0982, 0.0978], "val_loss": [2.423850904083252, 2.4501536277770994, 3.8300045600891113, 2.3575616523742675, 2.7958871658325197, 3.2796358535766603, 2.967854049682617, 2.6869393440246583, 3.014688888549805, 3.3607087829589846, 3.9920309577941895, 3.0026378467559813], "loss": [2.29607538993542, 2.2886079335824037, 2.286895093245384, 2.2841785741158023, 2.28571802454117, 2.2805529748782134, 2.2811232064014826, 2.280340294043223, 2.279783009718626, 2.2790349951157203, 2.2806514776670017, 2.2800511756004433]}, "configs": {"pad_upper": 0.2556156510543428, "pad_probability": 0.13001398951781606, "scale_lower": 0.9747723445640909, "rotation_upper": 64, "scale_upper": 1.1860460426437154, "crop_lower": 0.01627802831417189, "crop_upper": 0.14030159769147355, "rotation_lower": -129, "rotation_probability": 0.6165632759859357, "pad_lower": 0.016316631332006473, "crop_probability": 0.6517715756294944, "vertical_flip": 0.19818654773282918, "horizontal_flip": 0.9808591350732888, "scale_probability": 0.3697190063448008}}