{"validation_error": 0.8971, "train_accuracy": 0.11638621794871795, "train_history": {"loss": [2.2950816383728614, 2.2898531678395395, 2.288430583018523, 2.2863985131948423, 2.2860638285294557, 2.285864608410077, 2.2854525981805263, 2.282493858001171, 2.284555592598059, 2.2840132315953574, 2.2842925175642357, 2.282421588133543], "val_acc": [0.1037, 0.1036, 0.1036, 0.1035, 0.1037, 0.1047, 0.1036, 0.1035, 0.1035, 0.1035, 0.1036, 0.1029], "val_loss": [2.3075202011108398, 2.7427270790100096, 2.416566144180298, 2.378146766281128, 3.959313199996948, 2.3544728885650636, 3.1721729202270508, 4.225558483505249, 2.6282027046203615, 3.076276035308838, 4.363162068939209, 3.0904443881988524], "acc": [0.10892427884615384, 0.11263020833333333, 0.11365685096153846, 0.11325620993589744, 0.11671173878205128, 0.11540965544871795, 0.11626101762820513, 0.1180889423076923, 0.11631109775641026, 0.11703725961538461, 0.11666165865384616, 0.11638621794871795]}, "configs": {"crop_probability": 0.4074578825624491, "scale_lower": 0.6730833353572705, "horizontal_flip": 0.9220153784709494, "pad_lower": 0.02352403947605122, "rotation_lower": -34, "pad_upper": 0.2375273666138378, "scale_probability": 0.24587719363356253, "rotation_upper": 18, "crop_lower": 0.012947111989619587, "pad_probability": 0.7691297367551904, "crop_upper": 0.1156524834854546, "scale_upper": 1.4086479317603757, "rotation_probability": 0.9641270746920989, "vertical_flip": 0.9916248464027793}, "used_budget": 754.1688132286072, "augment": true}