{"validation_error": 0.8995, "train_history": {"acc": [0.11723758012820513, 0.12129407051282051, 0.12309695512820513, 0.12327223557692307, 0.1240985576923077, 0.11954126602564102, 0.12166967147435898, 0.1240234375, 0.12272135416666667, 0.12580128205128205, 0.12522536057692307, 0.12469951923076923], "val_loss": [2.3032508533477785, 2.3498586082458495, 2.4277980262756347, 2.5052779823303224, 2.58995853767395, 2.6699298156738283, 2.9200996673583983, 2.537531132507324, 3.3131676536560057, 3.4725071029663086, 2.9911413681030274, 2.7858818752288816], "loss": [2.287747565752421, 2.2811479553198204, 2.2803536493044634, 2.2767193500812235, 2.277452058517016, 2.2779424641376886, 2.2768382338377147, 2.274845223396252, 2.274632061139131, 2.2725371099435367, 2.2723961839309106, 2.2691905276897626], "val_acc": [0.1016, 0.1022, 0.1013, 0.103, 0.1032, 0.1017, 0.1018, 0.1038, 0.1023, 0.1021, 0.1017, 0.1005]}, "used_budget": 743.8618695735931, "configs": {"pad_upper": 0.19286651969562685, "pad_lower": 0.03162333533973527, "scale_upper": 1.1586882640661775, "scale_probability": 0.2363882245613712, "scale_lower": 0.7848192866094161, "pad_probability": 0.8469007339365888, "crop_lower": 0.08451626090073755, "vertical_flip": 0.9904098180894648, "rotation_probability": 0.563186881847706, "crop_upper": 0.19741025406024043, "rotation_lower": -130, "rotation_upper": 49, "crop_probability": 0.03768477807498938, "horizontal_flip": 0.6512458974214262}, "train_accuracy": 0.12469951923076923, "augment": true}