{"used_budget": 672.4104399681091, "train_accuracy": 0.11758814102564102, "augment": true, "configs": {"scale_lower": 0.7581697003760065, "vertical_flip": 0.6773033584155957, "crop_probability": 0.9679128165730446, "rotation_lower": -118, "horizontal_flip": 0.14963604360925786, "rotation_upper": 150, "scale_upper": 1.7279870413830225, "crop_lower": 0.028750135337191386, "pad_probability": 0.46417185553012297, "pad_upper": 0.10901622629024094, "pad_lower": 0.08965150348945992, "rotation_probability": 0.7523065131387777, "crop_upper": 0.18702800550686355, "scale_probability": 0.032913736449726616}, "validation_error": 0.9021, "train_history": {"val_loss": [2.404724319458008, 2.5544034896850585, 2.66358710975647, 2.577830739593506, 2.9042631881713867, 2.3801623439788817, 2.400603323364258, 2.484363681793213, 3.4733986213684083, 2.5051384750366212, 4.271914181137085, 2.8174261421203615], "acc": [0.10912459935897435, 0.11353165064102565, 0.11510917467948718, 0.11420773237179487, 0.11904046474358974, 0.1172626201923077, 0.11708733974358974, 0.11791366185897435, 0.11430789262820513, 0.11728766025641026, 0.11773838141025642, 0.11758814102564102], "val_acc": [0.0982, 0.098, 0.0979, 0.0983, 0.0991, 0.0968, 0.0973, 0.0945, 0.0976, 0.0973, 0.0979, 0.0979], "loss": [2.297928652702234, 2.2918597948856845, 2.2897184040301886, 2.289873489966759, 2.2879462524866447, 2.287444376792663, 2.2863386877072163, 2.288068417555247, 2.28688075985664, 2.284842015076906, 2.2837976759824996, 2.284842611887516]}}