{"train_history": {"val_acc": [0.1025, 0.1024, 0.1026, 0.1051, 0.1031, 0.1077, 0.1036, 0.1077, 0.1042, 0.1032, 0.1144, 0.104], "loss": [2.286130455059883, 2.2741799415686192, 2.2706597722493687, 2.265466400446036, 2.2639851035215917, 2.2633862548913712, 2.2601105196353717, 2.2600716826243277, 2.260460913945467, 2.260133268741461, 2.258864945326096, 2.2571484591716375], "acc": [0.12109375, 0.1275791266025641, 0.1313351362179487, 0.13373898237179488, 0.13799579326923078, 0.13641826923076922, 0.1355418669871795, 0.13696915064102563, 0.13614282852564102, 0.1349659455128205, 0.13346354166666666, 0.13564202724358973], "val_loss": [2.4386216064453126, 3.2688378147125245, 2.8908829177856443, 2.472665929412842, 2.3590959121704103, 2.4375857467651367, 3.093234227371216, 2.7791545696258546, 2.5338965816497803, 2.5488368587493895, 3.0149321098327637, 2.888580532073975]}, "configs": {"rotation_upper": 158, "pad_upper": 0.17371920969386062, "scale_probability": 0.20052955970037833, "scale_lower": 0.9442920942502344, "scale_upper": 1.0949482127648382, "horizontal_flip": 0.49045438868154356, "crop_lower": 0.03051640802234743, "crop_upper": 0.2219755058337875, "vertical_flip": 0.28775300162861983, "rotation_probability": 0.14904189842872517, "pad_probability": 0.7497059417174765, "crop_probability": 0.15652210294711677, "pad_lower": 0.04268236450078199, "rotation_lower": -110}, "augment": true, "used_budget": 726.1475510597229, "validation_error": 0.896, "train_accuracy": 0.13564202724358973}