{"configs": {"pad_lower": 0.035660457422453266, "rotation_probability": 0.7142648243371764, "rotation_lower": -28, "crop_probability": 0.9669239739612783, "scale_lower": 0.5111729994989997, "pad_probability": 0.4192392481244177, "scale_upper": 1.9454458088368587, "pad_upper": 0.20754800928250372, "scale_probability": 0.8579191858868154, "rotation_upper": 71, "crop_upper": 0.19178279569656265, "horizontal_flip": 0.7411726381824185, "crop_lower": 0.048435340041077225, "vertical_flip": 0.8066458854126655}, "train_accuracy": 0.10992588141025642, "validation_error": 0.8996, "train_history": {"val_acc": [0.1043, 0.0941, 0.0936, 0.0968, 0.1001, 0.0952, 0.0977, 0.1066, 0.0942, 0.0958, 0.1015, 0.1004], "val_loss": [2.582956491470337, 2.5070655685424805, 2.369567378997803, 2.3726123931884766, 2.399711600112915, 2.917715027999878, 3.302403440093994, 4.212012258911133, 4.512603325653076, 3.8315100337982178, 3.5151405235290527, 2.5510242446899416], "loss": [2.3011055428248186, 2.299957341872729, 2.299343086970158, 2.2985213421858273, 2.298297316600115, 2.298057956573291, 2.2966826382355814, 2.297179491091997, 2.2966259740866146, 2.296976685523987, 2.2971773124658146, 2.296422603802803], "acc": [0.10356570512820513, 0.10186298076923077, 0.10424178685897435, 0.10521834935897435, 0.10329026442307693, 0.10699619391025642, 0.10521834935897435, 0.10812299679487179, 0.10769731570512821, 0.10574419070512821, 0.10747195512820513, 0.10992588141025642]}, "augment": true, "used_budget": 756.6208245754242}