{"validation_error": 0.8855, "used_budget": 657.2051227092743, "configs": {"scale_lower": 0.8922259506430572, "pad_upper": 0.1575541963754058, "rotation_upper": 26, "crop_lower": 0.08005076412116593, "vertical_flip": 0.18933344450688416, "pad_probability": 0.07624825287491122, "pad_lower": 0.011014194241638398, "scale_upper": 1.9792175652308428, "rotation_lower": -91, "crop_upper": 0.20912966256951543, "crop_probability": 0.02187607549195525, "scale_probability": 0.07255635332204913, "horizontal_flip": 0.36627442535490984, "rotation_probability": 0.40443588755023663}, "train_accuracy": 0.15266927083333334, "augment": true, "train_history": {"loss": [2.2805641820797553, 2.2623859628652916, 2.257517304175939, 2.2551324711396146, 2.248282158221954, 2.243601218248025, 2.2408944429495397, 2.240166797851905, 2.2345217282955465, 2.233103700173207, 2.2289141852122087, 2.2233776175058804], "val_loss": [2.300678594970703, 2.4564975162506104, 2.430972430419922, 2.3855396408081053, 2.7128626976013184, 2.6245761947631836, 2.6328869876861574, 2.669490841293335, 2.497062003326416, 2.6662322410583497, 2.754910591506958, 2.7096496341705323], "val_acc": [0.1021, 0.101, 0.101, 0.1045, 0.0999, 0.1041, 0.1041, 0.1116, 0.1097, 0.1107, 0.1047, 0.1145], "acc": [0.12434895833333333, 0.13739483173076922, 0.13897235576923078, 0.14029947916666666, 0.14493189102564102, 0.1443309294871795, 0.14678485576923078, 0.1457832532051282, 0.14971454326923078, 0.15051582532051283, 0.15231870993589744, 0.15266927083333334]}}