{"validation_error": 0.901, "augment": true, "train_accuracy": 0.12399839743589744, "train_history": {"val_loss": [2.361400238800049, 2.692276439666748, 2.476492546081543, 2.503742470550537, 2.5965680137634277, 2.413210018157959, 2.353493406677246, 2.527128827285767, 2.52585189743042, 2.3581071708679198, 2.5333404228210448, 2.780865325164795], "val_acc": [0.0986, 0.0986, 0.0988, 0.1058, 0.0988, 0.0995, 0.1073, 0.1015, 0.1001, 0.1125, 0.099, 0.099], "loss": [2.293927162885666, 2.2884836365015078, 2.2858376663464766, 2.2836243556096005, 2.2827713825763802, 2.280539400302447, 2.282736834807274, 2.279610798909114, 2.28083570034076, 2.280890321120238, 2.278526606468054, 2.2764178109474673], "acc": [0.11197916666666667, 0.11868990384615384, 0.1197666266025641, 0.1231219951923077, 0.12219551282051282, 0.12507512019230768, 0.11796374198717949, 0.12076822916666667, 0.12264623397435898, 0.12104366987179487, 0.12076822916666667, 0.12399839743589744]}, "used_budget": 745.1332750320435, "configs": {"scale_upper": 1.2517375318958406, "rotation_lower": -156, "crop_lower": 0.06879648472102445, "crop_upper": 0.16195741901892663, "scale_probability": 0.6048997782096232, "rotation_upper": 175, "pad_probability": 0.00982428854214723, "horizontal_flip": 0.5508207109318779, "scale_lower": 0.5451923324124374, "vertical_flip": 0.2580294143452935, "pad_upper": 0.1560496592883575, "pad_lower": 0.052392377070894294, "crop_probability": 0.6820130381469114, "rotation_probability": 0.2974947289476837}}