{"validation_error": 0.8972, "used_budget": 764.8229265213013, "augment": true, "train_history": {"val_loss": [2.395138960266113, 2.960752590942383, 2.3656819892883303, 3.8581300228118898, 2.356701943206787, 2.5033961479187012, 2.81631716003418, 2.89866661529541, 2.797437755584717, 2.2966516750335693, 2.360004978942871, 2.5533588752746583], "loss": [2.300106568214221, 2.2981437964317126, 2.297174489650971, 2.2968158905322733, 2.2970232390440426, 2.2938805428835063, 2.2955326560216074, 2.295282536592239, 2.294350788379327, 2.29519061706005, 2.294392235003985, 2.2935943603515625], "val_acc": [0.1021, 0.1021, 0.1026, 0.1021, 0.1005, 0.1, 0.1028, 0.1026, 0.1028, 0.1174, 0.1022, 0.1028], "acc": [0.10466746794871795, 0.10667067307692307, 0.10970052083333333, 0.11095252403846154, 0.11030148237179487, 0.1126552483974359, 0.10852363782051282, 0.1087489983974359, 0.1080478766025641, 0.10947516025641026, 0.11050180288461539, 0.11030148237179487]}, "train_accuracy": 0.11030148237179487, "configs": {"crop_upper": 0.21037162852064825, "crop_lower": 0.07274717157142464, "pad_probability": 0.708688125934052, "rotation_probability": 0.732442890554712, "rotation_lower": -104, "scale_lower": 0.6183035277138895, "crop_probability": 0.4912500067601556, "pad_lower": 0.07110697858857964, "scale_upper": 1.769840974437682, "rotation_upper": 175, "horizontal_flip": 0.8093594225257836, "vertical_flip": 0.17415876932866237, "scale_probability": 0.7014245571027719, "pad_upper": 0.11058541939885597}}