{"train_accuracy": 0.12605168269230768, "used_budget": 800.1141624450684, "validation_error": 0.898, "train_history": {"val_loss": [2.2996592643737794, 2.4414338123321535, 2.5031664993286133, 3.5950000301361085, 2.8240406532287596, 2.3286487434387206, 2.684196987533569, 2.4863399835586546, 2.5833655586242674, 3.0875679569244383, 2.780543409729004, 2.3311086181640626], "val_acc": [0.1035, 0.0939, 0.0937, 0.0938, 0.0945, 0.098, 0.0944, 0.0957, 0.0996, 0.0938, 0.0963, 0.102], "acc": [0.11909054487179487, 0.12134415064102565, 0.12217047275641026, 0.12377303685897435, 0.12650240384615385, 0.1262520032051282, 0.12795472756410256, 0.12605168269230768, 0.1282802483974359, 0.12717848557692307, 0.12532552083333334, 0.12605168269230768], "loss": [2.2901582756103616, 2.2806965013345084, 2.2798896309656973, 2.279218533100226, 2.276070025486824, 2.273507351294542, 2.2725316843925376, 2.2719587698960915, 2.272536140985978, 2.2743085210139933, 2.271771030548291, 2.271754204462736]}, "configs": {"scale_lower": 0.6693251949734755, "crop_lower": 0.019440933924418202, "crop_upper": 0.28549662091871597, "crop_probability": 0.029292415447497167, "pad_probability": 0.8196085423514079, "rotation_lower": -163, "horizontal_flip": 0.5771176283562288, "pad_upper": 0.28262731192318086, "pad_lower": 0.0007987422753758634, "vertical_flip": 0.752622744015978, "rotation_upper": 88, "scale_upper": 1.123437639471181, "rotation_probability": 0.16553232377057625, "scale_probability": 0.4891429665287832}, "augment": true}