{"augment": true, "train_history": {"val_loss": [2.5984160411834716, 2.328827389526367, 2.843513815307617, 2.5295449977874758, 2.993417868041992, 2.5375631969451904, 3.0891997203826906, 2.9607319877624514, 2.8578429321289063, 3.116384621810913, 4.605117221069336, 4.2468189544677735], "loss": [2.3001448741325965, 2.2987730556573625, 2.298173242654556, 2.297357929058564, 2.296022932498883, 2.2966865530380836, 2.2965377874863453, 2.2952884840659604, 2.295676827430725, 2.29580181149336, 2.2954857173638468, 2.29596648307947], "val_acc": [0.0973, 0.0973, 0.0973, 0.0971, 0.0971, 0.0973, 0.0967, 0.0972, 0.097, 0.0969, 0.0973, 0.0972], "acc": [0.10466746794871795, 0.10924979967948718, 0.10584435096153846, 0.10561899038461539, 0.10912459935897435, 0.10917467948717949, 0.10536858974358974, 0.10784755608974358, 0.10737179487179487, 0.10924979967948718, 0.11007612179487179, 0.10779747596153846]}, "train_accuracy": 0.10779747596153846, "used_budget": 697.9930672645569, "validation_error": 0.9028, "configs": {"crop_probability": 0.755188336952785, "pad_probability": 0.7929544503680969, "crop_upper": 0.28678692594525934, "rotation_probability": 0.5145255940288462, "vertical_flip": 0.5164483911503652, "rotation_lower": -117, "scale_upper": 1.0653086698831578, "pad_lower": 0.005184128467597349, "rotation_upper": 143, "horizontal_flip": 0.0742403166470672, "scale_probability": 0.9879004922075982, "crop_lower": 0.09412695294400975, "pad_upper": 0.14018994128436732, "scale_lower": 0.6474576243335618}}