{"configs": {"crop_lower": 0.08648025643406679, "vertical_flip": 0.29148612543334884, "horizontal_flip": 0.06810530964823047, "rotation_lower": -78, "scale_upper": 1.6960035654104997, "rotation_probability": 0.7861916949733961, "pad_lower": 0.08284108155919907, "scale_lower": 0.9171117940767783, "rotation_upper": 92, "scale_probability": 0.5961333017233921, "pad_probability": 0.15028709900359905, "pad_upper": 0.11514199481534695, "crop_upper": 0.14496406362904038, "crop_probability": 0.0493526074820162}, "validation_error": 0.8964, "train_accuracy": 0.11763822115384616, "train_history": {"acc": [0.10639523237179487, 0.11253004807692307, 0.11225460737179487, 0.11232972756410256, 0.10884915865384616, 0.11393229166666667, 0.11355669070512821, 0.10950020032051282, 0.11378205128205128, 0.11513421474358974, 0.1171875, 0.11763822115384616], "val_acc": [0.1041, 0.1041, 0.1041, 0.1041, 0.1029, 0.1042, 0.1042, 0.1047, 0.104, 0.1028, 0.1042, 0.1036], "val_loss": [2.346916495513916, 2.4280123809814453, 3.1626317207336427, 2.848303214645386, 2.7806367877960203, 2.404172743988037, 2.736436423110962, 2.4315624839782717, 2.5622576175689695, 2.8392890670776367, 2.7466365234375, 2.799099680328369], "loss": [2.299549707999596, 2.2967130969732237, 2.2928073757734055, 2.2923700427397704, 2.2925785451363296, 2.290063189390378, 2.288986420020079, 2.2910536252535305, 2.2898061206707587, 2.2876391869324904, 2.2883948737230058, 2.2877465792191334]}, "used_budget": 737.8757705688477, "augment": true}