{"configs": {"crop_probability": 0.935760889603985, "rotation_probability": 0.7468625074236214, "crop_upper": 0.12381710964207147, "scale_probability": 0.6755514707123725, "scale_upper": 1.0626196078028842, "pad_upper": 0.11479890718720079, "scale_lower": 0.9634322555695648, "pad_lower": 0.07151463749745739, "crop_lower": 0.07985582137996006, "rotation_lower": -25, "vertical_flip": 0.9624249683177956, "rotation_upper": 131, "pad_probability": 0.675026531269982, "horizontal_flip": 0.8556281113282116}, "validation_error": 0.9022, "augment": true, "train_history": {"loss": [2.2976530553438725, 2.294938876078679, 2.294184006941624, 2.2938753305337367, 2.2915471012775717, 2.2908327610064774, 2.292085649875494, 2.2904180395297513, 2.2887246371843877, 2.2891037578766165, 2.289041221141815, 2.289860584032841], "acc": [0.1065204326923077, 0.10589443108974358, 0.10852363782051282, 0.10990084134615384, 0.11280548878205128, 0.10934995993589744, 0.10849859775641026, 0.10899939903846154, 0.11308092948717949, 0.11050180288461539, 0.11192908653846154, 0.10827323717948718], "val_loss": [2.4000302238464357, 2.348833099365234, 2.3350006599426267, 2.755478150177002, 2.540332213973999, 2.5329178703308104, 2.882568211364746, 2.554552654647827, 3.2076840450286865, 2.867082265853882, 3.0464992431640625, 2.709182290649414], "val_acc": [0.0963, 0.0915, 0.0994, 0.0962, 0.0997, 0.0972, 0.1081, 0.097, 0.0965, 0.0963, 0.0963, 0.0978]}, "used_budget": 692.600563287735, "train_accuracy": 0.10827323717948718}