{"used_budget": 773.3105959892273, "train_accuracy": 0.10674579326923077, "augment": true, "train_history": {"acc": [0.10293970352564102, 0.10551883012820513, 0.10303986378205128, 0.10306490384615384, 0.10361578525641026, 0.10226362179487179, 0.10479266826923077, 0.10789763621794872, 0.10521834935897435, 0.10682091346153846, 0.10431690705128205, 0.10674579326923077], "val_acc": [0.1022, 0.1033, 0.1001, 0.089, 0.103, 0.107, 0.1259, 0.1067, 0.1014, 0.1031, 0.111, 0.1366], "loss": [2.300124176037617, 2.2990776766569185, 2.2999011354568677, 2.299146728637891, 2.2996765894767566, 2.298875181338726, 2.298360521212602, 2.2985408497162356, 2.2991322714548845, 2.297969646178759, 2.2982917787172856, 2.299161393672992], "val_loss": [2.3017452129364013, 2.298145333862305, 2.3075635345458982, 2.301251715087891, 2.325445809173584, 2.3017496177673338, 2.3056496116638185, 2.431087767410278, 2.6196542453765868, 2.6175390243530274, 2.2984912521362304, 2.2873690826416015]}, "configs": {"pad_lower": 0.03984633860011361, "scale_lower": 0.8699713623458563, "scale_probability": 0.8901887229523735, "scale_upper": 1.5554782529041844, "rotation_probability": 0.9137131476584273, "crop_upper": 0.2988248915697475, "vertical_flip": 0.1452849110119725, "horizontal_flip": 0.1035958541248021, "rotation_upper": 61, "pad_upper": 0.16343935594730669, "pad_probability": 0.9335599116912963, "crop_probability": 0.6411879123096003, "rotation_lower": -147, "crop_lower": 0.04353280185079222}, "validation_error": 0.8634}