{"train_history": {"acc": [0.11450821314102565, 0.12432391826923077, 0.12204527243589744, 0.12274639423076923, 0.12567608173076922, 0.12454927884615384, 0.12507512019230768, 0.12712840544871795, 0.12705328525641027, 0.12913161057692307, 0.12752904647435898, 0.12785456730769232], "val_acc": [0.0989, 0.0989, 0.0989, 0.099, 0.0996, 0.1003, 0.1002, 0.1108, 0.1001, 0.0999, 0.1007, 0.1096], "loss": [2.2925878511025357, 2.2840681167749257, 2.280471247740281, 2.2808122589037967, 2.277078474179292, 2.276260945277336, 2.276446922467305, 2.2741147103982096, 2.2743919017987375, 2.2711770129509463, 2.2722753385702767, 2.270552777327024], "val_loss": [2.670564309692383, 2.7212199615478516, 2.7929435779571534, 2.960859493255615, 2.4904971336364747, 2.6059560062408447, 3.2108242950439454, 2.6189281021118163, 2.9509372386932373, 3.650650619506836, 3.3041935974121093, 2.636478782272339]}, "augment": true, "used_budget": 667.7650957107544, "configs": {"rotation_probability": 0.6018365681575764, "rotation_lower": -66, "pad_upper": 0.15427729033267623, "crop_probability": 0.22748404131640487, "vertical_flip": 0.3890724669096157, "scale_upper": 1.168598639666515, "crop_upper": 0.15342510210602928, "crop_lower": 0.07027496308167508, "pad_probability": 0.15778886224900157, "pad_lower": 0.09102039235220409, "horizontal_flip": 0.8357888464600519, "scale_lower": 0.9189296278932786, "rotation_upper": 168, "scale_probability": 0.24738350815751775}, "train_accuracy": 0.12785456730769232, "validation_error": 0.8904}