{"validation_error": 0.9005, "train_accuracy": 0.11190404647435898, "configs": {"vertical_flip": 0.5632524559763507, "rotation_lower": -132, "scale_probability": 0.5435769161334474, "scale_upper": 1.8527504878686596, "crop_lower": 0.04491686127895237, "scale_lower": 0.6479906775047348, "rotation_probability": 0.7847812170620878, "crop_probability": 0.392498284238873, "pad_upper": 0.19158319662613882, "rotation_upper": 160, "pad_lower": 0.04216282282327243, "horizontal_flip": 0.458097752272562, "crop_upper": 0.26027370841436104, "pad_probability": 0.8503070095409886}, "train_history": {"val_loss": [2.3282916564941405, 2.512843397521973, 2.7449646926879883, 2.7923324356079102, 2.7730914569854734, 4.17217459487915, 2.694923127746582, 2.3811470542907713, 3.6456107376098634, 3.2875516586303712, 4.010464203262329, 3.2281482036590576], "loss": [2.3006088871222277, 2.298121072542973, 2.2960655116117916, 2.294835157883473, 2.294767970458055, 2.294443964958191, 2.29344464188967, 2.2945514825674205, 2.29371668665837, 2.294599254161884, 2.2923048711740055, 2.292759794455308], "val_acc": [0.1003, 0.099, 0.0991, 0.0995, 0.0991, 0.0991, 0.0992, 0.1005, 0.0992, 0.0992, 0.0991, 0.0995], "acc": [0.10444210737179487, 0.10827323717948718, 0.11080228365384616, 0.10879907852564102, 0.11147836538461539, 0.10970052083333333, 0.10862379807692307, 0.10812299679487179, 0.1080478766025641, 0.10985076121794872, 0.11120292467948718, 0.11190404647435898]}, "augment": true, "used_budget": 757.477956533432}