{"used_budget": 655.3221483230591, "train_history": {"acc": [0.12179487179487179, 0.12858072916666666, 0.1281300080128205, 0.13138521634615385, 0.13604266826923078, 0.13519130608974358, 0.1381961137820513, 0.1342898637820513, 0.1362429887820513, 0.13529146634615385, 0.1416015625, 0.14170172275641027], "val_loss": [2.3379080741882325, 2.848949285888672, 2.6900152267456057, 2.4600713554382323, 3.0775164478302, 2.676909242248535, 2.94060082321167, 2.7334844993591307, 2.7901710819244383, 2.3026228046417234, 2.3761437088012696, 2.817235663604736], "val_acc": [0.103, 0.0989, 0.099, 0.1008, 0.1011, 0.1073, 0.0997, 0.1045, 0.1018, 0.1336, 0.1074, 0.1007], "loss": [2.288415524439934, 2.275602984886903, 2.2722866588678117, 2.270521496350949, 2.2606455301627135, 2.2624588027978554, 2.259389136082087, 2.2583279533263965, 2.2558048650240288, 2.25714065019901, 2.251287714793132, 2.250938844986451]}, "augment": true, "configs": {"scale_probability": 0.008748916754459879, "crop_probability": 0.3515113212880886, "scale_lower": 0.5774456970207118, "scale_upper": 1.0226596021913363, "crop_upper": 0.25991255105929545, "pad_probability": 0.06161952252192027, "pad_upper": 0.27162199426296585, "rotation_lower": -66, "pad_lower": 0.0088608926662903, "crop_lower": 0.07809438518455214, "rotation_probability": 0.4977089660606725, "vertical_flip": 0.8059888650090563, "horizontal_flip": 0.04221984634558318, "rotation_upper": 57}, "train_accuracy": 0.14170172275641027, "validation_error": 0.8993}