{"validation_error": 0.904, "used_budget": 670.562846660614, "train_history": {"acc": [0.10481770833333333, 0.10872395833333333, 0.10909955929487179, 0.10802283653846154, 0.11030148237179487, 0.11227964743589744, 0.11105268429487179, 0.11190404647435898, 0.11180388621794872, 0.11197916666666667, 0.11273036858974358, 0.1123798076923077], "val_loss": [2.3161338306427, 2.6744273178100584, 2.547826682662964, 3.03820260887146, 2.331616549682617, 2.6256950885772703, 3.9527119342803956, 2.3957622871398927, 3.126011652755737, 3.149411449813843, 2.606784097290039, 2.604402917098999], "loss": [2.2998135708845577, 2.2968250688834067, 2.2948740033003, 2.2938844362894693, 2.2925572968446293, 2.292309672404558, 2.291779732856995, 2.2911811501551895, 2.291292892816739, 2.291588477599315, 2.2889196330156083, 2.2912461146330223], "val_acc": [0.1028, 0.1028, 0.1028, 0.1029, 0.1234, 0.1018, 0.0977, 0.1027, 0.0922, 0.0969, 0.0969, 0.096]}, "augment": true, "configs": {"pad_upper": 0.1270422488920174, "horizontal_flip": 0.20852921763904864, "crop_upper": 0.1643367141173658, "rotation_upper": 33, "crop_probability": 0.21078449489145468, "vertical_flip": 0.6129132750037616, "pad_probability": 0.09680449010841341, "scale_probability": 0.8131708526796978, "crop_lower": 0.0160932695217497, "scale_upper": 1.8934846207485914, "scale_lower": 0.9299737710104186, "rotation_lower": -97, "pad_lower": 0.015516983048133193, "rotation_probability": 0.476412297780586}, "train_accuracy": 0.1123798076923077}