{"validation_error": 0.8973, "train_accuracy": 0.11260516826923077, "train_history": {"val_loss": [2.787821589279175, 2.584871334075928, 2.3178414848327638, 2.867510124206543, 3.485736938095093, 2.9391530223846436, 2.73323550491333, 2.9663935607910155, 2.733903343963623, 2.5053830799102785, 3.1800960472106934, 3.272069647979736], "loss": [2.298500654789118, 2.29498868340101, 2.2938546744676738, 2.294197361438702, 2.292560656101276, 2.291857583400531, 2.2932239732681174, 2.291457495628259, 2.2925843542967086, 2.290879128070978, 2.291242187603926, 2.290668087892043], "val_acc": [0.1011, 0.1011, 0.1027, 0.1015, 0.1012, 0.1026, 0.1014, 0.101, 0.1079, 0.1144, 0.114, 0.1027], "acc": [0.10732171474358974, 0.11022636217948718, 0.11090244391025642, 0.10817307692307693, 0.10934995993589744, 0.10837339743589744, 0.1109775641025641, 0.10990084134615384, 0.11127804487179487, 0.11190404647435898, 0.11345653044871795, 0.11260516826923077]}, "configs": {"crop_probability": 0.6129669041272161, "crop_lower": 0.052336321676592024, "rotation_upper": 109, "pad_lower": 0.059574793497766454, "horizontal_flip": 0.7177316144904516, "crop_upper": 0.29777183723045636, "rotation_lower": -143, "pad_upper": 0.22609953369510552, "scale_upper": 1.6571126103853522, "vertical_flip": 0.07787023413264127, "rotation_probability": 0.3646968655210917, "scale_lower": 0.7293007882216886, "scale_probability": 0.7525214035097193, "pad_probability": 0.6779073421401486}, "augment": true, "used_budget": 675.6945877075195}