{"train_accuracy": 0.11130308493589744, "validation_error": 0.9023, "configs": {"crop_lower": 0.03150299083804166, "scale_probability": 0.8641097898708351, "pad_upper": 0.2474856162120982, "scale_lower": 0.9575924916624101, "crop_probability": 0.6918323136767985, "horizontal_flip": 0.8639585235390038, "scale_upper": 1.201523167250676, "pad_lower": 0.049805945094512666, "crop_upper": 0.19625847137881144, "rotation_upper": 83, "rotation_lower": -177, "vertical_flip": 0.6793693958525803, "rotation_probability": 0.6310324536893771, "pad_probability": 0.43165951823730686}, "augment": true, "train_history": {"val_loss": [2.4898993827819824, 2.6500906845092773, 2.7387980251312256, 2.778799453353882, 2.382421608352661, 2.5833979072570803, 2.3462774768829346, 2.3297269744873046, 2.4782594188690186, 2.4338479820251466, 3.8666187408447263, 2.44879700050354], "val_acc": [0.0981, 0.0981, 0.0981, 0.1003, 0.0988, 0.0983, 0.0975, 0.0982, 0.0979, 0.0986, 0.0981, 0.0977], "loss": [2.2994760267245464, 2.2972379326820374, 2.29541927193984, 2.294389017881491, 2.294462343821159, 2.2933907363659296, 2.2931582637322254, 2.2934971107886386, 2.2938769864730344, 2.2928426441473837, 2.293230516024125, 2.2927268017561007], "acc": [0.10339042467948718, 0.10624499198717949, 0.10980068108974358, 0.10917467948717949, 0.10687099358974358, 0.11087740384615384, 0.11200420673076923, 0.10864883814102565, 0.11232972756410256, 0.10990084134615384, 0.11087740384615384, 0.11130308493589744]}, "used_budget": 759.5629682540894}