{"configs": {"horizontal_flip": 0.44451360244144533, "crop_lower": 0.06817813789319575, "rotation_lower": -59, "scale_probability": 0.17283757224222873, "scale_lower": 0.885218185642957, "vertical_flip": 0.5482415159888929, "crop_upper": 0.22760733760947416, "scale_upper": 1.7433943271859578, "pad_probability": 0.8440415807010726, "pad_upper": 0.16086397995939208, "rotation_upper": 152, "rotation_probability": 0.870819576483358, "pad_lower": 0.0642313373210124, "crop_probability": 0.8214934569976682}, "train_accuracy": 0.11082732371794872, "augment": true, "used_budget": 680.8706691265106, "train_history": {"val_loss": [2.3050684959411623, 2.3041396011352537, 2.311158406448364, 2.474778511428833, 2.677486976623535, 2.377857289123535, 2.3254368225097655, 2.9382895824432373, 2.736055601501465, 2.3507610275268553, 2.4345254878997804, 2.636795557022095], "acc": [0.1114032451923077, 0.10491786858974358, 0.10549379006410256, 0.11410757211538461, 0.1122295673076923, 0.11012620192307693, 0.1116786858974359, 0.10990084134615384, 0.11040164262820513, 0.11015124198717949, 0.10997596153846154, 0.11082732371794872], "val_acc": [0.1008, 0.1063, 0.1002, 0.1005, 0.1005, 0.1008, 0.101, 0.1005, 0.1005, 0.1009, 0.101, 0.1004], "loss": [2.299557693493672, 2.297900614830164, 2.296585969435863, 2.2953443290331426, 2.2945927457931714, 2.2945195749784126, 2.2937005208088803, 2.2929430367090764, 2.293226252763699, 2.293223495666797, 2.2934183042783003, 2.2934904725123673]}, "validation_error": 0.8996}