{"configs": {"horizontal_flip": 0.48406808576786775, "scale_probability": 0.10094233014980303, "pad_lower": 0.0770378979014608, "crop_probability": 0.2813326367735316, "scale_upper": 1.654182512133267, "rotation_upper": 38, "crop_upper": 0.2993940237697703, "vertical_flip": 0.9674886089242433, "pad_upper": 0.10812835704059316, "scale_lower": 0.6232847450073575, "rotation_probability": 0.6724161778313351, "pad_probability": 0.49596383882017026, "rotation_lower": -8, "crop_lower": 0.0631875293169787}, "augment": true, "train_history": {"acc": [0.11751302083333333, 0.11681189903846154, 0.11971654647435898, 0.12249599358974358, 0.12026742788461539, 0.1257762419871795, 0.12502504006410256, 0.12359775641025642, 0.12449919871794872, 0.12565104166666666, 0.12700320512820512, 0.12607672275641027], "val_loss": [2.464015111541748, 3.036250360107422, 2.867419444274902, 2.8929192596435547, 2.6448263904571534, 2.5797185394287108, 2.8131351455688476, 2.827448923110962, 2.7332396980285645, 2.612983983230591, 3.210442422866821, 2.810856074523926], "loss": [2.291518124250265, 2.2848478250014477, 2.2815777239127035, 2.2785153534167852, 2.2773082989912767, 2.2751271846966867, 2.2755944430828094, 2.2765797216158647, 2.2719749563779588, 2.272881662234282, 2.2726398003407016, 2.272980817617514], "val_acc": [0.1, 0.0972, 0.0972, 0.0971, 0.0973, 0.0973, 0.0979, 0.0979, 0.0978, 0.0979, 0.0978, 0.1]}, "train_accuracy": 0.12607672275641027, "validation_error": 0.9, "used_budget": 672.4190700054169}