{"used_budget": 676.0336422920227, "train_accuracy": 0.10982572115384616, "configs": {"crop_probability": 0.9356841657069039, "pad_lower": 0.03156343129003032, "horizontal_flip": 0.5972482633863561, "scale_lower": 0.9033222795212892, "rotation_lower": -44, "vertical_flip": 0.5802503893836274, "crop_lower": 0.09814468989785302, "scale_upper": 1.7644441675872673, "crop_upper": 0.11923532292117685, "scale_probability": 0.7130570133095435, "pad_upper": 0.20501412049310924, "rotation_probability": 0.14334539489167175, "pad_probability": 0.9362954181269925, "rotation_upper": 85}, "validation_error": 0.8818, "train_history": {"val_loss": [2.289720383453369, 2.4363884811401366, 2.4425735065460206, 2.6870105617523192, 2.4532950592041014, 2.3221966033935546, 2.301417824935913, 3.7938358001708985, 3.356023833465576, 3.5690561332702635, 2.3450590206146242, 2.920849750137329], "val_acc": [0.1055, 0.1371, 0.1111, 0.1032, 0.113, 0.1241, 0.1245, 0.1008, 0.1013, 0.1208, 0.1554, 0.1182], "acc": [0.10569411057692307, 0.10975060096153846, 0.1100010016025641, 0.11100260416666667, 0.11162860576923077, 0.11107772435897435, 0.11260516826923077, 0.11067708333333333, 0.11207932692307693, 0.11100260416666667, 0.11040164262820513, 0.10982572115384616], "loss": [2.2988240955731807, 2.2955017479566426, 2.2918081489893107, 2.2918774424455104, 2.291574226740079, 2.2898750060643907, 2.290628642607958, 2.2903219881730204, 2.2901752896797962, 2.29022825222749, 2.2887937403642216, 2.289149204889933]}, "augment": true}