{"configs": {"pad_probability": 0.9231951389237306, "pad_upper": 0.1844032392160428, "vertical_flip": 0.03957765769371724, "pad_lower": 0.04646818385356275, "crop_lower": 0.030424482309009217, "horizontal_flip": 0.3575539850487528, "crop_upper": 0.25685745366354845, "rotation_upper": 111, "scale_upper": 1.8469368814910951, "scale_probability": 0.31284088142883437, "rotation_lower": -33, "crop_probability": 0.7454370300123935, "scale_lower": 0.5103728398025038, "rotation_probability": 0.7058601937085315}, "validation_error": 0.8983, "train_accuracy": 0.11145332532051282, "augment": true, "train_history": {"val_acc": [0.1016, 0.1016, 0.1016, 0.1016, 0.1016, 0.1016, 0.1016, 0.1032, 0.1016, 0.1016, 0.1016, 0.1017], "loss": [2.298740008702645, 2.2936638112251577, 2.292330977244255, 2.2913133822954617, 2.29061442002272, 2.289347197764959, 2.290720829596886, 2.289446776494002, 2.2901799846918154, 2.289481593248172, 2.2892043712811594, 2.2893709662633066], "acc": [0.10506810897435898, 0.11187900641025642, 0.11240484775641026, 0.111328125, 0.10975060096153846, 0.11375701121794872, 0.10980068108974358, 0.11060196314102565, 0.11130308493589744, 0.11160356570512821, 0.11157852564102565, 0.11145332532051282], "val_loss": [2.2990176288604736, 2.337141139984131, 2.4359355476379396, 3.31754167098999, 2.8069861877441404, 2.713780694580078, 2.7645834327697756, 2.3997161712646484, 3.8509708557128906, 3.8046264781951904, 2.8614190620422364, 3.1807458984375]}, "used_budget": 747.9277229309082}