{"configs": {"rotation_probability": 0.02266317915898608, "rotation_upper": 71, "pad_lower": 0.004107057420742422, "rotation_lower": -33, "scale_probability": 0.3894586241489092, "crop_lower": 0.07045271356457068, "vertical_flip": 0.7958516584358243, "pad_probability": 0.07716132613629778, "crop_upper": 0.28254256034751013, "horizontal_flip": 0.7660489634925854, "scale_lower": 0.6785112048238713, "crop_probability": 0.9610941185561181, "pad_upper": 0.1717533081356054, "scale_upper": 1.128138516453839}, "train_history": {"val_acc": [0.0975, 0.1009, 0.0996, 0.0995, 0.0946, 0.0966, 0.1181, 0.0972, 0.0992, 0.0982, 0.1086, 0.0975], "acc": [0.10877403846153846, 0.12244591346153846, 0.12432391826923077, 0.1239483173076923, 0.12041766826923077, 0.12129407051282051, 0.12427383814102565, 0.12572616185897437, 0.12444911858974358, 0.12412359775641026, 0.12682792467948717, 0.1274539262820513], "val_loss": [2.4383499885559083, 2.364475786972046, 2.3336225063323974, 2.5149298805236815, 2.5105059909820557, 2.977767813873291, 2.772442692565918, 3.1617582458496094, 2.361928283691406, 2.934872868347168, 2.4597824897766114, 2.755035562133789], "loss": [2.294882181363228, 2.287946786635961, 2.280562014916004, 2.2826396028200784, 2.280804141209676, 2.279515666075242, 2.275786666533886, 2.2754715719284158, 2.276117761165668, 2.27635371302947, 2.274903098742167, 2.275421658387551]}, "augment": true, "used_budget": 653.0250103473663, "validation_error": 0.9025, "train_accuracy": 0.1274539262820513}