{"configs": {"horizontal_flip": 0.02116352680856659, "rotation_lower": -125, "crop_lower": 0.0024943328928424104, "vertical_flip": 0.32904623185931137, "crop_probability": 0.004946933106509843, "crop_upper": 0.23399812614422436, "scale_upper": 1.2142188926459725, "pad_upper": 0.2958120078063574, "pad_probability": 0.9635031548346862, "scale_probability": 0.6224355956907455, "rotation_probability": 0.34170292097250343, "scale_lower": 0.541288377546034, "pad_lower": 0.01139721343214084, "rotation_upper": 56}, "train_accuracy": 0.11926582532051282, "augment": true, "train_history": {"val_acc": [0.1046, 0.1006, 0.1004, 0.1046, 0.1006, 0.1021, 0.1004, 0.1007, 0.101, 0.1004, 0.1005, 0.1008], "loss": [2.295886823764214, 2.2909367191485868, 2.2895118540678268, 2.2877229780722885, 2.2868228187927833, 2.2853313363515415, 2.2832182997312302, 2.284213979274799, 2.2837124848977113, 2.2824656886932178, 2.2843444515497255, 2.2841844260692596], "acc": [0.1119541266025641, 0.11538461538461539, 0.1172626201923077, 0.11901542467948718, 0.1165614983974359, 0.11713741987179487, 0.11868990384615384, 0.11856470352564102, 0.11946614583333333, 0.12264623397435898, 0.11929086538461539, 0.11926582532051282], "val_loss": [2.303254958343506, 2.3274433334350584, 3.065153632736206, 2.657675053024292, 2.9470739509582518, 2.8355096580505372, 3.2955392375946047, 3.1910012882232666, 2.938751386260986, 3.0721227977752688, 3.4778967277526855, 2.97054846534729]}, "used_budget": 678.6611151695251, "validation_error": 0.8992}