{"configs": {"horizontal_flip": 0.5159483490226671, "crop_upper": 0.269522351648534, "rotation_upper": 39, "crop_lower": 0.07791683147697956, "scale_probability": 0.4015840977171937, "pad_upper": 0.10083157573300904, "vertical_flip": 0.25210438143451064, "rotation_lower": -24, "pad_lower": 0.0006614875360376638, "scale_lower": 0.7239670623580274, "scale_upper": 1.0253206165409363, "rotation_probability": 0.694192419205115, "crop_probability": 0.7452727462845252, "pad_probability": 0.051251396986439324}, "train_accuracy": 0.11801382211538461, "train_history": {"val_acc": [0.103, 0.1033, 0.103, 0.104, 0.1105, 0.1008, 0.1076, 0.11, 0.1226, 0.1187, 0.1012, 0.1077], "loss": [2.298669138015845, 2.293764904523507, 2.291473863216547, 2.2900670300691557, 2.291227556191958, 2.2903202145527572, 2.287958026696474, 2.2886787553628287, 2.2875159214704466, 2.2876267631848655, 2.2882804794189258, 2.287599367973132], "val_loss": [2.501059250640869, 2.3788169242858888, 2.8916347648620606, 2.641758507537842, 2.6677134632110597, 2.9154085800170897, 2.3451179637908934, 2.315904177093506, 2.9321429039001465, 2.5713553016662596, 2.4461139572143553, 2.61982714881897], "acc": [0.10917467948717949, 0.11528445512820513, 0.11410757211538461, 0.11545973557692307, 0.11468349358974358, 0.1201171875, 0.11994190705128205, 0.11438301282051282, 0.11944110576923077, 0.1162109375, 0.11833934294871795, 0.11801382211538461]}, "used_budget": 750.3606855869293, "augment": true, "validation_error": 0.8923}