{"augment": true, "train_accuracy": 0.11884014423076923, "used_budget": 739.8613786697388, "configs": {"rotation_upper": 173, "crop_upper": 0.11111907237643484, "horizontal_flip": 0.3155811013472689, "scale_lower": 0.8394139110991874, "vertical_flip": 0.635939892368647, "rotation_probability": 0.953372499590468, "pad_probability": 0.03772112514275339, "scale_probability": 0.11548048171290248, "scale_upper": 1.8491910288225004, "crop_lower": 0.08949665074649679, "pad_lower": 0.08247010280074887, "pad_upper": 0.13284049782935975, "crop_probability": 0.18128401759170643, "rotation_lower": -137}, "validation_error": 0.906, "train_history": {"val_loss": [2.31353664894104, 2.3054522384643557, 2.3280122261047365, 2.311181675720215, 2.375445293045044, 2.592304145050049, 2.3630694873809817, 3.9035976509094237, 2.320408898162842, 3.24485125579834, 2.54672045173645, 2.542474034500122], "val_acc": [0.096, 0.1104, 0.0936, 0.0965, 0.0902, 0.0931, 0.0959, 0.0936, 0.0956, 0.0938, 0.0939, 0.094], "loss": [2.296429754831852, 2.293924304155203, 2.2914789074506516, 2.2891080601093097, 2.288587912535056, 2.2883517146110535, 2.2864888165241632, 2.2855477035045624, 2.2848913195805673, 2.2854571632849865, 2.286968183058959, 2.2858873429970865], "acc": [0.11310596955128205, 0.11410757211538461, 0.11082732371794872, 0.11648637820512821, 0.11453325320512821, 0.1151592548076923, 0.11773838141025642, 0.11931590544871795, 0.11616085737179487, 0.1207431891025641, 0.11505909455128205, 0.11884014423076923]}}