{"validation_error": 0.8881, "train_history": {"val_loss": [2.3657015159606933, 2.312621781539917, 2.401193480682373, 2.508905111694336, 2.305154377746582, 2.2765394500732423, 2.6028447570800783, 2.362444409942627, 4.368791580963134, 2.621310442352295, 2.3128227787017823, 2.305955001831055], "val_acc": [0.0978, 0.1036, 0.104, 0.0979, 0.1029, 0.1211, 0.0981, 0.1022, 0.0984, 0.0973, 0.0719, 0.1119], "loss": [2.2991134386796217, 2.298754429970032, 2.296880285709332, 2.296999986355121, 2.2951227732193775, 2.293917613151746, 2.295000576055967, 2.294693790185146, 2.2943115333716073, 2.2935483211126084, 2.293263253493187, 2.2931123689199104], "acc": [0.10291466346153846, 0.10817307692307693, 0.10421674679487179, 0.10667067307692307, 0.10632011217948718, 0.10970052083333333, 0.10732171474358974, 0.1100010016025641, 0.1084735576923077, 0.1092998798076923, 0.10950020032051282, 0.10814803685897435]}, "configs": {"crop_lower": 0.05069384018339378, "pad_upper": 0.27843468828035245, "pad_probability": 0.23599404039204142, "scale_probability": 0.9255163839212169, "scale_upper": 1.5697334635507816, "crop_upper": 0.17520693192362027, "scale_lower": 0.8262155723077856, "horizontal_flip": 0.24488740775721252, "crop_probability": 0.43204464097664985, "pad_lower": 0.02808251413050457, "rotation_upper": 27, "rotation_probability": 0.7539141596104625, "vertical_flip": 0.7357868288421466, "rotation_lower": -33}, "used_budget": 704.6081492900848, "augment": true, "train_accuracy": 0.10814803685897435}