{"used_budget": 665.7907476425171, "configs": {"scale_upper": 1.8441654076523541, "crop_upper": 0.24359185236970837, "pad_lower": 0.05602446705784956, "scale_lower": 0.5395943733064844, "crop_lower": 0.004663129575326741, "vertical_flip": 0.6123102208542724, "pad_upper": 0.11607135383160623, "pad_probability": 0.5754700565036469, "rotation_probability": 0.2411853376594305, "rotation_lower": -94, "horizontal_flip": 0.9057611342085876, "crop_probability": 0.3637359105570148, "rotation_upper": 161, "scale_probability": 0.6706525516130859}, "augment": true, "train_history": {"acc": [0.10762219551282051, 0.11338141025641026, 0.11783854166666667, 0.11513421474358974, 0.11007612179487179, 0.1180889423076923, 0.11636117788461539, 0.11603565705128205, 0.11728766025641026, 0.12071814903846154, 0.12134415064102565, 0.11728766025641026], "val_acc": [0.1032, 0.1031, 0.1032, 0.1035, 0.1047, 0.1092, 0.1003, 0.1016, 0.1031, 0.103, 0.103, 0.1032], "loss": [2.2976258465876946, 2.2923532663247523, 2.2884006607226834, 2.287980089584986, 2.2893085594360647, 2.286264736682941, 2.286199043958615, 2.285044592160445, 2.283846330184203, 2.2847320315165396, 2.282868409768129, 2.285752010651124], "val_loss": [2.447406358718872, 2.3631040031433104, 3.462908683013916, 2.407793363571167, 2.4313513954162596, 2.586812700653076, 2.6209734886169436, 2.9340927528381346, 3.65458282661438, 3.590565228271484, 2.965097732543945, 3.1097637672424314]}, "train_accuracy": 0.11728766025641026, "validation_error": 0.8968}