{"augment": true, "configs": {"horizontal_flip": 0.6891934586071219, "scale_probability": 0.804036252020092, "rotation_lower": -149, "crop_upper": 0.27601476437115413, "pad_probability": 0.40711646392891865, "rotation_upper": 141, "crop_lower": 0.023560323221689917, "scale_upper": 1.2024097945127132, "pad_upper": 0.23872975052983475, "vertical_flip": 0.2609459309322669, "rotation_probability": 0.03710951173805177, "scale_lower": 0.7602881894259501, "pad_lower": 0.021409013376497567, "crop_probability": 0.8698397762694211}, "train_history": {"acc": [0.10782251602564102, 0.11002604166666667, 0.11633613782051282, 0.11385717147435898, 0.11423277243589744, 0.11378205128205128, 0.1142578125, 0.11768830128205128, 0.11278044871794872, 0.1123046875, 0.11646133814102565, 0.11368189102564102], "val_loss": [2.48439567565918, 2.441702449798584, 2.469294179534912, 2.5544370552062987, 2.7180361869812013, 2.854872385406494, 2.7641419792175292, 3.6786862258911133, 2.677626982116699, 3.1529323833465575, 2.590137885284424, 2.6424619926452637], "val_acc": [0.1036, 0.1037, 0.1037, 0.1036, 0.1034, 0.1034, 0.1033, 0.1035, 0.1034, 0.1042, 0.1039, 0.1036], "loss": [2.297846490756059, 2.293051174817941, 2.2899959607002063, 2.288849766437824, 2.2894506469751015, 2.2874466677506766, 2.2867084657534575, 2.285782435765633, 2.2879931185490046, 2.288635320388354, 2.286301823762747, 2.286885597766974]}, "validation_error": 0.8964, "train_accuracy": 0.11368189102564102, "used_budget": 665.5439023971558}