{"validation_error": 0.8868, "train_history": {"acc": [0.10349058493589744, 0.1123046875, 0.11135316506410256, 0.1116786858974359, 0.10932491987179487, 0.11120292467948718, 0.11285556891025642, 0.10632011217948718, 0.10827323717948718, 0.10942508012820513, 0.11182892628205128, 0.11127804487179487], "val_loss": [2.32071743850708, 2.295329734039307, 2.3477024368286132, 2.309938381576538, 2.311577461242676, 2.3316442207336427, 2.9105854755401612, 2.6076712566375733, 2.7036986961364744, 2.538642059326172, 3.6154431350708007, 2.4900680992126465], "loss": [2.300067867988195, 2.2970733558520293, 2.295034938897842, 2.2949480024667888, 2.2929455118301587, 2.294122038743435, 2.2925180953282576, 2.2936189808906655, 2.2927540785227065, 2.2920783910995874, 2.292798020900824, 2.2918851253313894], "val_acc": [0.1011, 0.1228, 0.1028, 0.1162, 0.1117, 0.1045, 0.1011, 0.1029, 0.101, 0.1077, 0.1008, 0.1132]}, "used_budget": 747.7913522720337, "train_accuracy": 0.11127804487179487, "configs": {"rotation_probability": 0.9764359582537684, "pad_lower": 0.04670636403901749, "crop_upper": 0.2938563840703121, "rotation_lower": -131, "scale_upper": 1.6685519411519734, "rotation_upper": 105, "scale_lower": 0.7719163368876559, "pad_upper": 0.1906569179762393, "pad_probability": 0.06477401057657972, "crop_lower": 0.09833891203324563, "crop_probability": 0.2728708574970762, "horizontal_flip": 0.5776602770829314, "vertical_flip": 0.7722291012046834, "scale_probability": 0.465254450741471}, "augment": true}