{"train_accuracy": 0.1371945112179487, "configs": {"scale_probability": 0.3058787376446288, "rotation_upper": 117, "crop_probability": 0.37622689595126924, "horizontal_flip": 0.3325767043888622, "scale_lower": 0.7459864801210206, "rotation_lower": -127, "pad_lower": 0.022465437140767597, "vertical_flip": 0.5062557605765271, "crop_lower": 0.0811338945165998, "scale_upper": 1.603719299168824, "pad_probability": 0.14486182203504927, "crop_upper": 0.28834770181598685, "pad_upper": 0.296633327008923, "rotation_probability": 0.08969714403365081}, "train_history": {"val_loss": [2.362698794555664, 2.6306544746398925, 2.829245037841797, 2.3419685180664063, 3.2219291717529295, 3.1207258728027343, 2.702642003250122, 2.394653318786621, 2.4874572505950927, 2.850563358306885, 2.533644136428833, 2.7249955406188966], "acc": [0.12222055288461539, 0.1298828125, 0.1296824919871795, 0.13388922275641027, 0.13416466346153846, 0.1321113782051282, 0.1314853766025641, 0.13401442307692307, 0.1342898637820513, 0.13569210737179488, 0.13879707532051283, 0.1371945112179487], "val_acc": [0.1233, 0.0996, 0.0995, 0.0998, 0.0995, 0.0992, 0.0967, 0.1067, 0.0956, 0.107, 0.1074, 0.1081], "loss": [2.2866049263721857, 2.277763771705138, 2.2748882449590244, 2.270673672358195, 2.2668475539256363, 2.263405925188309, 2.2638793732875433, 2.2619262161927347, 2.260869548870967, 2.263157070447237, 2.2589196478709197, 2.2594510798270884]}, "validation_error": 0.8919, "augment": true, "used_budget": 651.6427121162415}