{"validation_error": 0.8999, "train_accuracy": 0.10642027243589744, "used_budget": 757.3639159202576, "augment": true, "configs": {"scale_lower": 0.9385140077712749, "rotation_probability": 0.597279476416355, "pad_upper": 0.29221254655953866, "scale_probability": 0.8791820715621601, "vertical_flip": 0.4715295120766144, "crop_probability": 0.8644322474920156, "pad_probability": 0.39349988084254706, "scale_upper": 1.9624929184164706, "rotation_upper": 109, "horizontal_flip": 0.3348727239093634, "crop_lower": 0.0034909527670731635, "pad_lower": 0.008030449295345654, "crop_upper": 0.19554888176144603, "rotation_lower": -28}, "train_history": {"val_acc": [0.0976, 0.0987, 0.0976, 0.097, 0.0967, 0.0978, 0.0975, 0.0994, 0.1064, 0.1045, 0.102, 0.1001], "loss": [2.301060826350481, 2.30048459309798, 2.29974575761037, 2.2992917016530647, 2.2991734200563188, 2.297987996767729, 2.2983680818325434, 2.2979273987122073, 2.298096235745992, 2.298056171490596, 2.2976271640031767, 2.2973411549360323], "val_loss": [2.6196469802856446, 3.298388511657715, 2.4177976066589357, 2.292806618499756, 2.306778458404541, 3.039371379852295, 2.6146313194274904, 5.006401890182495, 4.662270524597168, 2.9959304428100584, 3.713115046310425, 3.0997479480743406], "acc": [0.1014873798076923, 0.10201322115384616, 0.10384114583333333, 0.10251402243589744, 0.1053936298076923, 0.10576923076923077, 0.10687099358974358, 0.10566907051282051, 0.10296474358974358, 0.10596955128205128, 0.10672075320512821, 0.10642027243589744]}}