{"train_accuracy": 0.11901542467948718, "used_budget": 745.8580741882324, "validation_error": 0.9009, "augment": true, "configs": {"vertical_flip": 0.2962327510437567, "pad_probability": 0.17388638571237558, "rotation_upper": 115, "crop_lower": 0.030754156103885478, "pad_upper": 0.18172223959951658, "rotation_lower": -15, "scale_upper": 1.6126143046726242, "pad_lower": 0.009473641734199269, "horizontal_flip": 0.6973157534011265, "scale_lower": 0.5811495659511289, "scale_probability": 0.5042880098958129, "crop_upper": 0.2284405007355097, "rotation_probability": 0.5900599362759954, "crop_probability": 0.7790717676588252}, "train_history": {"val_acc": [0.1021, 0.1003, 0.1172, 0.1024, 0.1002, 0.1, 0.1002, 0.1002, 0.0972, 0.0978, 0.0982, 0.0991], "loss": [2.298467985330484, 2.2951535231027846, 2.2934645544259977, 2.291155544611124, 2.291789378875341, 2.2903526532344327, 2.290047831260241, 2.2909545990136952, 2.2885485864602604, 2.288825578414477, 2.286984099027438, 2.2865813917074447], "acc": [0.10549379006410256, 0.10782251602564102, 0.11245492788461539, 0.11388221153846154, 0.11253004807692307, 0.11448317307692307, 0.11398237179487179, 0.11185396634615384, 0.11693709935897435, 0.11525941506410256, 0.11946614583333333, 0.11901542467948718], "val_loss": [2.386342822265625, 2.5543324520111086, 2.412952237701416, 2.6437219539642336, 2.861317128753662, 2.7846809478759766, 3.0435720825195314, 3.441793392944336, 3.475876496887207, 2.7967492008209227, 2.7426790977478026, 3.143838068008423]}}