{"validation_error": 0.9075, "configs": {"horizontal_flip": 0.7416149716730646, "scale_lower": 0.7845316126409168, "pad_upper": 0.274861594235282, "rotation_upper": 9, "crop_upper": 0.17086362960474005, "rotation_lower": -138, "crop_lower": 0.04102462982013924, "scale_probability": 0.7589419449131364, "scale_upper": 1.1402631749497067, "rotation_probability": 0.7316935794593812, "pad_probability": 0.231829630207823, "crop_probability": 0.8948271813678867, "vertical_flip": 0.31289728761805813, "pad_lower": 0.09006242961498005}, "used_budget": 746.1878728866577, "train_history": {"val_loss": [2.3385230880737304, 2.300487393951416, 2.3333191841125487, 3.720960677719116, 2.499547505569458, 2.4824877838134767, 2.4611053379058836, 3.1216275955200197, 3.069302233886719, 2.4773236778259276, 3.2351709629058836, 3.0572421695709227], "val_acc": [0.0971, 0.1085, 0.0972, 0.0976, 0.0972, 0.0957, 0.0972, 0.1024, 0.092, 0.1108, 0.1044, 0.0925], "acc": [0.10604467147435898, 0.10907451923076923, 0.1100010016025641, 0.1123046875, 0.11395733173076923, 0.10844851762820513, 0.11022636217948718, 0.11137820512820513, 0.11062700320512821, 0.11185396634615384, 0.10970052083333333, 0.11032652243589744], "loss": [2.299248437850903, 2.2970202213678603, 2.295727638862072, 2.2945977334792795, 2.2931145544235525, 2.295362828633724, 2.293533111994083, 2.2941464208639584, 2.2921389012764664, 2.292410360696988, 2.2927279502917557, 2.2926640067345057]}, "augment": true, "train_accuracy": 0.11032652243589744}