{"train_accuracy": 0.12487479967948718, "configs": {"rotation_probability": 0.3074861931585462, "rotation_lower": -43, "scale_upper": 1.8666412720353922, "pad_lower": 0.030075038065110526, "crop_probability": 0.5599576510592617, "vertical_flip": 0.27608858050712926, "scale_probability": 0.304507600771314, "horizontal_flip": 0.5617328516556603, "crop_upper": 0.1577142855185809, "pad_upper": 0.15174518498884368, "scale_lower": 0.552350258819801, "rotation_upper": 124, "crop_lower": 0.07818946975182024, "pad_probability": 0.9335463540375024}, "validation_error": 0.9065, "augment": true, "used_budget": 749.8001036643982, "train_history": {"val_loss": [2.4082112915039064, 2.3022343147277833, 2.592817572402954, 2.3624115798950194, 2.3924492439270018, 2.4215263977050783, 2.5243242530822756, 4.181748136901856, 2.524615397644043, 2.657801896286011, 2.712581645202637, 2.590628803253174], "acc": [0.11285556891025642, 0.11681189903846154, 0.11896534455128205, 0.11916566506410256, 0.12254607371794872, 0.12249599358974358, 0.12099358974358974, 0.12069310897435898, 0.11848958333333333, 0.11961638621794872, 0.12209535256410256, 0.12487479967948718], "val_acc": [0.101, 0.1008, 0.1009, 0.1008, 0.1008, 0.1009, 0.1008, 0.1008, 0.1052, 0.1023, 0.1009, 0.0935], "loss": [2.2952982049721937, 2.2900854035829887, 2.2850774274422574, 2.28369354055478, 2.2814286916683884, 2.2820662428171206, 2.2816172517262974, 2.2790580644057346, 2.280426630607018, 2.278215910379703, 2.278181111201262, 2.2766704131395388]}}