{"augment": true, "validation_error": 0.889, "configs": {"horizontal_flip": 0.9108352955414969, "crop_lower": 0.06377783344479408, "scale_lower": 0.5437285898766251, "crop_upper": 0.25584632276001956, "rotation_lower": -19, "scale_probability": 0.5306137510537675, "pad_upper": 0.1654036359326831, "rotation_probability": 0.05321930596942814, "scale_upper": 1.0420169384810571, "crop_probability": 0.2504186266532823, "rotation_upper": 66, "vertical_flip": 0.9066160527481468, "pad_lower": 0.03294367830341958, "pad_probability": 0.0633766002776186}, "used_budget": 656.9141492843628, "train_history": {"val_loss": [2.3637460754394533, 2.4354166595458984, 2.4518324920654297, 2.5825859954833983, 2.60378542098999, 2.7145008377075195, 2.6423834938049318, 2.6728577293395994, 2.569796270751953, 2.564139740753174, 2.2957035446166993, 2.6823557106018066], "loss": [2.282630205918581, 2.2687120720362053, 2.2645841454848266, 2.2600934016398893, 2.2565373541452947, 2.254559961649088, 2.248278865447411, 2.249509274959564, 2.243718900741675, 2.24025021531643, 2.237969764532187, 2.2376063076349406], "acc": [0.12354767628205128, 0.1332882612179487, 0.13040865384615385, 0.13501602564102563, 0.13579226762820512, 0.13802083333333334, 0.13772035256410256, 0.1409004407051282, 0.14410556891025642, 0.14275340544871795, 0.14706029647435898, 0.1461338141025641], "val_acc": [0.0974, 0.0969, 0.0994, 0.0987, 0.0971, 0.1126, 0.1017, 0.0957, 0.1075, 0.102, 0.1059, 0.111]}, "train_accuracy": 0.1461338141025641}