{"train_accuracy": 0.11969150641025642, "used_budget": 742.0562319755554, "augment": true, "train_history": {"loss": [2.2945717099385385, 2.28934853275617, 2.2861537604759903, 2.2856512107910256, 2.2854949037233987, 2.282649886913789, 2.281771965515919, 2.282457607678878, 2.28101852001288, 2.2809232580356107, 2.282486726076175, 2.2813082390870805], "val_loss": [2.3626527252197267, 2.3251904132843015, 2.389057843017578, 2.93690724029541, 2.6144553260803223, 2.756929606628418, 2.5516089191436766, 2.8490013484954835, 2.4233589698791502, 2.9216428524017335, 2.8677944492340086, 3.681404898071289], "val_acc": [0.0935, 0.0938, 0.0933, 0.0933, 0.0933, 0.0932, 0.0933, 0.0931, 0.093, 0.0933, 0.0931, 0.0932], "acc": [0.10867387820512821, 0.11365685096153846, 0.11505909455128205, 0.12134415064102565, 0.11738782051282051, 0.11803886217948718, 0.12091846955128205, 0.11894030448717949, 0.12026742788461539, 0.12161959134615384, 0.11896534455128205, 0.11969150641025642]}, "configs": {"crop_probability": 0.5606552682410068, "pad_upper": 0.12456374141880625, "scale_lower": 0.6099313575634936, "pad_probability": 0.24457930151217422, "scale_probability": 0.5871582329581942, "crop_lower": 0.01943175694436692, "rotation_upper": 55, "rotation_lower": -98, "scale_upper": 1.1497497796511045, "pad_lower": 0.0008104176788234163, "rotation_probability": 0.37151266778455583, "horizontal_flip": 0.3172821910800995, "crop_upper": 0.26208494824150286, "vertical_flip": 0.25754328148511807}, "validation_error": 0.9068}