{"train_history": {"val_acc": [0.099, 0.0974, 0.0974, 0.0976, 0.0974, 0.0975, 0.0972, 0.0974, 0.0976, 0.099, 0.0958, 0.0976], "acc": [0.10897435897435898, 0.1133563701923077, 0.11708733974358974, 0.11355669070512821, 0.11353165064102565, 0.1142578125, 0.11560997596153846, 0.11763822115384616, 0.11568509615384616, 0.11881510416666667, 0.11348157051282051, 0.11796374198717949], "val_loss": [2.356412742996216, 2.318991187286377, 3.2263013916015626, 2.4553773014068603, 2.510721766281128, 2.4201592693328857, 3.639016163253784, 2.9561785133361815, 3.320980782318115, 2.429211050796509, 3.1688610599517824, 2.84958196182251], "loss": [2.297488930897835, 2.2927038035331626, 2.290253466520554, 2.289614894451239, 2.2885977686979833, 2.288861701885859, 2.285687513840504, 2.285990107517976, 2.2880635185119433, 2.286368558040032, 2.286446530849506, 2.284131966340236]}, "used_budget": 679.2530663013458, "train_accuracy": 0.11796374198717949, "validation_error": 0.9024, "configs": {"scale_lower": 0.5223508280405127, "rotation_lower": -179, "crop_upper": 0.2965080646891461, "pad_upper": 0.11946200284189196, "pad_probability": 0.014086956784063354, "scale_upper": 1.6674900622243667, "scale_probability": 0.7541428762248974, "pad_lower": 0.09513081673379462, "crop_lower": 0.08835246807543995, "rotation_probability": 0.3849089506079909, "rotation_upper": 159, "horizontal_flip": 0.06565479371698124, "vertical_flip": 0.1209738619221018, "crop_probability": 0.3554013255577194}, "augment": true}