{"validation_error": 0.9016, "used_budget": 753.701587677002, "train_history": {"acc": [0.10499298878205128, 0.10702123397435898, 0.10579427083333333, 0.10647035256410256, 0.10814803685897435, 0.10556891025641026, 0.11067708333333333, 0.10819811698717949, 0.1073467548076923, 0.11050180288461539, 0.10802283653846154, 0.1083233173076923], "val_loss": [2.3284388954162596, 2.3472925109863283, 2.339206660079956, 2.4422474151611326, 2.5309511814117434, 2.714787873840332, 2.5745038444519044, 2.430882731628418, 2.3467715133666993, 2.4025625019073487, 4.081867520141602, 2.362942688751221], "loss": [2.2993715015741496, 2.297793289789787, 2.2973449986714582, 2.296928895589633, 2.2957720359166465, 2.2957133031808414, 2.29460157874303, 2.29561946560175, 2.294014025192994, 2.293826094040504, 2.2950526162599907, 2.294535138668158], "val_acc": [0.0975, 0.0983, 0.0977, 0.0981, 0.0978, 0.0972, 0.1041, 0.0977, 0.0993, 0.0974, 0.0974, 0.0984]}, "configs": {"scale_upper": 1.381083022267046, "rotation_probability": 0.9977339314397845, "vertical_flip": 0.4503594155804177, "scale_lower": 0.5195393473328478, "crop_upper": 0.16773982079630592, "pad_upper": 0.11686602412445418, "rotation_lower": -57, "horizontal_flip": 0.11411888598560205, "crop_probability": 0.8532966737046076, "crop_lower": 0.026703422520866826, "scale_probability": 0.41445115283491396, "pad_probability": 0.9256493737370405, "pad_lower": 0.03025949794378262, "rotation_upper": 166}, "augment": true, "train_accuracy": 0.1083233173076923}