{"validation_error": 0.9017, "used_budget": 677.1675324440002, "configs": {"vertical_flip": 0.6485489575277763, "crop_probability": 0.9315160783376114, "pad_probability": 0.4068988659763568, "pad_upper": 0.24440773993597426, "horizontal_flip": 0.20256721247098664, "crop_upper": 0.21896956720601743, "rotation_upper": 132, "crop_lower": 0.03188076683247567, "rotation_lower": -173, "scale_probability": 0.5614084679100632, "pad_lower": 0.030920425349264813, "rotation_probability": 0.4039217772347692, "scale_lower": 0.6468934150793939, "scale_upper": 1.0248020381972647}, "train_history": {"val_acc": [0.0992, 0.0983, 0.0975, 0.0984, 0.0984, 0.0983, 0.0982, 0.0983, 0.0983, 0.0984, 0.0983, 0.0983], "loss": [2.2964681341097903, 2.291891084267543, 2.2914512294989366, 2.2900173427202763, 2.2885100742181144, 2.2883862532102146, 2.286879397355593, 2.2869352797667184, 2.2860465813905764, 2.2861419847378364, 2.2848149094826136, 2.2848049876017447], "acc": [0.10672075320512821, 0.11045172275641026, 0.11428285256410256, 0.11520933493589744, 0.11463341346153846, 0.11691205929487179, 0.1175380608974359, 0.11708733974358974, 0.11788862179487179, 0.12111879006410256, 0.1197666266025641, 0.1178135016025641], "val_loss": [2.41811173248291, 2.3890588005065916, 2.6792882884979248, 3.7507244441986085, 2.9412221263885496, 2.560755919647217, 2.369238512420654, 2.463217541885376, 2.874248794555664, 2.5605215229034424, 4.213775262451172, 3.254998600769043]}, "augment": true, "train_accuracy": 0.1178135016025641}