{"used_budget": 761.1118288040161, "configs": {"crop_upper": 0.2278378639290585, "rotation_lower": -155, "vertical_flip": 0.8444802654762942, "crop_lower": 0.06397399253562773, "rotation_upper": 96, "crop_probability": 0.35334873331058947, "scale_upper": 1.6606999495598984, "horizontal_flip": 0.9429351932402957, "pad_lower": 0.03562824390950993, "pad_upper": 0.17424113960604906, "pad_probability": 0.9003157455636118, "scale_lower": 0.6099893750333232, "rotation_probability": 0.9850055247537484, "scale_probability": 0.8029752485382091}, "augment": true, "train_history": {"val_loss": [2.297523989868164, 2.5563148998260496, 2.2999466209411623, 2.5354249839782717, 2.4545441650390627, 2.5602694927215577, 4.325571611404419, 3.512737051773071, 2.515444172668457, 3.6259615352630616, 3.0183649883270265, 2.921232024383545], "val_acc": [0.1094, 0.1007, 0.1135, 0.1007, 0.1005, 0.1005, 0.1007, 0.1012, 0.1007, 0.0988, 0.0994, 0.1005], "acc": [0.10521834935897435, 0.10601963141025642, 0.10481770833333333, 0.10794771634615384, 0.1065204326923077, 0.10278946314102565, 0.10782251602564102, 0.1077724358974359, 0.10897435897435898, 0.10664563301282051, 0.10551883012820513, 0.10982572115384616], "loss": [2.30083515170293, 2.299052079518636, 2.2986724223846045, 2.297240977868056, 2.298430921175541, 2.297645024764232, 2.2967763535487347, 2.2963571601953263, 2.296555818655552, 2.296269234174337, 2.2959072582232647, 2.2956649416532273]}, "train_accuracy": 0.10982572115384616, "validation_error": 0.8995}