{"train_accuracy": 0.11593549679487179, "configs": {"horizontal_flip": 0.523142558570404, "crop_lower": 0.03788819224993281, "rotation_upper": 53, "rotation_lower": -54, "rotation_probability": 0.6009753861133582, "scale_upper": 1.3514012197306324, "pad_lower": 0.07262576063361116, "pad_probability": 0.8700138230271061, "pad_upper": 0.22680755116361637, "vertical_flip": 0.8805533467946045, "scale_lower": 0.881322792331002, "crop_probability": 0.5306828075648922, "scale_probability": 0.5269204148432738, "crop_upper": 0.20443756936501328}, "validation_error": 0.8996999999999999, "used_budget": 753.879115819931, "train_history": {"val_loss": [2.3293991542816164, 2.4723584060668946, 2.5300200065612795, 2.5063399425506594, 2.746422004699707, 2.797084780883789, 2.9564903896331787, 3.3023748863220215, 2.724560186386108, 2.464664594268799, 3.088541990661621, 3.1791041244506837], "val_acc": [0.1025, 0.1024, 0.1025, 0.0837, 0.103, 0.1023, 0.098, 0.0929, 0.0919, 0.102, 0.0994, 0.1003], "loss": [2.2956806138539925, 2.292894020294532, 2.2909666154629145, 2.2903553499625278, 2.2889192623969836, 2.2879122281685853, 2.2873964195068064, 2.287204000430229, 2.2874494898013578, 2.2872831362944384, 2.2868162997258015, 2.2872377641690083], "acc": [0.1104266826923077, 0.10907451923076923, 0.11330629006410256, 0.11045172275641026, 0.11483373397435898, 0.11525941506410256, 0.11217948717948718, 0.11786358173076923, 0.11535957532051282, 0.11666165865384616, 0.11350661057692307, 0.11593549679487179]}, "augment": true}