{"validation_error": 0.9027000000000001, "configs": {"crop_probability": 0.3671379424370802, "rotation_upper": 83, "pad_probability": 0.0682025328513085, "scale_lower": 0.6932398369653681, "pad_lower": 0.02933430542096488, "crop_lower": 0.06397236752937806, "vertical_flip": 0.6926913781888475, "crop_upper": 0.111627327121768, "scale_probability": 0.5286731049387928, "scale_upper": 1.74240991476392, "rotation_lower": -145, "rotation_probability": 0.28621996060079524, "pad_upper": 0.11467946018127517, "horizontal_flip": 0.4164080329146844}, "used_budget": 741.4873766899109, "train_accuracy": 0.12627704326923078, "train_history": {"val_acc": [0.0971, 0.0956, 0.0955, 0.0959, 0.0957, 0.0957, 0.0959, 0.0958, 0.0956, 0.1033, 0.0956, 0.0973], "acc": [0.11438301282051282, 0.12344751602564102, 0.12181991185897435, 0.12404847756410256, 0.12247095352564102, 0.12404847756410256, 0.1214443108974359, 0.123046875, 0.12572616185897437, 0.12507512019230768, 0.12627704326923078, 0.12627704326923078], "val_loss": [2.375042650985718, 2.461263830566406, 2.4588590560913084, 3.0616891357421876, 2.932386710357666, 2.6622189819335937, 2.7525032608032225, 2.803794131088257, 2.879408205413818, 2.420734330368042, 2.7354440921783447, 2.487213382720947], "loss": [2.29267611182653, 2.2861493069391985, 2.283250637543507, 2.278878180644451, 2.2790620074822354, 2.2755255072544784, 2.277339233801915, 2.274750938018163, 2.274461520023835, 2.274071608598416, 2.273093894506112, 2.271637342679195]}, "augment": true}