{"configs": {"pad_upper": 0.2092601536116384, "scale_lower": 0.7511642704032517, "crop_lower": 0.04136968562579993, "pad_probability": 0.4106242331088643, "crop_probability": 0.9372107185540631, "vertical_flip": 0.6828372751806546, "pad_lower": 0.04595560085228676, "rotation_upper": 53, "horizontal_flip": 0.9515778886555902, "scale_probability": 0.8619180965215113, "crop_upper": 0.2233134400471501, "scale_upper": 1.9364271513365416, "rotation_probability": 0.16238893982186897, "rotation_lower": -69}, "augment": true, "used_budget": 743.4480345249176, "train_accuracy": 0.10782251602564102, "validation_error": 0.8927, "train_history": {"loss": [2.3014618188906937, 2.2992342236714487, 2.297435699365078, 2.29575013426634, 2.2951299785039363, 2.2948633317763987, 2.2951472302277884, 2.2948821034186926, 2.2950503642742452, 2.2940714359283447, 2.2931773991156845, 2.292978775042754], "acc": [0.10056089743589744, 0.10293970352564102, 0.10985076121794872, 0.1094501201923077, 0.1094501201923077, 0.10982572115384616, 0.10586939102564102, 0.10904947916666667, 0.10647035256410256, 0.11050180288461539, 0.10727163461538461, 0.10782251602564102], "val_loss": [2.336624980926514, 2.3368447143554687, 2.668385259246826, 2.7825177375793455, 3.2338195137023926, 3.9063451232910156, 2.631598482131958, 3.304214595031738, 3.0651807762145995, 3.422700609588623, 3.1583212425231935, 2.684196942138672], "val_acc": [0.1015, 0.1267, 0.1039, 0.1135, 0.0981, 0.0963, 0.0938, 0.0946, 0.1149, 0.1038, 0.1044, 0.1073]}}