{"configs": {"horizontal_flip": 0.29781573334363864, "scale_probability": 0.518042065803517, "pad_probability": 0.4861785437973457, "crop_probability": 0.8620023687592563, "pad_lower": 0.005665494016467376, "rotation_lower": -24, "rotation_upper": 158, "pad_upper": 0.18030286501571433, "scale_upper": 1.0828315733657068, "crop_lower": 0.00013846404932283952, "scale_lower": 0.9372183908400262, "rotation_probability": 0.6315618486919663, "vertical_flip": 0.6232044070286371, "crop_upper": 0.2484074126474022}, "train_history": {"val_acc": [0.1008, 0.1008, 0.1008, 0.1011, 0.1017, 0.1007, 0.1005, 0.1009, 0.1006, 0.1005, 0.1005, 0.1007], "loss": [2.2992254403921275, 2.2966949381889443, 2.2946347082272553, 2.2934810565068173, 2.2914046828563395, 2.2942896210230312, 2.2898417726541176, 2.2918343857312813, 2.2903675757921658, 2.2885095179080963, 2.2906286326738505, 2.290232675197797], "val_loss": [2.4679110122680665, 2.3933114479064943, 2.6710091358184815, 2.3169989013671874, 2.400484708786011, 2.6171960289001466, 2.4385268924713133, 2.627259574890137, 2.5517173011779786, 2.9640627754211426, 2.7271351097106935, 2.852714010620117], "acc": [0.10499298878205128, 0.10912459935897435, 0.10857371794871795, 0.10864883814102565, 0.11242988782051282, 0.10899939903846154, 0.11260516826923077, 0.11137820512820513, 0.11245492788461539, 0.11450821314102565, 0.11370693108974358, 0.11801382211538461]}, "train_accuracy": 0.11801382211538461, "validation_error": 0.8993, "augment": true, "used_budget": 743.3627846240997}