{"configs": {"vertical_flip": 0.26172530561875484, "scale_probability": 0.3158803360645067, "scale_upper": 1.264015405934495, "pad_probability": 0.217121499882038, "rotation_probability": 0.46446783387320556, "crop_lower": 0.03137726088109071, "crop_probability": 0.4364449287660179, "rotation_lower": -70, "rotation_upper": 114, "pad_lower": 0.08627598476774812, "pad_upper": 0.11101697313436472, "scale_lower": 0.9297782937220407, "horizontal_flip": 0.866023522591015, "crop_upper": 0.14441158806608606}, "train_accuracy": 0.1290564903846154, "augment": true, "validation_error": 0.8975, "used_budget": 669.0578129291534, "train_history": {"val_loss": [2.4919386138916018, 2.3146357582092287, 3.054505249404907, 2.9819557437896727, 2.961543966674805, 3.602636777114868, 2.500154420852661, 3.1738238971710206, 4.05779873046875, 2.6379133563995363, 2.728282460784912, 2.755733489227295], "loss": [2.2922646395671062, 2.284488244698598, 2.280613295542888, 2.277172016027646, 2.27617940841577, 2.2742327803220506, 2.2745518264098044, 2.274584017502956, 2.273132710120617, 2.2695173078622575, 2.2699197683578882, 2.2668546736240387], "val_acc": [0.1146, 0.1018, 0.1015, 0.1014, 0.1017, 0.1015, 0.1027, 0.1023, 0.1017, 0.1019, 0.1018, 0.1025], "acc": [0.11673677884615384, 0.12257111378205128, 0.12212039262820513, 0.12314703525641026, 0.12665264423076922, 0.12928185096153846, 0.12379807692307693, 0.12682792467948717, 0.12810496794871795, 0.1276542467948718, 0.12915665064102563, 0.1290564903846154]}}