{"configs": {"horizontal_flip": 0.22429055265461917, "rotation_upper": 1, "crop_upper": 0.20311095927214173, "vertical_flip": 0.07417274175606614, "rotation_probability": 0.7093621059915591, "scale_upper": 1.6540379165338, "crop_lower": 0.08545271142588398, "rotation_lower": -162, "scale_lower": 0.6879838087729793, "scale_probability": 0.30896788028742805, "pad_upper": 0.11974324983748692, "pad_probability": 0.2251900770230303, "crop_probability": 0.5565653140815765, "pad_lower": 0.06317589006537241}, "validation_error": 0.8987, "augment": true, "train_accuracy": 0.11370693108974358, "train_history": {"loss": [2.297515876018084, 2.293400004888192, 2.288532955524249, 2.2876070180000405, 2.2888148457576065, 2.2881564238132577, 2.2858471228526187, 2.28788613814574, 2.2858665447968702, 2.2843412038607473, 2.285142108415946, 2.284997610709606], "val_loss": [2.70439761428833, 3.523799332046509, 2.4654208446502683, 3.1655874855041506, 2.5372193992614744, 2.6335916515350344, 2.617228109741211, 2.52817991065979, 3.2747311038970945, 2.8377582344055177, 2.7858939674377443, 2.614046189880371], "val_acc": [0.0986, 0.0987, 0.0997, 0.1, 0.1169, 0.1097, 0.1018, 0.1078, 0.102, 0.1065, 0.1059, 0.1013], "acc": [0.10682091346153846, 0.11215444711538461, 0.11806390224358974, 0.11443309294871795, 0.11550981570512821, 0.1181640625, 0.1142578125, 0.1148838141025641, 0.11876502403846154, 0.11596053685897435, 0.1165614983974359, 0.11370693108974358]}, "used_budget": 740.803395986557}