{"train_accuracy": 0.10867387820512821, "configs": {"vertical_flip": 0.7538641161606074, "pad_probability": 0.045628284628517646, "crop_upper": 0.2668692164870651, "scale_upper": 1.612236128329981, "pad_lower": 0.02629414529279095, "rotation_lower": -51, "scale_lower": 0.8028462359999713, "horizontal_flip": 0.2540877653039465, "crop_probability": 0.7337175345866014, "rotation_probability": 0.941985503093806, "rotation_upper": 85, "crop_lower": 0.051680171060333416, "pad_upper": 0.1529012968130225, "scale_probability": 0.6149548229859461}, "train_history": {"val_loss": [2.341786442565918, 2.30000581741333, 2.8442483764648436, 2.3635669380187987, 2.425674242401123, 2.8048207099914553, 2.511216822814941, 3.9820306774139405, 2.7898861278533937, 3.3738122844696044, 4.03686828956604, 3.717242423248291], "val_acc": [0.095, 0.11, 0.0989, 0.0985, 0.0989, 0.0964, 0.0986, 0.0996, 0.0987, 0.0989, 0.0987, 0.1], "acc": [0.10276442307692307, 0.10499298878205128, 0.10789763621794872, 0.107421875, 0.10614483173076923, 0.10827323717948718, 0.10682091346153846, 0.10769731570512821, 0.1053936298076923, 0.10797275641025642, 0.10789763621794872, 0.10867387820512821], "loss": [2.3002192225211706, 2.3002234246486273, 2.298664708168079, 2.297066247616059, 2.298279876892383, 2.297968966838641, 2.296902957635048, 2.2960794881368294, 2.297102309954472, 2.2961019697861795, 2.295825888713201, 2.2970445591669817]}, "augment": true, "validation_error": 0.9, "used_budget": 688.4755103588104}