{"train_accuracy": 0.11283052884615384, "configs": {"rotation_lower": -83, "rotation_probability": 0.3915435456112235, "scale_probability": 0.9951668525234217, "crop_upper": 0.2697846616065754, "pad_upper": 0.23441833373780116, "vertical_flip": 0.359389623776574, "crop_probability": 0.1364953081817366, "pad_lower": 0.0032241871599267614, "rotation_upper": 33, "crop_lower": 0.06401793783726079, "pad_probability": 0.4880362615741888, "scale_lower": 0.8717158073891615, "horizontal_flip": 0.44654172704713035, "scale_upper": 1.1899446644566767}, "validation_error": 0.899, "augment": true, "train_history": {"acc": [0.10654547275641026, 0.11072716346153846, 0.11017628205128205, 0.11485877403846154, 0.11503405448717949, 0.11288060897435898, 0.11365685096153846, 0.1116786858974359, 0.11348157051282051, 0.11443309294871795, 0.11250500801282051, 0.11283052884615384], "val_loss": [2.3170372230529783, 2.3453454029083254, 2.3062402061462404, 2.297436353302002, 3.306224758911133, 2.9160443809509276, 2.408499556350708, 2.7558732551574705, 2.720320824432373, 2.7236791397094726, 2.9632667327880857, 2.774171990966797], "val_acc": [0.1034, 0.1036, 0.1063, 0.1063, 0.1033, 0.1037, 0.1037, 0.1039, 0.1032, 0.1046, 0.103, 0.101], "loss": [2.2977479711557045, 2.291966823431162, 2.2909953685907216, 2.2898891262519054, 2.2878930897284775, 2.2886670178327804, 2.2885297483358626, 2.2884885454789186, 2.2872131826021733, 2.286775133548639, 2.2866651186576257, 2.2862548323778005]}, "used_budget": 753.817896604538}