{"configs": {"pad_upper": 0.19338158779645898, "rotation_probability": 0.653053159883536, "horizontal_flip": 0.7364482080430105, "crop_lower": 0.0918858560012447, "vertical_flip": 0.6258147899654972, "crop_upper": 0.11368576813652376, "scale_lower": 0.5871326345963391, "pad_probability": 0.6469382795805781, "rotation_lower": -60, "pad_lower": 0.023713268999819983, "scale_upper": 1.7724152253436856, "crop_probability": 0.8581562116713707, "rotation_upper": 106, "scale_probability": 0.6773498132142337}, "augment": true, "train_history": {"loss": [2.2996629499472103, 2.2979141099330707, 2.2953970913703623, 2.2944649817087712, 2.296032978174014, 2.294320905819917, 2.294110214863068, 2.2932641979975577, 2.2930328249931335, 2.2943364412356644, 2.2933139953857813, 2.2924619767910395], "val_acc": [0.1053, 0.1057, 0.1054, 0.1054, 0.1054, 0.1054, 0.1054, 0.1057, 0.1049, 0.1051, 0.1052, 0.1063], "acc": [0.10283954326923077, 0.10762219551282051, 0.10919971955128205, 0.10744691506410256, 0.10544370993589744, 0.10897435897435898, 0.11067708333333333, 0.10799779647435898, 0.11030148237179487, 0.10919971955128205, 0.11190404647435898, 0.1109775641025641], "val_loss": [2.325581904220581, 2.3044328548431396, 3.044082978820801, 4.270499395751953, 2.814080824279785, 3.356873380279541, 2.7955021705627443, 2.589571283721924, 2.5469154026031493, 3.1189758827209473, 2.9900578289031983, 2.6725057098388674]}, "used_budget": 754.6636054515839, "validation_error": 0.8936999999999999, "train_accuracy": 0.1109775641025641}