{"used_budget": 738.263829946518, "configs": {"pad_upper": 0.1523357003467704, "crop_probability": 0.6212296283255225, "scale_probability": 0.19084183785820408, "vertical_flip": 0.7654402325653922, "scale_upper": 1.1716418937934334, "pad_probability": 0.17759972572365768, "pad_lower": 0.052305452216336513, "scale_lower": 0.6688855082078962, "crop_upper": 0.2041769522610247, "rotation_probability": 0.060048407076403354, "rotation_upper": 5, "crop_lower": 0.018317553589865032, "horizontal_flip": 0.7677145204923699, "rotation_lower": -135}, "augment": true, "train_accuracy": 0.14510717147435898, "validation_error": 0.8891, "train_history": {"val_loss": [2.4001585998535155, 2.426052389526367, 2.55610327796936, 2.6788125324249266, 2.6221908630371096, 2.8406103042602537, 2.629013133239746, 2.652834065246582, 2.357996879196167, 2.448217686843872, 2.4042648185729982, 2.6354699813842775], "val_acc": [0.1004, 0.1002, 0.1002, 0.1017, 0.0988, 0.1013, 0.1016, 0.1152, 0.1282, 0.1149, 0.1219, 0.1109], "loss": [2.2843202428940015, 2.2706656876282816, 2.264692328679256, 2.262556090568885, 2.2595225221071487, 2.256961097319921, 2.2542943977392635, 2.2512342486626062, 2.251906780860363, 2.25174732085986, 2.2485188131148997, 2.243712577300194], "acc": [0.12444911858974358, 0.1352664262820513, 0.13731971153846154, 0.13739483173076922, 0.13787059294871795, 0.1408253205128205, 0.1437049278846154, 0.14177684294871795, 0.14372996794871795, 0.1417518028846154, 0.14398036858974358, 0.14510717147435898]}}