{"configs": {"scale_lower": 0.786247934709833, "crop_probability": 0.29950299377566514, "horizontal_flip": 0.8284076105742322, "rotation_probability": 0.9405057962650449, "scale_upper": 1.602548322549323, "scale_probability": 0.07756542257681676, "pad_upper": 0.2699312867407955, "pad_lower": 0.005936674472360615, "pad_probability": 0.6991758917731189, "rotation_lower": -109, "crop_upper": 0.19982624449540565, "crop_lower": 0.04402071162307445, "vertical_flip": 0.3651604598046553, "rotation_upper": 142}, "used_budget": 744.4113817214966, "train_accuracy": 0.11868990384615384, "augment": true, "train_history": {"acc": [0.10737179487179487, 0.11245492788461539, 0.11538461538461539, 0.11525941506410256, 0.11788862179487179, 0.11791366185897435, 0.11200420673076923, 0.1143329326923077, 0.11573517628205128, 0.11596053685897435, 0.11708733974358974, 0.11868990384615384], "val_acc": [0.0993, 0.0993, 0.0993, 0.0993, 0.0993, 0.0992, 0.0993, 0.0991, 0.0974, 0.0993, 0.0993, 0.0991], "loss": [2.298419552735793, 2.29336900359545, 2.292135253166541, 2.2901599208513894, 2.290823303736173, 2.289927366452339, 2.2906156594936666, 2.289130608240763, 2.288746654987335, 2.2907006327922526, 2.289172705167379, 2.2871375679969788], "val_loss": [2.444906364440918, 2.3911510292053224, 2.719509131240845, 2.7333928081512453, 2.610496621322632, 2.5946868938446044, 2.9985492092132566, 2.8798327995300292, 2.4292891456604004, 3.4974241371154786, 3.6210994762420654, 3.271839205932617]}, "validation_error": 0.9009}