{"augment": true, "configs": {"rotation_upper": 28, "pad_probability": 0.9836366262895508, "crop_lower": 0.000659652776887576, "crop_probability": 0.5291999984101925, "horizontal_flip": 0.6155729563056432, "pad_lower": 0.02195977148529428, "scale_upper": 1.0490789199552613, "crop_upper": 0.17081418376999918, "rotation_probability": 0.7163822527096206, "scale_probability": 0.31212169149015523, "rotation_lower": -171, "vertical_flip": 0.5027518387183157, "pad_upper": 0.127216844476732, "scale_lower": 0.9890122065708289}, "used_budget": 751.5466957092285, "validation_error": 0.8995, "train_history": {"val_acc": [0.1005, 0.101, 0.0996, 0.1, 0.1, 0.1, 0.1, 0.0999, 0.0999, 0.1, 0.0998, 0.1005], "loss": [2.2969856445605936, 2.294212301572164, 2.2932127729440346, 2.2909606221394663, 2.2892633982193775, 2.288090997781509, 2.288796141361579, 2.2873336657499657, 2.2881605884967704, 2.2872659541093388, 2.287229891006763, 2.285686122301297], "acc": [0.10942508012820513, 0.11185396634615384, 0.11090244391025642, 0.11400741185897435, 0.11385717147435898, 0.11478365384615384, 0.11263020833333333, 0.1148838141025641, 0.11616085737179487, 0.11566005608974358, 0.11889022435897435, 0.11688701923076923], "val_loss": [2.526899861907959, 2.595310301208496, 2.673463658905029, 2.426008544921875, 3.3296465141296387, 3.0503484729766845, 2.8142495517730715, 3.362664219665527, 2.676986365509033, 2.860895903778076, 2.9597750507354736, 2.97091236038208]}, "train_accuracy": 0.11688701923076923}