{"used_budget": 696.8376698493958, "augment": true, "train_history": {"val_loss": [2.4082919563293457, 2.330612268829346, 2.901366146850586, 2.8520601402282715, 2.75101376953125, 3.0105844924926757, 2.7604307914733885, 3.012680841064453, 2.7451024227142335, 3.1271079452514647, 3.635554517364502, 4.421945372009278], "val_acc": [0.1017, 0.0947, 0.1022, 0.1003, 0.1007, 0.0976, 0.0978, 0.0958, 0.1046, 0.1061, 0.0949, 0.103], "acc": [0.10616987179487179, 0.10584435096153846, 0.10789763621794872, 0.10779747596153846, 0.10854867788461539, 0.10837339743589744, 0.10985076121794872, 0.10957532051282051, 0.1087489983974359, 0.10955028044871795, 0.11057692307692307, 0.10634515224358974], "loss": [2.300082349624389, 2.2971614377620893, 2.294997594295404, 2.2945855473860717, 2.294341830871044, 2.295251102019579, 2.2929970010732994, 2.292475626254693, 2.2937124845309134, 2.29354796730555, 2.292238107094398, 2.292260088981726]}, "configs": {"scale_probability": 0.9270605816726238, "crop_lower": 0.03488580305307287, "scale_lower": 0.9419542146113329, "rotation_probability": 0.5395626078809336, "pad_upper": 0.1204299258246655, "pad_lower": 0.005634049742380709, "scale_upper": 1.8333444435960593, "crop_probability": 0.026928077230049863, "pad_probability": 0.9821140107907447, "rotation_upper": 8, "crop_upper": 0.16442201728165498, "vertical_flip": 0.22641033021681034, "horizontal_flip": 0.14034840985812402, "rotation_lower": -83}, "validation_error": 0.897, "train_accuracy": 0.10634515224358974}