{"configs": {"crop_upper": 0.14102243791224373, "pad_probability": 0.3659950672353539, "pad_upper": 0.12329160353543128, "crop_probability": 0.07522790485652786, "scale_probability": 0.9703904688025916, "pad_lower": 0.00821999526719458, "rotation_upper": 117, "vertical_flip": 0.4015202995124695, "crop_lower": 0.04338646316525507, "scale_lower": 0.7465626194293635, "horizontal_flip": 0.42807061877791963, "rotation_lower": -103, "rotation_probability": 0.7067838930694219, "scale_upper": 1.3402720575678337}, "validation_error": 0.9024, "used_budget": 752.0383825302124, "train_accuracy": 0.11253004807692307, "augment": true, "train_history": {"acc": [0.10629507211538461, 0.10932491987179487, 0.11087740384615384, 0.10907451923076923, 0.11245492788461539, 0.11047676282051282, 0.10854867788461539, 0.11022636217948718, 0.11112780448717949, 0.11423277243589744, 0.11275540865384616, 0.11253004807692307], "val_loss": [2.2979795528411864, 2.308077095413208, 2.629154211807251, 2.3584158466339114, 2.853795492553711, 2.5079574447631834, 2.45002770614624, 2.6522174167633055, 3.2028483375549315, 3.7615032329559326, 3.677380870819092, 4.473147297286987], "val_acc": [0.0979, 0.0973, 0.0977, 0.1082, 0.0978, 0.097, 0.0974, 0.0962, 0.0967, 0.0973, 0.1019, 0.0976], "loss": [2.298225300434308, 2.2956062952677407, 2.2937486408612666, 2.2938710221877465, 2.29247086476057, 2.2930415203938117, 2.2910993901582866, 2.2926267821055193, 2.2910915246376624, 2.2914505234131446, 2.290800569149164, 2.2907656614597025]}}