{"validation_error": 0.8963, "used_budget": 777.498517036438, "augment": true, "train_accuracy": 0.10782251602564102, "configs": {"rotation_probability": 0.3805983889666327, "crop_lower": 0.052329913995445655, "crop_upper": 0.1892499060279983, "scale_upper": 1.9270148253004367, "pad_upper": 0.20278318337899431, "rotation_lower": -113, "rotation_upper": 64, "pad_probability": 0.23229094049263965, "horizontal_flip": 0.43006112175524724, "crop_probability": 0.9409990579058679, "scale_lower": 0.8143040131340247, "pad_lower": 0.02069494802429264, "vertical_flip": 0.4791010804647816, "scale_probability": 0.810432650056576}, "train_history": {"loss": [2.3005882532168656, 2.299054821332296, 2.2968645019408984, 2.2961891996554837, 2.2956883043814926, 2.295178470703272, 2.295908583280368, 2.2938423790992837, 2.295873292745688, 2.2948452020302796, 2.2934644382733564, 2.2939492013209906], "val_loss": [2.30233468208313, 2.3860629974365235, 2.3432760414123535, 5.584835717773437, 3.3066546585083008, 2.9705940036773684, 3.4341965362548827, 3.2449410236358642, 2.515218022918701, 3.214318046951294, 2.940486038208008, 2.7839024208068848], "val_acc": [0.1082, 0.1034, 0.1039, 0.1037, 0.1037, 0.1035, 0.1029, 0.1033, 0.1034, 0.1037, 0.1036, 0.1037], "acc": [0.10153745993589744, 0.10564403044871795, 0.10614483173076923, 0.10907451923076923, 0.10601963141025642, 0.1073467548076923, 0.10985076121794872, 0.10744691506410256, 0.10747195512820513, 0.10924979967948718, 0.10629507211538461, 0.10782251602564102]}}