{"train_history": {"loss": [2.299367058735627, 2.296199234632345, 2.295032256688827, 2.2930839359760284, 2.2929570239323835, 2.292515808191055, 2.290905620043094, 2.291110483499674, 2.2930510013531418, 2.2914370397726693, 2.2919113628375225, 2.29006775143819], "acc": [0.10421674679487179, 0.11197916666666667, 0.1112530048076923, 0.11525941506410256, 0.11403245192307693, 0.11192908653846154, 0.11393229166666667, 0.1151592548076923, 0.11313100961538461, 0.11373197115384616, 0.11373197115384616, 0.11310596955128205], "val_loss": [2.3802639266967773, 2.558565040588379, 2.4018853122711183, 2.637829962539673, 2.65476379737854, 3.234812887954712, 2.598447492980957, 4.256323380279541, 2.492721324157715, 2.4995833953857423, 2.5598529640197754, 3.1681975158691404], "val_acc": [0.1048, 0.0984, 0.0982, 0.0975, 0.0983, 0.0984, 0.1021, 0.0984, 0.0983, 0.0984, 0.0984, 0.1007]}, "validation_error": 0.8993, "configs": {"rotation_probability": 0.3292237182646319, "scale_lower": 0.5494781019363724, "scale_probability": 0.7939302574368482, "rotation_lower": -139, "crop_upper": 0.236894390720629, "horizontal_flip": 0.1342856616809951, "pad_lower": 0.09360033314214328, "vertical_flip": 0.532860913267416, "crop_lower": 0.05781701317922795, "pad_upper": 0.28394057790794225, "crop_probability": 0.49795696317941907, "scale_upper": 1.6525943080756036, "rotation_upper": 116, "pad_probability": 0.37665747587644394}, "used_budget": 741.1271493434906, "augment": true, "train_accuracy": 0.11310596955128205}