{"configs": {"horizontal_flip": 0.6988150262081863, "vertical_flip": 0.6626591113536542, "pad_lower": 0.09742481491317502, "rotation_probability": 0.3618744600214694, "scale_lower": 0.7327514687807243, "rotation_lower": -80, "crop_probability": 0.6050813814638271, "scale_probability": 0.7962515623904671, "rotation_upper": 92, "scale_upper": 1.0888718655264444, "crop_lower": 0.012489086656295124, "pad_upper": 0.23919657806227815, "pad_probability": 0.8399209332524241, "crop_upper": 0.19635343322992854}, "used_budget": 684.5762815475464, "train_history": {"val_acc": [0.1008, 0.1002, 0.1412, 0.1421, 0.1013, 0.134, 0.0938, 0.0988, 0.0993, 0.0986, 0.1012, 0.0997], "acc": [0.10659555288461539, 0.11122796474358974, 0.1132061298076923, 0.11202924679487179, 0.11405749198717949, 0.11385717147435898, 0.11601061698717949, 0.11345653044871795, 0.11298076923076923, 0.11688701923076923, 0.11626101762820513, 0.1180889423076923], "val_loss": [2.4570927406311034, 2.345530672454834, 2.2890208808898924, 2.293207247924805, 2.3093516822814943, 2.291696070098877, 2.319153625869751, 2.7062830055236815, 2.809068544006348, 2.495571744918823, 2.791135104751587, 2.7621721527099607], "loss": [2.2968140840530396, 2.2938962372449727, 2.290761321783066, 2.2899026840161056, 2.2900436520576477, 2.289957057971221, 2.288158368605834, 2.286986399919559, 2.28946683040032, 2.287188803538298, 2.286970775096844, 2.2870264443067403]}, "augment": true, "train_accuracy": 0.1180889423076923, "validation_error": 0.9003}