{"used_budget": 700.2781641483307, "train_history": {"val_acc": [0.0959, 0.0962, 0.0998, 0.0957, 0.0979, 0.0959, 0.0983, 0.0959, 0.0959, 0.0961, 0.1171, 0.0983], "loss": [2.2993953755268683, 2.2971501709559026, 2.295318364332884, 2.2957481168783627, 2.2942782655740395, 2.294918045783654, 2.2934782848908353, 2.2931614151367774, 2.29363660246898, 2.2917380134264627, 2.2932483576811276, 2.293333430320789], "val_loss": [2.328607890701294, 2.6057299369812013, 2.3481043731689453, 2.7750771797180174, 2.316015867614746, 2.631166858291626, 2.4058289825439454, 2.8543743209838865, 3.1490718151092527, 2.627498320770264, 2.721338540649414, 3.017790742111206], "acc": [0.10752203525641026, 0.10654547275641026, 0.10764723557692307, 0.10642027243589744, 0.111328125, 0.10980068108974358, 0.1077724358974359, 0.11330629006410256, 0.10869891826923077, 0.11185396634615384, 0.10932491987179487, 0.11315604967948718]}, "validation_error": 0.9017, "train_accuracy": 0.11315604967948718, "augment": true, "configs": {"crop_upper": 0.17727388584001263, "crop_probability": 0.05386522119346637, "rotation_probability": 0.9467961376548358, "scale_lower": 0.9709535385795822, "crop_lower": 0.025981177106066757, "pad_lower": 0.046860688133608275, "rotation_lower": -113, "pad_upper": 0.24416438316344657, "rotation_upper": 166, "horizontal_flip": 0.20642210104941783, "scale_probability": 0.612393158721404, "scale_upper": 1.6423738631894298, "pad_probability": 0.4355453151044839, "vertical_flip": 0.8733114753642878}}