{"configs": {"scale_probability": 0.1670608545815515, "pad_probability": 0.7130443819863088, "crop_probability": 0.29386695875893076, "crop_upper": 0.29612154046070666, "rotation_probability": 0.36705305686195044, "horizontal_flip": 0.2739223998162271, "scale_lower": 0.9510958794213715, "pad_upper": 0.23814362169355766, "rotation_upper": 161, "vertical_flip": 0.943891538761121, "scale_upper": 1.39339297676095, "crop_lower": 0.025102314182134045, "rotation_lower": -73, "pad_lower": 0.06311179970810003}, "train_accuracy": 0.13030849358974358, "validation_error": 0.8968, "used_budget": 732.287440776825, "augment": true, "train_history": {"val_loss": [2.3467502502441406, 2.7077608741760253, 2.4248270004272463, 2.6511332679748536, 2.923329055786133, 2.5054348232269286, 2.614105355834961, 3.2957545219421385, 3.414391276168823, 2.748748416900635, 3.3954700374603273, 2.5290378871917722], "loss": [2.2913415080461745, 2.2829278035041614, 2.276360726509339, 2.2746845797086372, 2.2751312454541526, 2.271998413862326, 2.2677551164076877, 2.272092199478394, 2.271861324707667, 2.269375253182191, 2.271399982464619, 2.268615553776423], "val_acc": [0.0927, 0.109, 0.1145, 0.105, 0.1029, 0.1028, 0.1031, 0.1027, 0.1026, 0.1032, 0.1027, 0.1032], "acc": [0.11545973557692307, 0.11956630608974358, 0.12595152243589744, 0.12732872596153846, 0.12627704326923078, 0.13005809294871795, 0.12790464743589744, 0.12732872596153846, 0.126953125, 0.13020833333333334, 0.1292568108974359, 0.13030849358974358]}}