{"augment": true, "used_budget": 667.1206378936768, "train_accuracy": 0.1255008012820513, "validation_error": 0.8974, "configs": {"scale_lower": 0.9486707662708327, "pad_lower": 0.01882697201351509, "pad_probability": 0.33666021576497385, "scale_upper": 1.5208527748496756, "vertical_flip": 0.2561175649687518, "crop_upper": 0.17743630513276484, "rotation_lower": -115, "crop_lower": 0.0794152377270061, "crop_probability": 0.047854152918793025, "horizontal_flip": 0.1162292672233306, "scale_probability": 0.13461350449482634, "pad_upper": 0.29616786633631786, "rotation_probability": 0.6681946118549072, "rotation_upper": 64}, "train_history": {"val_loss": [2.3133999031066894, 2.5334308982849123, 2.5429701107025147, 2.532856308746338, 2.6987055206298827, 2.5021255798339843, 2.8827430770874023, 2.720432007598877, 3.0744569763183596, 2.4228014572143555, 3.4131523452758787, 3.451260358428955], "loss": [2.29298045925605, 2.2858867110350194, 2.2809703961396828, 2.2800717170421896, 2.2760435854777312, 2.2790559889414372, 2.275527840241408, 2.275833181845836, 2.2739546176714773, 2.272917313453479, 2.273600458334654, 2.2718409582590446], "val_acc": [0.1023, 0.1023, 0.1023, 0.1023, 0.1022, 0.1025, 0.1025, 0.1028, 0.1028, 0.1029, 0.1029, 0.1026], "acc": [0.11192908653846154, 0.11884014423076923, 0.12084334935897435, 0.12267127403846154, 0.1246494391025641, 0.12104366987179487, 0.12282151442307693, 0.12181991185897435, 0.12697816506410256, 0.12512520032051283, 0.12505008012820512, 0.1255008012820513]}}