{"used_budget": 736.1753706932068, "configs": {"scale_probability": 0.22889733702471615, "scale_upper": 1.2200694044909182, "vertical_flip": 0.7640694190576758, "crop_probability": 0.07601177886905619, "rotation_probability": 0.06418149748485058, "crop_lower": 0.027771580798944297, "rotation_upper": 21, "scale_lower": 0.6968686783514206, "pad_probability": 0.5844788040679733, "rotation_lower": -68, "pad_lower": 0.047824724331073015, "pad_upper": 0.29129881229845034, "crop_upper": 0.2690139788304612, "horizontal_flip": 0.4265288392853336}, "validation_error": 0.8996, "augment": true, "train_accuracy": 0.14282852564102563, "train_history": {"loss": [2.2844183582525988, 2.2720122803480196, 2.265595005872922, 2.2627681012337026, 2.2601018975942564, 2.255509321506207, 2.259429712326099, 2.259201704691618, 2.2537685617422447, 2.2501737842193017, 2.249952433200983, 2.2493160588619037], "acc": [0.1246494391025641, 0.13256209935897437, 0.1365685096153846, 0.1380458733974359, 0.13403946314102563, 0.1378455528846154, 0.14245292467948717, 0.13579226762820512, 0.13639322916666666, 0.14019931891025642, 0.14095052083333334, 0.14282852564102563], "val_loss": [2.288768927001953, 2.491358055114746, 2.318698324584961, 2.41932649269104, 2.7382516708374025, 2.8122219257354737, 2.3896318367004397, 2.5762630718231203, 2.682178268432617, 2.5822641098022463, 2.441144136047363, 2.5866580768585203], "val_acc": [0.1104, 0.0986, 0.0993, 0.0991, 0.0987, 0.0986, 0.1007, 0.1004, 0.0983, 0.0996, 0.0998, 0.1004]}}