{"train_history": {"val_loss": [2.368543157196045, 2.8496387977600097, 2.892847129058838, 2.5519871326446535, 2.8121222114562987, 3.8212236007690428, 2.3358215965270994, 2.324656071472168, 2.9757479499816895, 3.715374188232422, 3.508647565460205, 2.9120190521240232], "val_acc": [0.0993, 0.0993, 0.0993, 0.0991, 0.0993, 0.0993, 0.0969, 0.0955, 0.0992, 0.0993, 0.0993, 0.0985], "loss": [2.300351089391953, 2.300000895292331, 2.2988429291126056, 2.2981460873897257, 2.297227454491151, 2.296667986191236, 2.2969935757991595, 2.297547234938695, 2.2958635152914586, 2.2961605267646985, 2.296499272951713, 2.2955489418445487], "acc": [0.10654547275641026, 0.10494290865384616, 0.10569411057692307, 0.1094501201923077, 0.10837339743589744, 0.10594451121794872, 0.11142828525641026, 0.10489282852564102, 0.10772235576923077, 0.10782251602564102, 0.1100010016025641, 0.11212940705128205]}, "configs": {"scale_lower": 0.894763958083588, "pad_probability": 0.7127592267097239, "scale_upper": 1.826562094431619, "pad_lower": 0.003091829769711774, "rotation_lower": -69, "crop_probability": 0.25261885248641125, "crop_lower": 0.039082941314805233, "crop_upper": 0.1832484955810531, "rotation_probability": 0.8520295976576873, "rotation_upper": 177, "horizontal_flip": 0.6612969982469472, "scale_probability": 0.7733456743314743, "vertical_flip": 0.708262318069855, "pad_upper": 0.23245794485968072}, "augment": true, "used_budget": 697.3242311477661, "train_accuracy": 0.11212940705128205, "validation_error": 0.9015}