{"augment": true, "validation_error": 0.8862, "used_budget": 743.8119537830353, "configs": {"rotation_lower": -160, "crop_upper": 0.19616399416306135, "rotation_upper": 75, "crop_lower": 0.027540687543242827, "crop_probability": 0.18984457356440143, "scale_lower": 0.942996360753686, "horizontal_flip": 0.63675629032058, "pad_probability": 0.8736372845574509, "scale_probability": 0.6211480728640485, "scale_upper": 1.545567419630233, "vertical_flip": 0.051506084309923206, "pad_lower": 0.03460907288514366, "pad_upper": 0.22452547464249017, "rotation_probability": 0.10172376320221022}, "train_accuracy": 0.12349759615384616, "train_history": {"val_acc": [0.105, 0.1248, 0.0987, 0.0989, 0.1157, 0.0974, 0.1133, 0.0975, 0.0971, 0.0964, 0.1118, 0.1138], "val_loss": [2.3251352447509768, 2.709724634170532, 2.55887964553833, 2.4657119537353513, 2.9963158226013182, 2.595183056640625, 2.512270950317383, 2.94536329536438, 2.4895794059753418, 3.000947006225586, 3.685577367019653, 2.7169381896972657], "acc": [0.11631109775641026, 0.11691205929487179, 0.12076822916666667, 0.12279647435897435, 0.12222055288461539, 0.12494991987179487, 0.12099358974358974, 0.12202023237179487, 0.12372295673076923, 0.12056790865384616, 0.1220703125, 0.12349759615384616], "loss": [2.2915525421118126, 2.2843981087207794, 2.2811283515049863, 2.2782254761610274, 2.2794596132559652, 2.2741755713254976, 2.2793524945393586, 2.275968596721307, 2.2752982714237313, 2.277240274808346, 2.271611267939592, 2.2735108855443125]}}