{"configs": {"pad_upper": 0.17904359964714137, "horizontal_flip": 0.9813939990917077, "rotation_probability": 0.8886939986299232, "scale_lower": 0.5805326780999212, "scale_upper": 1.9480381358056063, "rotation_upper": 171, "scale_probability": 0.059212368468432364, "crop_upper": 0.13252018528306803, "rotation_lower": -107, "pad_probability": 0.9959113964835151, "pad_lower": 0.08749441024540239, "crop_probability": 0.8963769959963053, "vertical_flip": 0.29815240045230573, "crop_lower": 0.02437747377212418}, "train_accuracy": 0.11315604967948718, "used_budget": 673.4596073627472, "augment": true, "train_history": {"loss": [2.2970816233219247, 2.2938447136145372, 2.291295703404989, 2.2922419149142046, 2.2895101056649136, 2.2888117172779183, 2.290322047013503, 2.288498347386336, 2.2888666093349457, 2.288844120808137, 2.2882065054697867, 2.2891858426424174], "val_loss": [2.342489991760254, 2.4812169654846192, 2.6737851291656494, 2.5761776290893557, 3.7494523620605467, 2.620584650039673, 2.5409465148925783, 3.679873112487793, 2.638608003234863, 3.296695985031128, 3.193663694763184, 2.4922592510223387], "acc": [0.10379106570512821, 0.11147836538461539, 0.11310596955128205, 0.11350661057692307, 0.11520933493589744, 0.11373197115384616, 0.11330629006410256, 0.1161358173076923, 0.11308092948717949, 0.10985076121794872, 0.11448317307692307, 0.11315604967948718], "val_acc": [0.0977, 0.0963, 0.0961, 0.0963, 0.096, 0.0964, 0.0963, 0.096, 0.0967, 0.0961, 0.0962, 0.096]}, "validation_error": 0.904}