{"used_budget": 662.1848609447479, "configs": {"rotation_lower": -81, "pad_upper": 0.1857931706331909, "pad_lower": 0.0297796669244492, "rotation_probability": 0.024783352418504268, "vertical_flip": 0.649035324437401, "rotation_upper": 69, "horizontal_flip": 0.33768409242692, "scale_upper": 1.958439567328611, "pad_probability": 0.05962093895311127, "scale_lower": 0.8091563664272152, "crop_upper": 0.19982673820832264, "scale_probability": 0.3700962846908594, "crop_probability": 0.3066194362578779, "crop_lower": 0.05967151693112275}, "validation_error": 0.9, "augment": true, "train_history": {"loss": [2.286259424992097, 2.2740605977865367, 2.269804529654674, 2.266013357883845, 2.2605041617002244, 2.260812582877966, 2.2559946232881303, 2.2559766662426486, 2.2538031240304313, 2.2535487031325316, 2.2505899637173385, 2.2508975817606998], "val_loss": [3.4438307777404784, 2.498856600570679, 2.976754777908325, 2.83901379699707, 2.577895670700073, 2.7004528953552245, 2.8797228790283205, 2.9077031505584716, 2.752328903961182, 2.8789172981262205, 2.650232027435303, 3.2719785301208497], "acc": [0.12232071314102565, 0.13118489583333334, 0.13411458333333334, 0.13408954326923078, 0.13736979166666666, 0.13596754807692307, 0.1407752403846154, 0.13739483173076922, 0.14122596153846154, 0.14039963942307693, 0.14157652243589744, 0.13967347756410256], "val_acc": [0.1002, 0.1005, 0.1002, 0.1004, 0.0993, 0.0982, 0.0993, 0.0997, 0.0989, 0.0987, 0.1003, 0.1]}, "train_accuracy": 0.13967347756410256}