{"train_history": {"val_loss": [2.2910378440856936, 2.467423422241211, 2.2914576488494873, 2.315820721817017, 2.384626457977295, 2.6001222717285155, 2.439223199081421, 2.327147187805176, 2.380699239730835, 2.4922153259277344, 5.048453402709961, 2.517885261154175], "acc": [0.10642027243589744, 0.10882411858974358, 0.11040164262820513, 0.1090244391025641, 0.1119541266025641, 0.11115284455128205, 0.11415765224358974, 0.11207932692307693, 0.11440805288461539, 0.11413261217948718, 0.11535957532051282, 0.11217948717948718], "loss": [2.2984833747912674, 2.294709013822751, 2.2943671353352375, 2.2924462908353562, 2.292237218373861, 2.291353477117343, 2.291216870148977, 2.2911992225891504, 2.291299207088275, 2.291200415446208, 2.2894784930424814, 2.2909757601909146], "val_acc": [0.1084, 0.0993, 0.1194, 0.1014, 0.1, 0.1059, 0.1008, 0.1033, 0.1041, 0.1023, 0.099, 0.1025]}, "used_budget": 683.9932532310486, "configs": {"scale_upper": 1.015603403765146, "pad_upper": 0.1771613874216303, "pad_probability": 0.23928787919096906, "crop_probability": 0.21913892456281625, "pad_lower": 0.06884612728109525, "horizontal_flip": 0.3678294466226346, "vertical_flip": 0.3293950426167457, "scale_lower": 0.5768680733670892, "rotation_lower": -71, "crop_lower": 0.07677163925457804, "rotation_probability": 0.9021313271197189, "crop_upper": 0.10931073910234741, "rotation_upper": 90, "scale_probability": 0.6199912095083376}, "augment": true, "train_accuracy": 0.11217948717948718, "validation_error": 0.8975}