{"train_accuracy": 0.1224208733974359, "used_budget": 742.2514939308167, "augment": true, "validation_error": 0.8963, "configs": {"pad_probability": 0.8938811241818085, "scale_probability": 0.4947235730867947, "crop_lower": 0.024431113827653353, "horizontal_flip": 0.855766017683115, "scale_lower": 0.9848601893184612, "scale_upper": 1.990856658822243, "crop_upper": 0.13995035520479931, "crop_probability": 0.6651355818630535, "rotation_upper": 76, "pad_upper": 0.12500114552787928, "vertical_flip": 0.7833241809732358, "rotation_probability": 0.034012311449301724, "pad_lower": 0.045230017336542465, "rotation_lower": -4}, "train_history": {"val_loss": [2.2996025764465333, 3.030610093688965, 3.089764013671875, 2.778333570098877, 2.9217905113220213, 2.689540548324585, 3.9345007858276366, 3.3289186069488523, 2.605342013168335, 2.9899428966522215, 2.866187833404541, 3.445337865447998], "loss": [2.294684948829504, 2.2870499858489404, 2.2847132239586267, 2.2834579104032273, 2.279469043780596, 2.2812395928761897, 2.2797875755872483, 2.2786570611672525, 2.2775073731556916, 2.2762553760638604, 2.277497494067901, 2.2762750540024195], "val_acc": [0.1086, 0.1009, 0.1008, 0.1009, 0.101, 0.1014, 0.1011, 0.1011, 0.1026, 0.1026, 0.1036, 0.1037], "acc": [0.1142578125, 0.11818910256410256, 0.11858974358974358, 0.12069310897435898, 0.11673677884615384, 0.12021734775641026, 0.1204677483974359, 0.12031750801282051, 0.12412359775641026, 0.12487479967948718, 0.12537560096153846, 0.1224208733974359]}}