{"configs": {"pad_lower": 0.017450213975784112, "horizontal_flip": 0.15576487227664382, "pad_upper": 0.13822324584099516, "rotation_upper": 40, "crop_upper": 0.21745153917564347, "rotation_lower": -179, "crop_lower": 0.026997111867658574, "rotation_probability": 0.25462597887375993, "crop_probability": 0.7036091495181911, "scale_probability": 0.28982681533039567, "scale_lower": 0.5076905227051718, "scale_upper": 1.0454951221478066, "pad_probability": 0.7320613372885021, "vertical_flip": 0.07595814392749889}, "train_history": {"loss": [2.290237613213368, 2.284155994653702, 2.2792398104300866, 2.277240575124056, 2.276206220571811, 2.2762223994120574, 2.2749127447605133, 2.2743978072435427, 2.2710890892224436, 2.2731495002905526, 2.273480095160313, 2.2715199085382314], "val_loss": [2.2976008617401122, 2.30707866897583, 2.7266811443328858, 2.3160079959869386, 2.342403160095215, 2.3073248516082763, 2.5661038105010987, 2.5266040977478026, 2.58647926902771, 2.5490113883972167, 2.674875642776489, 3.080897183227539], "val_acc": [0.1172, 0.0947, 0.0946, 0.0948, 0.0948, 0.0976, 0.0946, 0.0943, 0.0946, 0.0947, 0.0946, 0.0946], "acc": [0.11458333333333333, 0.12036758814102565, 0.12229567307692307, 0.12257111378205128, 0.12542568108974358, 0.12299679487179487, 0.1236728766025641, 0.12557592147435898, 0.12888120993589744, 0.12372295673076923, 0.1273036858974359, 0.12755408653846154]}, "validation_error": 0.9054, "augment": true, "train_accuracy": 0.12755408653846154, "used_budget": 667.3628261089325}