{"augment": true, "validation_error": 0.8897, "configs": {"pad_upper": 0.12206516298589316, "rotation_upper": 0, "crop_lower": 0.05993875396732067, "crop_upper": 0.27052643768699536, "pad_lower": 0.06904930606317503, "scale_lower": 0.784548813709417, "scale_probability": 0.31604482294695957, "crop_probability": 0.1626576597249082, "horizontal_flip": 0.21656457437154764, "vertical_flip": 0.6895905557053293, "scale_upper": 1.2740278989403293, "rotation_probability": 0.15033890205329958, "pad_probability": 0.24290341546031846, "rotation_lower": -160}, "train_history": {"val_acc": [0.1029, 0.1027, 0.1028, 0.1026, 0.1019, 0.1025, 0.104, 0.1028, 0.1149, 0.1146, 0.1047, 0.1103], "val_loss": [2.33486961479187, 2.5068601066589355, 2.708101432418823, 2.448838162994385, 2.608299522399902, 2.9787629768371584, 2.4121045547485354, 2.8341700454711916, 2.7221166961669923, 2.4362102714538576, 3.101687964630127, 3.0594704414367677], "loss": [2.285732791209832, 2.271438975364734, 2.2647405526576896, 2.2630490431418786, 2.256711163581946, 2.2561256266557255, 2.25433815519015, 2.2521252624499493, 2.253093883013114, 2.2499699539098983, 2.2517589093782964, 2.248299486362017], "acc": [0.12109375, 0.13178585737179488, 0.13564202724358973, 0.1370693108974359, 0.1390224358974359, 0.14017427884615385, 0.14190204326923078, 0.1380458733974359, 0.1407752403846154, 0.14057491987179488, 0.14182692307692307, 0.14220252403846154]}, "train_accuracy": 0.14220252403846154, "used_budget": 664.7612991333008}