{"used_budget": 744.4989805221558, "validation_error": 0.8992, "train_accuracy": 0.11345653044871795, "train_history": {"val_loss": [2.3027537784576415, 2.3462331520080566, 2.2973259006500246, 2.458484021759033, 2.3730407985687254, 2.4172430278778076, 4.13901291809082, 2.6405755966186524, 2.7194333457946778, 2.830395457458496, 4.929516726684571, 2.9445675033569336], "acc": [0.107421875, 0.11235476762820513, 0.11310596955128205, 0.11258012820512821, 0.1126552483974359, 0.11478365384615384, 0.11368189102564102, 0.11738782051282051, 0.11313100961538461, 0.11513421474358974, 0.11172876602564102, 0.11345653044871795], "loss": [2.2967954660073304, 2.292010472371028, 2.291159777305065, 2.289337002314054, 2.285656130466706, 2.2861368984748154, 2.2873360820305653, 2.286329414599981, 2.2866324461423435, 2.284217450863276, 2.285858913874015, 2.2846962075967054], "val_acc": [0.1054, 0.1042, 0.1148, 0.1004, 0.1137, 0.1016, 0.0967, 0.1002, 0.0996, 0.1021, 0.0989, 0.1008]}, "configs": {"pad_lower": 0.03736253416348872, "scale_upper": 1.0194526949735807, "crop_upper": 0.2223957590631474, "pad_probability": 0.3959159956640982, "pad_upper": 0.15569215435223818, "rotation_upper": 26, "scale_probability": 0.5137357367612255, "crop_lower": 0.018368800221291372, "crop_probability": 0.1724732412814992, "rotation_lower": -77, "scale_lower": 0.7482141208610648, "horizontal_flip": 0.7258546741262651, "rotation_probability": 0.9031440832407037, "vertical_flip": 0.9775824948484693}, "augment": true}