{"train_accuracy": 0.11736278044871795, "augment": true, "used_budget": 678.6209104061127, "train_history": {"val_acc": [0.1024, 0.1025, 0.1023, 0.1035, 0.1023, 0.1029, 0.1022, 0.1029, 0.1021, 0.1021, 0.1028, 0.1022], "val_loss": [2.3976641246795656, 2.3475487991333006, 3.6054201942443846, 2.384166017150879, 2.6727851638793947, 3.455348999404907, 3.0691378784179686, 2.541892324066162, 3.464424821472168, 3.947805435180664, 2.8833294120788575, 3.2854858726501464], "acc": [0.10689603365384616, 0.10997596153846154, 0.11127804487179487, 0.11631109775641026, 0.11385717147435898, 0.11443309294871795, 0.11455829326923077, 0.11801382211538461, 0.11465845352564102, 0.11676181891025642, 0.11405749198717949, 0.11736278044871795], "loss": [2.2989053970728164, 2.295608842220062, 2.293367039698821, 2.2909864469980583, 2.2913602659335504, 2.2919823137613444, 2.2896955074408116, 2.2889030354145246, 2.2891966585929575, 2.2899565994739532, 2.288520512672571, 2.28953515795561]}, "validation_error": 0.8978, "configs": {"scale_probability": 0.6742180535638419, "vertical_flip": 0.5273169544591669, "rotation_lower": -157, "scale_upper": 1.417376700936505, "pad_lower": 0.05773727106979735, "rotation_upper": 148, "rotation_probability": 0.6221965693860204, "crop_probability": 0.32050943392736586, "horizontal_flip": 0.6277035846277669, "crop_upper": 0.16950472451588194, "pad_upper": 0.271549643750541, "crop_lower": 0.06037288543157559, "scale_lower": 0.6167227494934246, "pad_probability": 0.22686055901551538}}