{"validation_error": 0.9113, "configs": {"scale_lower": 0.8379438148357211, "scale_upper": 1.1963219017525173, "rotation_upper": 134, "crop_upper": 0.2660081322936807, "vertical_flip": 0.921163526036265, "rotation_lower": -106, "pad_probability": 0.2726631129660053, "horizontal_flip": 0.4341936546432852, "pad_upper": 0.11175520650560578, "crop_lower": 0.09174682173595827, "crop_probability": 0.8937120958925426, "rotation_probability": 0.0708364941079973, "scale_probability": 0.167994780862062, "pad_lower": 0.08230152845894197}, "augment": true, "train_history": {"val_acc": [0.0973, 0.1126, 0.1071, 0.0998, 0.0935, 0.0982, 0.097, 0.0971, 0.1078, 0.0975, 0.1019, 0.0887], "val_loss": [2.8075391101837157, 2.3760180004119875, 2.53307732925415, 2.8174958152770997, 2.726616630554199, 3.0490033180236815, 3.3816640003204346, 3.920650087738037, 2.9774925331115725, 3.3050505714416505, 2.502142204284668, 3.910177615737915], "acc": [0.11818910256410256, 0.12735376602564102, 0.12903145032051283, 0.125, 0.13033353365384615, 0.1258263221153846, 0.13131009615384615, 0.1312099358974359, 0.1293820112179487, 0.12930689102564102, 0.13115985576923078, 0.1328125], "loss": [2.2913091465448723, 2.2793243596187005, 2.2758337633732038, 2.2751841147740683, 2.272234081457823, 2.271446861517735, 2.2691335005637927, 2.271126612638816, 2.2691497611693845, 2.2665383296135144, 2.2678823188329353, 2.26775695116092]}, "used_budget": 729.9595060348511, "train_accuracy": 0.1328125}