{"validation_error": 0.9001, "augment": true, "train_accuracy": 0.1378455528846154, "used_budget": 735.9041993618011, "train_history": {"loss": [2.282636728042211, 2.270176690358382, 2.264667728008368, 2.266453667328908, 2.2601873186918406, 2.26233848852989, 2.2600321486974373, 2.2570961920114665, 2.2568581707966633, 2.260940155157676, 2.2586838465470533, 2.2528690619346423], "val_acc": [0.1019, 0.0999, 0.0999, 0.0999, 0.1002, 0.1, 0.1, 0.1, 0.0999, 0.1004, 0.1004, 0.0999], "val_loss": [2.5286228134155273, 3.0207990619659424, 2.7815456565856933, 2.725452512741089, 3.1722432304382324, 2.687952067565918, 2.644619400024414, 2.6111727630615236, 3.1005411827087404, 2.5034878887176513, 2.9959329517364504, 3.1144119930267333], "acc": [0.12379807692307693, 0.12965745192307693, 0.1324619391025641, 0.12888120993589744, 0.1344901842948718, 0.13481570512820512, 0.13366386217948717, 0.13639322916666666, 0.13346354166666666, 0.1313351362179487, 0.13126001602564102, 0.1378455528846154]}, "configs": {"crop_upper": 0.11040944124533698, "crop_lower": 0.011900757964511455, "scale_probability": 0.03128719667808155, "pad_probability": 0.952253412195485, "rotation_lower": -45, "rotation_upper": 149, "pad_lower": 0.08745323620504855, "vertical_flip": 0.03791996711396961, "horizontal_flip": 0.7455627305572073, "crop_probability": 0.11331864449685702, "scale_lower": 0.5076684751501293, "pad_upper": 0.2889149589602301, "scale_upper": 1.1542676598706398, "rotation_probability": 0.2674209895737033}}