{"configs": {"rotation_lower": -130, "vertical_flip": 0.05330854760850934, "crop_lower": 0.03963694392324366, "horizontal_flip": 0.9518241319554014, "scale_upper": 1.834750456431482, "pad_probability": 0.6962798784963878, "scale_probability": 0.9348524171912541, "rotation_upper": 14, "crop_upper": 0.24759091175843378, "rotation_probability": 0.6431339978407948, "scale_lower": 0.928030288666354, "crop_probability": 0.5240753117527222, "pad_upper": 0.2577424072119565, "pad_lower": 0.0001780258384026956}, "used_budget": 763.7933905124664, "validation_error": 0.8954, "augment": true, "train_accuracy": 0.10782251602564102, "train_history": {"val_loss": [4.376275685119629, 3.155337102508545, 2.5578782321929934, 2.6305176326751707, 2.636697961425781, 3.651152182006836, 2.699672389984131, 3.0271885597229002, 2.637126128387451, 2.7471242786407473, 3.5053664169311523, 2.457457382965088], "loss": [2.300715134694026, 2.2997110172724113, 2.2981203465889664, 2.2975532779326806, 2.297739972670873, 2.297108601301144, 2.297064081980632, 2.297175583931116, 2.2976766664248247, 2.297851879627277, 2.2972826407505917, 2.297093344040406], "acc": [0.10356570512820513, 0.10596955128205128, 0.10611979166666667, 0.10759715544871795, 0.10754707532051282, 0.10672075320512821, 0.10584435096153846, 0.10747195512820513, 0.10238882211538461, 0.10364082532051282, 0.10672075320512821, 0.10782251602564102], "val_acc": [0.0987, 0.0985, 0.1065, 0.1177, 0.1155, 0.1146, 0.1117, 0.1085, 0.1138, 0.1065, 0.1074, 0.1046]}}