{"train_history": {"val_acc": [0.0963, 0.0986, 0.1015, 0.1116, 0.0995, 0.1064, 0.111, 0.1075, 0.0993, 0.1167, 0.1024, 0.0992], "acc": [0.10334034455128205, 0.11100260416666667, 0.11057692307692307, 0.11263020833333333, 0.11540965544871795, 0.11368189102564102, 0.11295572916666667, 0.1132061298076923, 0.11533453525641026, 0.11177884615384616, 0.11247996794871795, 0.11505909455128205], "val_loss": [2.4617781085968016, 2.3874346881866457, 2.3777216026306154, 4.029038136291504, 4.2854609962463375, 2.7078508239746095, 2.612764643096924, 3.4840874389648437, 3.5523853477478027, 2.587204431152344, 3.024249169921875, 3.2062131645202636], "loss": [2.298232302451745, 2.29372145426579, 2.2913192480038376, 2.289557484480051, 2.2896400904044127, 2.289892445772122, 2.2881125823045387, 2.2898537126871257, 2.2875636525643177, 2.2882500367286878, 2.2871607503829856, 2.288736477876321]}, "configs": {"vertical_flip": 0.02121827569581669, "pad_lower": 0.07181263474950353, "pad_probability": 0.4563064364159132, "rotation_probability": 0.7724924034350386, "scale_lower": 0.6271529783739538, "crop_upper": 0.21536373566811, "crop_lower": 0.0826603717117797, "scale_probability": 0.022816149822433296, "rotation_upper": 141, "pad_upper": 0.17885070262270253, "crop_probability": 0.9905899370192904, "horizontal_flip": 0.33688283065934377, "scale_upper": 1.7799865540361899, "rotation_lower": -1}, "augment": true, "validation_error": 0.9008, "train_accuracy": 0.11505909455128205, "used_budget": 751.6814835071564}