{"validation_error": 0.8934, "augment": true, "used_budget": 750.9950034618378, "configs": {"pad_upper": 0.2151880344597334, "rotation_upper": 129, "rotation_probability": 0.5775666559154089, "pad_lower": 0.012380977242799752, "pad_probability": 0.14250692451869018, "horizontal_flip": 0.20877839174079993, "crop_upper": 0.10685793642570288, "crop_probability": 0.6607170454099163, "scale_upper": 1.6262072081906682, "scale_probability": 0.6835283692624229, "vertical_flip": 0.7091094098813965, "crop_lower": 0.00349233977915292, "scale_lower": 0.8716021562922995, "rotation_lower": -167}, "train_accuracy": 0.11395733173076923, "train_history": {"val_loss": [2.3022866554260255, 2.305885778427124, 2.444658257293701, 3.1965831161499025, 2.3905309783935547, 2.703610326385498, 2.5869951202392576, 3.2378441692352293, 4.421795370483398, 3.204019029998779, 6.6870787216186525, 3.690346614074707], "val_acc": [0.1074, 0.104, 0.1075, 0.1066, 0.1072, 0.1067, 0.1067, 0.1066, 0.1066, 0.1069, 0.1066, 0.1066], "acc": [0.10594451121794872, 0.11007612179487179, 0.11328125, 0.11611077724358974, 0.11360677083333333, 0.11102764423076923, 0.1161358173076923, 0.11475861378205128, 0.11698717948717949, 0.11403245192307693, 0.1165614983974359, 0.11395733173076923], "loss": [2.2981906059460764, 2.2952984747214193, 2.2918751614216046, 2.290559859612049, 2.290149285243108, 2.291234323611626, 2.289361888781572, 2.2899542175806484, 2.289012531439463, 2.289182506310634, 2.2879810287402225, 2.288958804729657]}}