{"validation_error": 0.8991, "used_budget": 662.6235406398773, "train_history": {"val_loss": [2.721774200820923, 2.653689981842041, 2.6486265365600588, 6.295283974456787, 3.148591635131836, 2.4252093757629396, 2.789124057006836, 3.016288492202759, 3.0647358165740965, 3.685032008361816, 3.3494733139038084, 3.5968395309448242], "acc": [0.11040164262820513, 0.11706229967948718, 0.11648637820512821, 0.11979166666666667, 0.11731270032051282, 0.11861478365384616, 0.11786358173076923, 0.1197666266025641, 0.12124399038461539, 0.12169471153846154, 0.1221454326923077, 0.12324719551282051], "val_acc": [0.0993, 0.0991, 0.0995, 0.0994, 0.0995, 0.0998, 0.0994, 0.1017, 0.099, 0.0988, 0.1051, 0.1009], "loss": [2.295594801505407, 2.289649812074808, 2.286351182521918, 2.2838970384536643, 2.2835166668280578, 2.282670872333722, 2.281439263851215, 2.2825447848209968, 2.27955831014193, 2.280985590739128, 2.2792771634383078, 2.277596492033738]}, "augment": true, "configs": {"rotation_probability": 0.31532420981184783, "pad_upper": 0.12783180602211314, "pad_lower": 0.006127314734846734, "horizontal_flip": 0.0001102422618456389, "rotation_upper": 168, "pad_probability": 0.22534778656466947, "scale_probability": 0.7100057943311452, "rotation_lower": -132, "crop_upper": 0.13553343007481244, "crop_lower": 0.08309053295992505, "scale_lower": 0.8585701688064524, "crop_probability": 0.5102993014553213, "vertical_flip": 0.4710007229048082, "scale_upper": 1.124207493202984}, "train_accuracy": 0.12324719551282051}