{"augment": true, "used_budget": 734.6734056472778, "validation_error": 0.8943, "train_history": {"loss": [2.29416616834127, 2.284814388324053, 2.2829908545200643, 2.28118050404084, 2.277027596265842, 2.277101619885518, 2.2775021348244104, 2.276517847409615, 2.2743600392952943, 2.2742159916804385, 2.2727205134355106, 2.2750801115463943], "val_acc": [0.1, 0.0975, 0.0987, 0.0971, 0.0969, 0.1075, 0.098, 0.1032, 0.0975, 0.0967, 0.1114, 0.1057], "acc": [0.11413261217948718, 0.11803886217948718, 0.12166967147435898, 0.12114383012820513, 0.12302183493589744, 0.12502504006410256, 0.12364783653846154, 0.12379807692307693, 0.12735376602564102, 0.12610176282051283, 0.12362279647435898, 0.1294070512820513], "val_loss": [2.3145623207092285, 2.571125178527832, 2.4281609886169435, 2.6862543380737303, 2.432967869567871, 2.3288472801208497, 2.3668330577850343, 2.3090319786071776, 2.6016147804260252, 2.427402933502197, 2.3439044075012205, 2.5610065971374514]}, "configs": {"vertical_flip": 0.4932045252161087, "scale_lower": 0.7779292366872506, "rotation_upper": 154, "rotation_lower": -54, "crop_upper": 0.2448441287726497, "pad_lower": 0.03491780917403738, "crop_lower": 0.08527281665394396, "scale_probability": 0.31627678723396146, "pad_probability": 0.21301226732419565, "crop_probability": 0.4300267164215963, "horizontal_flip": 0.938778979363296, "pad_upper": 0.19187580529584458, "scale_upper": 1.1380810032927569, "rotation_probability": 0.41031321212599225}, "train_accuracy": 0.1294070512820513}