{"configs": {"pad_upper": 0.18587752394690743, "rotation_upper": 135, "pad_lower": 0.02398056606277914, "crop_lower": 0.007159321587869083, "scale_lower": 0.9301300159395458, "pad_probability": 0.4143370841177991, "rotation_probability": 0.20160110706389023, "scale_probability": 0.5499596783608138, "crop_upper": 0.2098585206967529, "rotation_lower": -35, "vertical_flip": 0.41889957572128067, "horizontal_flip": 0.21057241538958038, "scale_upper": 1.862167953203232, "crop_probability": 0.2282133044118645}, "used_budget": 746.9139041900635, "validation_error": 0.9012, "train_accuracy": 0.12510016025641027, "augment": true, "train_history": {"val_loss": [2.2964788791656496, 2.4354741771698, 2.6742688747406005, 2.3249044219970703, 2.431870030975342, 2.801476519393921, 2.415639402770996, 2.8701985946655273, 2.5248795471191405, 2.434634108734131, 2.725763017272949, 3.177889235687256], "loss": [2.297137434665973, 2.2893158946281824, 2.284426811413887, 2.282471192188752, 2.2825957582547116, 2.27968252545748, 2.279846742367133, 2.278229479606335, 2.2765960639868026, 2.278409930375906, 2.2745770315329232, 2.2750988755470667], "val_acc": [0.1005, 0.0998, 0.0997, 0.0995, 0.0993, 0.0991, 0.0971, 0.096, 0.1154, 0.1135, 0.102, 0.0988], "acc": [0.11007612179487179, 0.11708733974358974, 0.12024238782051282, 0.12084334935897435, 0.12001702724358974, 0.12041766826923077, 0.12282151442307693, 0.12357271634615384, 0.12652744391025642, 0.12462439903846154, 0.12740384615384615, 0.12510016025641027]}}