{"validation_error": 0.9061, "train_history": {"val_acc": [0.0939, 0.0939, 0.0941, 0.094, 0.0937, 0.0938, 0.0936, 0.094, 0.0939, 0.0937, 0.0938, 0.0939], "val_loss": [2.4460183158874513, 2.606689505767822, 2.4508691551208495, 2.8197058788299563, 2.6901518829345705, 2.509970476150513, 2.379501106262207, 2.687022644805908, 2.744226696014404, 2.5321740158081054, 2.8109762031555174, 3.6860706726074217], "acc": [0.11105268429487179, 0.11180388621794872, 0.11603565705128205, 0.11555989583333333, 0.11796374198717949, 0.11603565705128205, 0.11548477564102565, 0.11528445512820513, 0.11951622596153846, 0.11931590544871795, 0.11435797275641026, 0.1201171875], "loss": [2.294755301414392, 2.292070609636796, 2.2892759083173213, 2.286874395914567, 2.286011674465277, 2.285551966000826, 2.286335439254076, 2.285188833872477, 2.2849995570305066, 2.283939636670626, 2.286813505949118, 2.283972054719925]}, "train_accuracy": 0.1201171875, "augment": true, "configs": {"pad_probability": 0.44322962826185663, "crop_probability": 0.4673588431433131, "rotation_upper": 95, "rotation_lower": -30, "scale_upper": 1.9321586114394766, "vertical_flip": 0.5015890346764894, "horizontal_flip": 0.2158807278620527, "crop_upper": 0.10994510781959006, "pad_lower": 0.005927146682116935, "crop_lower": 0.027096388660740024, "scale_probability": 0.09828822716956231, "scale_lower": 0.8579152070652627, "pad_upper": 0.27038531129733634, "rotation_probability": 0.7921166753465497}, "used_budget": 672.5396332740784}