{"train_history": {"acc": [0.1224208733974359, 0.1312099358974359, 0.13694411057692307, 0.1323367387820513, 0.13726963141025642, 0.13669370993589744, 0.1427283653846154, 0.13909755608974358, 0.1416015625, 0.14310396634615385, 0.1443309294871795, 0.14225260416666666], "val_loss": [2.351643840789795, 2.5952731399536133, 2.720122038269043, 2.7295976543426512, 2.7283005290985107, 2.5940485664367676, 2.5329574157714845, 2.8996269172668456, 3.342326928329468, 2.5351925163269042, 3.3300273612976072, 3.099960511779785], "loss": [2.2865492365299125, 2.271383449817315, 2.264513280147161, 2.2648847301801047, 2.259181341299644, 2.2577266211693106, 2.251298393194492, 2.2551374290234003, 2.2505769439232655, 2.2499630749225616, 2.2472015833243346, 2.2508188088734946], "val_acc": [0.1071, 0.1048, 0.1045, 0.1044, 0.1111, 0.1264, 0.1127, 0.1044, 0.1056, 0.1091, 0.1061, 0.1117]}, "used_budget": 734.6087062358856, "train_accuracy": 0.14225260416666666, "augment": true, "configs": {"pad_upper": 0.2871603024468742, "crop_lower": 0.04610209396206899, "pad_probability": 0.07235205443949666, "crop_probability": 0.8025285448333307, "rotation_probability": 0.09120568576015153, "scale_lower": 0.5605247743769645, "vertical_flip": 0.5576281135369113, "crop_upper": 0.10891541282347317, "scale_upper": 1.6821096119039107, "pad_lower": 0.01900691810597488, "rotation_upper": 126, "rotation_lower": -114, "horizontal_flip": 0.10138149614189962, "scale_probability": 0.16152244227493584}, "validation_error": 0.8883}