{"configs": {"crop_lower": 0.04907847798811119, "pad_probability": 0.5088787343843704, "scale_probability": 0.6935330007482268, "vertical_flip": 0.879023588367133, "crop_upper": 0.1918309674911189, "scale_upper": 1.5989314054158767, "pad_lower": 0.04586548121997929, "scale_lower": 0.9611922633946726, "crop_probability": 0.5694484409329975, "horizontal_flip": 0.960405888129466, "rotation_lower": -119, "rotation_upper": 63, "pad_upper": 0.22377962078563504, "rotation_probability": 0.1673412063715165}, "train_history": {"acc": [0.11137820512820513, 0.11253004807692307, 0.11373197115384616, 0.11187900641025642, 0.11328125, 0.1119541266025641, 0.1182391826923077, 0.11606069711538461, 0.11939102564102565, 0.11716245993589744, 0.1162860576923077, 0.11721254006410256], "loss": [2.2975356181462607, 2.2914493527167883, 2.287652014921873, 2.2880438275826283, 2.2851849641555395, 2.2851971181539388, 2.2859911719957986, 2.2855028097446146, 2.283462569499627, 2.2832461633743386, 2.28080460582024, 2.282950746707427], "val_loss": [2.374692576599121, 3.6880136234283447, 2.3560909706115725, 2.6021767768859863, 2.6128962188720704, 2.593371471405029, 3.362374531555176, 2.8974208057403565, 2.68956823425293, 2.945413091278076, 2.9074090282440186, 2.608740335845947], "val_acc": [0.1001, 0.1, 0.1, 0.1, 0.0997, 0.1002, 0.1, 0.1, 0.1133, 0.1055, 0.1013, 0.1071]}, "validation_error": 0.8929, "augment": true, "used_budget": 740.8422989845276, "train_accuracy": 0.11721254006410256}