{"train_accuracy": 0.11601061698717949, "configs": {"crop_upper": 0.20436842017862306, "scale_lower": 0.787176435319568, "crop_probability": 0.3420259912361542, "rotation_upper": 129, "pad_upper": 0.1285655555425647, "pad_probability": 0.6417053502708568, "pad_lower": 0.058862467983167625, "horizontal_flip": 0.9273858676165266, "rotation_probability": 0.9543436137848409, "crop_lower": 0.07700964431125308, "scale_upper": 1.8083930111380102, "scale_probability": 0.23673921644206541, "rotation_lower": -107, "vertical_flip": 0.14046076183082246}, "augment": true, "used_budget": 759.1952018737793, "validation_error": 0.8989, "train_history": {"loss": [2.2991933662157793, 2.2967162300378847, 2.2939550387553678, 2.2938573436859326, 2.2931219774943132, 2.2917084648058963, 2.291767193720891, 2.2914075339451814, 2.291315562449969, 2.291503322430146, 2.2901649276415506, 2.2897227154328275], "val_loss": [2.3006666847229003, 2.298762375640869, 2.456332244873047, 3.1510328147888185, 2.38569381942749, 2.493680708312988, 2.547319892883301, 2.7094303718566897, 3.214808102798462, 3.186003401565552, 2.996432220840454, 2.5226777130126954], "acc": [0.10694611378205128, 0.1092998798076923, 0.1103515625, 0.11428285256410256, 0.11075220352564102, 0.11127804487179487, 0.10694611378205128, 0.11453325320512821, 0.11603565705128205, 0.11465845352564102, 0.11015124198717949, 0.11601061698717949], "val_acc": [0.1014, 0.0964, 0.1005, 0.1005, 0.1007, 0.1005, 0.1008, 0.1013, 0.1012, 0.1008, 0.1013, 0.1011]}}