{"validation_error": 0.8956, "train_history": {"loss": [2.300383808521124, 2.299541767591085, 2.2990517769104395, 2.2990244038594074, 2.298676541982553, 2.2976371271487994, 2.2981403454756126, 2.297587757691359, 2.298379729955624, 2.2980308517431602, 2.2980277790473056, 2.2982686253694387], "acc": [0.10046073717948718, 0.10366586538461539, 0.10619491185897435, 0.10371594551282051, 0.10669571314102565, 0.10702123397435898, 0.10213842147435898, 0.10319010416666667, 0.10481770833333333, 0.10429186698717949, 0.10181290064102565, 0.10722155448717949], "val_loss": [2.821389366912842, 2.302850250244141, 2.5000352241516115, 2.337304532623291, 2.838899334716797, 2.399912727737427, 2.359955132293701, 2.4613285152435305, 2.3614417037963866, 2.4364428134918215, 2.8899900100708007, 2.800384938049316], "val_acc": [0.1032, 0.0978, 0.1122, 0.1031, 0.102, 0.102, 0.0955, 0.1021, 0.0954, 0.0997, 0.1022, 0.1044]}, "augment": true, "train_accuracy": 0.10722155448717949, "configs": {"pad_probability": 0.8696438206715352, "rotation_probability": 0.9191026573766512, "rotation_lower": -164, "crop_probability": 0.6527726554555041, "pad_upper": 0.1849821296045798, "scale_upper": 1.8542686259747638, "vertical_flip": 0.14567200923975743, "crop_upper": 0.20935779516844538, "scale_lower": 0.6353401818718878, "pad_lower": 0.013483234508920828, "crop_lower": 0.04111930472508615, "horizontal_flip": 0.31979390600668745, "rotation_upper": 140, "scale_probability": 0.8300718635475389}, "used_budget": 763.5848965644836}