{"validation_error": 0.908, "train_history": {"val_loss": [2.2949515129089355, 3.756539490509033, 2.37684538269043, 3.795033840942383, 2.83432640914917, 2.6151847930908203, 3.120017055130005, 2.4204083305358886, 2.9259916664123535, 2.63692092628479, 3.918223163604736, 2.7293902515411377], "val_acc": [0.094, 0.0919, 0.0919, 0.0919, 0.0919, 0.092, 0.0919, 0.0921, 0.0921, 0.0919, 0.0919, 0.092], "loss": [2.2993664084336696, 2.2980960317147083, 2.298460378096654, 2.2968723208476334, 2.2963083944259544, 2.296841401320237, 2.296954192412205, 2.296765394699879, 2.295546380373148, 2.295656279875682, 2.2950867185225854, 2.295078741434293], "acc": [0.10401642628205128, 0.10416666666666667, 0.10674579326923077, 0.11007612179487179, 0.10559395032051282, 0.10719651442307693, 0.1077724358974359, 0.10689603365384616, 0.10672075320512821, 0.11120292467948718, 0.10862379807692307, 0.1060947516025641]}, "configs": {"pad_lower": 0.07868334248481516, "crop_upper": 0.29556419612849905, "rotation_lower": -102, "vertical_flip": 0.4781137967445309, "scale_lower": 0.56782066671095, "rotation_upper": 113, "scale_probability": 0.9250120919000572, "rotation_probability": 0.6449690847332993, "pad_upper": 0.2840719834233534, "crop_lower": 0.067700387287903, "crop_probability": 0.6263025091032733, "pad_probability": 0.790098488028337, "horizontal_flip": 0.16413483446626542, "scale_upper": 1.19998175845754}, "used_budget": 763.9412708282471, "train_accuracy": 0.1060947516025641, "augment": true}