{"train_accuracy": 0.10789763621794872, "used_budget": 779.2271409034729, "validation_error": 0.8989, "train_history": {"val_acc": [0.1011, 0.1011, 0.1011, 0.101, 0.1057, 0.1014, 0.1014, 0.1016, 0.1011, 0.1018, 0.1011, 0.1011], "val_loss": [2.635080104446411, 2.5198322444915773, 2.999969155502319, 2.4827560695648194, 2.3146119049072267, 2.6282933666229247, 2.400105249786377, 2.7288961433410646, 3.1293689239501954, 3.0032847488403323, 2.994196549987793, 2.8628018424987793], "acc": [0.10684595352564102, 0.10727163461538461, 0.10992588141025642, 0.10684595352564102, 0.10596955128205128, 0.10769731570512821, 0.10955028044871795, 0.10927483974358974, 0.10842347756410256, 0.10965044070512821, 0.1142578125, 0.10789763621794872], "loss": [2.299830030172299, 2.298147317690727, 2.297298196798716, 2.296183881087181, 2.2969075517776685, 2.2963792207913523, 2.2946880948849215, 2.295340282030595, 2.294356596011382, 2.294474821824294, 2.2946101954350104, 2.2940103877813387]}, "augment": true, "configs": {"horizontal_flip": 0.17532492550241907, "rotation_lower": -122, "scale_upper": 1.1152756575033358, "crop_probability": 0.7004898024197757, "pad_lower": 0.09064387091675426, "scale_probability": 0.7713397279620778, "crop_upper": 0.24709746037585303, "rotation_probability": 0.7333902518659297, "vertical_flip": 0.3564729829731951, "rotation_upper": 114, "crop_lower": 0.07963324938959235, "pad_upper": 0.17826706518245028, "pad_probability": 0.6699559205074913, "scale_lower": 0.6249501569448501}}