{"train_history": {"loss": [2.301162620385488, 2.2997560844971585, 2.29922359646895, 2.2974926026967855, 2.2977054378925224, 2.296153235129821, 2.2982631035340138, 2.2977377581290708, 2.2959345128291693, 2.2967115808755922, 2.295986105234195, 2.2964326105056663], "val_acc": [0.1047, 0.1339, 0.1067, 0.1043, 0.1114, 0.1047, 0.1043, 0.1043, 0.1044, 0.1052, 0.1109, 0.1008], "val_loss": [2.2909840606689453, 2.293954304122925, 2.3194698951721193, 2.998714392089844, 2.5973657348632813, 3.027378285217285, 2.6221763763427735, 3.1428078483581543, 5.063977143859863, 3.906770282745361, 2.986269802093506, 3.79112325592041], "acc": [0.10296474358974358, 0.10627003205128205, 0.10549379006410256, 0.1065204326923077, 0.10544370993589744, 0.10842347756410256, 0.10629507211538461, 0.1051181891025641, 0.10732171474358974, 0.10857371794871795, 0.10784755608974358, 0.11052684294871795]}, "validation_error": 0.8992, "used_budget": 754.7718696594238, "train_accuracy": 0.11052684294871795, "augment": true, "configs": {"horizontal_flip": 0.472675574850166, "crop_upper": 0.2676477807319717, "scale_probability": 0.6467894033571224, "rotation_probability": 0.6499473245972218, "rotation_lower": -65, "crop_lower": 0.08510228532608308, "vertical_flip": 0.23332852174241936, "scale_upper": 1.6114185525804634, "pad_lower": 0.009245814720517798, "crop_probability": 0.9457706977907872, "pad_upper": 0.23972785049339848, "rotation_upper": 161, "pad_probability": 0.9838538632236838, "scale_lower": 0.8993647666216245}}