{"used_budget": 739.7847828865051, "configs": {"pad_lower": 0.09728016009263778, "rotation_upper": 35, "horizontal_flip": 0.6578319500339562, "pad_upper": 0.21902095556273402, "scale_lower": 0.6354957619375332, "scale_upper": 1.3695824369321947, "crop_probability": 0.2808193044105012, "crop_upper": 0.2713013663038773, "pad_probability": 0.4314135339413846, "vertical_flip": 0.6646366897086069, "crop_lower": 0.09922990143731814, "rotation_probability": 0.2627267239987604, "rotation_lower": -70, "scale_probability": 0.766854538815081}, "train_history": {"val_loss": [2.4580535530090333, 2.310897121810913, 2.4357694091796875, 2.352274217224121, 2.6345022018432616, 2.602288380050659, 3.0763067428588866, 2.8666713958740235, 3.1250964302062987, 2.62592424659729, 2.380129821395874, 2.901351787185669], "loss": [2.2968534223544292, 2.2922145372781997, 2.2894162978881445, 2.289978727316245, 2.2879009942213693, 2.2867524386980596, 2.2843248706597548, 2.285423538623712, 2.2834360813483214, 2.284566438350922, 2.2833656110824685, 2.2851754877811823], "val_acc": [0.1019, 0.1068, 0.1022, 0.1046, 0.1032, 0.1029, 0.102, 0.102, 0.102, 0.102, 0.1037, 0.1021], "acc": [0.11180388621794872, 0.1116786858974359, 0.11087740384615384, 0.11593549679487179, 0.1155849358974359, 0.11215444711538461, 0.11623597756410256, 0.11528445512820513, 0.11658653846153846, 0.11741286057692307, 0.11843950320512821, 0.1155849358974359]}, "train_accuracy": 0.1155849358974359, "augment": true, "validation_error": 0.8979}