{"used_budget": 749.4181010723114, "train_accuracy": 0.11393229166666667, "configs": {"horizontal_flip": 0.9591631152573363, "crop_lower": 0.017640248517422043, "scale_lower": 0.743423985322831, "rotation_probability": 0.4840232447525443, "rotation_upper": 13, "vertical_flip": 0.20542565860493034, "scale_upper": 1.838980815634452, "crop_upper": 0.21168514274920833, "pad_upper": 0.10991337022897324, "pad_lower": 0.01580301944981586, "pad_probability": 0.737081924644407, "crop_probability": 0.550074549345368, "scale_probability": 0.512123790031409, "rotation_lower": -154}, "validation_error": 0.9008, "augment": true, "train_history": {"acc": [0.1097255608974359, 0.11157852564102565, 0.11811398237179487, 0.11641125801282051, 0.11288060897435898, 0.11563501602564102, 0.11545973557692307, 0.11751302083333333, 0.1133563701923077, 0.11626101762820513, 0.11803886217948718, 0.11393229166666667], "loss": [2.2982284892828035, 2.2934789711084123, 2.289890115841841, 2.2895805950348196, 2.2893016720429444, 2.288014353849949, 2.2870283348438067, 2.2864673252289114, 2.28665137443787, 2.286806653707455, 2.2856838527398233, 2.287051348349987], "val_loss": [2.3668546009063722, 2.6248738777160643, 2.384686375808716, 2.475699732208252, 2.70047233543396, 2.640950085449219, 2.9174560585021974, 3.3237016746520998, 2.523255841064453, 2.655157413482666, 2.4344806747436523, 2.4124834609985353], "val_acc": [0.099, 0.099, 0.0991, 0.099, 0.0991, 0.1153, 0.0991, 0.099, 0.0984, 0.1048, 0.0985, 0.0992]}}