{"train_history": {"loss": [2.3003133825766735, 2.296738299039694, 2.2965393096972733, 2.295926828414966, 2.294038242254502, 2.294278369500087, 2.29428587662868, 2.2953724608971524, 2.2943742802509894, 2.2920366456875434, 2.2929936005518985, 2.2950056294600167], "val_acc": [0.1072, 0.1092, 0.1064, 0.1064, 0.1064, 0.1066, 0.1065, 0.1124, 0.1065, 0.1064, 0.1064, 0.1135], "val_loss": [2.3487380027770994, 2.3036209991455077, 2.9849493942260743, 2.941557670593262, 2.7856553482055664, 2.363097692108154, 2.3207450832366945, 2.304573049926758, 2.364071435546875, 2.3757653499603273, 2.3626548667907716, 2.316204529571533], "acc": [0.10571915064102565, 0.10869891826923077, 0.10727163461538461, 0.1084735576923077, 0.11135316506410256, 0.11117788461538461, 0.10797275641025642, 0.10997596153846154, 0.11032652243589744, 0.11187900641025642, 0.11075220352564102, 0.10872395833333333]}, "validation_error": 0.8865, "used_budget": 763.1141459941864, "train_accuracy": 0.10872395833333333, "configs": {"crop_probability": 0.4947298559692086, "scale_probability": 0.9599342779392636, "pad_upper": 0.28273156756761364, "scale_upper": 1.0042859985854693, "vertical_flip": 0.41778959514781366, "crop_lower": 0.08074936619533646, "rotation_probability": 0.810931452703637, "pad_probability": 0.7043688448947948, "pad_lower": 0.0732399913635249, "rotation_upper": 108, "crop_upper": 0.13656680639017782, "scale_lower": 0.9279655827908619, "horizontal_flip": 0.38090898013738905, "rotation_lower": -99}, "augment": true}