{"configs": {"scale_upper": 1.459443721915942, "crop_probability": 0.182469148567451, "rotation_probability": 0.22848930992136085, "rotation_upper": 97, "pad_lower": 0.08574678901430047, "rotation_lower": -35, "horizontal_flip": 0.8045568797690043, "vertical_flip": 0.831320789780875, "pad_upper": 0.1878156623411039, "scale_probability": 0.28355187611173216, "crop_upper": 0.1643916752242153, "scale_lower": 0.9186860796840158, "pad_probability": 0.7705117286389422, "crop_lower": 0.08590117606085705}, "used_budget": 729.8112888336182, "augment": true, "train_accuracy": 0.13025841346153846, "train_history": {"val_acc": [0.0996, 0.0998, 0.0998, 0.0995, 0.0974, 0.0998, 0.0987, 0.0993, 0.0893, 0.0984, 0.0981, 0.0863], "loss": [2.2869736475822253, 2.277663454031333, 2.2736534361655893, 2.2730803168736973, 2.271562168995539, 2.2690798212320376, 2.268615495700103, 2.2672572143566914, 2.262506368068548, 2.2650255301059823, 2.2633643448352814, 2.2649123874994426], "val_loss": [2.792617378997803, 3.114810157775879, 2.47175348777771, 2.5548558223724367, 3.0746049659729002, 2.8680165832519533, 2.542655681228638, 2.6280973373413086, 2.743322909927368, 2.5610133293151853, 2.866886520385742, 2.6035187664031985], "acc": [0.11761318108974358, 0.12382311698717949, 0.1274539262820513, 0.12640224358974358, 0.1274288862179487, 0.13025841346153846, 0.1307091346153846, 0.13258713942307693, 0.1324619391025641, 0.1320362580128205, 0.13338842147435898, 0.13025841346153846]}, "validation_error": 0.9137}