{"used_budget": 655.8756091594696, "validation_error": 0.9033, "train_accuracy": 0.1271534455128205, "configs": {"scale_probability": 0.1621244151971334, "pad_upper": 0.29635385070599696, "vertical_flip": 0.7380352013739178, "rotation_upper": 125, "crop_lower": 0.0034434283786213718, "crop_upper": 0.17444577751743778, "rotation_probability": 0.23731595445784504, "crop_probability": 0.4352535714327358, "scale_lower": 0.6477354954965, "rotation_lower": -111, "pad_probability": 0.9779426724795427, "scale_upper": 1.6387590494332271, "horizontal_flip": 0.3421371940176261, "pad_lower": 0.07421359661965221}, "augment": true, "train_history": {"loss": [2.2902841567993164, 2.2802133009983945, 2.280287666198535, 2.2754856042372875, 2.272178277755395, 2.273066528332539, 2.2754770823014088, 2.2723470612978325, 2.2739920020103455, 2.273055701683729, 2.2716525930624742, 2.269714987430817], "acc": [0.11846454326923077, 0.11899038461538461, 0.12126903044871795, 0.1251502403846154, 0.12878104967948717, 0.12978265224358973, 0.12585136217948717, 0.12790464743589744, 0.12292167467948718, 0.12657752403846154, 0.12502504006410256, 0.1271534455128205], "val_acc": [0.0974, 0.0974, 0.0967, 0.0967, 0.0967, 0.0967, 0.0967, 0.0967, 0.0967, 0.0968, 0.0967, 0.0967], "val_loss": [2.424632749938965, 2.3659110008239748, 3.547069778060913, 2.709192797088623, 3.1896233226776123, 3.016184368133545, 2.658872523880005, 3.1336436111450197, 2.9006337020874025, 2.6282974529266356, 2.864618925476074, 2.9008134414672853]}}