{"used_budget": 680.75994181633, "train_history": {"val_loss": [2.5104603790283204, 2.7479856254577637, 2.5979195442199705, 2.5720466987609862, 2.9596416831970216, 2.9752987030029296, 3.08993384475708, 3.554997720336914, 2.464019333267212, 4.016494783020019, 4.144161386871338, 4.515465811157227], "acc": [0.1070713141025641, 0.115234375, 0.11280548878205128, 0.11608573717948718, 0.11240484775641026, 0.11440805288461539, 0.11370693108974358, 0.11210436698717949, 0.11553485576923077, 0.11470853365384616, 0.11400741185897435, 0.1178135016025641], "val_acc": [0.1017, 0.1016, 0.1017, 0.1017, 0.1033, 0.1016, 0.1016, 0.1015, 0.0981, 0.1018, 0.1015, 0.1015], "loss": [2.2975656275565806, 2.2910152941178055, 2.29134233104877, 2.289093628143653, 2.288836428752312, 2.2884482932396426, 2.2877096159335895, 2.287140973103352, 2.284892303057206, 2.2875893719685383, 2.285265331849074, 2.2863996151166086]}, "validation_error": 0.8985, "configs": {"scale_probability": 0.8371602351553936, "crop_lower": 0.06568761693803662, "crop_upper": 0.22097525792713543, "horizontal_flip": 0.5619834445092277, "rotation_lower": -102, "pad_probability": 0.6579899053352104, "rotation_upper": 36, "vertical_flip": 0.32163817253577087, "scale_upper": 1.0676553010311733, "rotation_probability": 0.48277597844365006, "crop_probability": 0.1751731093302713, "pad_upper": 0.1916603914769635, "scale_lower": 0.9451634201314274, "pad_lower": 0.050897208187849347}, "augment": true, "train_accuracy": 0.1178135016025641}