{"configs": {"scale_lower": 0.9013078973802049, "scale_probability": 0.5258690034914874, "rotation_probability": 0.18096674885379793, "crop_lower": 0.034814178190951076, "vertical_flip": 0.8944565666399056, "scale_upper": 1.7006695913347452, "crop_probability": 0.11999144218661273, "rotation_upper": 88, "pad_upper": 0.14661353018222006, "rotation_lower": -144, "pad_lower": 0.007099501269230069, "pad_probability": 0.10779909720276426, "horizontal_flip": 0.7074105817484228, "crop_upper": 0.1211954829436192}, "validation_error": 0.8976, "augment": true, "used_budget": 653.1430587768555, "train_accuracy": 0.1404246794871795, "train_history": {"val_acc": [0.1159, 0.107, 0.1071, 0.1175, 0.1076, 0.1093, 0.1071, 0.1076, 0.1076, 0.1101, 0.1138, 0.1024], "loss": [2.2884411345689726, 2.2799016443582683, 2.272307810875086, 2.270368666985096, 2.2631499713812118, 2.2635611173434134, 2.2598912089298935, 2.2612665677681947, 2.2557144463062286, 2.2536246195817604, 2.253595689932505, 2.25240914332561], "acc": [0.11873998397435898, 0.12204527243589744, 0.12477463942307693, 0.13005809294871795, 0.13479066506410256, 0.13509114583333334, 0.1330128205128205, 0.1312099358974359, 0.13834635416666666, 0.1383964342948718, 0.1393729967948718, 0.1404246794871795], "val_loss": [2.4229108436584474, 3.287368783569336, 2.9971102676391603, 2.4140540111541746, 3.101451933670044, 2.5587791469573973, 3.064193623352051, 2.7288764019012453, 3.0856819301605225, 2.4485459476470948, 2.698235129547119, 2.517209267425537]}}