{"train_accuracy": 0.11288060897435898, "configs": {"vertical_flip": 0.4984508344407367, "crop_probability": 0.7088008897877615, "rotation_lower": -18, "pad_probability": 0.4353509945881958, "pad_lower": 0.06747629425012079, "horizontal_flip": 0.16680278535852522, "scale_upper": 1.9061881589293828, "crop_upper": 0.11611056768749049, "scale_probability": 0.7106563527073987, "rotation_probability": 0.36734062856353944, "pad_upper": 0.23261470986046429, "rotation_upper": 3, "scale_lower": 0.5340136391151871, "crop_lower": 0.02120704978683137}, "augment": true, "used_budget": 737.7148659229279, "validation_error": 0.9025, "train_history": {"val_acc": [0.1194, 0.0965, 0.0999, 0.1005, 0.0929, 0.0996, 0.0987, 0.0901, 0.0946, 0.1078, 0.1062, 0.0975], "val_loss": [2.438545183944702, 2.501697253417969, 3.1098735916137694, 2.70319835357666, 2.572970002746582, 4.127151760101318, 3.4783987403869627, 3.118100646209717, 3.2916162094116213, 2.635190737915039, 2.944641008758545, 3.3942647815704348], "acc": [0.11275540865384616, 0.10809795673076923, 0.11333133012820513, 0.11212940705128205, 0.1114032451923077, 0.11313100961538461, 0.11112780448717949, 0.11666165865384616, 0.11518429487179487, 0.11588541666666667, 0.11653645833333333, 0.11288060897435898], "loss": [2.2963272707584577, 2.2944206366172204, 2.2924433824343557, 2.2917535862861533, 2.290649958910086, 2.2892841284091654, 2.288059656436627, 2.2874678686643257, 2.286956814619211, 2.2852776730671907, 2.2843465346556444, 2.2875756797118063]}}