{"validation_error": 0.8919, "train_history": {"val_acc": [0.1065, 0.104, 0.1064, 0.1065, 0.1024, 0.1068, 0.0963, 0.1001, 0.1003, 0.0992, 0.1028, 0.1081], "val_loss": [2.316450690460205, 2.4739231460571287, 2.7807643035888674, 2.9962647712707517, 2.4177011825561525, 2.542288953781128, 2.7900593799591062, 2.9410195655822755, 2.5554495296478272, 3.5214412994384765, 3.6136745166778566, 2.787347035217285], "loss": [2.2965827546058555, 2.2918086227698202, 2.288361527980902, 2.286453591707425, 2.288500195894486, 2.2858015925456314, 2.2855060276312704, 2.2861991425355277, 2.285715157404924, 2.2855929671189723, 2.2852043364292536, 2.284280241299898], "acc": [0.11040164262820513, 0.10852363782051282, 0.11385717147435898, 0.11618589743589744, 0.11555989583333333, 0.11648637820512821, 0.11393229166666667, 0.11475861378205128, 0.11383213141025642, 0.11395733173076923, 0.11663661858974358, 0.11583533653846154]}, "configs": {"rotation_upper": 118, "rotation_probability": 0.29652371889771556, "vertical_flip": 0.8709540506121342, "pad_upper": 0.24716995854955057, "crop_probability": 0.8521100345143401, "scale_lower": 0.5657009853360322, "crop_upper": 0.11045338524487716, "rotation_lower": -146, "scale_probability": 0.6601011038765663, "crop_lower": 0.036596803715266656, "pad_probability": 0.9873529449739527, "scale_upper": 1.2543164081404996, "pad_lower": 0.040990542952146575, "horizontal_flip": 0.5647794757855548}, "train_accuracy": 0.11583533653846154, "augment": true, "used_budget": 757.1991221904755}