{"configs": {"rotation_lower": -11, "scale_upper": 1.8894472436829512, "rotation_upper": 26, "pad_upper": 0.1361908657386955, "scale_lower": 0.817929777654449, "crop_upper": 0.18814817610246481, "pad_lower": 0.07706051652066354, "crop_probability": 0.0969381065149868, "pad_probability": 0.17923710299628892, "rotation_probability": 0.17266718032598583, "crop_lower": 0.05530454852251274, "vertical_flip": 0.16353992430483788, "horizontal_flip": 0.5668342741428478, "scale_probability": 0.8271725410489769}, "validation_error": 0.8943, "train_accuracy": 0.11748798076923077, "train_history": {"acc": [0.11047676282051282, 0.11490885416666667, 0.11510917467948718, 0.11485877403846154, 0.11450821314102565, 0.11648637820512821, 0.11686197916666667, 0.11821414262820513, 0.11871494391025642, 0.11618589743589744, 0.11591045673076923, 0.11748798076923077], "loss": [2.2953003285787044, 2.290326346189548, 2.287556224908584, 2.2854971167368765, 2.2858060758847456, 2.2872661848862967, 2.2837390647484708, 2.28196438230001, 2.283443320256013, 2.2823621034622192, 2.2828676249736395, 2.28085942986684], "val_loss": [2.321792434310913, 2.3270639934539794, 4.63263879699707, 3.1008704570770265, 3.4260615558624266, 3.303321738433838, 4.142708867645264, 4.320617906951904, 3.5145348461151125, 2.4051454296112063, 2.787299200820923, 3.238009412384033], "val_acc": [0.1, 0.1008, 0.1, 0.0998, 0.0999, 0.0993, 0.0984, 0.0995, 0.0996, 0.1085, 0.1019, 0.1057]}, "augment": true, "used_budget": 664.8387274742126}