{"train_accuracy": 0.12725360576923078, "train_history": {"loss": [2.2916492254306107, 2.2835411926110587, 2.2790620907759056, 2.2776486697869425, 2.2752439700640164, 2.273394298859132, 2.2745327108945603, 2.2716025519065366, 2.2723410228888192, 2.268202978066909, 2.271141930268361, 2.270932364922303], "acc": [0.11668669871794872, 0.12029246794871795, 0.1255008012820513, 0.12560096153846154, 0.1267528044871795, 0.12740384615384615, 0.12605168269230768, 0.1277293669871795, 0.12873096955128205, 0.13013321314102563, 0.13053385416666666, 0.12725360576923078], "val_loss": [2.3825480754852295, 2.398727847290039, 2.3957898551940917, 2.5083508613586427, 2.5110964012145995, 3.2059450080871583, 3.2971616886138917, 2.6695273021698, 2.8163584678649904, 3.4757448234558104, 2.856309434890747, 2.8446540279388426], "val_acc": [0.0989, 0.0988, 0.0989, 0.1053, 0.0989, 0.0987, 0.0991, 0.1001, 0.0985, 0.0986, 0.099, 0.0982]}, "used_budget": 666.5731747150421, "augment": true, "configs": {"rotation_probability": 0.40199259076254723, "vertical_flip": 0.6599821762033533, "scale_upper": 1.0081064452164819, "pad_probability": 0.2351641446764502, "crop_upper": 0.24544615276496254, "crop_probability": 0.5898036243209553, "rotation_lower": -38, "rotation_upper": 84, "scale_lower": 0.7118500113529656, "horizontal_flip": 0.9535168049053835, "scale_probability": 0.15547443749447654, "pad_lower": 0.05970618475449405, "crop_lower": 0.03368225769128953, "pad_upper": 0.2311990549815581}, "validation_error": 0.9018}