{"configs": {"scale_probability": 0.853532709388916, "pad_lower": 0.031584173486911594, "crop_probability": 0.5447772222819105, "crop_lower": 0.08544174158071008, "scale_upper": 1.886089786564251, "vertical_flip": 0.7771622403634659, "pad_upper": 0.1987218353615034, "pad_probability": 0.04897570958401487, "rotation_probability": 0.5249696775833228, "rotation_upper": 131, "scale_lower": 0.6860379222117353, "rotation_lower": 0, "crop_upper": 0.16272781241226658, "horizontal_flip": 0.658568593629046}, "train_accuracy": 0.10977564102564102, "validation_error": 0.8971, "used_budget": 791.129150390625, "train_history": {"acc": [0.10519330929487179, 0.10882411858974358, 0.11082732371794872, 0.10909955929487179, 0.10877403846153846, 0.10947516025641026, 0.11107772435897435, 0.10919971955128205, 0.1092998798076923, 0.10869891826923077, 0.11067708333333333, 0.10977564102564102], "val_loss": [2.3053069194793703, 2.296047303009033, 2.368378686904907, 2.352467328262329, 2.4042248229980467, 2.441911734008789, 2.8588397495269775, 2.9927014457702636, 2.4348542182922364, 2.8721765804290773, 2.4340757698059083, 2.7531816219329834], "val_acc": [0.1178, 0.1114, 0.1022, 0.102, 0.1032, 0.1029, 0.1071, 0.1051, 0.1144, 0.1066, 0.1066, 0.1029], "loss": [2.300496151049932, 2.297596963552328, 2.296364965347143, 2.295650069530194, 2.2962262477630224, 2.2945800561171312, 2.2933216316577716, 2.2950904415203977, 2.2934854993453393, 2.2937590647966433, 2.2945898442696304, 2.294337355173551]}, "augment": true}