{"augment": true, "configs": {"horizontal_flip": 0.034255146136211945, "scale_upper": 1.2486375441674236, "vertical_flip": 0.24331033345107334, "crop_upper": 0.27271484822773806, "scale_lower": 0.96791319118959, "crop_probability": 0.30465123526407956, "pad_probability": 0.1635389764828462, "pad_lower": 0.04308738159328415, "rotation_probability": 0.4821915867806753, "crop_lower": 0.015352148065202699, "rotation_lower": -85, "pad_upper": 0.22397732716341573, "scale_probability": 0.15783148440723604, "rotation_upper": 115}, "used_budget": 664.6352918148041, "train_accuracy": 0.13591746794871795, "validation_error": 0.8996, "train_history": {"loss": [2.2916224010479755, 2.2810046206682157, 2.277223898814275, 2.2720890190356817, 2.2700690115109468, 2.2683111742520943, 2.267601115581317, 2.265542772335884, 2.2642344664304686, 2.260613575195655, 2.2610463217282906, 2.2604650541757927], "acc": [0.11478365384615384, 0.1263271233974359, 0.12477463942307693, 0.1267528044871795, 0.1305088141025641, 0.13153545673076922, 0.13123497596153846, 0.13063401442307693, 0.13541666666666666, 0.13519130608974358, 0.13549178685897437, 0.13591746794871795], "val_loss": [2.340464325714111, 2.321269544219971, 2.751563689041138, 2.868976999664307, 2.5374844413757325, 3.863449242401123, 3.089633385467529, 2.9910078102111815, 3.436057064819336, 2.8171062545776366, 3.0270939270019532, 3.322512697601318], "val_acc": [0.0989, 0.099, 0.0986, 0.0987, 0.0987, 0.0986, 0.099, 0.0993, 0.0991, 0.1005, 0.1018, 0.1004]}}