{"used_budget": 745.1253809928894, "augment": true, "train_accuracy": 0.11135316506410256, "train_history": {"loss": [2.2986368338267007, 2.2951347827911377, 2.2949004425452304, 2.2919170428545046, 2.29220429674173, 2.2915213910432963, 2.291544793507992, 2.2905026162282014, 2.2888408440809984, 2.2901561099749346, 2.2884874970485, 2.2898821158286853], "acc": [0.10574419070512821, 0.10932491987179487, 0.10514322916666667, 0.11165364583333333, 0.11092748397435898, 0.11127804487179487, 0.11378205128205128, 0.11217948717948718, 0.11065204326923077, 0.1102764423076923, 0.11566005608974358, 0.11135316506410256], "val_acc": [0.0961, 0.0991, 0.0927, 0.1006, 0.0999, 0.0985, 0.0985, 0.0976, 0.0989, 0.0986, 0.0931, 0.1023], "val_loss": [2.3573796382904053, 2.3380845916748045, 2.6974023948669434, 2.3561935333251953, 2.333132939147949, 2.8363119033813478, 2.4575531784057616, 2.78502116317749, 2.827153656768799, 3.4325621398925783, 2.5723308990478517, 3.325360812759399]}, "validation_error": 0.8976999999999999, "configs": {"scale_upper": 1.6542113263227765, "scale_probability": 0.25001764410037464, "pad_probability": 0.3195403266617083, "crop_probability": 0.9288588928678906, "crop_upper": 0.26089231131239043, "rotation_upper": 17, "scale_lower": 0.6116040571399504, "rotation_lower": -9, "rotation_probability": 0.8445058244351967, "pad_lower": 0.03424646708210027, "vertical_flip": 0.8995384070910014, "crop_lower": 0.06955541201914427, "pad_upper": 0.2717308269083297, "horizontal_flip": 0.2426282610379723}}