{"used_budget": 754.1986501216888, "validation_error": 0.8989, "configs": {"pad_lower": 0.09993688228028969, "scale_upper": 1.4151378154114331, "pad_probability": 0.49508935761372075, "crop_probability": 0.7212991101573271, "crop_lower": 0.0727213048837167, "rotation_lower": -144, "pad_upper": 0.29240549204184624, "vertical_flip": 0.6252338456217176, "scale_probability": 0.19621138001433447, "rotation_upper": 21, "horizontal_flip": 0.25647959589289626, "rotation_probability": 0.8621475174469668, "scale_lower": 0.9615014998385834, "crop_upper": 0.19602741286349334}, "augment": true, "train_history": {"acc": [0.10774739583333333, 0.11102764423076923, 0.1114032451923077, 0.11075220352564102, 0.11180388621794872, 0.11398237179487179, 0.11172876602564102, 0.11135316506410256, 0.11200420673076923, 0.11047676282051282, 0.11766326121794872, 0.11288060897435898], "val_acc": [0.1012, 0.1013, 0.1012, 0.1012, 0.1011, 0.1011, 0.1012, 0.1083, 0.1025, 0.1012, 0.1011, 0.1011], "val_loss": [2.832228299713135, 2.3758963886260984, 2.5710775688171386, 2.6687124588012696, 2.601458156204224, 2.5706021160125734, 3.101556466293335, 2.518438879394531, 2.4718347816467285, 3.0049453117370604, 2.804411468887329, 2.968854793548584], "loss": [2.2996168770851235, 2.2967899243036904, 2.2943801406102304, 2.293794420285103, 2.2933981005962076, 2.2927214885369325, 2.292678402020381, 2.292177668748758, 2.2913262721819754, 2.2924407781698766, 2.2912353575229645, 2.291186782794121]}, "train_accuracy": 0.11288060897435898}