{"validation_error": 0.8913, "train_accuracy": 0.12354767628205128, "configs": {"scale_lower": 0.9106443255376657, "vertical_flip": 0.17267396484423814, "rotation_probability": 0.1999229567493248, "rotation_lower": -63, "pad_upper": 0.2828992027307746, "rotation_upper": 109, "crop_upper": 0.23259813884953764, "crop_lower": 0.02382761701048979, "scale_probability": 0.6476696077346976, "pad_lower": 0.05408394475251618, "horizontal_flip": 0.38963850859138527, "crop_probability": 0.27300508374888066, "pad_probability": 0.44229852855141527, "scale_upper": 1.2550464146541893}, "used_budget": 736.2439241409302, "train_history": {"val_loss": [2.309940181732178, 2.4513770931243895, 2.4092129482269287, 2.4574460823059083, 3.3486854221343996, 3.105807544708252, 2.848128598403931, 2.691062017440796, 2.773058685684204, 2.8858541736602783, 2.52666455078125, 3.77047805557251], "val_acc": [0.0997, 0.0998, 0.0999, 0.1177, 0.0995, 0.1013, 0.1044, 0.1008, 0.1113, 0.1028, 0.1012, 0.1087], "loss": [2.292117001154484, 2.284175320313527, 2.2826210909929032, 2.282219272393447, 2.2793397926367245, 2.2774773698586683, 2.279022765465272, 2.277930435461876, 2.276010976387904, 2.275381341194495, 2.2758591656501475, 2.2746649178174825], "acc": [0.11353165064102565, 0.11616085737179487, 0.12024238782051282, 0.12111879006410256, 0.12192007211538461, 0.12309695512820513, 0.1201171875, 0.12186999198717949, 0.12352263621794872, 0.12136919070512821, 0.1249248798076923, 0.12354767628205128]}, "augment": true}