{"train_accuracy": 0.1109775641025641, "configs": {"pad_probability": 0.3255890222324701, "horizontal_flip": 0.9809928896231963, "rotation_upper": 175, "crop_probability": 0.654882190926241, "rotation_probability": 0.7716048217526972, "rotation_lower": -128, "pad_upper": 0.20930262305065536, "crop_lower": 0.09984998268960113, "scale_probability": 0.6095541374225415, "scale_lower": 0.9971746062753968, "pad_lower": 0.04533187928323538, "scale_upper": 1.4809093582365271, "crop_upper": 0.18346806804385163, "vertical_flip": 0.7075050428392712}, "augment": true, "train_history": {"val_loss": [2.3346672096252443, 2.292258313751221, 2.378863627243042, 2.4749226959228516, 2.5442486671447755, 2.669241569519043, 2.3571237495422364, 2.6750412170410156, 2.662172276687622, 2.705732962036133, 2.4012865802764893, 2.6725847438812256], "val_acc": [0.0996, 0.1015, 0.0997, 0.0995, 0.0995, 0.0995, 0.0998, 0.0998, 0.0997, 0.0994, 0.1004, 0.1001], "acc": [0.10516826923076923, 0.10576923076923077, 0.10934995993589744, 0.10812299679487179, 0.11020132211538461, 0.11090244391025642, 0.11030148237179487, 0.11045172275641026, 0.10977564102564102, 0.11135316506410256, 0.11250500801282051, 0.1109775641025641], "loss": [2.299787911849144, 2.29946470948366, 2.2961825323410525, 2.295249195435108, 2.2958055421327934, 2.295080706095084, 2.2944594216652408, 2.29382757575084, 2.2932227483162513, 2.2940818583353972, 2.2941358165863233, 2.2922960336391744]}, "validation_error": 0.8999, "used_budget": 746.6152782440186}