{"configs": {"rotation_upper": 169, "pad_lower": 0.06430673419214349, "vertical_flip": 0.7553274479221338, "crop_upper": 0.15492536900497664, "horizontal_flip": 0.7674415981214449, "crop_lower": 0.03422308017617894, "scale_probability": 0.21803889559837542, "pad_probability": 0.09829791184912373, "crop_probability": 0.5637100301181314, "scale_upper": 1.8400796109378723, "scale_lower": 0.8479963891725706, "rotation_probability": 0.2668688724024114, "rotation_lower": -111, "pad_upper": 0.18105725681972726}, "train_accuracy": 0.13596754807692307, "validation_error": 0.8954, "used_budget": 659.557995557785, "augment": true, "train_history": {"val_loss": [2.3808590644836425, 2.534087198638916, 2.500709672164917, 2.558269495391846, 2.5389901641845705, 2.790731507110596, 2.398656296157837, 2.534881266403198, 2.9206976249694825, 2.701832415008545, 2.7790229248046874, 2.8116962341308596], "loss": [2.2868955716108665, 2.2760346753474994, 2.2721172150893088, 2.2701410551865897, 2.2663663556942573, 2.26446196436882, 2.2670299105155163, 2.261146673789391, 2.263458861754491, 2.2619996147278028, 2.258537402519813, 2.260907698900272], "val_acc": [0.101, 0.101, 0.1219, 0.1089, 0.1032, 0.1007, 0.1011, 0.1022, 0.0982, 0.1012, 0.1021, 0.1046], "acc": [0.1171123798076923, 0.1303585737179487, 0.12838040865384615, 0.13186097756410256, 0.13501602564102563, 0.13243689903846154, 0.13138521634615385, 0.13849659455128205, 0.13333834134615385, 0.1321864983974359, 0.13569210737179488, 0.13596754807692307]}}