{"used_budget": 749.8889100551605, "augment": true, "train_history": {"val_loss": [2.3172458713531494, 2.349509147644043, 2.9140427536010742, 2.798748448944092, 2.580363874053955, 2.5207795249938965, 2.558643243408203, 3.309793925857544, 2.9142307315826415, 2.986487197113037, 2.6788038360595703, 2.5143930702209474], "val_acc": [0.1016, 0.1025, 0.1021, 0.1015, 0.1014, 0.1014, 0.1015, 0.1013, 0.1092, 0.1015, 0.1024, 0.101], "loss": [2.299222266062712, 2.2965632524245825, 2.295550545056661, 2.292882126111251, 2.293822480317874, 2.292046553049332, 2.2909545432298613, 2.291121168014331, 2.2915568428161817, 2.2919544913829903, 2.2885276346634598, 2.290420319789495], "acc": [0.10914963942307693, 0.11235476762820513, 0.10882411858974358, 0.11087740384615384, 0.11318108974358974, 0.11355669070512821, 0.11378205128205128, 0.11080228365384616, 0.11448317307692307, 0.11333133012820513, 0.11493389423076923, 0.11288060897435898]}, "validation_error": 0.899, "configs": {"pad_probability": 0.3350281887373515, "pad_upper": 0.1892496477656892, "rotation_lower": -61, "crop_upper": 0.29298359145240477, "scale_upper": 1.154181384483647, "scale_lower": 0.5118034297174595, "crop_lower": 0.08462256876034843, "crop_probability": 0.7031622217181575, "scale_probability": 0.43434748872940865, "pad_lower": 0.03174676988119196, "rotation_probability": 0.6193247701897641, "vertical_flip": 0.5023834362677351, "rotation_upper": 107, "horizontal_flip": 0.5781472030628312}, "train_accuracy": 0.11288060897435898}