{"configs": {"scale_upper": 1.837591402710449, "scale_probability": 0.5772952649283895, "crop_upper": 0.22020935524393956, "rotation_lower": -148, "horizontal_flip": 0.5457296021165358, "scale_lower": 0.8888258389211755, "pad_probability": 0.8181565559823579, "rotation_upper": 65, "pad_lower": 0.042661055831199626, "crop_probability": 0.18832845336771453, "crop_lower": 0.043668069271334965, "vertical_flip": 0.7085226845952515, "pad_upper": 0.19611779822480158, "rotation_probability": 0.6183411962492479}, "train_accuracy": 0.11057692307692307, "augment": true, "used_budget": 675.5262212753296, "train_history": {"val_acc": [0.1024, 0.1013, 0.1013, 0.1012, 0.1013, 0.1045, 0.1035, 0.1005, 0.101, 0.1011, 0.0999, 0.1028], "acc": [0.10764723557692307, 0.1123046875, 0.11215444711538461, 0.11060196314102565, 0.11413261217948718, 0.11323116987179487, 0.11603565705128205, 0.11543469551282051, 0.1123046875, 0.11548477564102565, 0.11498397435897435, 0.11057692307692307], "loss": [2.2991906228737955, 2.2950900900058255, 2.292764202906535, 2.291679613865339, 2.2921771307786307, 2.2904220888247857, 2.2909880677858987, 2.2913079208288436, 2.289581394348389, 2.288305116769595, 2.2896080315113068, 2.287647995429161], "val_loss": [2.3338956619262694, 2.550995085144043, 3.5080425449371337, 2.505145690917969, 3.313534331512451, 2.927399859237671, 3.1024686950683593, 4.388530986022949, 3.2592036750793456, 2.924744990539551, 2.5934103172302247, 3.259790724945068]}, "validation_error": 0.8972}