{"configs": {"scale_upper": 1.3567217633094284, "crop_upper": 0.2664894621634144, "pad_probability": 0.4637532627714557, "crop_probability": 0.5056573643076367, "scale_lower": 0.5514058825313037, "rotation_lower": -40, "rotation_upper": 50, "pad_upper": 0.204959985055812, "vertical_flip": 0.7587969206765643, "horizontal_flip": 0.15019588858523036, "scale_probability": 0.6026179360181119, "rotation_probability": 0.21502907845165042, "crop_lower": 0.05089513625445238, "pad_lower": 0.031282768086162614}, "augment": true, "train_accuracy": 0.1201171875, "validation_error": 0.903, "train_history": {"val_loss": [2.3103033828735353, 2.5562433937072755, 3.7931844612121584, 2.325844167327881, 2.7620997817993165, 2.5606015056610105, 2.4634049476623536, 2.8661441341400145, 3.16314033203125, 2.8958982833862303, 2.8339688400268557, 2.639497960281372], "loss": [2.295194277396569, 2.2902713922353892, 2.286485634553127, 2.2856900974726067, 2.2849215804002223, 2.284092588302417, 2.28337485744403, 2.284244724573233, 2.281785543148334, 2.2799758987549024, 2.279647021721571, 2.280747901934844], "acc": [0.11438301282051282, 0.11688701923076923, 0.1143329326923077, 0.11806390224358974, 0.1214443108974359, 0.12176983173076923, 0.12136919070512821, 0.12021734775641026, 0.1190655048076923, 0.12469951923076923, 0.12099358974358974, 0.1201171875], "val_acc": [0.0967, 0.0972, 0.0968, 0.0973, 0.0967, 0.0968, 0.0956, 0.0967, 0.0967, 0.0983, 0.0971, 0.097]}, "used_budget": 669.3435788154602}