{"validation_error": 0.8986, "used_budget": 752.3248672485352, "augment": true, "configs": {"crop_upper": 0.2783289674646552, "rotation_upper": 32, "pad_probability": 0.4495779171917046, "scale_upper": 1.0989938668600114, "crop_lower": 0.06960783745150896, "scale_lower": 0.6409525482484616, "pad_upper": 0.25373005224737544, "scale_probability": 0.601764133175061, "rotation_probability": 0.3869216330668771, "pad_lower": 0.010987333066657069, "crop_probability": 0.5442088610624075, "vertical_flip": 0.022700154567665387, "rotation_lower": -25, "horizontal_flip": 0.758184084001963}, "train_accuracy": 0.12026742788461539, "train_history": {"val_loss": [2.57146300201416, 2.6783498390197753, 3.4388741065979005, 2.67634694442749, 2.598283013916016, 3.451673454284668, 2.872910866546631, 2.7495508430480955, 2.498025644683838, 2.6815678665161133, 2.898930683898926, 2.595749530029297], "val_acc": [0.1003, 0.1003, 0.1003, 0.1003, 0.101, 0.1066, 0.0974, 0.1062, 0.1112, 0.1006, 0.1011, 0.1014], "loss": [2.294158833149152, 2.288158017091262, 2.286269344580479, 2.283591783199555, 2.282456106100327, 2.2838704807636065, 2.281999023296894, 2.2820086731360507, 2.2786879409582186, 2.2819799964244547, 2.2803319065998764, 2.278872853670365], "acc": [0.11258012820512821, 0.11498397435897435, 0.1158603766025641, 0.11873998397435898, 0.11698717948717949, 0.11686197916666667, 0.11803886217948718, 0.1158603766025641, 0.11843950320512821, 0.12106870993589744, 0.1187900641025641, 0.12026742788461539]}}