{"train_history": {"val_loss": [2.357251035690308, 2.3465121837615968, 2.5729619899749756, 2.3183131065368654, 2.5123754161834717, 2.780163475036621, 2.6096002418518065, 2.818677848815918, 2.4697939647674563, 2.374690135574341, 2.8420735942840576, 2.5833049465179445], "val_acc": [0.1015, 0.102, 0.1029, 0.1006, 0.0998, 0.1032, 0.1027, 0.1029, 0.1031, 0.105, 0.107, 0.1035], "loss": [2.301482516985673, 2.2996140091847153, 2.299272310275298, 2.298979626252101, 2.2985270596467533, 2.2982651644792313, 2.2978756634088664, 2.2983420689900718, 2.297332688783988, 2.297031255868765, 2.2975031626530185, 2.2970713720871854], "acc": [0.10339042467948718, 0.10471754807692307, 0.10534354967948718, 0.10682091346153846, 0.10642027243589744, 0.10514322916666667, 0.10361578525641026, 0.1063701923076923, 0.10596955128205128, 0.10301482371794872, 0.10476762820512821, 0.10263922275641026]}, "train_accuracy": 0.10263922275641026, "augment": true, "configs": {"rotation_probability": 0.7968601220744106, "pad_upper": 0.11003161699885454, "crop_lower": 0.09628004406391091, "rotation_lower": -44, "pad_lower": 0.08315146784788796, "scale_upper": 1.738688368485985, "horizontal_flip": 0.3550035809101151, "vertical_flip": 0.7693046612247402, "pad_probability": 0.9573747984629528, "scale_lower": 0.6831554413762804, "crop_upper": 0.16455435676583094, "scale_probability": 0.9586190514523104, "rotation_upper": 34, "crop_probability": 0.7841794516637194}, "validation_error": 0.8965, "used_budget": 701.0603048801422}