{"configs": {"pad_lower": 0.0006535602980505484, "vertical_flip": 0.3084900268766295, "rotation_upper": 164, "scale_upper": 1.086876780929756, "scale_probability": 0.553301214388022, "crop_upper": 0.20377254816027113, "crop_lower": 0.04754431790359079, "pad_upper": 0.1951611513024395, "rotation_lower": -32, "horizontal_flip": 0.008227331413120376, "pad_probability": 0.9166033610287709, "crop_probability": 0.09519372983920893, "scale_lower": 0.8627002032927884, "rotation_probability": 0.43927364210273734}, "train_history": {"loss": [2.29385224596048, 2.290168978464909, 2.286860552353737, 2.283760483448322, 2.284360231497349, 2.2815417165939627, 2.2819989124933877, 2.2826940547197294, 2.282201802883393, 2.278364286972926, 2.279124774229832, 2.279046601974047], "acc": [0.11285556891025642, 0.11475861378205128, 0.11648637820512821, 0.11520933493589744, 0.11636117788461539, 0.11691205929487179, 0.11801382211538461, 0.12086838942307693, 0.12239583333333333, 0.11858974358974358, 0.11843950320512821, 0.1207431891025641], "val_loss": [2.453858278274536, 2.29532642288208, 2.455351881408691, 2.6911922172546388, 2.834933603286743, 2.778118000793457, 2.6566871444702147, 2.8994735527038573, 3.0039447666168213, 2.911233795928955, 3.209786344528198, 3.0255979164123534], "val_acc": [0.1013, 0.1154, 0.1027, 0.1013, 0.1013, 0.1023, 0.1013, 0.1012, 0.1011, 0.1025, 0.1002, 0.1009]}, "used_budget": 689.3998057842255, "validation_error": 0.8991, "train_accuracy": 0.1207431891025641, "augment": true}