{"augment": true, "validation_error": 0.8996, "train_accuracy": 0.15417167467948717, "configs": {"scale_upper": 1.9086967470431073, "scale_probability": 0.09488167044797569, "rotation_upper": 8, "pad_upper": 0.16608731943223826, "crop_probability": 0.06772108191888926, "rotation_probability": 0.38805569390483263, "crop_lower": 0.001228465908239973, "crop_upper": 0.20724519252519125, "pad_lower": 0.08595687198394097, "scale_lower": 0.7639556929368415, "rotation_lower": -111, "horizontal_flip": 0.7954567798287023, "pad_probability": 0.08245135728681341, "vertical_flip": 0.8448039675448354}, "used_budget": 650.5932295322418, "train_history": {"val_acc": [0.0985, 0.0983, 0.0983, 0.099, 0.0985, 0.0989, 0.0993, 0.0986, 0.1022, 0.0987, 0.1026, 0.1004], "loss": [2.2811053089606457, 2.264133286017638, 2.257263955397484, 2.2538537207322245, 2.2459455728530884, 2.2414814356045847, 2.2387203092758474, 2.236565589904785, 2.2299337692749805, 2.2285590981825805, 2.221953448576805, 2.2221208092493887], "val_loss": [2.3670567878723143, 2.4256642295837403, 2.8383605812072754, 2.9154070022583007, 2.652063611602783, 2.454076151275635, 2.5799936443328857, 3.028634942626953, 2.558693653488159, 3.593121923828125, 2.807428331756592, 2.7805316383361816], "acc": [0.12264623397435898, 0.13709435096153846, 0.1388221153846154, 0.14024939903846154, 0.14267828525641027, 0.14460637019230768, 0.14721053685897437, 0.14876302083333334, 0.15146734775641027, 0.1505408653846154, 0.15204326923076922, 0.15417167467948717]}}