{"train_history": {"loss": [2.298819519770451, 2.2960555973725443, 2.2930242128861256, 2.292667879508092, 2.2909707870238867, 2.2918663047827206, 2.2906750570505094, 2.2896860937277475, 2.2896052568386764, 2.29042896322715, 2.290505526921688, 2.288343463188563], "val_loss": [2.4202948348999023, 2.323913449859619, 2.383928211212158, 2.9346071659088135, 2.776979108428955, 2.400520615386963, 3.0352960601806642, 2.799466276550293, 3.149404180908203, 2.9135602462768553, 2.7419261795043943, 3.4337430519104], "val_acc": [0.1, 0.1047, 0.0996, 0.0999, 0.0996, 0.0998, 0.0991, 0.0999, 0.0994, 0.0983, 0.1013, 0.1004], "acc": [0.10476762820512821, 0.10642027243589744, 0.11025140224358974, 0.10872395833333333, 0.10957532051282051, 0.11187900641025642, 0.11142828525641026, 0.1102764423076923, 0.11573517628205128, 0.11455829326923077, 0.11157852564102565, 0.11012620192307693]}, "augment": true, "configs": {"crop_probability": 0.013270009510434444, "crop_upper": 0.1944587054113488, "pad_probability": 0.005794450168247756, "vertical_flip": 0.35420716942871355, "scale_probability": 0.8856468947554844, "crop_lower": 0.08757441322928677, "rotation_lower": -19, "pad_upper": 0.28925764376164637, "rotation_upper": 22, "rotation_probability": 0.7198267351457132, "scale_upper": 1.7546901924606282, "pad_lower": 0.015680766354281072, "scale_lower": 0.5328710606645941, "horizontal_flip": 0.05691226586458642}, "validation_error": 0.8996, "train_accuracy": 0.11012620192307693, "used_budget": 684.9121985435486}