{"augment": true, "train_accuracy": 0.10927483974358974, "configs": {"pad_probability": 0.7907067397961189, "crop_lower": 0.05226302916722691, "scale_lower": 0.8660780293700576, "horizontal_flip": 0.24591298410940277, "rotation_probability": 0.8305817081842393, "vertical_flip": 0.15797878588713055, "rotation_upper": 87, "scale_probability": 0.8755295942008217, "rotation_lower": -46, "pad_lower": 0.03125271977171519, "crop_upper": 0.21606239871588667, "crop_probability": 0.10629808188932233, "pad_upper": 0.11525470247330277, "scale_upper": 1.5782099702118297}, "validation_error": 0.8891, "train_history": {"val_loss": [2.2989749061584472, 2.997408267211914, 2.2809613662719728, 2.6113451053619383, 2.6648706283569337, 2.333211807632446, 3.2900719383239747, 2.810672946548462, 2.8161715385437014, 3.0127483600616456, 3.45811484375, 2.839232999038696], "loss": [2.298534715022796, 2.296929928736809, 2.2970991891164045, 2.2962402197030873, 2.2965298829934535, 2.294467549293469, 2.2936154703299203, 2.2940245744509573, 2.2943388315347524, 2.2929734687010446, 2.2925063302883735, 2.2925421786613955], "acc": [0.10238882211538461, 0.1070713141025641, 0.10521834935897435, 0.107421875, 0.10396634615384616, 0.10802283653846154, 0.10752203525641026, 0.11052684294871795, 0.10769731570512821, 0.10919971955128205, 0.10975060096153846, 0.10927483974358974], "val_acc": [0.1004, 0.1161, 0.1414, 0.1014, 0.1013, 0.1016, 0.1009, 0.1099, 0.1089, 0.1079, 0.1041, 0.1109]}, "used_budget": 698.877552986145}