{"train_accuracy": 0.1197666266025641, "validation_error": 0.9031, "used_budget": 739.1703083515167, "augment": true, "configs": {"scale_upper": 1.4950164925403686, "crop_probability": 0.02425890062885183, "vertical_flip": 0.5688485600019733, "rotation_lower": -31, "pad_lower": 0.06435163820431786, "pad_upper": 0.2720786149968818, "crop_upper": 0.2697308447556981, "rotation_probability": 0.0884413172606664, "scale_lower": 0.9312887742891345, "scale_probability": 0.7556918633052925, "rotation_upper": 73, "pad_probability": 0.6148407855195555, "crop_lower": 0.07803265662285606, "horizontal_flip": 0.9526010245889103}, "train_history": {"acc": [0.10987580128205128, 0.11438301282051282, 0.11631109775641026, 0.11783854166666667, 0.11661157852564102, 0.12192007211538461, 0.12061798878205128, 0.12024238782051282, 0.12169471153846154, 0.12327223557692307, 0.11833934294871795, 0.1197666266025641], "val_acc": [0.0979, 0.098, 0.0982, 0.098, 0.0982, 0.098, 0.0982, 0.0979, 0.0981, 0.0977, 0.0978, 0.0969], "loss": [2.2942363046682797, 2.2869913555108585, 2.287068646687728, 2.282329942935552, 2.282095410884955, 2.2811936132418804, 2.282571023855454, 2.2805481476661487, 2.2780790695777307, 2.280164807270735, 2.2790250266209626, 2.2796410696628766], "val_loss": [2.4292018577575685, 4.009292559814453, 2.5638398010253907, 2.849721411895752, 2.911887359619141, 2.5977855487823485, 2.573078500366211, 2.947961575317383, 3.031221947860718, 2.71619080619812, 3.400224872970581, 3.397709602355957]}}