{"validation_error": 0.8827, "augment": true, "train_accuracy": 0.10667067307692307, "configs": {"crop_probability": 0.7376777050497679, "rotation_probability": 0.19639806043617092, "rotation_lower": -113, "rotation_upper": 141, "crop_lower": 0.06673399182823729, "scale_lower": 0.8928311458515095, "horizontal_flip": 0.6681229720321161, "scale_upper": 1.5962974906706666, "pad_probability": 0.886925593004583, "pad_upper": 0.1260875046869007, "crop_upper": 0.23732075123897325, "scale_probability": 0.9968833865547869, "vertical_flip": 0.5585708184456649, "pad_lower": 0.015924910966506767}, "used_budget": 761.5587575435638, "train_history": {"val_acc": [0.0848, 0.102, 0.0992, 0.1068, 0.1151, 0.0983, 0.0999, 0.0987, 0.1021, 0.0943, 0.1017, 0.1173], "val_loss": [2.9107733108520506, 2.3016164306640623, 2.3651519439697264, 2.2673496555328367, 2.269502668762207, 2.66292460899353, 2.3238901679992674, 2.6884694610595705, 2.40379573135376, 2.469928064727783, 2.7598311100006105, 2.331130729293823], "loss": [2.300730581466968, 2.2999735382887034, 2.297234508471611, 2.297666997481615, 2.2965128291875887, 2.2974601808266764, 2.296998808781306, 2.2958617202746563, 2.295672368544799, 2.2953397058523617, 2.2942539805021043, 2.2939840516982932], "acc": [0.10271434294871795, 0.10334034455128205, 0.10354066506410256, 0.10932491987179487, 0.10719651442307693, 0.1034405048076923, 0.10657051282051282, 0.10642027243589744, 0.10496794871794872, 0.10566907051282051, 0.1065204326923077, 0.10667067307692307]}}