{"augment": true, "configs": {"pad_lower": 0.0771566445437541, "scale_probability": 0.1957797987209673, "crop_probability": 0.412768239306158, "rotation_lower": -171, "horizontal_flip": 0.1463232730517714, "rotation_probability": 0.3656124975832903, "vertical_flip": 0.5164351856291307, "pad_probability": 0.33306598480695604, "crop_lower": 0.08494657808745909, "scale_upper": 1.248160934127248, "pad_upper": 0.15047956898415776, "scale_lower": 0.5298673478507946, "crop_upper": 0.111033990895215, "rotation_upper": 61}, "train_accuracy": 0.13090945512820512, "train_history": {"val_acc": [0.136, 0.1433, 0.1044, 0.1038, 0.1049, 0.1091, 0.1056, 0.1048, 0.1172, 0.1052, 0.1047, 0.1056], "loss": [2.2904860851092215, 2.281078816988529, 2.274628910498741, 2.2752773624200087, 2.2727611729731927, 2.2697516618630824, 2.270078636896916, 2.2679497316861763, 2.269502668808668, 2.2687759070824356, 2.266136274887965, 2.2660819177444163], "val_loss": [2.3012421920776367, 2.268772097015381, 2.3760690261840822, 2.4497445423126223, 2.3240996200561526, 2.3288510246276855, 2.383108776473999, 2.4099352199554445, 2.3033840675354003, 2.3628832733154295, 2.4806163105010985, 2.5150907569885255], "acc": [0.11909054487179487, 0.12349759615384616, 0.12790464743589744, 0.12525040064102563, 0.13018329326923078, 0.12895633012820512, 0.1305839342948718, 0.1314853766025641, 0.12998297275641027, 0.13206129807692307, 0.13146033653846154, 0.13090945512820512]}, "used_budget": 725.3452794551849, "validation_error": 0.8944}