{"train_accuracy": 0.12154447115384616, "augment": true, "configs": {"rotation_probability": 0.2803561919759989, "pad_upper": 0.18031683295678508, "crop_upper": 0.25569799140176125, "scale_probability": 0.5018483919716404, "pad_lower": 0.06910399834301782, "vertical_flip": 0.1220768171353459, "crop_lower": 0.09126957403714688, "horizontal_flip": 0.11637346865611597, "pad_probability": 0.3871593750199298, "crop_probability": 0.46942393375727776, "scale_lower": 0.821779427110378, "rotation_upper": 81, "rotation_lower": -157, "scale_upper": 1.9081324610985109}, "train_history": {"loss": [2.294603841427045, 2.289556084535061, 2.287612239519755, 2.2875033227296977, 2.2824618082780104, 2.2806091056420255, 2.282811857186831, 2.2808191149662704, 2.279318487032866, 2.2798700676514554, 2.2792471807736616, 2.277346970179142], "acc": [0.11205428685897435, 0.11601061698717949, 0.11408253205128205, 0.11295572916666667, 0.11873998397435898, 0.12061798878205128, 0.11793870192307693, 0.12081830929487179, 0.12232071314102565, 0.12009214743589744, 0.12066806891025642, 0.12154447115384616], "val_loss": [2.3621456214904786, 2.3427499416351316, 2.43284228515625, 2.433812080383301, 2.4673520793914796, 2.3527748584747314, 2.337992517852783, 2.6601665534973145, 2.819661464691162, 2.514047188949585, 3.11231925239563, 2.8436898700714113], "val_acc": [0.1027, 0.1027, 0.1086, 0.1045, 0.1058, 0.1021, 0.1082, 0.1025, 0.1093, 0.1134, 0.1028, 0.1058]}, "used_budget": 730.0320007801056, "validation_error": 0.8942}