{"configs": {"vertical_flip": 0.322553280511125, "scale_upper": 1.9057674082778078, "rotation_probability": 0.5597879116506865, "pad_probability": 0.8221831104464953, "horizontal_flip": 0.5745015887783571, "pad_upper": 0.1202792910091015, "scale_lower": 0.745780450355076, "scale_probability": 0.2694761808710344, "crop_upper": 0.29462486042974906, "rotation_upper": 145, "crop_lower": 0.019974992552903848, "pad_lower": 0.01767122399829928, "crop_probability": 0.4872647081408322, "rotation_lower": -155}, "used_budget": 671.3294560909271, "validation_error": 0.8955, "train_history": {"val_loss": [2.289305647277832, 2.345080307006836, 2.289989856338501, 2.6808922832489013, 2.4455595596313477, 2.440041690826416, 2.553584730529785, 2.850795559692383, 2.9911199630737304, 2.5144934913635253, 2.4118942504882814, 3.025197589111328], "loss": [2.2971574113919186, 2.2921543411719494, 2.2905908830654926, 2.288281553830856, 2.2873955880984282, 2.2872783877910714, 2.2866011353639455, 2.2871921131244073, 2.284645235691315, 2.285378145865905, 2.2845413157573113, 2.2850876725636997], "val_acc": [0.1314, 0.1048, 0.1087, 0.1053, 0.1048, 0.1051, 0.1048, 0.1047, 0.1048, 0.1047, 0.1056, 0.1045], "acc": [0.10506810897435898, 0.11207932692307693, 0.11388221153846154, 0.1158603766025641, 0.11370693108974358, 0.11400741185897435, 0.1155849358974359, 0.11603565705128205, 0.11916566506410256, 0.11916566506410256, 0.11766326121794872, 0.11746294070512821]}, "train_accuracy": 0.11746294070512821, "augment": true}