{"used_budget": 690.148912191391, "train_history": {"loss": [2.2950306870998483, 2.2896126814377613, 2.289017682656264, 2.287107766438753, 2.2829684615135193, 2.2849832467543774, 2.2845015036754117, 2.2846731581749062, 2.282850351089086, 2.283203050112113, 2.281475278047415, 2.2836935260357003], "val_loss": [2.3520473766326906, 3.0290672912597656, 2.794444665145874, 2.374403527069092, 3.004407319641113, 3.581326831817627, 2.8280883239746095, 2.598879335784912, 2.791812589263916, 2.9763600936889647, 2.741868656921387, 2.8247984901428222], "val_acc": [0.1031, 0.1019, 0.1019, 0.1116, 0.1015, 0.1019, 0.1019, 0.1019, 0.1018, 0.1017, 0.1035, 0.1025], "acc": [0.11150340544871795, 0.11475861378205128, 0.11480869391025642, 0.11438301282051282, 0.11939102564102565, 0.11891526442307693, 0.11901542467948718, 0.12054286858974358, 0.11853966346153846, 0.11954126602564102, 0.11904046474358974, 0.1187900641025641]}, "augment": true, "train_accuracy": 0.1187900641025641, "configs": {"crop_upper": 0.2476792771982936, "vertical_flip": 0.6053525106394257, "crop_probability": 0.3545627053387749, "scale_upper": 1.3853327117613126, "rotation_lower": -112, "horizontal_flip": 0.6723683637205157, "rotation_probability": 0.22018857814184334, "scale_probability": 0.6361061323453515, "scale_lower": 0.7407214985083685, "pad_upper": 0.17875924565765805, "pad_probability": 0.9469711276845868, "crop_lower": 0.0029851195632554454, "pad_lower": 0.09797702899313028, "rotation_upper": 119}, "validation_error": 0.8975}