{"validation_error": 0.8966, "used_budget": 670.7581608295441, "augment": true, "train_accuracy": 0.12810496794871795, "train_history": {"val_acc": [0.0949, 0.0948, 0.0945, 0.094, 0.0942, 0.0944, 0.0942, 0.091, 0.0948, 0.0935, 0.0951, 0.1034], "val_loss": [2.3003487701416017, 2.581106392669678, 2.490071401977539, 2.372240111541748, 2.521438062286377, 2.674852529144287, 3.1257005226135255, 2.6131965766906737, 2.359742458343506, 2.6870780639648437, 2.554327187347412, 2.3737290954589843], "acc": [0.11691205929487179, 0.12620192307692307, 0.12262119391025642, 0.12545072115384615, 0.12830528846153846, 0.12382311698717949, 0.1300831330128205, 0.1279296875, 0.1276542467948718, 0.12672776442307693, 0.1291065705128205, 0.12810496794871795], "loss": [2.2924996614456177, 2.2837140453167453, 2.2800901341132627, 2.276729778601573, 2.274661450813978, 2.2741452554861703, 2.2733028531074524, 2.2708896566659975, 2.2703704428978457, 2.2718786016488686, 2.2689998478461533, 2.270274369380413]}, "configs": {"rotation_upper": 175, "pad_lower": 0.037970840936182595, "rotation_lower": -122, "pad_probability": 0.6728045544392389, "vertical_flip": 0.27031767775258975, "crop_lower": 0.09738031804658899, "crop_upper": 0.24896568889165768, "pad_upper": 0.18410987315922223, "rotation_probability": 0.26206379598049445, "horizontal_flip": 0.11231821855541568, "scale_upper": 1.5814051578937482, "scale_probability": 0.34980387755272135, "scale_lower": 0.8584749513745416, "crop_probability": 0.2361863433978718}}