{"configs": {"scale_probability": 0.6339181519920523, "crop_upper": 0.2589631105945827, "crop_lower": 0.09661005907113983, "rotation_upper": 164, "scale_upper": 1.26565856755197, "scale_lower": 0.7857857616080883, "pad_lower": 0.020595980970785844, "vertical_flip": 0.6182796628298718, "rotation_lower": -14, "pad_probability": 0.7361890006085773, "crop_probability": 0.9086704239035095, "rotation_probability": 0.7249161375542561, "horizontal_flip": 0.4913792640049255, "pad_upper": 0.17984256685494798}, "validation_error": 0.8965, "train_accuracy": 0.1045673076923077, "train_history": {"val_loss": [2.4928830841064453, 2.4438233673095704, 2.8221216583251953, 2.4085780353546142, 2.7676900470733643, 2.580618730545044, 2.55164291305542, 3.5885233123779297, 3.7217591735839846, 2.5906687019348142, 3.392560026550293, 3.611902219390869], "val_acc": [0.1046, 0.1046, 0.1045, 0.1003, 0.1033, 0.102, 0.1037, 0.1016, 0.1021, 0.1054, 0.1012, 0.1035], "loss": [2.3004730611275406, 2.299210317623921, 2.29891399313242, 2.298073723530158, 2.297904441754023, 2.2962156534194946, 2.2969406071381693, 2.29647650092076, 2.2965466999090633, 2.2956730868571844, 2.2951191663742065, 2.293631763030321], "acc": [0.10551883012820513, 0.10576923076923077, 0.10434194711538461, 0.10574419070512821, 0.10792267628205128, 0.10709635416666667, 0.10739683493589744, 0.10709635416666667, 0.10556891025641026, 0.10692107371794872, 0.10897435897435898, 0.1045673076923077]}, "augment": true, "used_budget": 683.4024045467377}