{"train_accuracy": 0.13223657852564102, "validation_error": 0.9009, "used_budget": 717.2585785388947, "augment": true, "configs": {"crop_lower": 0.03605518899685706, "scale_lower": 0.571935015428277, "scale_upper": 1.5852820740342346, "rotation_probability": 0.12553333719600346, "pad_lower": 0.09803943311254071, "pad_upper": 0.2776323395173612, "vertical_flip": 0.885664730313928, "rotation_upper": 115, "scale_probability": 0.3116081142972562, "horizontal_flip": 0.6756707834506435, "rotation_lower": -163, "crop_upper": 0.15569883510790236, "pad_probability": 0.9159306397828819, "crop_probability": 0.3163599769101597}, "train_history": {"loss": [2.287883622524066, 2.2770623717552576, 2.2762740155061087, 2.2715578186206327, 2.270805408557256, 2.2725616823404264, 2.266931257186792, 2.268751239929444, 2.2683566227937355, 2.2667605441350203, 2.2638753858896403, 2.266180340296183], "val_acc": [0.0987, 0.0987, 0.0987, 0.0986, 0.0989, 0.0986, 0.0982, 0.0974, 0.0985, 0.0988, 0.0988, 0.0991], "acc": [0.11901542467948718, 0.12580128205128205, 0.12700320512820512, 0.1271033653846154, 0.12770432692307693, 0.12878104967948717, 0.13068409455128205, 0.1291816907051282, 0.12727864583333334, 0.13053385416666666, 0.13173577724358973, 0.13223657852564102], "val_loss": [2.5764669776916502, 2.8633224075317383, 2.5499552085876465, 2.4628450881958006, 2.435393268585205, 2.733411389923096, 2.6888751140594485, 2.6095528213500976, 3.512296700286865, 3.0424602729797363, 3.9570241065979004, 2.7153573722839357]}}