{"augment": true, "validation_error": 0.9011, "train_accuracy": 0.11285556891025642, "train_history": {"val_acc": [0.1035, 0.1065, 0.102, 0.0985, 0.0985, 0.0982, 0.1003, 0.0984, 0.0984, 0.0984, 0.0984, 0.0989], "loss": [2.298284243314694, 2.295439105003308, 2.292353861607038, 2.2902811612838354, 2.2897809652181773, 2.2886910132872753, 2.287542762664648, 2.288970003525416, 2.2871673084222355, 2.285406078283603, 2.286206786449139, 2.286665765138773], "acc": [0.10519330929487179, 0.11032652243589744, 0.11323116987179487, 0.11603565705128205, 0.11127804487179487, 0.11606069711538461, 0.11493389423076923, 0.11345653044871795, 0.11445813301282051, 0.11606069711538461, 0.11535957532051282, 0.11285556891025642], "val_loss": [2.298798804473877, 2.2908910831451417, 2.514061939239502, 2.470715504837036, 2.8106387226104736, 2.4466937980651857, 2.341267252731323, 2.6190094711303713, 3.906831876373291, 2.4834373344421388, 3.0980422073364258, 2.4898017608642578]}, "used_budget": 742.1814901828766, "configs": {"rotation_probability": 0.33919121017953857, "rotation_lower": -152, "pad_probability": 0.34821633369098726, "scale_upper": 1.0359371434245654, "pad_upper": 0.2578915287959308, "vertical_flip": 0.4603644678984794, "crop_probability": 0.6727883512190822, "scale_probability": 0.7534548695418561, "rotation_upper": 85, "crop_lower": 0.09505217782585243, "pad_lower": 0.09088214840898297, "crop_upper": 0.1789287891730813, "scale_lower": 0.851737099777675, "horizontal_flip": 0.5612531392482969}}