{"train_history": {"val_loss": [2.3414607051849363, 2.3495094680786135, 2.3208320285797117, 2.347604030609131, 2.53226506729126, 2.6455938346862795, 2.8967248443603517, 2.669110947036743, 2.7277838947296145, 3.018901001739502, 3.133362080001831, 2.8325790184021], "val_acc": [0.1187, 0.0946, 0.1019, 0.1031, 0.1019, 0.1023, 0.1021, 0.101, 0.1018, 0.0985, 0.1016, 0.1014], "acc": [0.10987580128205128, 0.11025140224358974, 0.1119541266025641, 0.11465845352564102, 0.11358173076923077, 0.11278044871794872, 0.11333133012820513, 0.11365685096153846, 0.11566005608974358, 0.11505909455128205, 0.1143329326923077, 0.11743790064102565], "loss": [2.2978573601979475, 2.2930478491844277, 2.292778105307848, 2.29022450477649, 2.291418257432106, 2.2896681901736136, 2.2897780529963665, 2.28927828791814, 2.287359342361108, 2.2879261756554627, 2.2888892766756888, 2.2873078424196978]}, "train_accuracy": 0.11743790064102565, "configs": {"pad_probability": 0.7795520628891844, "rotation_lower": -3, "rotation_upper": 41, "pad_lower": 0.07873273298243995, "pad_upper": 0.13676171319072322, "scale_probability": 0.2699279845718562, "crop_upper": 0.27064213068598025, "rotation_probability": 0.8491953638530833, "vertical_flip": 0.26132685813198764, "horizontal_flip": 0.5198272910289015, "crop_lower": 0.009216016410531115, "scale_lower": 0.8010897285569243, "scale_upper": 1.7826445239258626, "crop_probability": 0.3726022343028702}, "used_budget": 755.2510423660278, "validation_error": 0.8986, "augment": true}