{"configs": {"pad_lower": 0.062195476748181336, "scale_upper": 1.5221781768833633, "crop_lower": 0.07818100128429895, "rotation_lower": -179, "pad_upper": 0.10510738858226974, "crop_upper": 0.24188722856010386, "crop_probability": 0.4068752059160926, "horizontal_flip": 0.7817638325559827, "scale_lower": 0.7221920313973786, "scale_probability": 0.24139412454456055, "vertical_flip": 0.04254830658924369, "pad_probability": 0.2707674166367525, "rotation_upper": 84, "rotation_probability": 0.5456961214579085}, "train_accuracy": 0.12479967948717949, "augment": true, "used_budget": 663.6854538917542, "validation_error": 0.8835999999999999, "train_history": {"val_acc": [0.0972, 0.0973, 0.098, 0.097, 0.0988, 0.1002, 0.1176, 0.1109, 0.1171, 0.1029, 0.1183, 0.1164], "acc": [0.11355669070512821, 0.11828926282051282, 0.1226963141025641, 0.12419871794871795, 0.12109375, 0.12747896634615385, 0.12054286858974358, 0.12262119391025642, 0.12387319711538461, 0.12845552884615385, 0.125, 0.12479967948717949], "loss": [2.291782558728487, 2.2861736157001595, 2.2807706342293668, 2.2804133211955047, 2.2789595065972743, 2.2756221370819287, 2.2782750595838595, 2.276040722162296, 2.2741538286209106, 2.2735586968752055, 2.2748240392941694, 2.274277306520022], "val_loss": [2.3869471199035646, 2.356154315948486, 2.7335853118896485, 2.4233599716186522, 3.0352857597351073, 2.9337869888305663, 3.094750856781006, 2.6315654605865477, 2.4966655902862547, 2.557947080993652, 3.2353144111633303, 2.3155337703704832]}}