{"train_history": {"acc": [0.1161358173076923, 0.12762920673076922, 0.12605168269230768, 0.1337890625, 0.1275791266025641, 0.13188601762820512, 0.13013321314102563, 0.12908153044871795, 0.12915665064102563, 0.12993289262820512, 0.13033353365384615, 0.13206129807692307], "loss": [2.2908047437667847, 2.2783917547800603, 2.276464803860738, 2.2724441901231422, 2.2733605962533217, 2.2698183189599943, 2.269803123596387, 2.2708329940453553, 2.269615950492712, 2.267106299216931, 2.2678897900459094, 2.2673704073979306], "val_loss": [2.479319169616699, 2.425239783477783, 2.469074641418457, 2.398204649353027, 2.690399415588379, 2.4611793170928955, 2.673041131591797, 2.3941069076538084, 2.9986837829589845, 3.2827868003845215, 2.7726005710601807, 2.748605659484863], "val_acc": [0.0994, 0.0995, 0.0993, 0.0994, 0.099, 0.099, 0.0991, 0.0993, 0.0987, 0.0991, 0.0993, 0.0998]}, "validation_error": 0.9002, "augment": true, "configs": {"horizontal_flip": 0.21442464818770623, "rotation_lower": -122, "pad_upper": 0.13756457377182657, "pad_lower": 0.01915205879332943, "crop_upper": 0.19865713185968698, "crop_probability": 0.28657160082155053, "vertical_flip": 0.6381585557355555, "rotation_probability": 0.2835018381154182, "scale_upper": 1.017728745681279, "scale_lower": 0.7815879468832561, "pad_probability": 0.9217243787384594, "scale_probability": 0.09915849210253058, "rotation_upper": 153, "crop_lower": 0.0979101721196584}, "train_accuracy": 0.13206129807692307, "used_budget": 742.1683785915375}