{"configs": {"scale_upper": 1.7345735294852571, "horizontal_flip": 0.6256605821480711, "crop_upper": 0.20257960972044284, "scale_probability": 0.0692875224651126, "crop_lower": 0.010186476436951265, "rotation_probability": 0.5301218891480357, "pad_probability": 0.5133127817981012, "scale_lower": 0.8231930658176634, "rotation_upper": 6, "pad_upper": 0.29913739082103574, "pad_lower": 0.08471508748381183, "rotation_lower": -127, "crop_probability": 0.9658867916886561, "vertical_flip": 0.9473579550843275}, "augment": true, "used_budget": 665.8583474159241, "train_accuracy": 0.12337239583333333, "train_history": {"val_acc": [0.0962, 0.0964, 0.0964, 0.0964, 0.0964, 0.0967, 0.0967, 0.0973, 0.0975, 0.0971, 0.0967, 0.0967], "acc": [0.11358173076923077, 0.11626101762820513, 0.12034254807692307, 0.12264623397435898, 0.1219951923076923, 0.12161959134615384, 0.12069310897435898, 0.11981670673076923, 0.12124399038461539, 0.1221454326923077, 0.12194511217948718, 0.12337239583333333], "val_loss": [2.368769915008545, 4.074395067596435, 2.7662049560546875, 2.6624618953704835, 2.9118439838409422, 3.007374583053589, 2.918379556274414, 2.4688468006134032, 2.611778979873657, 2.572011260223389, 2.7487413604736326, 2.748311775588989], "loss": [2.2950216929117837, 2.288900178212386, 2.2870704936675534, 2.2825333369083896, 2.282741910372025, 2.281226268181434, 2.281652440627416, 2.2824852818097825, 2.2787468150640144, 2.2775465853703327, 2.279100980514135, 2.2786660607044515]}, "validation_error": 0.9033}