{"validation_error": 0.8953, "configs": {"scale_probability": 0.8350223731538394, "rotation_lower": -43, "rotation_probability": 0.46194600677571207, "horizontal_flip": 0.360857523520689, "pad_probability": 0.39696434220876864, "crop_probability": 0.31601265785726895, "crop_lower": 0.03317655604635821, "pad_lower": 0.07293511280013223, "scale_lower": 0.7846975030012215, "rotation_upper": 60, "scale_upper": 1.8855525041470171, "pad_upper": 0.2040209848950123, "crop_upper": 0.1202149117739833, "vertical_flip": 0.5060706160916254}, "train_history": {"val_loss": [2.8793895904541014, 2.2899062789916993, 2.4460978099823, 2.405464557266235, 2.5363992004394533, 2.93713773727417, 2.4312294193267823, 2.615139933013916, 2.609305053329468, 2.397741635513306, 2.7400878021240236, 2.6432491886138916], "loss": [2.2999447591793842, 2.297098919367179, 2.2952831043646884, 2.2953902024489183, 2.2934169417772536, 2.293935946164987, 2.2926541681473074, 2.2930431900880275, 2.2920763355035048, 2.2920906375616026, 2.2913265763184962, 2.292095673389924], "val_acc": [0.0997, 0.1032, 0.102, 0.1005, 0.0997, 0.0997, 0.0998, 0.1003, 0.0996, 0.1064, 0.1132, 0.1047], "acc": [0.1028896233974359, 0.10957532051282051, 0.10817307692307693, 0.11040164262820513, 0.11190404647435898, 0.11037660256410256, 0.10857371794871795, 0.11593549679487179, 0.11107772435897435, 0.11085236378205128, 0.11395733173076923, 0.1107021233974359]}, "train_accuracy": 0.1107021233974359, "augment": true, "used_budget": 749.604672908783}