{"configs": {"scale_upper": 1.4744192536696996, "rotation_lower": -111, "scale_probability": 0.022282902467010368, "pad_lower": 0.09358077565760577, "crop_probability": 0.042375064608432544, "pad_probability": 0.5106797136770147, "horizontal_flip": 0.2170409762065274, "scale_lower": 0.9634065456430648, "crop_lower": 0.0468674869086049, "rotation_probability": 0.381038351636262, "vertical_flip": 0.0005459848048317006, "rotation_upper": 119, "crop_upper": 0.25833335234439725, "pad_upper": 0.29620336829171695}, "validation_error": 0.8945, "used_budget": 730.8275527954102, "augment": true, "train_accuracy": 0.15026542467948717, "train_history": {"val_acc": [0.1066, 0.1052, 0.1029, 0.1029, 0.1037, 0.1036, 0.1038, 0.1032, 0.103, 0.1054, 0.104, 0.1055], "loss": [2.28073721130689, 2.266396341415552, 2.2626596146669145, 2.2584659785796433, 2.2545681442969885, 2.2543603540995183, 2.251755414100794, 2.247615043933575, 2.248229593038559, 2.247651520447853, 2.245363392126866, 2.2415206187810655], "acc": [0.12512520032051283, 0.13268729967948717, 0.13591746794871795, 0.13403946314102563, 0.1391476362179487, 0.14092548076923078, 0.13584234775641027, 0.14330428685897437, 0.14225260416666666, 0.14413060897435898, 0.1446814903846154, 0.15026542467948717], "val_loss": [2.4472473205566407, 2.612480380630493, 2.896020520019531, 3.035710236358643, 2.577130825805664, 2.7922638484954834, 2.4845402442932127, 3.1284517349243166, 2.5295601707458495, 2.7701228481292723, 3.158565258407593, 3.2479221923828123]}}