{"augment": true, "configs": {"scale_lower": 0.7191449779693708, "rotation_upper": 90, "pad_lower": 0.0509897604166503, "crop_lower": 0.0976933791530895, "pad_upper": 0.12004513151181928, "horizontal_flip": 0.704865028851042, "vertical_flip": 0.05334594026785022, "crop_probability": 0.9791611034026637, "pad_probability": 0.14186357879793332, "rotation_probability": 0.9653492168128804, "rotation_lower": -80, "crop_upper": 0.2890068602540068, "scale_upper": 1.814600312136705, "scale_probability": 0.3961013648271109}, "validation_error": 0.898, "used_budget": 677.1383051872253, "train_history": {"acc": [0.10326522435897435, 0.10404146634615384, 0.10489282852564102, 0.10153745993589744, 0.10278946314102565, 0.10627003205128205, 0.10419170673076923, 0.10334034455128205, 0.10619491185897435, 0.10757211538461539, 0.10491786858974358, 0.10794771634615384], "val_loss": [2.6316392707824705, 2.3790944873809816, 2.4265559799194336, 2.3398929538726807, 2.3614724906921385, 2.372972607421875, 2.5283228839874266, 2.491540113067627, 2.4369465084075927, 2.7230446754455566, 2.722955079650879, 3.0485361083984377], "val_acc": [0.0971, 0.0971, 0.0976, 0.0994, 0.0993, 0.097, 0.0973, 0.0975, 0.0963, 0.0971, 0.0969, 0.102], "loss": [2.300978277738278, 2.300048235899363, 2.299841290101027, 2.2997727187780233, 2.2989340241138754, 2.298820909781334, 2.2975481419991226, 2.298025314624493, 2.298078704338807, 2.2974100502637715, 2.297749928174875, 2.2975394496550927]}, "train_accuracy": 0.10794771634615384}