{"validation_error": 0.8867, "configs": {"horizontal_flip": 0.47520029436732814, "pad_probability": 0.3851992370151138, "pad_upper": 0.20897973896249067, "scale_probability": 0.8106250498794105, "rotation_lower": -105, "scale_upper": 1.3181200596222862, "crop_upper": 0.1544834119414441, "vertical_flip": 0.46700872389985326, "crop_probability": 0.9661746961042553, "crop_lower": 0.012671434184661679, "pad_lower": 0.04821497961740484, "scale_lower": 0.8474777236990889, "rotation_upper": 17, "rotation_probability": 0.7481037123227738}, "augment": true, "used_budget": 688.7593693733215, "train_history": {"val_acc": [0.1035, 0.099, 0.1035, 0.1038, 0.1042, 0.1034, 0.1034, 0.1033, 0.1035, 0.1269, 0.1032, 0.1133], "loss": [2.2997243297405734, 2.297174332997738, 2.297315918482267, 2.296590526898702, 2.2952175591236506, 2.2945022850464554, 2.295193858635731, 2.294749373808885, 2.2948369078147106, 2.293550730515749, 2.294082523156435, 2.294791545623388], "acc": [0.10616987179487179, 0.10699619391025642, 0.10486778846153846, 0.11085236378205128, 0.10792267628205128, 0.10932491987179487, 0.10774739583333333, 0.10759715544871795, 0.10782251602564102, 0.10882411858974358, 0.10639523237179487, 0.1083984375], "val_loss": [2.3342349487304688, 2.453420176696777, 2.486095034790039, 2.532833200454712, 2.354678193664551, 3.5092560367584227, 3.133610694885254, 3.7663950702667237, 3.973903705596924, 2.2755617031097413, 3.535599633026123, 2.4370003578186035]}, "train_accuracy": 0.1083984375}