{"validation_error": 0.8906000000000001, "train_history": {"val_acc": [0.1071, 0.1085, 0.1104, 0.1087, 0.1074, 0.1077, 0.1081, 0.1069, 0.1081, 0.1094, 0.1178, 0.1094], "val_loss": [2.4329396900177, 2.4512542472839356, 3.0895045761108397, 2.5584256378173826, 3.2971006759643555, 2.9950769622802733, 2.834144219970703, 3.2589715709686278, 3.1619485023498535, 2.842324174499512, 2.759035347366333, 2.8309625862121583], "acc": [0.1058193108974359, 0.11210436698717949, 0.11187900641025642, 0.11533453525641026, 0.11365685096153846, 0.11122796474358974, 0.11273036858974358, 0.11591045673076923, 0.11062700320512821, 0.11137820512820513, 0.11691205929487179, 0.11701221955128205], "loss": [2.298122846163236, 2.2925916069593186, 2.2930144560642733, 2.292024538303033, 2.2907589628146243, 2.28973039602622, 2.289594827554165, 2.2887317744585185, 2.289253231806633, 2.289387903152368, 2.2879786009971914, 2.286814808081358]}, "used_budget": 737.1240029335022, "train_accuracy": 0.11701221955128205, "augment": true, "configs": {"pad_upper": 0.2736929964796051, "crop_lower": 0.0029504597215554763, "vertical_flip": 0.9388211361479132, "rotation_probability": 0.6719354239468152, "scale_upper": 1.8440963555423648, "pad_probability": 0.1566863221272008, "rotation_lower": -160, "scale_lower": 0.7325724721235367, "crop_probability": 0.9775855009144351, "rotation_upper": 70, "pad_lower": 0.09012718608189804, "scale_probability": 0.41949674116658264, "crop_upper": 0.1587550959999449, "horizontal_flip": 0.7987999655986696}}