{"validation_error": 0.8883, "augment": true, "used_budget": 690.7422962188721, "train_accuracy": 0.11170372596153846, "configs": {"crop_lower": 0.04385423355083565, "crop_probability": 0.8053947201134863, "scale_probability": 0.7483248120337764, "rotation_upper": 77, "scale_lower": 0.6655847477122505, "pad_upper": 0.16028780851250685, "vertical_flip": 0.37723875565932385, "pad_probability": 0.6701983467925738, "crop_upper": 0.19073281749478654, "rotation_lower": -164, "rotation_probability": 0.8083412914630979, "pad_lower": 0.0240576171978124, "horizontal_flip": 0.8290755539804381, "scale_upper": 1.359223346747493}, "train_history": {"loss": [2.300597751751924, 2.298463368263, 2.2963657883497386, 2.298074620656478, 2.296668094702256, 2.2967771467490072, 2.296257501229262, 2.2961325209874373, 2.294910261264214, 2.294481795567733, 2.2944127940214596, 2.294957552964871], "acc": [0.1019130608974359, 0.10887419871794872, 0.10955028044871795, 0.10632011217948718, 0.11002604166666667, 0.10684595352564102, 0.10982572115384616, 0.10784755608974358, 0.1092998798076923, 0.10867387820512821, 0.11015124198717949, 0.11170372596153846], "val_loss": [2.3708711135864258, 2.953360715484619, 2.47153599319458, 3.2723508628845215, 2.455696435546875, 2.3006638889312745, 2.4749390506744384, 2.8418558380126955, 2.339952395248413, 2.4744913932800294, 2.6592625385284423, 2.8441425510406493], "val_acc": [0.1033, 0.1029, 0.1029, 0.1029, 0.1017, 0.1001, 0.1133, 0.1027, 0.0887, 0.1085, 0.1156, 0.1117]}}