{"validation_error": 0.9059, "augment": true, "train_accuracy": 0.11102764423076923, "train_history": {"val_loss": [2.3602383293151856, 2.3357813514709473, 2.3961862243652345, 2.7950536865234374, 2.602566143035889, 2.887371608734131, 2.5875462715148925, 3.3410633495330813, 2.9967238708496096, 3.304973843765259, 3.482072164916992, 4.011468239974976], "loss": [2.2989072654491816, 2.296399480257279, 2.2947510335689936, 2.2935859308792996, 2.2937414141801686, 2.2916205876912827, 2.292605928885631, 2.291600273969846, 2.2924255621738925, 2.290995554282115, 2.2921186853677797, 2.2920441925525665], "acc": [0.10596955128205128, 0.1123046875, 0.11050180288461539, 0.11242988782051282, 0.11115284455128205, 0.11435797275641026, 0.11170372596153846, 0.10859875801282051, 0.10950020032051282, 0.11295572916666667, 0.10947516025641026, 0.11102764423076923], "val_acc": [0.0959, 0.0955, 0.0955, 0.0956, 0.0956, 0.0957, 0.0942, 0.093, 0.0918, 0.0949, 0.0949, 0.0941]}, "used_budget": 747.7444489002228, "configs": {"scale_upper": 1.5391776076197754, "pad_upper": 0.27085473868218374, "rotation_probability": 0.5964899344183707, "rotation_upper": 50, "pad_lower": 0.04309787159961209, "scale_lower": 0.9945404513352981, "crop_lower": 0.09605138879223214, "crop_probability": 0.4756312681984266, "vertical_flip": 0.29261952812676184, "crop_upper": 0.18350202964262638, "horizontal_flip": 0.24728406344528164, "rotation_lower": -163, "scale_probability": 0.6274565858430581, "pad_probability": 0.6498508854351304}}