{"train_accuracy": 0.12357271634615384, "augment": true, "validation_error": 0.9008, "train_history": {"loss": [2.292871744968952, 2.2872361877025704, 2.284912796356739, 2.282223241451459, 2.2819151053061852, 2.2792887702966347, 2.281228786095595, 2.283221043073214, 2.2796390858980327, 2.2826100335671353, 2.2798554117862997, 2.2794254009540262], "val_acc": [0.099, 0.0996, 0.099, 0.099, 0.099, 0.0989, 0.0989, 0.0991, 0.0991, 0.099, 0.099, 0.0992], "acc": [0.11598557692307693, 0.11703725961538461, 0.12264623397435898, 0.1204677483974359, 0.11986678685897435, 0.12289663461538461, 0.12104366987179487, 0.12006710737179487, 0.12089342948717949, 0.1197666266025641, 0.12061798878205128, 0.12357271634615384], "val_loss": [2.7858726566314695, 2.4954893898010253, 2.4564439758300782, 2.8874721111297608, 2.700193918609619, 2.971849586486816, 3.2633172149658205, 2.8039972644805906, 2.8135086086273193, 3.05118889465332, 2.5933801219940187, 2.933136812591553]}, "used_budget": 736.8389883041382, "configs": {"horizontal_flip": 0.3024756843177233, "pad_upper": 0.2256172802184276, "crop_probability": 0.9120384708856359, "rotation_upper": 83, "rotation_probability": 0.5275857652568285, "vertical_flip": 0.15636032888271778, "scale_upper": 1.4663303028545405, "pad_lower": 0.049614962669114276, "scale_probability": 0.09266489920429999, "crop_lower": 0.04033255902649827, "crop_upper": 0.13015643379824374, "rotation_lower": -73, "scale_lower": 0.5477268927494504, "pad_probability": 0.7833985858837604}}