{"augment": true, "train_accuracy": 0.11072716346153846, "validation_error": 0.8959, "train_history": {"val_loss": [2.376363708114624, 2.3742480819702148, 2.5405551891326903, 2.3242524772644044, 2.398791600418091, 3.1535430576324464, 3.3337035789489744, 2.5228751750946046, 2.7673025566101073, 3.618825357437134, 2.835156605911255, 2.64153048248291], "val_acc": [0.104, 0.1121, 0.105, 0.1064, 0.1042, 0.104, 0.104, 0.1042, 0.104, 0.104, 0.104, 0.1041], "loss": [2.2989493990555787, 2.2957642513972063, 2.2947334249814353, 2.2927679190268884, 2.2921857749804473, 2.2912770991141977, 2.290964446006677, 2.290945536051041, 2.289986406381314, 2.2907021068609676, 2.2908905179072647, 2.2909086522383566], "acc": [0.10869891826923077, 0.11197916666666667, 0.1092998798076923, 0.1119541266025641, 0.11350661057692307, 0.11202924679487179, 0.11202924679487179, 0.11353165064102565, 0.11448317307692307, 0.11330629006410256, 0.11348157051282051, 0.11072716346153846]}, "configs": {"scale_probability": 0.4365692186753114, "rotation_probability": 0.8699953740734028, "crop_probability": 0.052701164893759866, "pad_lower": 0.004960677569353001, "vertical_flip": 0.3453117417116308, "rotation_lower": -127, "scale_upper": 1.042132590019936, "crop_upper": 0.17208546024380822, "scale_lower": 0.9310518239556727, "rotation_upper": 163, "pad_upper": 0.2802969337213375, "horizontal_flip": 0.27568626120120565, "pad_probability": 0.8478506654496153, "crop_lower": 0.04259622756627497}, "used_budget": 756.4069809913635}