{"train_accuracy": 0.12131911057692307, "configs": {"crop_probability": 0.07579563254228372, "horizontal_flip": 0.4507887321773867, "scale_probability": 0.5309044073532294, "crop_lower": 0.009705466476759607, "pad_probability": 0.29475471654288177, "pad_lower": 0.09039320960514552, "pad_upper": 0.1786388970102786, "vertical_flip": 0.19605300961692462, "rotation_lower": -80, "scale_lower": 0.906836495926135, "rotation_probability": 0.5234313312856854, "scale_upper": 1.8247821499146852, "rotation_upper": 163, "crop_upper": 0.2090697507827164}, "used_budget": 740.1787841320038, "train_history": {"val_acc": [0.1015, 0.1015, 0.0976, 0.1018, 0.0992, 0.1015, 0.1008, 0.103, 0.1055, 0.1093, 0.105, 0.1038], "val_loss": [2.5536173408508303, 2.847181089782715, 2.3624496421813963, 2.392618904876709, 2.3531682125091553, 2.831887453842163, 2.4338317604064943, 2.4272406867980956, 2.796074380874634, 4.145792063903809, 2.6788222694396975, 3.444574824142456], "loss": [2.295588371845392, 2.2897820381017833, 2.2887411530201254, 2.2846749226252236, 2.2851715003832793, 2.2840916369205866, 2.2823103154316926, 2.283880972709411, 2.2821841278137307, 2.281711459924013, 2.282196043393551, 2.281400652267994], "acc": [0.11060196314102565, 0.11145332532051282, 0.11518429487179487, 0.12024238782051282, 0.11801382211538461, 0.11756310096153846, 0.12452423878205128, 0.11788862179487179, 0.12247095352564102, 0.11761318108974358, 0.11766326121794872, 0.12131911057692307]}, "validation_error": 0.8962, "augment": true}