{"configs": {"pad_probability": 0.9150920342509999, "scale_probability": 0.2870484770631935, "scale_upper": 1.0891652161824203, "crop_lower": 0.009034751839240606, "scale_lower": 0.9125233095020299, "rotation_lower": -150, "rotation_upper": 100, "crop_upper": 0.2200628068150347, "pad_upper": 0.1246050410490047, "crop_probability": 0.9912646030697213, "pad_lower": 0.016425122040966734, "rotation_probability": 0.5868835162291939, "horizontal_flip": 0.6363504879259217, "vertical_flip": 0.5012385937530791}, "train_history": {"acc": [0.10759715544871795, 0.10917467948717949, 0.11378205128205128, 0.1136318108974359, 0.11868990384615384, 0.11182892628205128, 0.11503405448717949, 0.11691205929487179, 0.11528445512820513, 0.11475861378205128, 0.11528445512820513, 0.11693709935897435], "val_acc": [0.1047, 0.1046, 0.1047, 0.1049, 0.1047, 0.1046, 0.1047, 0.1045, 0.1104, 0.1048, 0.1047, 0.111], "val_loss": [2.642287181854248, 2.585715440368652, 2.665269309234619, 2.337130297088623, 2.592253695678711, 2.4571191352844237, 2.6994137046813966, 2.4555099487304686, 2.326742180633545, 2.4555402923583984, 3.8568040409088136, 2.411408815765381], "loss": [2.2980204874124284, 2.2949305383058696, 2.2914950236296043, 2.290196255995677, 2.2894459519630823, 2.290657374339226, 2.2907111637103252, 2.289123637553973, 2.2877813340761723, 2.2888610317156863, 2.2880770686345224, 2.288612583508858]}, "train_accuracy": 0.11693709935897435, "validation_error": 0.889, "augment": true, "used_budget": 689.40669465065}