{"train_accuracy": 0.10782251602564102, "used_budget": 765.3041934967041, "configs": {"rotation_lower": -68, "pad_lower": 0.06608477488238161, "crop_upper": 0.24674590320132242, "pad_probability": 0.9075602512933256, "crop_lower": 0.0652609923489461, "rotation_probability": 0.9898405661852729, "scale_lower": 0.856126115970633, "scale_upper": 1.581440441431138, "scale_probability": 0.5435557904110746, "crop_probability": 0.8726938598145693, "rotation_upper": 115, "horizontal_flip": 0.7563524004099548, "pad_upper": 0.2702311519342545, "vertical_flip": 0.8383698553635588}, "augment": true, "train_history": {"acc": [0.1034405048076923, 0.10379106570512821, 0.10712139423076923, 0.10421674679487179, 0.10576923076923077, 0.10719651442307693, 0.10529346955128205, 0.10546875, 0.10579427083333333, 0.10371594551282051, 0.10779747596153846, 0.10782251602564102], "loss": [2.300625577951089, 2.3002686821497402, 2.298995620929278, 2.2990783773935757, 2.299083711245121, 2.2973604507935352, 2.298056864585632, 2.2979366802252255, 2.2973740651057315, 2.297161787748337, 2.2957723950728393, 2.297095294946279], "val_loss": [2.494281300354004, 2.3129909484863282, 2.324820518112183, 2.3232158809661865, 2.3445083801269533, 2.4189435886383057, 2.3366174297332765, 3.032964366149902, 2.4484624298095703, 2.765804976272583, 2.669203182220459, 2.363061727142334], "val_acc": [0.0968, 0.098, 0.0959, 0.0961, 0.1035, 0.0953, 0.0953, 0.0968, 0.0991, 0.0955, 0.1018, 0.0994]}, "validation_error": 0.9006}