{"train_accuracy": 0.11220452724358974, "validation_error": 0.8985, "train_history": {"val_loss": [2.504296616363525, 2.31848261680603, 2.389778361129761, 2.572362633514404, 2.6529713081359865, 3.9286914138793945, 2.974199663925171, 2.50982325592041, 2.726779902648926, 2.8935440742492675, 3.3681583633422854, 3.1016256832122804], "loss": [2.296777924666038, 2.294083683154522, 2.2904726694791746, 2.2902092131284566, 2.2899400163919497, 2.288316304102922, 2.288687139749527, 2.2871313866896505, 2.287031191281783, 2.2870341829764538, 2.2864147088466544, 2.286485797319657], "acc": [0.1074969951923077, 0.11005108173076923, 0.11445813301282051, 0.11358173076923077, 0.11235476762820513, 0.11578525641025642, 0.11300580929487179, 0.11192908653846154, 0.11423277243589744, 0.11368189102564102, 0.11535957532051282, 0.11220452724358974], "val_acc": [0.1006, 0.1007, 0.101, 0.1012, 0.1006, 0.1006, 0.1007, 0.1031, 0.1012, 0.101, 0.1006, 0.1015]}, "configs": {"crop_upper": 0.205271188796595, "scale_probability": 0.9149303548613019, "vertical_flip": 0.968962151396175, "rotation_upper": 67, "rotation_lower": -84, "pad_upper": 0.2401436482943883, "horizontal_flip": 0.7554504288433378, "pad_probability": 0.22488245225898873, "crop_probability": 0.09925894706730187, "rotation_probability": 0.19227657356362526, "scale_upper": 1.9936193155440702, "scale_lower": 0.5786662726760639, "pad_lower": 0.06443505367371415, "crop_lower": 0.0034993086125112097}, "used_budget": 746.9978833198547, "augment": true}