{"augment": true, "used_budget": 744.3224623203278, "validation_error": 0.8969, "train_accuracy": 0.12657752403846154, "configs": {"crop_probability": 0.07162574479027961, "vertical_flip": 0.4539098459046539, "scale_upper": 1.4284610245511387, "scale_probability": 0.6637787958498871, "rotation_lower": -32, "pad_lower": 0.028817297433879577, "crop_lower": 0.043447677605408165, "crop_upper": 0.2323071651688143, "pad_upper": 0.22429268810744674, "rotation_upper": 74, "rotation_probability": 0.33646624711063833, "scale_lower": 0.793415776869774, "horizontal_flip": 0.5781115263833512, "pad_probability": 0.18298203450687656}, "train_history": {"acc": [0.11072716346153846, 0.1201923076923077, 0.12161959134615384, 0.11959134615384616, 0.12176983173076923, 0.12069310897435898, 0.12194511217948718, 0.11994190705128205, 0.11939102564102565, 0.12149439102564102, 0.12447415865384616, 0.12657752403846154], "val_loss": [2.515420665740967, 2.8067535587310792, 2.7541741020202637, 2.419361462402344, 2.361739168548584, 2.8343270027160643, 3.1685106163024903, 2.693707390213013, 2.599051342010498, 2.6768193706512453, 2.4323536125183107, 2.6357921768188475], "val_acc": [0.1034, 0.1035, 0.1033, 0.103, 0.1032, 0.1033, 0.1034, 0.1029, 0.1028, 0.1032, 0.1037, 0.1031], "loss": [2.2951714274210806, 2.289653791066928, 2.2822341399315076, 2.2836293356540875, 2.2808836560982924, 2.282293901993678, 2.2799892891675997, 2.280240700030938, 2.2800456491800456, 2.2778910291500583, 2.277992661946859, 2.276623090872398]}}