{"used_budget": 752.2470898628235, "train_accuracy": 0.11030148237179487, "augment": true, "configs": {"scale_upper": 1.2774254758174561, "crop_lower": 0.015678842913990066, "horizontal_flip": 0.4678920560271044, "scale_lower": 0.6041127728348701, "rotation_lower": -177, "pad_lower": 0.06641691411793364, "rotation_probability": 0.7682645804387414, "rotation_upper": 4, "vertical_flip": 0.655169093600881, "crop_upper": 0.1724789222714947, "scale_probability": 0.829342228945998, "crop_probability": 0.4097247185966496, "pad_upper": 0.12126608598148006, "pad_probability": 0.05198239415742911}, "validation_error": 0.8976, "train_history": {"loss": [2.2991505097120237, 2.2954917611219945, 2.293813098699619, 2.2928138619814162, 2.2940570750297646, 2.293801416189243, 2.292225037629788, 2.2925462004465933, 2.291183814024314, 2.291109564212652, 2.291861048111549, 2.291831115881602], "val_loss": [2.4650593643188476, 2.37263731842041, 2.7249917835235595, 3.119857733154297, 2.541043528747559, 2.5348474521636963, 3.2169056697845457, 3.0692420768737794, 3.102976211929321, 2.6609585983276367, 2.431887854766846, 3.1170872444152833], "acc": [0.10371594551282051, 0.10799779647435898, 0.11270532852564102, 0.10957532051282051, 0.1094501201923077, 0.1097255608974359, 0.11172876602564102, 0.11207932692307693, 0.11313100961538461, 0.11087740384615384, 0.11280548878205128, 0.11030148237179487], "val_acc": [0.1059, 0.1035, 0.1024, 0.1026, 0.1027, 0.1028, 0.1024, 0.1027, 0.1027, 0.1023, 0.1036, 0.1024]}}