{"augment": true, "configs": {"rotation_lower": -168, "scale_upper": 1.4703518266968973, "horizontal_flip": 0.42345785795749913, "pad_lower": 0.04452282220144804, "scale_lower": 0.5174883464413387, "crop_upper": 0.22915592890197548, "pad_probability": 0.31089325632959763, "crop_probability": 0.42494711897041904, "rotation_probability": 0.656052662314418, "rotation_upper": 71, "pad_upper": 0.2029714200993673, "scale_probability": 0.08960491833489959, "vertical_flip": 0.009784474863642423, "crop_lower": 0.006588195907775441}, "used_budget": 668.0807330608368, "train_accuracy": 0.12324719551282051, "train_history": {"val_loss": [2.4022029556274416, 2.527769617462158, 2.539310294342041, 2.705255684661865, 3.0364182067871095, 2.675998655319214, 2.9743804065704347, 2.7694910682678224, 2.3133513442993165, 2.620422072219849, 2.647085232925415, 3.132320411682129], "val_acc": [0.0974, 0.1027, 0.0986, 0.0974, 0.0989, 0.0973, 0.097, 0.1129, 0.1237, 0.1058, 0.1114, 0.1113], "loss": [2.2914533462279882, 2.285132307272691, 2.2832312683264413, 2.281960587470959, 2.278649871165936, 2.278471298706837, 2.2777181405287523, 2.2766933196630235, 2.2765227991801043, 2.275103216752028, 2.2739079617536984, 2.273758604740485], "acc": [0.11343149038461539, 0.12014222756410256, 0.11763822115384616, 0.11786358173076923, 0.12357271634615384, 0.12277143429487179, 0.12259615384615384, 0.12109375, 0.1224208733974359, 0.1221454326923077, 0.12374799679487179, 0.12324719551282051]}, "validation_error": 0.8887}