{"augment": true, "train_accuracy": 0.10995092147435898, "validation_error": 0.8768, "train_history": {"val_loss": [2.9271229248046877, 2.4673103183746337, 3.1515921405792238, 2.4428880233764647, 2.6031734634399415, 2.706649806213379, 2.6563233917236326, 2.5904098556518553, 2.6230604259490966, 2.715497246170044, 2.787139003753662, 2.29868454284668], "loss": [2.3004869482456107, 2.2976320737447495, 2.296679051258625, 2.2963461111753416, 2.2960521387748227, 2.294926364452411, 2.2947008923078194, 2.293912884516594, 2.2939495948644786, 2.293926791502879, 2.2948374236241365, 2.293477197488149], "val_acc": [0.1019, 0.1008, 0.1012, 0.1018, 0.0913, 0.1011, 0.101, 0.1019, 0.1013, 0.1005, 0.1028, 0.1232], "acc": [0.1045673076923077, 0.10762219551282051, 0.107421875, 0.10784755608974358, 0.10822315705128205, 0.10619491185897435, 0.10852363782051282, 0.1080478766025641, 0.10632011217948718, 0.10689603365384616, 0.10914963942307693, 0.10995092147435898]}, "used_budget": 676.8930563926697, "configs": {"crop_upper": 0.2748753502138393, "rotation_probability": 0.6162476529960302, "rotation_upper": 103, "pad_lower": 0.02821753902009231, "crop_probability": 0.47114397971206257, "pad_probability": 0.21527956941770043, "vertical_flip": 0.8891418774602164, "scale_lower": 0.5407373038163131, "scale_upper": 1.6899151062235558, "rotation_lower": -96, "crop_lower": 0.04789402074556464, "pad_upper": 0.17697048883767705, "scale_probability": 0.8857868164592375, "horizontal_flip": 0.5212086575647622}}