{"train_history": {"val_loss": [2.312741067123413, 2.3804806747436524, 2.6110973526000976, 2.345359076690674, 2.5531086891174315, 3.4260744510650634, 3.336290033340454, 2.9654085708618165, 2.784969163894653, 2.72186641998291, 3.783063217163086, 2.414865615081787], "loss": [2.2909919604277, 2.2804350776550097, 2.277422460990074, 2.2760627636542687, 2.2741992068596377, 2.2746151448824468, 2.27352843605555, 2.270790993403166, 2.2693168337528524, 2.268574825464151, 2.2650443475980024, 2.2683942959858823], "val_acc": [0.099, 0.0989, 0.0989, 0.099, 0.099, 0.0988, 0.0988, 0.0988, 0.0988, 0.099, 0.0988, 0.1074], "acc": [0.11991686698717949, 0.12507512019230768, 0.12590144230769232, 0.12525040064102563, 0.1271534455128205, 0.12883112980769232, 0.13171073717948717, 0.13040865384615385, 0.1316356169871795, 0.13366386217948717, 0.13323818108974358, 0.13273737980769232]}, "validation_error": 0.8926000000000001, "augment": true, "used_budget": 672.4868469238281, "configs": {"horizontal_flip": 0.2816014086401053, "crop_upper": 0.2870131521605588, "crop_probability": 0.46180955716189465, "scale_lower": 0.9927861200798114, "crop_lower": 0.09009253508794009, "rotation_upper": 76, "pad_probability": 0.5312663583977012, "pad_lower": 0.09840369344466035, "rotation_lower": -145, "vertical_flip": 0.5444925697769687, "scale_probability": 0.018500981052506416, "rotation_probability": 0.27566389143276393, "scale_upper": 1.2101547312469336, "pad_upper": 0.23059840467498197}, "train_accuracy": 0.13273737980769232}