{"augment": true, "train_accuracy": 0.11197916666666667, "used_budget": 794.0968673229218, "configs": {"vertical_flip": 0.590124186684787, "pad_probability": 0.6645885558110858, "pad_lower": 0.06455290858082317, "pad_upper": 0.2835730875130118, "horizontal_flip": 0.24791064683395536, "rotation_lower": -107, "scale_lower": 0.8039951150062264, "scale_probability": 0.6692637811683142, "crop_upper": 0.2634760797416823, "scale_upper": 1.7288624079427581, "crop_probability": 0.772726807866862, "rotation_probability": 0.43898594577787886, "rotation_upper": 122, "crop_lower": 0.06683983887846238}, "train_history": {"val_acc": [0.0924, 0.0991, 0.1132, 0.0993, 0.1042, 0.1004, 0.0979, 0.0979, 0.1085, 0.1009, 0.101, 0.0979], "val_loss": [2.403947331237793, 2.30250567779541, 2.757841843414307, 2.6489857173919678, 2.707830028915405, 2.5781501388549803, 2.878241368103027, 2.772236456298828, 2.5172344940185547, 2.5060428203582763, 2.340976428604126, 2.7460153190612795], "loss": [2.299915905182178, 2.2988992845400786, 2.296485645648761, 2.2946920631787715, 2.2955611921273746, 2.2949908329890323, 2.2936232151129308, 2.2936750321816177, 2.2936548514243884, 2.293696811565986, 2.2938130360383253, 2.2926095028718314], "acc": [0.10601963141025642, 0.10591947115384616, 0.10772235576923077, 0.1100010016025641, 0.10834835737179487, 0.10932491987179487, 0.11280548878205128, 0.10759715544871795, 0.10859875801282051, 0.11303084935897435, 0.11127804487179487, 0.11197916666666667]}, "validation_error": 0.9021}