{"train_accuracy": 0.10702123397435898, "augment": true, "validation_error": 0.9016, "configs": {"rotation_upper": 164, "scale_lower": 0.7011599758385394, "crop_lower": 0.052101614962800386, "scale_probability": 0.8687246764104097, "pad_upper": 0.1710174652727826, "crop_probability": 0.56395423258083, "pad_lower": 0.02114820947559757, "rotation_probability": 0.8333462019614953, "rotation_lower": -132, "scale_upper": 1.7748503119726906, "crop_upper": 0.2957621900939433, "pad_probability": 0.7112377019039624, "horizontal_flip": 0.8558813829686516, "vertical_flip": 0.2273441987464091}, "used_budget": 764.8365094661713, "train_history": {"acc": [0.10374098557692307, 0.1021885016025641, 0.10331530448717949, 0.10669571314102565, 0.1038661858974359, 0.10807291666666667, 0.10489282852564102, 0.10521834935897435, 0.10792267628205128, 0.10276442307692307, 0.1080478766025641, 0.10702123397435898], "val_acc": [0.0986, 0.0986, 0.0984, 0.0985, 0.0986, 0.0986, 0.0985, 0.0994, 0.0984, 0.0985, 0.0983, 0.0984], "loss": [2.3012528671668124, 2.299855791605436, 2.2995525766641665, 2.2989137157415733, 2.297566991585952, 2.298571235094315, 2.298760651777952, 2.2992185743955464, 2.297469897147937, 2.2983777347283487, 2.297720981714053, 2.2973705667715807], "val_loss": [2.4139564712524413, 2.818396376037598, 2.4666658962249755, 2.582552713775635, 2.3124207824707033, 2.9729231548309327, 2.4667767379760743, 2.31062089805603, 2.7643703983306884, 3.2708959983825685, 2.5688141677856446, 2.874987671661377]}}