{"used_budget": 745.7250325679779, "configs": {"pad_lower": 0.08005307085030466, "crop_lower": 0.09722935286675409, "horizontal_flip": 0.5713203746498223, "scale_upper": 1.993854275271751, "rotation_lower": -164, "vertical_flip": 0.9038723069892156, "rotation_upper": 29, "crop_upper": 0.2967714377593663, "pad_probability": 0.0679869493568791, "scale_probability": 0.3337518196561994, "rotation_probability": 0.925697774766737, "crop_probability": 0.03663830463164908, "pad_upper": 0.27041063277722677, "scale_lower": 0.5390043561581286}, "train_history": {"loss": [2.2988106646598916, 2.2941290514591413, 2.29224703174371, 2.290934581022996, 2.288743405770033, 2.2893530145669594, 2.289818299886508, 2.2880920561460347, 2.2897253838869243, 2.287276750191664, 2.2883766140693274, 2.28772900501887], "acc": [0.11110276442307693, 0.11310596955128205, 0.11057692307692307, 0.11255508814102565, 0.11828926282051282, 0.11440805288461539, 0.11360677083333333, 0.11611077724358974, 0.11165364583333333, 0.11716245993589744, 0.11358173076923077, 0.11308092948717949], "val_loss": [2.5348793350219725, 2.425027771759033, 2.39657204284668, 2.332679104614258, 2.5074983028411864, 2.6890354598999022, 2.776022200393677, 2.736357094573975, 3.0555932235717775, 2.802284622955322, 2.4677231781005857, 2.7287155292510987], "val_acc": [0.1069, 0.1068, 0.1068, 0.107, 0.1069, 0.1069, 0.1066, 0.1081, 0.1091, 0.1074, 0.1082, 0.1117]}, "train_accuracy": 0.11308092948717949, "augment": true, "validation_error": 0.8883}