{"validation_error": 0.8982, "used_budget": 726.3241956233978, "train_accuracy": 0.12797976762820512, "augment": true, "configs": {"pad_probability": 0.0024807529634509606, "vertical_flip": 0.8492531310873206, "pad_lower": 0.02565831206908451, "rotation_upper": 135, "crop_lower": 0.0304323042671365, "rotation_probability": 0.7655314292103895, "rotation_lower": -75, "horizontal_flip": 0.379993432273373, "scale_probability": 0.0014926793015960227, "scale_upper": 1.0976215029679377, "crop_probability": 0.04273361856681501, "pad_upper": 0.1472802492859454, "scale_lower": 0.7186083507087306, "crop_upper": 0.17788426376956173}, "train_history": {"val_acc": [0.1066, 0.1042, 0.1006, 0.1001, 0.1009, 0.1046, 0.1019, 0.1016, 0.1007, 0.1011, 0.1009, 0.1018], "val_loss": [2.443079647064209, 2.298062009048462, 2.8034330142974855, 3.6824704544067384, 2.608400284576416, 2.6547773937225343, 2.5580202461242676, 2.470900791168213, 3.6031702987670897, 3.2548129219055175, 2.6471534534454344, 2.680231583404541], "loss": [2.290377833904364, 2.2831350343349652, 2.279943831456013, 2.2762920673076925, 2.274574645818808, 2.2762119410893855, 2.2739140735222745, 2.2690124893799806, 2.2688285609086356, 2.2685584922631583, 2.265870232612659, 2.2684558920371227], "acc": [0.11688701923076923, 0.11786358173076923, 0.12707832532051283, 0.1253505608974359, 0.12592648237179488, 0.12279647435897435, 0.1281300080128205, 0.13018329326923078, 0.13005809294871795, 0.1274539262820513, 0.13221153846153846, 0.12797976762820512]}}