{"validation_error": 0.9033, "train_history": {"val_acc": [0.0972, 0.097, 0.097, 0.0971, 0.0969, 0.097, 0.0971, 0.0971, 0.0972, 0.0966, 0.0971, 0.0967], "loss": [2.2983453334906163, 2.2939365957027826, 2.2898585376067038, 2.291643115954521, 2.289982963830997, 2.2892353336016336, 2.290126717243439, 2.28895227649273, 2.2886395095250545, 2.2885658068534656, 2.287198243997036, 2.287891385646967], "val_loss": [2.473542276763916, 2.824979389190674, 2.4830485847473143, 2.736808856964111, 2.5854551391601563, 3.297837895202637, 2.7146343406677245, 3.0406915019989014, 3.034592511367798, 2.4551751079559327, 3.4487046718597414, 2.5826995109558104], "acc": [0.10586939102564102, 0.10990084134615384, 0.11408253205128205, 0.10965044070512821, 0.11365685096153846, 0.1162109375, 0.11247996794871795, 0.11408253205128205, 0.11325620993589744, 0.11458333333333333, 0.11555989583333333, 0.11253004807692307]}, "augment": true, "train_accuracy": 0.11253004807692307, "configs": {"rotation_probability": 0.739912038693524, "scale_lower": 0.8639248274341271, "pad_upper": 0.1854088835489351, "horizontal_flip": 0.39894637401468425, "scale_upper": 1.2898414791214299, "rotation_upper": 16, "crop_upper": 0.10547123918291988, "vertical_flip": 0.7414562323629159, "pad_probability": 0.4299655123983698, "pad_lower": 0.023518470259072444, "crop_lower": 0.031921460497106834, "scale_probability": 0.37126971433041545, "crop_probability": 0.9648807642859479, "rotation_lower": -173}, "used_budget": 680.3315000534058}