{"configs": {"scale_upper": 1.3463988536242133, "horizontal_flip": 0.9119064265725149, "pad_upper": 0.19569324738012123, "pad_lower": 0.09773532893296914, "crop_upper": 0.21355545880910018, "vertical_flip": 0.44149708930163656, "rotation_probability": 0.30272107659851855, "pad_probability": 0.6654316567711124, "scale_probability": 0.7568247129427439, "rotation_upper": 37, "rotation_lower": -34, "crop_lower": 0.06860632810903991, "scale_lower": 0.8560038682333424, "crop_probability": 0.8364215002546128}, "train_accuracy": 0.11345653044871795, "augment": true, "used_budget": 750.9559810161591, "validation_error": 0.9016, "train_history": {"loss": [2.298163299377148, 2.2950043884607463, 2.292723759626731, 2.292448036181621, 2.291459235625389, 2.2902490252103562, 2.289130129111119, 2.2884348990061345, 2.2895840543967028, 2.289326222279133, 2.289506923693877, 2.287996988265942], "val_loss": [2.334519886016846, 2.3378013015747072, 2.6697723358154297, 2.72630676612854, 2.9995982986450196, 2.8504844326019287, 3.1953075813293457, 2.9916792766571043, 2.9257001152038575, 2.282765323257446, 3.0172054710388183, 3.649947836303711], "acc": [0.11017628205128205, 0.10664563301282051, 0.1094501201923077, 0.11090244391025642, 0.10960036057692307, 0.11448317307692307, 0.11355669070512821, 0.1103515625, 0.11185396634615384, 0.11681189903846154, 0.11305588942307693, 0.11345653044871795], "val_acc": [0.0973, 0.104, 0.0984, 0.0981, 0.0986, 0.0995, 0.1001, 0.0985, 0.0995, 0.1376, 0.0991, 0.0984]}}