{"train_accuracy": 0.11258012820512821, "configs": {"pad_probability": 0.8923915338813768, "scale_upper": 1.6179455588248328, "pad_upper": 0.1647881084937483, "crop_probability": 0.1799200659718473, "scale_probability": 0.6342638205547185, "scale_lower": 0.6815001000762779, "crop_lower": 0.02100832237974363, "crop_upper": 0.11256845551920694, "rotation_lower": -37, "vertical_flip": 0.3783285605206125, "rotation_upper": 63, "pad_lower": 0.0630563030070735, "rotation_probability": 0.787541854817927, "horizontal_flip": 0.04558111771628892}, "used_budget": 687.7030785083771, "validation_error": 0.8935, "train_history": {"acc": [0.10754707532051282, 0.11062700320512821, 0.11295572916666667, 0.10819811698717949, 0.11278044871794872, 0.11147836538461539, 0.10912459935897435, 0.11010116185897435, 0.11025140224358974, 0.1092998798076923, 0.11045172275641026, 0.11258012820512821], "loss": [2.2979434522298665, 2.2969685173951664, 2.2946719152805133, 2.292732910468028, 2.2917549166923914, 2.291152604879477, 2.2916968357868686, 2.2918648345348163, 2.2900428978296428, 2.2910319559085064, 2.2911757085567865, 2.2909890084694595], "val_acc": [0.1276, 0.1022, 0.1256, 0.0973, 0.0989, 0.1009, 0.0988, 0.0999, 0.1032, 0.0952, 0.0945, 0.1065], "val_loss": [2.2942687934875488, 2.4355024269104004, 2.3885587661743166, 2.6822900913238525, 3.3999433235168457, 2.530966307067871, 2.496304788970947, 2.3358180557250976, 3.625074766540527, 3.211219140625, 3.2676981143951416, 2.8887240715026854]}, "augment": true}