{"augment": true, "used_budget": 759.5886721611023, "validation_error": 0.8963, "configs": {"scale_upper": 1.6578713468264936, "pad_upper": 0.14606495324478497, "pad_lower": 0.09099784467249435, "rotation_probability": 0.367262394744746, "crop_lower": 0.07588512674912454, "horizontal_flip": 0.8004242915093828, "crop_probability": 0.4616581292406893, "crop_upper": 0.28506255620306, "pad_probability": 0.8616860067537876, "scale_lower": 0.9131498204961361, "rotation_upper": 106, "rotation_lower": -177, "scale_probability": 0.5252325734420755, "vertical_flip": 0.55139958939635}, "train_history": {"acc": [0.10982572115384616, 0.11270532852564102, 0.11423277243589744, 0.11355669070512821, 0.1153094951923077, 0.11555989583333333, 0.11828926282051282, 0.11751302083333333, 0.11581029647435898, 0.11623597756410256, 0.11611077724358974, 0.11626101762820513], "val_acc": [0.0996, 0.1015, 0.1, 0.1014, 0.0995, 0.0994, 0.0994, 0.0994, 0.1001, 0.0982, 0.0992, 0.1037], "val_loss": [2.393039162826538, 2.312074401473999, 3.091845556640625, 2.599108702087402, 3.190633567047119, 3.663024103164673, 2.4186195957183836, 4.420775664138794, 2.8137551376342773, 3.0989982986450197, 3.3287463737487792, 2.4332376613616944], "loss": [2.2982582404063296, 2.2938334903655906, 2.2913951170750155, 2.2904205727271543, 2.2895246866421823, 2.2877688232140665, 2.2893102092620654, 2.287043911524308, 2.2869303837800636, 2.2873800144745755, 2.286650219024756, 2.2870767490986066]}, "train_accuracy": 0.11626101762820513}