{"augment": true, "train_history": {"val_loss": [2.3093602188110354, 2.547875344085693, 2.840095253753662, 2.788956047821045, 4.84141244354248, 4.501129784393311, 2.551611080169678, 2.956585919189453, 2.6098199905395507, 2.705160913848877, 2.8827779415130617, 3.2129023235321044], "val_acc": [0.1079, 0.088, 0.1011, 0.0935, 0.1013, 0.1006, 0.1099, 0.1005, 0.1051, 0.1087, 0.107, 0.107], "acc": [0.10519330929487179, 0.11283052884615384, 0.11423277243589744, 0.11696213942307693, 0.12081830929487179, 0.11761318108974358, 0.11848958333333333, 0.11528445512820513, 0.11796374198717949, 0.11861478365384616, 0.11698717948717949, 0.11841446314102565], "loss": [2.298362991748712, 2.292443960905075, 2.290448260612977, 2.2883558739454317, 2.287575383216907, 2.2865710892738442, 2.287341223313258, 2.2867660354345274, 2.285933623711268, 2.285821402684236, 2.2835780007716937, 2.286797495988699]}, "train_accuracy": 0.11841446314102565, "used_budget": 664.5094587802887, "validation_error": 0.893, "configs": {"pad_lower": 0.09470235831279712, "rotation_probability": 0.4836511875112045, "rotation_upper": 95, "horizontal_flip": 0.3980615239790214, "pad_upper": 0.24212937403465465, "scale_probability": 0.2265749183078607, "crop_upper": 0.240745246791576, "rotation_lower": -28, "scale_upper": 1.7281580514471635, "crop_lower": 0.06937868353541257, "pad_probability": 0.2571029183382515, "vertical_flip": 0.48396926554043107, "scale_lower": 0.7391178176988618, "crop_probability": 0.9420684892302634}}