{"train_history": {"acc": [0.10624499198717949, 0.11165364583333333, 0.11102764423076923, 0.1122295673076923, 0.11052684294871795, 0.11202924679487179, 0.11503405448717949, 0.11353165064102565, 0.11340645032051282, 0.11468349358974358, 0.11646133814102565, 0.1141826923076923], "val_loss": [2.431909133529663, 2.6646298900604246, 2.7044681365966796, 2.556615145492554, 2.437097158050537, 3.2758720268249513, 2.8246731472015383, 2.3638827850341797, 2.351319387817383, 2.9429329086303713, 2.708832205200195, 3.3221266998291017], "val_acc": [0.1019, 0.1019, 0.1018, 0.1019, 0.1021, 0.106, 0.1006, 0.1008, 0.1093, 0.1025, 0.0998, 0.1019], "loss": [2.2980382656439757, 2.2944067991696873, 2.292650873080278, 2.2899723098828244, 2.2904387467946763, 2.2892691217936, 2.2884420729600468, 2.288799301171914, 2.28755138699825, 2.288344606375083, 2.288548320531845, 2.2880088748076024]}, "used_budget": 750.7375917434692, "validation_error": 0.8981, "augment": true, "configs": {"crop_upper": 0.24784275407455844, "pad_probability": 0.37921454418426426, "crop_probability": 0.3524166721433991, "scale_probability": 0.8610492715176781, "scale_upper": 1.2757704614282088, "pad_lower": 0.0871537948408817, "rotation_probability": 0.40615438657415337, "rotation_upper": 56, "scale_lower": 0.818110658488874, "pad_upper": 0.16984728423072007, "rotation_lower": -178, "crop_lower": 0.0286060007848426, "horizontal_flip": 0.09940170353718736, "vertical_flip": 0.5151275788545954}, "train_accuracy": 0.1141826923076923}