{"configs": {"rotation_upper": 157, "scale_probability": 0.9018860965349997, "scale_upper": 1.766274338821459, "pad_probability": 0.927231491951733, "crop_lower": 0.09419628893873766, "vertical_flip": 0.3789030425781603, "pad_upper": 0.21097391972641222, "rotation_lower": -49, "rotation_probability": 0.6817863031360495, "pad_lower": 0.06911384739117428, "crop_upper": 0.15831794333863486, "horizontal_flip": 0.936974862839387, "scale_lower": 0.7950896489677242, "crop_probability": 0.8555872374675867}, "validation_error": 0.9034, "train_history": {"loss": [2.3014951134339356, 2.300500132334538, 2.2993597120810776, 2.2988845713627644, 2.2984757171227383, 2.2978550103994517, 2.298108915487925, 2.297672911332204, 2.2980212561595135, 2.2977937849668355, 2.298400519750057, 2.2971299634529996], "val_loss": [3.1202579238891603, 2.3152690742492674, 2.53662400970459, 2.331453025817871, 2.7778918548583986, 2.3486828079223634, 2.486957842254639, 3.2027282974243163, 3.5824831981658933, 2.384071258544922, 2.344588042449951, 2.537468343734741], "val_acc": [0.1008, 0.0923, 0.0973, 0.098, 0.1006, 0.0962, 0.0959, 0.1008, 0.1006, 0.0972, 0.0929, 0.0966], "acc": [0.10281450320512821, 0.10687099358974358, 0.10604467147435898, 0.10574419070512821, 0.10424178685897435, 0.10366586538461539, 0.10692107371794872, 0.10281450320512821, 0.10454226762820513, 0.10464242788461539, 0.10524338942307693, 0.10496794871794872]}, "train_accuracy": 0.10496794871794872, "used_budget": 694.9410357475281, "augment": true}