{"train_history": {"val_loss": [2.547781943893433, 2.336024077987671, 2.7544830387115478, 2.7005848724365236, 2.614223636627197, 3.0245144134521484, 2.4451565139770506, 2.6294535079956054, 2.6886234550476074, 2.6592040206909178, 3.1836219528198244, 2.6157418910980224], "val_acc": [0.0989, 0.0994, 0.0987, 0.0986, 0.0989, 0.0988, 0.0991, 0.0989, 0.0987, 0.0985, 0.0988, 0.0985], "acc": [0.11217948717948718, 0.11430789262820513, 0.11884014423076923, 0.11956630608974358, 0.11924078525641026, 0.12284655448717949, 0.12129407051282051, 0.11959134615384616, 0.11994190705128205, 0.12217047275641026, 0.12237079326923077, 0.12317207532051282], "loss": [2.2959999098227573, 2.290050426354775, 2.2871439250615926, 2.284684818524581, 2.2827260135075984, 2.280171893346004, 2.281567925061935, 2.2808129550554814, 2.28199163155678, 2.280235177431351, 2.2780383557845383, 2.278114208808312]}, "validation_error": 0.9015, "augment": true, "train_accuracy": 0.12317207532051282, "used_budget": 662.7958035469055, "configs": {"scale_upper": 1.3006929326538708, "pad_lower": 0.09464128480231776, "crop_upper": 0.2660025678830628, "rotation_probability": 0.2792782882237841, "pad_upper": 0.2161041796098063, "pad_probability": 0.21917148367093364, "horizontal_flip": 0.9188726286813482, "rotation_lower": -177, "scale_probability": 0.4701633914083837, "vertical_flip": 0.5939979854433982, "rotation_upper": 70, "crop_lower": 0.0052067317129054, "scale_lower": 0.9829192136256472, "crop_probability": 0.6445056468492897}}