{"augment": true, "train_history": {"val_loss": [2.3255097801208495, 2.894004439163208, 2.524248542022705, 2.4969373706817626, 2.405125867462158, 2.3336666812896727, 2.412764109802246, 2.4248040946960447, 2.498359278488159, 2.367527482223511, 2.6219621337890624, 2.407597785568237], "loss": [2.282909708909499, 2.272891198213284, 2.2662799259026847, 2.265449684399825, 2.2627005584729023, 2.261060920281288, 2.2613594975226965, 2.2610166370868683, 2.2563337133480954, 2.256896681510485, 2.2550954940991526, 2.2579364822461057], "val_acc": [0.0984, 0.1001, 0.099, 0.0999, 0.1019, 0.1034, 0.1005, 0.1017, 0.1075, 0.1065, 0.105, 0.1089], "acc": [0.12557592147435898, 0.12935697115384615, 0.13068409455128205, 0.13386418269230768, 0.13298778044871795, 0.13263721955128205, 0.13338842147435898, 0.13383914262820512, 0.13436498397435898, 0.13499098557692307, 0.1344901842948718, 0.13338842147435898]}, "used_budget": 721.9363794326782, "train_accuracy": 0.13338842147435898, "validation_error": 0.8911, "configs": {"crop_probability": 0.32985296731934277, "rotation_upper": 128, "rotation_probability": 0.2484016445372248, "crop_upper": 0.21160359085150576, "pad_lower": 0.003810320329125583, "rotation_lower": -102, "vertical_flip": 0.060841208868842256, "scale_upper": 1.1152042466210739, "pad_upper": 0.1534378897549892, "crop_lower": 0.029689573218252753, "horizontal_flip": 0.7137554435783109, "pad_probability": 0.7819551694597915, "scale_lower": 0.9037646752593825, "scale_probability": 0.05781785970962949}}