{"configs": {"crop_upper": 0.24348053166198638, "pad_upper": 0.11027874878008609, "scale_lower": 0.642923530955958, "scale_probability": 0.6829868941323929, "vertical_flip": 0.7800253438989446, "crop_lower": 0.07190292737885315, "rotation_lower": -40, "rotation_probability": 0.24415228164344427, "horizontal_flip": 0.9105568623165307, "pad_lower": 0.038169202030964425, "crop_probability": 0.4227299508682979, "pad_probability": 0.10238687329547735, "scale_upper": 1.4968133243452804, "rotation_upper": 19}, "validation_error": 0.9029, "train_history": {"val_loss": [2.366493323135376, 2.968555862426758, 3.44535147857666, 2.938263234710693, 2.8970808727264403, 2.83353045501709, 2.7878444599151613, 2.6259075763702393, 3.1056831581115723, 3.012128163909912, 2.5524554042816163, 2.555341884994507], "val_acc": [0.099, 0.0989, 0.0987, 0.0988, 0.0985, 0.0982, 0.0982, 0.0939, 0.0981, 0.0983, 0.1047, 0.0971], "loss": [2.2951006415562754, 2.2879582658792152, 2.285278503711407, 2.284763359870666, 2.283228908593838, 2.2815308471520743, 2.282559961844713, 2.2806628010211845, 2.2778425621680722, 2.2791186097340708, 2.279058567224405, 2.2764795254438353], "acc": [0.11215444711538461, 0.11601061698717949, 0.11716245993589744, 0.11959134615384616, 0.11946614583333333, 0.12006710737179487, 0.12169471153846154, 0.12104366987179487, 0.12575120192307693, 0.12389823717948718, 0.12179487179487179, 0.123046875]}, "train_accuracy": 0.123046875, "augment": true, "used_budget": 745.5445909500122}