{"validation_error": 0.9012, "train_accuracy": 0.11786358173076923, "configs": {"rotation_probability": 0.038906138547583846, "scale_probability": 0.9377695973473998, "pad_probability": 0.30382899600311364, "rotation_upper": 0, "crop_upper": 0.26464642008300776, "rotation_lower": -144, "scale_lower": 0.6120315494425212, "scale_upper": 1.6565915167651455, "crop_lower": 0.07363047323445837, "crop_probability": 0.1235686806958407, "vertical_flip": 0.5965464033714661, "pad_lower": 0.06143476819004654, "pad_upper": 0.15028230831349204, "horizontal_flip": 0.036526150083710185}, "augment": true, "used_budget": 737.4838564395905, "train_history": {"val_acc": [0.1, 0.1005, 0.1004, 0.0997, 0.1004, 0.1006, 0.1006, 0.1008, 0.1083, 0.1085, 0.1004, 0.0988], "val_loss": [2.4410557075500487, 2.557772578048706, 2.7295395336151125, 2.5786355381011963, 2.8854917892456053, 2.499854518890381, 3.281380090332031, 4.079466748046875, 2.8836188941955565, 2.5748587623596193, 3.8400912536621092, 4.020350492858887], "loss": [2.2977557144103904, 2.2924721989876184, 2.2911136685273585, 2.2884910901387534, 2.2886687180934806, 2.2875619798134537, 2.2876291825221133, 2.286412858046018, 2.2859927217165628, 2.2852170047087546, 2.2851168551506142, 2.2862834609471836], "acc": [0.10699619391025642, 0.10942508012820513, 0.11305588942307693, 0.11455829326923077, 0.11495893429487179, 0.11495893429487179, 0.11308092948717949, 0.11678685897435898, 0.11573517628205128, 0.11793870192307693, 0.11550981570512821, 0.11786358173076923]}}