{"validation_error": 0.9, "train_history": {"acc": [0.10955028044871795, 0.1126552483974359, 0.11696213942307693, 0.11896534455128205, 0.11941606570512821, 0.11776342147435898, 0.11931590544871795, 0.11696213942307693, 0.11788862179487179, 0.11678685897435898, 0.12106870993589744, 0.11673677884615384], "val_acc": [0.0975, 0.0972, 0.0985, 0.1002, 0.0986, 0.1083, 0.0999, 0.11, 0.0977, 0.0998, 0.1066, 0.1], "loss": [2.2950875552800984, 2.2891468413365192, 2.2878577464666123, 2.285304971994498, 2.2827304028547726, 2.282928243661538, 2.2802253036926956, 2.2811515147869406, 2.2802969897404695, 2.279072022590882, 2.277850622550035, 2.280125216031686], "val_loss": [2.3239296005249024, 3.102883218383789, 2.4908191959381103, 2.5243725593566895, 2.730367694854736, 3.2853071239471436, 2.645846905517578, 3.068607054901123, 3.35340804977417, 2.7495556400299073, 3.7433385890960693, 3.5945805183410644]}, "train_accuracy": 0.11673677884615384, "augment": true, "used_budget": 683.6982040405273, "configs": {"rotation_probability": 0.6577922732264894, "pad_lower": 0.019526114868852352, "scale_probability": 0.565963454672523, "pad_probability": 0.37658096105949523, "crop_upper": 0.11043522559543627, "rotation_lower": -32, "vertical_flip": 0.9042135316372799, "horizontal_flip": 0.18557278559935286, "crop_probability": 1.1982891456652212e-05, "rotation_upper": 26, "crop_lower": 0.026591157736705784, "scale_upper": 1.6816606947504755, "scale_lower": 0.5155309478496253, "pad_upper": 0.11957241640461325}}