{"used_budget": 748.5850689411163, "train_history": {"val_loss": [2.6468581642150877, 2.525908820343018, 2.4934017990112305, 2.5604734592437746, 2.508794863891602, 2.6763384590148926, 3.1708894706726074, 2.7065158992767335, 3.012214936828613, 3.105563815307617, 2.9472325775146486, 3.4382920570373536], "loss": [2.2967892174537363, 2.291545203863046, 2.2872650042558327, 2.287747024725645, 2.2868662621730413, 2.2850224406291275, 2.2844635408658247, 2.285613325161812, 2.2852826706874065, 2.2853074027941775, 2.2849512986647778, 2.2833839433315473], "val_acc": [0.0961, 0.0958, 0.096, 0.096, 0.096, 0.096, 0.096, 0.0961, 0.0969, 0.0961, 0.0962, 0.096], "acc": [0.10829827724358974, 0.11563501602564102, 0.1194911858974359, 0.11355669070512821, 0.11428285256410256, 0.12041766826923077, 0.12109375, 0.11891526442307693, 0.11736278044871795, 0.11706229967948718, 0.11633613782051282, 0.12051782852564102]}, "configs": {"crop_probability": 0.3512174465066651, "rotation_lower": -94, "horizontal_flip": 0.8830818285921642, "crop_lower": 0.07540162142572705, "rotation_probability": 0.6476462983228359, "pad_upper": 0.10970439570458089, "scale_probability": 0.2709854960102194, "scale_upper": 1.9187795821606874, "rotation_upper": 27, "crop_upper": 0.10652754482702367, "pad_lower": 0.07289911594768336, "pad_probability": 0.784433576818516, "vertical_flip": 0.411612923474296, "scale_lower": 0.9880469205636767}, "validation_error": 0.904, "augment": true, "train_accuracy": 0.12051782852564102}