{"train_accuracy": 0.109375, "augment": true, "configs": {"pad_probability": 0.7128172541709037, "scale_lower": 0.5589738844993416, "horizontal_flip": 0.08838744783397368, "pad_upper": 0.17649377940411293, "crop_probability": 0.12044566603805751, "scale_probability": 0.6011152609946145, "crop_lower": 0.07155670217182156, "scale_upper": 1.8353275133554523, "rotation_upper": 144, "pad_lower": 0.08928610028690319, "crop_upper": 0.13585726552632132, "rotation_probability": 0.989493603722625, "rotation_lower": -67, "vertical_flip": 0.8236034924833984}, "used_budget": 761.2427139282227, "train_history": {"acc": [0.10571915064102565, 0.1104266826923077, 0.10787259615384616, 0.10697115384615384, 0.10827323717948718, 0.11030148237179487, 0.1102764423076923, 0.10919971955128205, 0.10834835737179487, 0.10667067307692307, 0.11240484775641026, 0.109375], "val_loss": [2.4896122482299803, 3.0593830387115477, 2.383224038696289, 2.3555662940979003, 2.3747812492370604, 2.496740497589111, 2.9985250751495363, 2.484969298171997, 3.1886823036193848, 3.200257246398926, 2.3894435188293457, 3.0581558265686035], "val_acc": [0.1002, 0.1002, 0.1002, 0.1003, 0.1002, 0.1006, 0.1002, 0.1001, 0.1002, 0.1002, 0.0987, 0.1001], "loss": [2.2988836085185027, 2.2968201492077265, 2.2965646447279515, 2.2956092999531674, 2.2952559139484014, 2.29356066767986, 2.293121703924277, 2.2924568194609423, 2.292570229524221, 2.29412434116388, 2.293480864702127, 2.2940448889365563]}, "validation_error": 0.8999}