{"augment": true, "validation_error": 0.8972, "used_budget": 754.8315482139587, "configs": {"scale_upper": 1.8344695177070272, "crop_probability": 0.994926601580068, "crop_upper": 0.16608172172490904, "horizontal_flip": 0.9184968429485835, "rotation_upper": 123, "scale_lower": 0.6732007743538726, "pad_lower": 0.09244681061022855, "rotation_probability": 0.5373161588745136, "pad_upper": 0.2920154568571648, "crop_lower": 0.08349722991139866, "scale_probability": 0.8117337152893319, "vertical_flip": 0.47309812849019284, "pad_probability": 0.9022772469652625, "rotation_lower": -42}, "train_accuracy": 0.11010116185897435, "train_history": {"acc": [0.10516826923076923, 0.10672075320512821, 0.10301482371794872, 0.11055188301282051, 0.1083233173076923, 0.1045673076923077, 0.10674579326923077, 0.11002604166666667, 0.10912459935897435, 0.1084735576923077, 0.10727163461538461, 0.11010116185897435], "loss": [2.3007366412725205, 2.298726628224055, 2.2982224271847653, 2.296760624035811, 2.2970705139331327, 2.2970386560146627, 2.296216118030059, 2.2946212681440206, 2.2969383123593454, 2.295947735890364, 2.2955082662594624, 2.295198985399344], "val_acc": [0.0975, 0.0993, 0.0976, 0.0977, 0.1146, 0.0976, 0.0975, 0.0982, 0.0991, 0.0979, 0.1071, 0.1028], "val_loss": [2.463741795349121, 2.292077466583252, 3.2256471405029297, 3.9804653381347657, 2.2874392166137696, 3.106106983947754, 3.832842156600952, 2.6310554649353026, 2.673732265853882, 2.686301607513428, 2.5349078552246094, 2.6242899627685548]}}