{"validation_error": 0.9, "train_history": {"val_loss": [2.3751809089660645, 2.7114408432006836, 2.396064940261841, 2.4030383724212645, 3.5341694198608398, 2.4355769752502443, 2.609917122268677, 2.7193264644622803, 2.773728465270996, 2.939163842010498, 2.6567255867004396, 2.5440267612457275], "val_acc": [0.0991, 0.0994, 0.1307, 0.1152, 0.0991, 0.1031, 0.1068, 0.1137, 0.0998, 0.1069, 0.0988, 0.1], "loss": [2.291398655145596, 2.2806485769076223, 2.2774729079160934, 2.276196599770815, 2.271018391236281, 2.269943973192802, 2.26960559686025, 2.267441207017654, 2.2656282492173023, 2.262567883118605, 2.2636177241802216, 2.2615056870839534], "acc": [0.11686197916666667, 0.12302183493589744, 0.12264623397435898, 0.12687800480769232, 0.12585136217948717, 0.12640224358974358, 0.12662760416666666, 0.1296073717948718, 0.13028345352564102, 0.12975761217948717, 0.1291816907051282, 0.13083433493589744]}, "configs": {"scale_probability": 0.5277565669925356, "rotation_upper": 180, "rotation_lower": -159, "scale_lower": 0.8777406145331085, "crop_probability": 0.0093789701920447, "vertical_flip": 0.18285297232853726, "crop_upper": 0.19854148694413243, "pad_probability": 0.10508167865986606, "crop_lower": 0.021493555134701248, "pad_upper": 0.18380787356137357, "scale_upper": 1.00194024761731, "rotation_probability": 0.4549952392668758, "pad_lower": 0.0714177277276222, "horizontal_flip": 0.12111613956044265}, "augment": true, "train_accuracy": 0.13083433493589744, "used_budget": 741.804566860199}