{"augment": true, "train_accuracy": 0.12557592147435898, "used_budget": 736.4424455165863, "validation_error": 0.901, "configs": {"pad_upper": 0.24195065492431483, "vertical_flip": 0.4690914139929616, "pad_lower": 0.026665824556777275, "crop_upper": 0.14609935691528636, "rotation_probability": 0.15648557756948356, "scale_probability": 0.7215873973002156, "rotation_upper": 22, "crop_probability": 0.1666144081189811, "pad_probability": 0.15397721220120664, "scale_upper": 1.0950547018853056, "horizontal_flip": 0.18280925769838308, "rotation_lower": -29, "scale_lower": 0.6613728329240113, "crop_lower": 0.09553075653663251}, "train_history": {"val_acc": [0.0988, 0.0988, 0.0988, 0.0994, 0.099, 0.0992, 0.099, 0.0988, 0.0987, 0.0988, 0.0991, 0.099], "loss": [2.2915465228068523, 2.284215902670836, 2.277471110606805, 2.278039663265913, 2.277422445706832, 2.2769899528760176, 2.2749874950983586, 2.273121091799858, 2.2720746107590504, 2.2720146225048947, 2.2694813441007566, 2.2697351154608603], "val_loss": [2.4303577938079832, 2.4470124435424805, 2.392746710205078, 2.362134016418457, 2.5164035377502443, 2.3392528003692625, 2.5763678466796875, 2.5141949020385743, 2.554824494934082, 2.590462756347656, 2.48366248588562, 2.838849043273926], "acc": [0.11713741987179487, 0.12029246794871795, 0.12382311698717949, 0.12397335737179487, 0.12487479967948718, 0.12542568108974358, 0.12687800480769232, 0.12537560096153846, 0.12657752403846154, 0.12407351762820513, 0.1261268028846154, 0.12557592147435898]}}