{"used_budget": 764.1763484477997, "configs": {"rotation_probability": 0.6218913142401435, "vertical_flip": 0.1318109191309399, "scale_probability": 0.8045800757128567, "horizontal_flip": 0.5950970963748856, "scale_upper": 1.105769950316111, "crop_upper": 0.1686801854194989, "crop_lower": 0.0833865570156232, "rotation_upper": 62, "pad_upper": 0.20814482117632405, "pad_probability": 0.16986674983995986, "rotation_lower": -95, "crop_probability": 0.7753601156461682, "pad_lower": 0.0176683021458415, "scale_lower": 0.7585986198488359}, "validation_error": 0.8943, "train_accuracy": 0.11137820512820513, "train_history": {"val_loss": [2.524030190658569, 2.442844766998291, 2.345706188201904, 2.8671338188171385, 2.6983140266418455, 3.2517528465270997, 3.14098794670105, 3.0081123092651367, 3.587567837524414, 4.095218362045288, 3.5850539543151854, 2.7661648498535154], "val_acc": [0.0974, 0.0978, 0.097, 0.0986, 0.0987, 0.1035, 0.1119, 0.1042, 0.1003, 0.1023, 0.1014, 0.1057], "loss": [2.2977277552470183, 2.2937636016271052, 2.2926863508346753, 2.2915699076958194, 2.291297969909815, 2.2892606930854993, 2.290312112141878, 2.2893632382918625, 2.2893663270351214, 2.2888992734444447, 2.290078593370242, 2.2898458479306636], "acc": [0.10594451121794872, 0.11333133012820513, 0.11112780448717949, 0.1133563701923077, 0.10952524038461539, 0.11498397435897435, 0.11095252403846154, 0.11505909455128205, 0.1129306891025641, 0.11253004807692307, 0.11353165064102565, 0.11137820512820513]}, "augment": true}