{"validation_error": 0.8995, "augment": true, "used_budget": 716.2787249088287, "train_accuracy": 0.19373497596153846, "train_history": {"loss": [2.270472311056577, 2.2383251633399572, 2.2285999013827396, 2.212930230758129, 2.204197367032369, 2.192601962731435, 2.188015402127535, 2.170044658275751, 2.1675858864417443, 2.1616488695144653, 2.1500695943832397, 2.1478279336140704], "acc": [0.13671875, 0.15319511217948717, 0.1526191907051282, 0.16296073717948717, 0.16912059294871795, 0.17365284455128205, 0.1769080528846154, 0.1796875, 0.1891025641025641, 0.19220753205128205, 0.1936348157051282, 0.19373497596153846], "val_loss": [2.4136712097167967, 2.3336006340026856, 2.634774473953247, 2.474394258117676, 2.9170297660827638, 2.622557191467285, 2.581632300567627, 2.950278956604004, 2.7059256523132325, 2.904424925994873, 2.974133442687988, 2.6399235511779784], "val_acc": [0.1025, 0.0988, 0.0974, 0.1013, 0.0976, 0.0993, 0.0919, 0.0971, 0.0973, 0.0978, 0.0985, 0.1005]}, "configs": {"rotation_probability": 0.017402602961784752, "crop_lower": 0.05409302444447949, "crop_probability": 0.2593115980780839, "vertical_flip": 0.8107413552330444, "scale_probability": 0.017782841226532176, "rotation_lower": -25, "pad_lower": 0.010794506410582484, "rotation_upper": 53, "scale_lower": 0.9174501863990652, "scale_upper": 1.9983578676166318, "pad_upper": 0.27536519395700154, "crop_upper": 0.16497613679522788, "horizontal_flip": 0.8947117626153019, "pad_probability": 0.04107630726318379}}