{"validation_error": 0.9005, "configs": {"horizontal_flip": 0.8952685648924695, "scale_upper": 1.0558744709590764, "scale_lower": 0.7741377738888209, "crop_probability": 0.5102973657845519, "pad_upper": 0.18456480757219107, "pad_lower": 0.014342341243127122, "scale_probability": 0.7902101712353076, "crop_lower": 0.05354463018837057, "pad_probability": 0.4288098331625184, "vertical_flip": 0.5171044051207434, "crop_upper": 0.2535448955842944, "rotation_lower": -177, "rotation_upper": 152, "rotation_probability": 0.9321060274499534}, "used_budget": 766.2472906112671, "train_history": {"val_loss": [2.333133504486084, 2.3109651672363283, 2.2921613494873045, 2.3506758316040037, 3.0724364196777345, 2.536084468460083, 2.4198364585876466, 2.539166868209839, 2.33883634185791, 2.3614552238464355, 2.904918172836304, 2.4717811908721923], "loss": [2.2997207007347007, 2.2985500998986073, 2.297075484043513, 2.2965405033184934, 2.295682269029128, 2.2951527199684043, 2.2954099483979054, 2.295096918558463, 2.29477312702399, 2.2951716008858805, 2.2951458195845285, 2.2940887885215955], "val_acc": [0.0992, 0.0995, 0.111, 0.1001, 0.0992, 0.0995, 0.0995, 0.0992, 0.0992, 0.0993, 0.0992, 0.0995], "acc": [0.1034405048076923, 0.10361578525641026, 0.10672075320512821, 0.10616987179487179, 0.1067958733974359, 0.11065204326923077, 0.10792267628205128, 0.10809795673076923, 0.1070713141025641, 0.10729667467948718, 0.1083233173076923, 0.10934995993589744]}, "augment": true, "train_accuracy": 0.10934995993589744}