{"train_accuracy": 0.1249248798076923, "used_budget": 725.9848308563232, "configs": {"scale_probability": 0.20789663036893113, "horizontal_flip": 0.3352561344627476, "crop_lower": 0.0908611906037123, "vertical_flip": 0.2530155419747838, "scale_upper": 1.5068625031232963, "rotation_lower": -105, "pad_lower": 0.08628297515576752, "rotation_upper": 60, "pad_upper": 0.26575180816197475, "rotation_probability": 0.17138815606560365, "crop_upper": 0.29669994561242274, "scale_lower": 0.8293927282202747, "pad_probability": 0.5680819840301632, "crop_probability": 0.8847228428342438}, "augment": true, "validation_error": 0.8989, "train_history": {"loss": [2.2955542092139902, 2.2891068626672793, 2.28908593303118, 2.2871425113616843, 2.2842505146295595, 2.283744211380298, 2.283092050216137, 2.2841706520471816, 2.282808686678226, 2.2825117646119533, 2.2798787347781353, 2.281170198550591], "val_loss": [2.2977859580993654, 2.3722337856292723, 2.6072024185180664, 2.812234061050415, 2.4212384788513184, 2.8646221588134764, 2.53656904296875, 2.9631331638336182, 2.9043983146667482, 2.4270731292724608, 3.1155524898529054, 2.4006880493164062], "val_acc": [0.1007, 0.1009, 0.1, 0.1, 0.1001, 0.1015, 0.1001, 0.1008, 0.101, 0.1022, 0.102, 0.1011], "acc": [0.10799779647435898, 0.11934094551282051, 0.11540965544871795, 0.11786358173076923, 0.11954126602564102, 0.11868990384615384, 0.12447415865384616, 0.12151943108974358, 0.1180889423076923, 0.11936598557692307, 0.12419871794871795, 0.1249248798076923]}}