{"configs": {"pad_lower": 0.07160763280755145, "pad_probability": 0.22975132488159256, "crop_lower": 0.028073418207991464, "rotation_lower": -157, "pad_upper": 0.25408795911258164, "crop_upper": 0.2652246340567541, "rotation_probability": 0.9740315533401491, "horizontal_flip": 0.5117686183293536, "scale_upper": 1.9879055731748076, "rotation_upper": 99, "scale_probability": 0.18097869888622042, "crop_probability": 0.5747596718590116, "scale_lower": 0.7439001616668526, "vertical_flip": 0.28898789028726546}, "used_budget": 738.3340494632721, "train_history": {"val_acc": [0.0996, 0.1045, 0.1057, 0.1076, 0.0998, 0.1037, 0.1087, 0.101, 0.1003, 0.1053, 0.101, 0.1051], "loss": [2.3003837833037744, 2.298177901750956, 2.297664850186079, 2.295731450502689, 2.294161402262174, 2.292816773439065, 2.2947890918988447, 2.2942996475941095, 2.2929098224028563, 2.2929684749016395, 2.2926667752938394, 2.2913747903628225], "acc": [0.10291466346153846, 0.10729667467948718, 0.10882411858974358, 0.10992588141025642, 0.11212940705128205, 0.11032652243589744, 0.10764723557692307, 0.10879907852564102, 0.1097255608974359, 0.11165364583333333, 0.11122796474358974, 0.11127804487179487], "val_loss": [3.197355641555786, 2.2955356773376465, 2.2976615692138673, 2.3189151523590086, 2.4436544830322267, 2.7377059242248536, 2.3919519351959226, 3.9492747177124023, 2.9173652221679687, 3.2974009941101072, 4.361290719604492, 2.4734485816955565]}, "train_accuracy": 0.11127804487179487, "validation_error": 0.8949, "augment": true}