{"validation_error": 0.905, "configs": {"pad_probability": 0.8027415821806889, "pad_lower": 0.046605420688287824, "scale_lower": 0.6516593765148853, "scale_upper": 1.1282615712278226, "crop_lower": 0.056961494433361105, "crop_upper": 0.20940263428630268, "crop_probability": 0.009934722608702096, "rotation_probability": 0.5105296632591938, "vertical_flip": 0.6492082936841276, "scale_probability": 0.7968814731861018, "rotation_upper": 90, "horizontal_flip": 0.8420005075109412, "pad_upper": 0.2994107545137096, "rotation_lower": -126}, "train_accuracy": 0.11448317307692307, "augment": true, "used_budget": 769.8592295646667, "train_history": {"loss": [2.298486058528607, 2.2933199527936106, 2.2926568373655662, 2.290674101847869, 2.290497973179206, 2.291955462633035, 2.289865311139669, 2.289361842167683, 2.2868942320346832, 2.2887318638654857, 2.288664644345259, 2.2894258269896874], "val_acc": [0.0952, 0.0983, 0.0967, 0.095, 0.095, 0.095, 0.095, 0.095, 0.095, 0.095, 0.0949, 0.095], "acc": [0.1077724358974359, 0.11065204326923077, 0.10764723557692307, 0.1116786858974359, 0.11438301282051282, 0.11197916666666667, 0.11160356570512821, 0.11493389423076923, 0.11866486378205128, 0.11408253205128205, 0.11450821314102565, 0.11448317307692307], "val_loss": [2.3055056049346923, 2.6407366596221924, 2.294312517929077, 4.282603652954101, 2.851123127365112, 3.125646771621704, 4.544364918518067, 2.9076255104064943, 2.7369730529785157, 3.6040690711975096, 2.6926424346923827, 2.5882327110290526]}}