{"validation_error": 0.9016, "used_budget": 737.6414651870728, "augment": true, "train_history": {"val_loss": [2.388569761276245, 2.3056130363464353, 2.4861662841796877, 2.548302817153931, 2.5640781311035155, 2.421187711715698, 2.6469425903320314, 2.744010626220703, 2.722212491989136, 2.8573564315795896, 3.51279390335083, 2.700491396331787], "loss": [2.28962193773343, 2.278595963349709, 2.2758989181274023, 2.2724373111358056, 2.2684723742497273, 2.2703219094337563, 2.268023357177392, 2.2645598367238655, 2.2626519738099513, 2.266830081358934, 2.264567482929963, 2.266036998002957], "acc": [0.12059294871794872, 0.12690304487179488, 0.1257762419871795, 0.1296824919871795, 0.1326121794871795, 0.12895633012820512, 0.1305839342948718, 0.13040865384615385, 0.13423978365384615, 0.12950721153846154, 0.13303786057692307, 0.13158553685897437], "val_acc": [0.0973, 0.1042, 0.0974, 0.0972, 0.0973, 0.108, 0.0975, 0.0973, 0.0977, 0.0972, 0.0975, 0.0984]}, "train_accuracy": 0.13158553685897437, "configs": {"pad_probability": 0.9953377903464609, "scale_upper": 1.9376366174396678, "scale_probability": 0.06347533606346056, "vertical_flip": 0.7961654712231486, "scale_lower": 0.5773446580726278, "rotation_probability": 0.14193574751792037, "crop_lower": 0.0679137423151382, "pad_upper": 0.2140010405549168, "crop_probability": 0.4724096109070781, "crop_upper": 0.2863877630218783, "rotation_upper": 107, "pad_lower": 0.08313164701790089, "horizontal_flip": 0.18789282525583917, "rotation_lower": -28}}