{"used_budget": 741.8260571956635, "configs": {"scale_lower": 0.9529574856612819, "vertical_flip": 0.3170607923556743, "rotation_probability": 0.7535526598887042, "horizontal_flip": 0.22165946074419063, "pad_lower": 0.07112237664500702, "rotation_lower": -152, "crop_probability": 0.4868112162961329, "pad_upper": 0.2240269136731385, "scale_upper": 1.9138355826556728, "crop_upper": 0.15722905601354273, "pad_probability": 0.26455874717817374, "scale_probability": 0.004482123120049697, "crop_lower": 0.06000420009927479, "rotation_upper": 171}, "validation_error": 0.9011, "augment": true, "train_history": {"val_loss": [2.4704061424255372, 2.8608792907714844, 2.6269612899780275, 2.4815454467773437, 2.923368344116211, 2.9577890312194826, 3.5970487731933596, 2.8836240409851075, 3.1879617500305177, 2.6575210224151613, 2.75551855506897, 2.6293081787109376], "loss": [2.2971026721673136, 2.2902821829685798, 2.2883180387509174, 2.286490797996521, 2.2851589681246343, 2.283709390805318, 2.2821183028893595, 2.282237480084101, 2.2835621482286697, 2.282772414959394, 2.2823625275721917, 2.281380900969872], "val_acc": [0.1036, 0.0991, 0.1022, 0.0992, 0.0993, 0.1028, 0.0991, 0.0994, 0.0963, 0.1036, 0.0988, 0.0989], "acc": [0.11012620192307693, 0.11881510416666667, 0.11861478365384616, 0.11954126602564102, 0.11989182692307693, 0.11806390224358974, 0.12184495192307693, 0.12021734775641026, 0.11926582532051282, 0.1200420673076923, 0.12382311698717949, 0.12374799679487179]}, "train_accuracy": 0.12374799679487179}