{"train_history": {"loss": [2.2966920855717783, 2.288313850378379, 2.2857363178179813, 2.282493517184869, 2.280562068407352, 2.282664629129263, 2.2795312878413077, 2.2780461510022483, 2.2786957193643618, 2.2781822238212976, 2.2768563269040523, 2.2772345825647697], "val_loss": [2.301875721359253, 2.384019430923462, 2.637732105255127, 3.041006606292725, 3.2955129302978516, 2.673318815612793, 2.4106698307037355, 2.412199951171875, 2.753388621520996, 3.1491628044128417, 3.1822424003601073, 3.0460597122192383], "val_acc": [0.1051, 0.1007, 0.1007, 0.1006, 0.1006, 0.1006, 0.1015, 0.1017, 0.1008, 0.1002, 0.1, 0.1033], "acc": [0.11087740384615384, 0.11944110576923077, 0.11868990384615384, 0.11863982371794872, 0.12149439102564102, 0.11971654647435898, 0.12192007211538461, 0.12086838942307693, 0.12006710737179487, 0.12024238782051282, 0.12399839743589744, 0.12379807692307693]}, "validation_error": 0.8967, "configs": {"pad_probability": 0.6739159712369591, "scale_probability": 0.727840287501214, "rotation_lower": -125, "rotation_probability": 0.04336135605480551, "scale_upper": 1.540123421785231, "pad_lower": 0.03069234322447705, "crop_upper": 0.14339304181606832, "pad_upper": 0.18648442313849095, "scale_lower": 0.8514873345055487, "rotation_upper": 126, "crop_probability": 0.17910536966599966, "horizontal_flip": 0.8555084277022256, "crop_lower": 0.05545649570756176, "vertical_flip": 0.3998580026750357}, "used_budget": 674.8773396015167, "train_accuracy": 0.12379807692307693, "augment": true}