{"train_accuracy": 0.11871494391025642, "augment": true, "configs": {"crop_upper": 0.23264449598487966, "rotation_lower": -76, "scale_upper": 1.4189722588144775, "rotation_probability": 0.7761068588569766, "crop_lower": 0.011226405637481085, "rotation_upper": 2, "scale_lower": 0.9201822458562869, "pad_probability": 0.2389669563651553, "pad_upper": 0.16860510716226232, "horizontal_flip": 0.29707061588280115, "pad_lower": 0.05472332578842235, "crop_probability": 0.04000654326763764, "scale_probability": 0.47588703281730405, "vertical_flip": 0.3555938917262602}, "train_history": {"loss": [2.2974994648725557, 2.2913718789051742, 2.290700845993482, 2.2885371484817605, 2.2887641604130087, 2.287146734121518, 2.2862439957948832, 2.2853959837020974, 2.287220616371204, 2.286615199003464, 2.2856151369901805, 2.284946242204079], "val_loss": [2.296093172836304, 2.5728408142089845, 2.4949177726745604, 2.6964948875427246, 2.5438854972839358, 3.141636350631714, 2.67673881187439, 2.401221120452881, 2.48327356338501, 3.1294938591003416, 2.8341718795776365, 2.7524414474487306], "val_acc": [0.1044, 0.1023, 0.1022, 0.1023, 0.1022, 0.1023, 0.1023, 0.1023, 0.1024, 0.1022, 0.1021, 0.1025], "acc": [0.10894931891025642, 0.11493389423076923, 0.11428285256410256, 0.11756310096153846, 0.11310596955128205, 0.11721254006410256, 0.1181640625, 0.11813902243589744, 0.11671173878205128, 0.11758814102564102, 0.11571013621794872, 0.11871494391025642]}, "validation_error": 0.8975, "used_budget": 744.4950337409973}