{"validation_error": 0.8982, "used_budget": 762.20676445961, "configs": {"scale_lower": 0.6402664316497702, "crop_probability": 0.9888671205260267, "pad_probability": 0.1894782613949626, "rotation_upper": 6, "rotation_probability": 0.9765047515449609, "pad_lower": 0.05705680575923275, "vertical_flip": 0.4479032479863462, "scale_upper": 1.5155160596079056, "crop_lower": 0.0485269023573796, "crop_upper": 0.12742357856793093, "horizontal_flip": 0.4055912130590881, "scale_probability": 0.8808124233813718, "rotation_lower": -75, "pad_upper": 0.2653960232701114}, "train_history": {"acc": [0.10334034455128205, 0.10356570512820513, 0.1064453125, 0.10439202724358974, 0.10677083333333333, 0.10864883814102565, 0.10632011217948718, 0.10634515224358974, 0.10714643429487179, 0.10454226762820513, 0.10659555288461539, 0.10697115384615384], "val_loss": [2.3713720115661623, 2.321845400238037, 2.3028683151245115, 2.3391925926208494, 2.720010991668701, 2.503199659729004, 2.472488401412964, 2.581109922790527, 2.3126524627685545, 2.3562912971496583, 2.4687436798095703, 3.2503327644348143], "loss": [2.3011697248006477, 2.2992709431892786, 2.298911384282968, 2.298622955878576, 2.2974321651153073, 2.297474357562187, 2.2976949283709893, 2.297768158026231, 2.297417252491682, 2.296530178724191, 2.295718618692496, 2.296718779282692], "val_acc": [0.1013, 0.1017, 0.1011, 0.1048, 0.1013, 0.1002, 0.1001, 0.1005, 0.0954, 0.0997, 0.0997, 0.1018]}, "train_accuracy": 0.10697115384615384, "augment": true}