{"validation_error": 0.8984, "configs": {"rotation_probability": 0.09273612455072122, "rotation_upper": 87, "crop_upper": 0.26905015818684413, "scale_lower": 0.6046074133085029, "scale_probability": 0.9855950799253254, "horizontal_flip": 0.5827656402706097, "pad_upper": 0.16047289349693378, "crop_probability": 0.31631423817603566, "scale_upper": 1.2209430217711028, "pad_lower": 0.04242198154819768, "pad_probability": 0.1978330461623209, "rotation_lower": -108, "crop_lower": 0.01081206480692789, "vertical_flip": 0.2462105352916213}, "augment": true, "train_accuracy": 0.11843950320512821, "train_history": {"loss": [2.295424244342706, 2.2904351888558803, 2.2885507368124447, 2.288477157935118, 2.2854850253997703, 2.2851312114642215, 2.2845656405656767, 2.286907815016233, 2.285422730140197, 2.2836951911449432, 2.2846019191619678, 2.2824521095324783], "val_loss": [2.4769799201965332, 2.4324692779541017, 2.37310064163208, 2.9959067070007324, 2.8150675315856932, 3.028415246582031, 3.081484952545166, 2.4988239074707033, 2.637968143081665, 3.117656636810303, 2.741699063873291, 2.9129169692993164], "val_acc": [0.1024, 0.1017, 0.1079, 0.1017, 0.0996, 0.1023, 0.1009, 0.0968, 0.0928, 0.1022, 0.1017, 0.1016], "acc": [0.10849859775641026, 0.11065204326923077, 0.11583533653846154, 0.11348157051282051, 0.11405749198717949, 0.11653645833333333, 0.11480869391025642, 0.11365685096153846, 0.11483373397435898, 0.11368189102564102, 0.11706229967948718, 0.11843950320512821]}, "used_budget": 742.5083401203156}