{"used_budget": 672.7312953472137, "configs": {"horizontal_flip": 0.836698364680012, "scale_upper": 1.5648038636744959, "crop_probability": 0.9663517727654355, "crop_upper": 0.15562473908126392, "crop_lower": 0.014719782863611598, "rotation_lower": -16, "pad_upper": 0.18305839209895758, "pad_probability": 0.14587282593911632, "rotation_upper": 176, "pad_lower": 0.0858655697223129, "vertical_flip": 0.4324139977471435, "scale_lower": 0.5130837670904016, "rotation_probability": 0.9386410846932857, "scale_probability": 0.16501431315131776}, "validation_error": 0.9012, "train_history": {"val_loss": [2.41345005569458, 2.3960156505584718, 2.3150399383544924, 2.423010405731201, 2.8567719276428223, 2.4644016021728516, 3.090880081939697, 2.6306868370056153, 2.5887495670318605, 2.666540587234497, 2.8960749099731444, 3.3004375770568846], "acc": [0.10997596153846154, 0.1122295673076923, 0.11165364583333333, 0.11353165064102565, 0.11493389423076923, 0.1133563701923077, 0.11247996794871795, 0.11508413461538461, 0.11793870192307693, 0.11576021634615384, 0.11746294070512821, 0.11633613782051282], "val_acc": [0.1017, 0.0988, 0.0992, 0.0988, 0.0988, 0.0991, 0.0988, 0.0986, 0.0989, 0.0988, 0.0989, 0.0988], "loss": [2.298198621242474, 2.2960601219764123, 2.2936753645921364, 2.29114516499715, 2.2911369632451963, 2.2918896415294747, 2.2901276915501327, 2.2907568437930865, 2.2887013065509305, 2.2885643541812897, 2.289344318402119, 2.288768872236594]}, "augment": true, "train_accuracy": 0.11633613782051282}