{"augment": true, "validation_error": 0.9046, "train_accuracy": 0.11313100961538461, "configs": {"scale_upper": 1.7528665744932015, "crop_lower": 0.042094058463409106, "rotation_probability": 0.5801565764315963, "scale_lower": 0.6004858422605954, "scale_probability": 0.7241012414328553, "pad_upper": 0.24153104581962187, "pad_probability": 0.6075735486490105, "crop_probability": 0.1617071915433269, "pad_lower": 0.03734628940606388, "rotation_lower": -139, "horizontal_flip": 0.39877485166334004, "rotation_upper": 128, "vertical_flip": 0.15081258132266107, "crop_upper": 0.15663278376956882}, "used_budget": 691.7157297134399, "train_history": {"val_loss": [2.6938977886199953, 2.36769084815979, 2.328028067779541, 2.3394806411743163, 3.5851252380371093, 3.5672853820800783, 3.0431141860961914, 2.422832434844971, 3.2846372993469237, 5.326699011230469, 3.959853366088867, 4.27515337600708], "val_acc": [0.0964, 0.0955, 0.0954, 0.0954, 0.0954, 0.0953, 0.0954, 0.0954, 0.0954, 0.0954, 0.0954, 0.0954], "loss": [2.2987006375422845, 2.2954935951110644, 2.294366236680593, 2.2946194540231657, 2.2927230779941263, 2.2915323414863686, 2.29124178030552, 2.2899733567849183, 2.2891054978737464, 2.2908509167341085, 2.288824752355233, 2.2909102523938203], "acc": [0.10694611378205128, 0.11157852564102565, 0.11135316506410256, 0.11137820512820513, 0.11268028846153846, 0.11150340544871795, 0.11288060897435898, 0.11405749198717949, 0.11495893429487179, 0.11007612179487179, 0.11440805288461539, 0.11313100961538461]}}