{"used_budget": 725.1675622463226, "train_history": {"val_acc": [0.1048, 0.1032, 0.1031, 0.1032, 0.1044, 0.1035, 0.1046, 0.1053, 0.1047, 0.1034, 0.1041, 0.104], "acc": [0.11951622596153846, 0.1284304887820513, 0.12818008814102563, 0.12532552083333334, 0.12908153044871795, 0.1306590544871795, 0.13313802083333334, 0.13396434294871795, 0.130859375, 0.1316856971153846, 0.13276241987179488, 0.13321314102564102], "val_loss": [2.29346145401001, 2.902769432067871, 2.988026893615723, 2.6234381057739258, 2.5320496784210205, 2.8715058685302735, 2.5605164249420165, 2.584318960571289, 2.5101631050109865, 2.6263939872741697, 2.6864781997680662, 2.5045381881713866], "loss": [2.2930754530124173, 2.2813771107257943, 2.279137032918441, 2.2760516588504496, 2.2713752450087132, 2.271059444317451, 2.269368928212386, 2.2702966225452914, 2.2681862176992955, 2.268502894884501, 2.2667791919830518, 2.268108497827481]}, "train_accuracy": 0.13321314102564102, "augment": true, "validation_error": 0.896, "configs": {"rotation_lower": -105, "scale_lower": 0.8628447418995656, "rotation_probability": 0.3123769025968425, "crop_probability": 0.8581235616485365, "scale_upper": 1.236069981199884, "pad_lower": 0.08282016720476693, "pad_probability": 0.08261390957848369, "vertical_flip": 0.5490206043868864, "scale_probability": 0.046443832122753825, "pad_upper": 0.13622226316014543, "rotation_upper": 17, "horizontal_flip": 0.4742187582114873, "crop_lower": 0.09964951923712523, "crop_upper": 0.18651224370599528}}