{"augment": true, "configs": {"pad_lower": 0.034327647683575324, "rotation_probability": 0.6539994103685466, "crop_lower": 0.09846029592470903, "rotation_lower": -87, "horizontal_flip": 0.11794848915979117, "pad_upper": 0.18108831059532474, "crop_probability": 0.2442542635931737, "scale_upper": 1.3467567648974066, "vertical_flip": 0.28394331535728934, "crop_upper": 0.14270608698066672, "pad_probability": 0.4274833334093262, "scale_probability": 0.6122847832701503, "rotation_upper": 20, "scale_lower": 0.8328738871097675}, "train_accuracy": 0.11701221955128205, "used_budget": 730.0376381874084, "train_history": {"loss": [2.298289871368653, 2.293812320018426, 2.2913461251136584, 2.289961399176182, 2.2884173691272736, 2.2875215380619736, 2.2860766794437017, 2.286372212263254, 2.285065452257792, 2.2863611556016483, 2.284444409303176, 2.2849080027678075], "acc": [0.10784755608974358, 0.11062700320512821, 0.11360677083333333, 0.11245492788461539, 0.11438301282051282, 0.11896534455128205, 0.11581029647435898, 0.11453325320512821, 0.11661157852564102, 0.11771334134615384, 0.11793870192307693, 0.11701221955128205], "val_loss": [2.485420774078369, 2.296074849319458, 2.743990174102783, 2.4585904510498047, 3.673497004699707, 2.5785308639526368, 2.777480559539795, 2.598272179031372, 2.7007071105957032, 2.8262682136535644, 2.7817048706054686, 3.2427157665252686], "val_acc": [0.101, 0.1154, 0.1007, 0.105, 0.1009, 0.1008, 0.1011, 0.101, 0.1008, 0.1008, 0.1005, 0.1011]}, "validation_error": 0.8989}