{"train_accuracy": 0.10566907051282051, "augment": true, "validation_error": 0.8887, "train_history": {"val_acc": [0.1004, 0.1061, 0.0979, 0.1172, 0.1002, 0.1106, 0.1016, 0.1009, 0.1012, 0.1043, 0.102, 0.1113], "acc": [0.10551883012820513, 0.10524338942307693, 0.10514322916666667, 0.1051181891025641, 0.1064453125, 0.10216346153846154, 0.10754707532051282, 0.10599459134615384, 0.10764723557692307, 0.10591947115384616, 0.10586939102564102, 0.10566907051282051], "val_loss": [2.8244037311553956, 2.319309537887573, 2.4516721904754637, 2.2957424560546875, 2.436484582901001, 2.298041599273682, 2.917237319946289, 2.7181579902648925, 2.367893773651123, 2.3126225448608397, 2.3267006191253663, 2.456735629272461], "loss": [2.3003758436594253, 2.2997877360918584, 2.297701437503864, 2.2975402795351467, 2.2980268681660676, 2.2978536051053267, 2.297256501057209, 2.2966561814149222, 2.2959687656317, 2.297158417793421, 2.2967122327058744, 2.2944246408266897]}, "configs": {"scale_probability": 0.99023500788033, "scale_lower": 0.563850255417239, "scale_upper": 1.9378553747569442, "crop_lower": 0.04013093567485082, "horizontal_flip": 0.2861868959380911, "rotation_probability": 0.5178732542317565, "crop_upper": 0.12988371857201453, "pad_lower": 0.048308252489700054, "crop_probability": 0.9735750899122447, "rotation_upper": 85, "vertical_flip": 0.1501344932899077, "pad_upper": 0.22734511132561644, "rotation_lower": -161, "pad_probability": 0.14756476027516885}, "used_budget": 749.5500419139862}