{"used_budget": 754.0129311084747, "augment": true, "configs": {"crop_lower": 0.09356985038243652, "vertical_flip": 0.9946758561181757, "rotation_upper": 97, "pad_probability": 0.4435171126333336, "rotation_probability": 0.9204987477847015, "scale_lower": 0.8280318866667867, "crop_probability": 0.8721273799554404, "crop_upper": 0.24634283601680027, "scale_upper": 1.3229238195267161, "pad_lower": 0.06074691941600868, "scale_probability": 0.682579101574794, "rotation_lower": -128, "pad_upper": 0.26717483937267755, "horizontal_flip": 0.5143054788067021}, "validation_error": 0.9037, "train_accuracy": 0.1064453125, "train_history": {"loss": [2.301205113148078, 2.2984916988091593, 2.2977900971204805, 2.298438717921575, 2.298732395355518, 2.2972811384078784, 2.2971892204040136, 2.296349429167234, 2.296765241867457, 2.2963925011647053, 2.296726033473626, 2.296730492359553], "val_loss": [2.349118145751953, 3.4311015113830567, 3.615841720199585, 4.840668434143066, 2.2961339553833007, 3.021390392303467, 2.455746794128418, 2.5673635913848876, 3.3483178810119627, 2.3427587982177736, 2.7024328872680665, 3.567778034210205], "val_acc": [0.101, 0.101, 0.0909, 0.1012, 0.1187, 0.0969, 0.1033, 0.1037, 0.103, 0.0922, 0.1167, 0.0963], "acc": [0.10091145833333333, 0.10677083333333333, 0.10982572115384616, 0.10324018429487179, 0.10271434294871795, 0.10877403846153846, 0.10827323717948718, 0.1083233173076923, 0.10934995993589744, 0.10894931891025642, 0.10601963141025642, 0.1064453125]}}