{"train_history": {"loss": [2.296433361677023, 2.2928635264054322, 2.2912181929135933, 2.289811223745346, 2.2884184901530924, 2.2868740955988565, 2.28704843383569, 2.286169742162411, 2.2845887602903905, 2.283966351013917, 2.2859090138704348, 2.285370748776656], "acc": [0.1080478766025641, 0.1123798076923077, 0.11268028846153846, 0.11380709134615384, 0.11090244391025642, 0.1153094951923077, 0.11187900641025642, 0.11373197115384616, 0.11741286057692307, 0.11268028846153846, 0.11485877403846154, 0.1162860576923077], "val_acc": [0.1023, 0.0983, 0.0988, 0.0986, 0.0983, 0.0987, 0.0985, 0.0984, 0.0988, 0.0984, 0.0982, 0.0986], "val_loss": [2.2975307388305666, 2.3948642791748047, 2.5009074569702148, 2.7104751014709474, 3.372685000228882, 3.5810720443725588, 2.7440267524719237, 3.073713850402832, 2.641290410232544, 2.98885139465332, 2.951088865661621, 2.739688729095459]}, "augment": true, "train_accuracy": 0.1162860576923077, "validation_error": 0.9014, "used_budget": 680.041200876236, "configs": {"crop_probability": 0.9163505516215324, "scale_lower": 0.8672034004112907, "pad_upper": 0.21306840783250486, "rotation_probability": 0.4221130939735178, "rotation_lower": -17, "vertical_flip": 0.5387324301145179, "scale_upper": 1.4663261930171982, "crop_upper": 0.10656851899663772, "scale_probability": 0.6866990790704111, "crop_lower": 0.03827511440054929, "pad_lower": 0.020475915758924202, "horizontal_flip": 0.629482938829674, "rotation_upper": 13, "pad_probability": 0.4226957958689026}}