{"train_accuracy": 0.13108473557692307, "train_history": {"acc": [0.11848958333333333, 0.12717848557692307, 0.1281300080128205, 0.12670272435897437, 0.12948217147435898, 0.12712840544871795, 0.12797976762820512, 0.12517528044871795, 0.12998297275641027, 0.1286308092948718, 0.12995793269230768, 0.13108473557692307], "val_loss": [2.3067726608276367, 3.09856830368042, 2.6177230270385743, 2.373721134185791, 2.6825227966308596, 2.8043253372192383, 2.7240314422607423, 2.8055973625183106, 2.7347834548950196, 2.655428936004639, 3.6656951904296875, 3.2899578231811524], "loss": [2.290360703682288, 2.2798277964958777, 2.2773684996825, 2.2748712461728315, 2.2709821340365286, 2.271522050484633, 2.2715516694081135, 2.270420784369493, 2.2692945981637025, 2.2677840964916425, 2.2675135265558195, 2.266967949958948], "val_acc": [0.111, 0.0993, 0.0992, 0.1026, 0.1012, 0.0993, 0.0997, 0.1023, 0.1065, 0.1005, 0.1009, 0.0997]}, "used_budget": 734.1836631298065, "validation_error": 0.9003, "configs": {"vertical_flip": 0.8133891855790414, "pad_upper": 0.148944402922167, "pad_lower": 0.0810746824906163, "rotation_probability": 0.4061193954497564, "scale_lower": 0.9830411399799259, "crop_upper": 0.23328574878866098, "pad_probability": 0.5119541585756039, "horizontal_flip": 0.8542806639426798, "scale_probability": 0.06646006636852331, "rotation_upper": 109, "rotation_lower": -175, "crop_lower": 0.0008338158774652938, "crop_probability": 0.5002299728302422, "scale_upper": 1.832591861389684}, "augment": true}