{"configs": {"pad_upper": 0.21618196820001556, "scale_upper": 1.1823967636839803, "scale_probability": 0.12939687191661442, "rotation_upper": 137, "pad_probability": 0.5288066546641411, "crop_lower": 0.05859610435827767, "rotation_lower": -62, "pad_lower": 0.07957165112962039, "crop_probability": 0.7986134204603318, "rotation_probability": 0.41174819333509394, "vertical_flip": 0.8332968535813853, "horizontal_flip": 0.813231902053787, "crop_upper": 0.1669782172954991, "scale_lower": 0.6055513435241101}, "augment": true, "validation_error": 0.8996999999999999, "used_budget": 742.1857721805573, "train_accuracy": 0.12627704326923078, "train_history": {"val_loss": [2.3149797580718996, 2.5234455951690675, 2.767300718688965, 2.4201863021850585, 2.581729127502441, 2.408541004180908, 2.6563910903930665, 2.454877600479126, 2.6930243545532226, 2.492313321685791, 3.1510821929931643, 3.0513124084472656], "acc": [0.11480869391025642, 0.12307191506410256, 0.12362279647435898, 0.12289663461538461, 0.12545072115384615, 0.1246494391025641, 0.12412359775641026, 0.12823016826923078, 0.12502504006410256, 0.12374799679487179, 0.12740384615384615, 0.12627704326923078], "loss": [2.2932097025406666, 2.283681869506836, 2.280463592364238, 2.2816281815369925, 2.278137180285576, 2.2781650179471726, 2.2761706557029333, 2.2769022094897733, 2.2756001964593544, 2.2765121849683614, 2.2728905242223005, 2.273258939767495], "val_acc": [0.1009, 0.1008, 0.1009, 0.1012, 0.1009, 0.1017, 0.1004, 0.1007, 0.1017, 0.0999, 0.1009, 0.1003]}}