{"augment": true, "validation_error": 0.9003, "train_history": {"val_acc": [0.1025, 0.135, 0.1066, 0.0998, 0.0996, 0.1109, 0.1013, 0.1023, 0.0996, 0.0997, 0.0999, 0.0997], "acc": [0.10499298878205128, 0.10479266826923077, 0.10857371794871795, 0.10642027243589744, 0.10857371794871795, 0.10764723557692307, 0.10844851762820513, 0.1060947516025641, 0.10995092147435898, 0.10719651442307693, 0.10862379807692307, 0.10699619391025642], "val_loss": [2.299893995666504, 2.5096207794189453, 2.4745890563964843, 4.06010378036499, 3.165894186782837, 2.313581846618652, 2.8204697570800783, 2.6398038551330565, 3.1797036560058594, 3.435670059967041, 3.0279906997680666, 3.3454734046936037], "loss": [2.3003876407941184, 2.297941336264977, 2.297896069593919, 2.297590188491039, 2.295977002535111, 2.2955225576192904, 2.295285756007219, 2.2963763712308345, 2.2953786231004276, 2.295665274827908, 2.2940610822958822, 2.294414903873052]}, "train_accuracy": 0.10699619391025642, "used_budget": 692.7307577133179, "configs": {"scale_probability": 0.7465683583461364, "pad_upper": 0.11835323621768515, "crop_probability": 0.6776996671590382, "pad_probability": 0.17917855919252912, "pad_lower": 0.08149301590923913, "vertical_flip": 0.12073889239219437, "crop_lower": 0.09379377553585372, "crop_upper": 0.2517878866777117, "rotation_lower": -98, "scale_upper": 1.0708608273408289, "rotation_probability": 0.962373032301184, "scale_lower": 0.7946109167322312, "horizontal_flip": 0.1943568886947008, "rotation_upper": 114}}