{"configs": {"scale_upper": 1.3774954151401722, "pad_lower": 0.05776637752084629, "rotation_lower": -112, "scale_lower": 0.6822558980799017, "crop_lower": 0.062106926271725586, "rotation_probability": 0.6537952871265476, "crop_probability": 0.4076807902372781, "horizontal_flip": 0.9269217768167473, "pad_upper": 0.14222407398055853, "rotation_upper": 89, "pad_probability": 0.5477924574570422, "scale_probability": 0.11413370393073097, "crop_upper": 0.1846515780437093, "vertical_flip": 0.8257289070495636}, "train_history": {"loss": [2.2950007502849283, 2.2879533225145097, 2.285403337998268, 2.2839849392573037, 2.2834911071337185, 2.281353560777811, 2.281180943434055, 2.2793230758263516, 2.280198324185151, 2.2779336678676114, 2.2794982760380478, 2.276380751377497], "val_loss": [2.2994596580505373, 2.3387781089782713, 2.526994984436035, 2.476901280975342, 3.0975467163085937, 2.7285325942993164, 2.4143121307373048, 3.116791928100586, 2.782118158340454, 2.836517000579834, 3.166323373031616, 2.452094790649414], "acc": [0.11105268429487179, 0.11535957532051282, 0.11603565705128205, 0.11778846153846154, 0.11909054487179487, 0.11964142628205128, 0.11756310096153846, 0.11896534455128205, 0.12176983173076923, 0.12302183493589744, 0.12141927083333333, 0.12357271634615384], "val_acc": [0.0966, 0.0962, 0.0956, 0.0959, 0.0958, 0.0964, 0.0975, 0.096, 0.0961, 0.0963, 0.096, 0.106]}, "augment": true, "used_budget": 736.2180299758911, "train_accuracy": 0.12357271634615384, "validation_error": 0.894}