{"configs": {"rotation_probability": 0.1821384811668847, "rotation_lower": -116, "horizontal_flip": 0.49991591298132054, "crop_lower": 0.06422657494510897, "crop_upper": 0.27162099100147696, "scale_lower": 0.6652052263027601, "rotation_upper": 86, "pad_probability": 0.8061828089778769, "scale_upper": 1.0962498298674004, "pad_upper": 0.14323836337668724, "scale_probability": 0.2565829672927201, "crop_probability": 0.8384514746861839, "vertical_flip": 0.8490517691915294, "pad_lower": 0.008147122802074648}, "train_history": {"val_loss": [2.333106037902832, 2.5332983951568604, 2.6152526489257815, 2.365000735092163, 2.451817481994629, 2.596251605224609, 3.397600714111328, 2.8855315368652343, 3.0150614265441895, 2.969642151260376, 2.5925903244018556, 2.539534661483765], "val_acc": [0.1033, 0.1032, 0.1031, 0.1046, 0.1033, 0.1034, 0.1033, 0.1041, 0.1033, 0.1039, 0.104, 0.1057], "loss": [2.29263382538771, 2.284380242610589, 2.2820933919686537, 2.282542864481608, 2.2810597236339865, 2.2805317105391087, 2.280023856040759, 2.279217127041939, 2.281107029089561, 2.278398642937342, 2.27868637136924, 2.27831270526617], "acc": [0.11278044871794872, 0.12294671474358974, 0.12254607371794872, 0.12284655448717949, 0.1264523237179487, 0.12532552083333334, 0.12429887820512821, 0.12287159455128205, 0.12131911057692307, 0.12414863782051282, 0.12407351762820513, 0.1224208733974359]}, "used_budget": 741.7309722900391, "train_accuracy": 0.1224208733974359, "validation_error": 0.8943, "augment": true}