{"validation_error": 0.8846, "configs": {"scale_probability": 0.10656736602268768, "pad_probability": 0.46601410264086407, "pad_lower": 0.07870325787696854, "scale_lower": 0.7133724909137392, "rotation_probability": 0.44752925878212746, "rotation_lower": -12, "crop_probability": 0.763768085170332, "crop_lower": 0.03462678035497888, "crop_upper": 0.21517238244783882, "pad_upper": 0.21138885886052414, "scale_upper": 1.539620570479707, "horizontal_flip": 0.4814577691422981, "rotation_upper": 71, "vertical_flip": 0.7790769742017669}, "train_accuracy": 0.1252754407051282, "used_budget": 733.4436283111572, "augment": true, "train_history": {"loss": [2.293111809553244, 2.287499796121548, 2.283342275864039, 2.279821377534133, 2.2808349980757785, 2.2789227106632333, 2.27833359898665, 2.2768342250432725, 2.276308468519113, 2.277612022864513, 2.277383960974522, 2.2788065809469957], "val_acc": [0.1046, 0.1014, 0.1016, 0.1014, 0.1017, 0.1101, 0.1097, 0.1049, 0.1018, 0.1014, 0.1015, 0.1154], "acc": [0.11200420673076923, 0.12272135416666667, 0.12076822916666667, 0.12512520032051283, 0.12442407852564102, 0.12146935096153846, 0.12322215544871795, 0.12525040064102563, 0.1272285657051282, 0.1226963141025641, 0.12474959935897435, 0.1252754407051282], "val_loss": [2.2929577156066894, 2.408217935180664, 2.4511020011901854, 2.499451307296753, 2.4326698543548586, 2.3940268196105956, 2.360244479751587, 2.447062154006958, 2.5177882076263427, 3.13595202255249, 2.8514803848266603, 2.392205234146118]}}