{"used_budget": 741.3818783760071, "validation_error": 0.8994, "augment": true, "train_accuracy": 0.12459935897435898, "train_history": {"val_loss": [2.333298148345947, 2.880965554046631, 2.471369253921509, 3.110768653869629, 3.0564601882934572, 2.4971671772003172, 2.374367617034912, 2.8318945030212404, 3.2163391109466555, 2.3988636070251466, 2.596312776184082, 2.588890422821045], "val_acc": [0.0998, 0.0996, 0.0999, 0.0998, 0.0998, 0.1008, 0.0987, 0.0992, 0.0989, 0.103, 0.1003, 0.1006], "loss": [2.295171992901044, 2.2866404973543606, 2.2845843663582435, 2.283554203235186, 2.280894547700882, 2.2781230692680063, 2.2778490621310015, 2.2795358177943106, 2.278031560855034, 2.279529232245225, 2.2754629292549233, 2.2751385118716803], "acc": [0.11283052884615384, 0.11889022435897435, 0.1217197516025641, 0.11853966346153846, 0.1181640625, 0.12362279647435898, 0.12131911057692307, 0.12262119391025642, 0.12282151442307693, 0.12111879006410256, 0.12595152243589744, 0.12459935897435898]}, "configs": {"pad_probability": 0.04910044783585943, "pad_lower": 0.07525300789631721, "pad_upper": 0.22067354223026667, "scale_upper": 1.5699362154355236, "crop_probability": 0.6794607348503727, "crop_lower": 0.07366457215827556, "horizontal_flip": 0.17522832159337431, "rotation_lower": -175, "rotation_probability": 0.5185816913002047, "scale_probability": 0.32811948737808017, "scale_lower": 0.7654077188084644, "vertical_flip": 0.2242505666293565, "rotation_upper": 55, "crop_upper": 0.11548551541162307}}