{"augment": true, "used_budget": 731.6656332015991, "train_history": {"val_acc": [0.1027, 0.1006, 0.1035, 0.1408, 0.1186, 0.1161, 0.1028, 0.1051, 0.1019, 0.1059, 0.1036, 0.1007], "val_loss": [2.463885221862793, 2.697199761199951, 2.53587791519165, 2.2857153995513917, 2.308730474853516, 2.322400175476074, 2.73413776473999, 2.718369814682007, 2.7961442253112794, 2.3028284660339358, 2.3078427078247072, 3.155597176361084], "acc": [0.10759715544871795, 0.11072716346153846, 0.11102764423076923, 0.11403245192307693, 0.11328125, 0.11310596955128205, 0.115234375, 0.11480869391025642, 0.11285556891025642, 0.11448317307692307, 0.11440805288461539, 0.11543469551282051], "loss": [2.298490223976282, 2.295555742123188, 2.2942442007553883, 2.292623159977106, 2.2937452235283, 2.2911912263968053, 2.2913189362256956, 2.2907058543119674, 2.2898342479497957, 2.2902054450450797, 2.2889547684253793, 2.291217885720424]}, "configs": {"crop_upper": 0.19094316236788245, "rotation_upper": 122, "horizontal_flip": 0.31342627918561483, "rotation_probability": 0.9870749431573915, "vertical_flip": 0.642726000257464, "pad_lower": 0.07985085642976639, "pad_probability": 0.21563601085964978, "scale_probability": 0.02685972162264516, "scale_lower": 0.6462689507395625, "crop_lower": 0.013944839168945256, "scale_upper": 1.4591852274649328, "rotation_lower": -39, "crop_probability": 0.7641904677026253, "pad_upper": 0.2239475574595687}, "validation_error": 0.8993, "train_accuracy": 0.11543469551282051}