{"used_budget": 742.8555247783661, "validation_error": 0.8966, "train_history": {"loss": [2.2944552432268095, 2.285378839725103, 2.282793102356104, 2.2810926895875197, 2.2802139704044047, 2.2811112304528556, 2.2791059055389504, 2.2767620109594784, 2.2772600536163035, 2.275500652117607, 2.273570540623787, 2.276007775312815], "acc": [0.11160356570512821, 0.11964142628205128, 0.11896534455128205, 0.12091846955128205, 0.12189503205128205, 0.12084334935897435, 0.12459935897435898, 0.1255008012820513, 0.12374799679487179, 0.12217047275641026, 0.12592648237179488, 0.12314703525641026], "val_loss": [2.4300778617858887, 2.512441918182373, 2.34444256439209, 2.881607551574707, 2.706790234375, 2.5055515319824218, 2.7598425769805908, 2.4836429969787597, 2.5923635375976564, 2.4676845874786375, 2.691525065994263, 2.6506527095794676], "val_acc": [0.1017, 0.1016, 0.1034, 0.1018, 0.1017, 0.1019, 0.1018, 0.1017, 0.1004, 0.105, 0.1037, 0.1034]}, "train_accuracy": 0.12314703525641026, "configs": {"vertical_flip": 0.7197477058089414, "rotation_probability": 0.2969443028641551, "rotation_upper": 75, "scale_upper": 1.0141755180640146, "crop_lower": 0.07232550760307609, "rotation_lower": -109, "horizontal_flip": 0.24930550620236835, "scale_lower": 0.9787482914281002, "scale_probability": 0.46844294100445316, "pad_lower": 0.03118270203252943, "pad_probability": 0.47097002876093663, "pad_upper": 0.13590953149838536, "crop_probability": 0.7388375181409714, "crop_upper": 0.13372453125435005}, "augment": true}