{"configs": {"horizontal_flip": 0.03852467201041443, "pad_lower": 0.06547255111334287, "scale_probability": 0.5763273452523775, "rotation_probability": 0.9852856743101098, "scale_upper": 1.9568202789565041, "rotation_upper": 25, "rotation_lower": -82, "vertical_flip": 0.8222207240682025, "scale_lower": 0.5857355388094143, "pad_upper": 0.13571326409149057, "crop_probability": 0.17552092997974966, "crop_lower": 0.05243569423262076, "pad_probability": 0.26828996872735644, "crop_upper": 0.28914696418286956}, "train_accuracy": 0.11245492788461539, "validation_error": 0.9027000000000001, "augment": true, "used_budget": 762.0876512527466, "train_history": {"val_loss": [2.332165956878662, 2.3048806678771974, 2.314474485015869, 2.3020192276000975, 2.303451111984253, 2.343770423126221, 2.582358270263672, 3.414791256713867, 2.451344844818115, 2.7175871421813964, 2.8797090908050538, 3.0834347953796386], "acc": [0.10283954326923077, 0.1041416266025641, 0.10807291666666667, 0.10922475961538461, 0.10940004006410256, 0.10704627403846154, 0.10899939903846154, 0.10569411057692307, 0.11032652243589744, 0.10995092147435898, 0.10927483974358974, 0.11245492788461539], "loss": [2.300273122695776, 2.2975997695556054, 2.296805433737926, 2.295940017853028, 2.294030855863522, 2.2943296470703225, 2.2942979587958408, 2.29220035366523, 2.2924009492764106, 2.2949161583032365, 2.29231202067473, 2.292228633776689], "val_acc": [0.0973, 0.1022, 0.0985, 0.121, 0.0974, 0.0975, 0.0972, 0.0971, 0.098, 0.0974, 0.097, 0.0973]}}