{"validation_error": 0.9009, "train_accuracy": 0.11931590544871795, "used_budget": 738.0647056102753, "augment": true, "configs": {"horizontal_flip": 0.3928905882204434, "rotation_probability": 0.1374042454935691, "pad_probability": 0.0820757582384779, "pad_upper": 0.2894482406534712, "scale_lower": 0.7794878277351465, "rotation_upper": 92, "scale_probability": 0.9633533314232835, "scale_upper": 1.002273313957002, "crop_upper": 0.2149690175148961, "pad_lower": 0.07184220951916824, "crop_probability": 0.6749124510102414, "crop_lower": 0.010707704117430517, "rotation_lower": -36, "vertical_flip": 0.18927812894526874}, "train_history": {"loss": [2.2941211523153844, 2.2892191173174443, 2.2873161702584, 2.2884681591620812, 2.2867720341071105, 2.285033093813138, 2.2841586600511503, 2.2845893127795978, 2.283713772510871, 2.2815994635606422, 2.2827564607828092, 2.2800320104146614], "val_acc": [0.1036, 0.1137, 0.1042, 0.1021, 0.1017, 0.1028, 0.1154, 0.1015, 0.112, 0.1121, 0.1058, 0.0991], "acc": [0.10904947916666667, 0.11145332532051282, 0.11543469551282051, 0.11601061698717949, 0.11353165064102565, 0.11490885416666667, 0.11560997596153846, 0.11736278044871795, 0.1158603766025641, 0.12034254807692307, 0.11828926282051282, 0.11931590544871795], "val_loss": [2.321053350830078, 2.2978252460479736, 2.3465694458007813, 2.3377801528930666, 2.3834134853363036, 2.7251709678649902, 2.34053576965332, 2.9654006942749023, 2.3484073535919188, 2.869886935424805, 2.5086180183410645, 4.938845072937012]}}