{"train_accuracy": 0.13013321314102563, "used_budget": 664.5229833126068, "augment": true, "validation_error": 0.8988, "train_history": {"acc": [0.11343149038461539, 0.11994190705128205, 0.12537560096153846, 0.12685296474358973, 0.12372295673076923, 0.12760416666666666, 0.12387319711538461, 0.1252003205128205, 0.12417367788461539, 0.12735376602564102, 0.1233974358974359, 0.13013321314102563], "loss": [2.293311663163014, 2.2826047241687775, 2.2785725043370175, 2.276119025089802, 2.275981692931591, 2.27651723073079, 2.2757452565890093, 2.273856743023946, 2.2756645717681985, 2.2722487931068125, 2.2735653947561216, 2.2716076351129093], "val_loss": [2.5244848041534422, 2.854334063720703, 2.6044470985412596, 3.1029399578094483, 2.3496938621520997, 2.6941663944244385, 3.554171607208252, 2.694483228302002, 2.605382718658447, 2.6135775146484375, 2.739331861114502, 3.7182729915618897], "val_acc": [0.1016, 0.1016, 0.1016, 0.1016, 0.1022, 0.1014, 0.1016, 0.1007, 0.1013, 0.1015, 0.1003, 0.1012]}, "configs": {"rotation_probability": 0.47055665233520394, "pad_upper": 0.19112577071282597, "scale_upper": 1.3702265624293646, "scale_lower": 0.9062183125611185, "vertical_flip": 0.4924876863365716, "crop_lower": 0.059254675741890556, "rotation_lower": -143, "pad_probability": 0.9332442599073945, "scale_probability": 0.07783868697203045, "crop_upper": 0.13423308710068857, "rotation_upper": 56, "horizontal_flip": 0.633384697150789, "pad_lower": 0.028759005623984403, "crop_probability": 0.12083825365921741}}