{"train_accuracy": 0.13899739583333334, "validation_error": 0.895, "configs": {"crop_upper": 0.27944646193381695, "pad_probability": 0.17890227333787723, "horizontal_flip": 0.29794581862065694, "rotation_probability": 0.1455030296451325, "rotation_upper": 110, "scale_probability": 0.0462436151686193, "rotation_lower": -91, "scale_upper": 1.5214100501415748, "scale_lower": 0.968577624799474, "crop_lower": 0.03053935548104271, "vertical_flip": 0.2658056408449969, "crop_probability": 0.6836166539011838, "pad_upper": 0.12533550989870143, "pad_lower": 0.06975615398817091}, "augment": true, "used_budget": 717.4360342025757, "train_history": {"val_acc": [0.1146, 0.1034, 0.1034, 0.1485, 0.1044, 0.1054, 0.1045, 0.1078, 0.1051, 0.1057, 0.1068, 0.105], "loss": [2.2872281746986585, 2.274723318906931, 2.2687389032962995, 2.2679953223619704, 2.2620649291918826, 2.2644366728953824, 2.2600132876481767, 2.262021546944594, 2.257523681108768, 2.2573048632878523, 2.255587474657939, 2.2582348684469857], "val_loss": [2.3658894012451173, 2.6596116371154785, 2.7292511543273927, 2.534606657028198, 2.6892646396636963, 2.6323451614379882, 2.9326418773651124, 2.6336260200500488, 2.5202207962036134, 3.0136110248565675, 2.5268404098510744, 2.888889223480225], "acc": [0.1214443108974359, 0.1291065705128205, 0.1339893830128205, 0.13469050480769232, 0.13802083333333334, 0.1363681891025641, 0.13744491185897437, 0.1373447516025641, 0.14029947916666666, 0.13834635416666666, 0.1430538862179487, 0.13899739583333334]}}