{"used_budget": 733.9491515159607, "train_history": {"val_loss": [2.3378507652282714, 2.345828073501587, 3.052233111572266, 2.562587776184082, 2.4423074501037596, 3.215835252380371, 3.1928545207977295, 2.9676498893737793, 2.970802946472168, 3.1027513748168944, 2.885419566345215, 3.6872327816009522], "acc": [0.1123798076923077, 0.11731270032051282, 0.12232071314102565, 0.12141927083333333, 0.12186999198717949, 0.12552584134615385, 0.12224559294871795, 0.12071814903846154, 0.12229567307692307, 0.12404847756410256, 0.12174479166666667, 0.1261768830128205], "loss": [2.2918245089359774, 2.286021602459443, 2.282596910611177, 2.2828202836024456, 2.2813775745721965, 2.277545785292601, 2.278877933055927, 2.2770040914034233, 2.276634862789741, 2.275559533865024, 2.278350538168198, 2.2754815954428453], "val_acc": [0.1036, 0.1038, 0.1035, 0.1025, 0.104, 0.1038, 0.1044, 0.1039, 0.1067, 0.1025, 0.1081, 0.0997]}, "validation_error": 0.9003, "train_accuracy": 0.1261768830128205, "configs": {"scale_lower": 0.8571471681682068, "pad_probability": 0.7824435243069604, "crop_probability": 0.6640936868707946, "pad_upper": 0.10721075911967692, "pad_lower": 0.03078664459628182, "scale_upper": 1.245901187026549, "vertical_flip": 0.8781812092478514, "rotation_probability": 0.38520399669463656, "horizontal_flip": 0.9657892593207756, "rotation_upper": 78, "rotation_lower": -160, "scale_probability": 0.3349560510720616, "crop_lower": 0.06726979357873472, "crop_upper": 0.15314668014031577}, "augment": true}