{"configs": {"scale_upper": 1.6435855694097197, "pad_lower": 0.05457881633763341, "horizontal_flip": 0.2431191334595545, "rotation_lower": -54, "crop_lower": 0.08087114408751286, "scale_lower": 0.527505726002709, "rotation_probability": 0.6777581959647502, "scale_probability": 0.834751748153935, "pad_upper": 0.23086842525484322, "vertical_flip": 0.16730905032213983, "crop_probability": 0.2901293076673479, "rotation_upper": 83, "crop_upper": 0.12456125627749229, "pad_probability": 0.24463927326021384}, "train_history": {"val_acc": [0.0976, 0.0966, 0.0966, 0.0965, 0.0966, 0.0964, 0.0967, 0.0975, 0.098, 0.0972, 0.0971, 0.0972], "loss": [2.299305407664715, 2.2971003284821143, 2.294745288598232, 2.2947238821249742, 2.2932013808152614, 2.2926081923338084, 2.292971682090026, 2.2918877410583005, 2.2912003894646964, 2.290467461714378, 2.292296671714538, 2.2917118187134085], "acc": [0.10822315705128205, 0.10975060096153846, 0.11120292467948718, 0.10767227564102565, 0.10952524038461539, 0.11165364583333333, 0.10962540064102565, 0.11348157051282051, 0.11057692307692307, 0.11430789262820513, 0.10852363782051282, 0.11152844551282051], "val_loss": [2.293877288818359, 2.303318276977539, 2.436713726806641, 2.6397058616638183, 2.6057210189819338, 2.7110033058166505, 2.5526692893981933, 2.5232672733306885, 2.592404524230957, 2.747536427307129, 2.4313431045532226, 2.466859058380127]}, "used_budget": 753.4116969108582, "validation_error": 0.9028, "augment": true, "train_accuracy": 0.11152844551282051}