{"train_accuracy": 0.11776342147435898, "configs": {"rotation_probability": 0.563497082485381, "pad_upper": 0.24430311988199443, "crop_upper": 0.11444368058837442, "crop_probability": 0.5846275526254607, "scale_probability": 0.6069064384242965, "scale_upper": 1.9823985283600196, "crop_lower": 0.007535166223538792, "vertical_flip": 0.19600358598963852, "pad_lower": 0.036241927390933314, "horizontal_flip": 0.15678196904296127, "scale_lower": 0.6845099872252491, "rotation_lower": -95, "rotation_upper": 173, "pad_probability": 0.07360704424567732}, "augment": true, "used_budget": 679.5486648082733, "train_history": {"val_acc": [0.0989, 0.1025, 0.0975, 0.0948, 0.097, 0.1168, 0.1027, 0.1058, 0.0964, 0.0993, 0.111, 0.1071], "val_loss": [2.302869213104248, 2.2973155830383303, 2.4835608516693117, 2.7565508029937744, 2.3891620132446287, 2.2902574272155762, 2.444057950592041, 2.3079412101745604, 2.875828636932373, 2.4463365440368654, 2.693053506088257, 3.960005786895752], "loss": [2.2975393059926157, 2.2938839953679304, 2.291798474696966, 2.2908573005443964, 2.289821973213783, 2.2883468912197995, 2.2885165069347773, 2.287061782983633, 2.2861675230356364, 2.287024595034428, 2.2867262180034933, 2.2861021077021575], "acc": [0.11162860576923077, 0.11115284455128205, 0.11290564903846154, 0.11152844551282051, 0.11508413461538461, 0.11250500801282051, 0.11190404647435898, 0.11440805288461539, 0.11653645833333333, 0.11841446314102565, 0.11581029647435898, 0.11776342147435898]}, "validation_error": 0.8929}