{"configs": {"scale_probability": 0.2705906850689985, "rotation_lower": -28, "horizontal_flip": 0.1378023047108664, "rotation_probability": 0.6843327087600238, "crop_probability": 0.437658059640443, "pad_probability": 0.5327093189166514, "rotation_upper": 16, "vertical_flip": 0.3572509827752708, "pad_lower": 0.09989013648179393, "scale_lower": 0.6709912846026882, "crop_lower": 0.022663052539320872, "crop_upper": 0.13030975694047264, "pad_upper": 0.2663536669219664, "scale_upper": 1.0182545556909177}, "used_budget": 744.7919690608978, "train_history": {"val_loss": [2.4243385444641112, 3.3584040412902834, 2.636272541809082, 3.546802574920654, 3.1184735511779786, 2.62674326171875, 2.9905185165405275, 2.9061110847473146, 3.2279583694458007, 2.7076318572998046, 4.218349842834472, 5.059699041748047], "val_acc": [0.1035, 0.1032, 0.0947, 0.0983, 0.0949, 0.0996, 0.1008, 0.1011, 0.102, 0.092, 0.0932, 0.1026], "loss": [2.293327556970792, 2.2884015311033297, 2.2860627472400665, 2.284910111091076, 2.282839432740823, 2.2811605907403507, 2.2812249049162254, 2.2805546674972925, 2.279720935301903, 2.2806460032096276, 2.2775787061605697, 2.2777186166017485], "acc": [0.11205428685897435, 0.11743790064102565, 0.11553485576923077, 0.11636117788461539, 0.11909054487179487, 0.11969150641025642, 0.119140625, 0.1201171875, 0.11813902243589744, 0.12029246794871795, 0.12054286858974358, 0.12169471153846154]}, "train_accuracy": 0.12169471153846154, "augment": true, "validation_error": 0.8974}