{"train_history": {"loss": [2.298780694221839, 2.295361120731403, 2.2924050444211717, 2.2935202542023783, 2.2911378733622723, 2.2914885381857553, 2.29121617323313, 2.2910311336700735, 2.290660505111401, 2.29112231807831, 2.2905405836227613, 2.290713158173439], "val_loss": [2.6727760475158693, 2.528907423400879, 2.819484712982178, 2.6596610958099367, 2.491482318496704, 2.366947846221924, 2.5166256057739256, 2.81711615524292, 2.6438590919494627, 2.5762473285675047, 4.0264147270202635, 3.004616835784912], "acc": [0.10466746794871795, 0.10794771634615384, 0.11318108974358974, 0.10967548076923077, 0.11010116185897435, 0.11278044871794872, 0.11227964743589744, 0.11080228365384616, 0.11350661057692307, 0.11142828525641026, 0.11002604166666667, 0.1112530048076923], "val_acc": [0.1014, 0.1009, 0.1008, 0.1029, 0.102, 0.1046, 0.1131, 0.1009, 0.1006, 0.1007, 0.1008, 0.1009]}, "configs": {"scale_probability": 0.4071063977597775, "crop_lower": 7.285421259742853e-05, "pad_probability": 0.7381414939533723, "scale_lower": 0.9002909573579692, "crop_probability": 0.9684740607040032, "rotation_lower": -29, "crop_upper": 0.16253583811763178, "scale_upper": 1.4213516015182814, "vertical_flip": 0.8719198846601466, "pad_lower": 0.08996031034154639, "rotation_upper": 158, "horizontal_flip": 0.28561957173995645, "pad_upper": 0.11623968894099163, "rotation_probability": 0.7770408722071578}, "train_accuracy": 0.1112530048076923, "validation_error": 0.8991, "augment": true, "used_budget": 747.125349521637}