{"train_accuracy": 0.12111879006410256, "validation_error": 0.8993, "used_budget": 735.3416774272919, "configs": {"crop_lower": 0.039127793268386495, "pad_lower": 0.06160458073914409, "crop_upper": 0.12628494670795615, "scale_upper": 1.0939822731542774, "rotation_upper": 44, "scale_probability": 0.07051367257970287, "pad_upper": 0.2529574217596824, "horizontal_flip": 0.6401021903270747, "vertical_flip": 0.7414603125287428, "rotation_probability": 0.7548677150062886, "pad_probability": 0.027031826150272775, "rotation_lower": -114, "crop_probability": 0.8750058147227467, "scale_lower": 0.7319062081471537}, "augment": true, "train_history": {"loss": [2.2966618415636892, 2.29094827404389, 2.288549992518547, 2.285338492729725, 2.2832970099571424, 2.2823242163046813, 2.281721387154017, 2.2833478718231888, 2.2818895288002796, 2.280591395420906, 2.2811950475741654, 2.281119445959727], "val_loss": [2.358543542098999, 2.5311524909973144, 2.5130543632507325, 2.417346091079712, 2.6334433151245116, 2.500215441894531, 2.504135140991211, 3.4024315521240234, 2.718476094818115, 3.2613158725738525, 2.713534496307373, 2.588236029434204], "val_acc": [0.1015, 0.1009, 0.1013, 0.1012, 0.101, 0.1012, 0.1011, 0.1012, 0.1012, 0.1012, 0.1011, 0.1007], "acc": [0.11260516826923077, 0.11548477564102565, 0.11641125801282051, 0.11713741987179487, 0.1146083733974359, 0.11736278044871795, 0.12434895833333333, 0.12081830929487179, 0.119140625, 0.12081830929487179, 0.12337239583333333, 0.12111879006410256]}}