{"configs": {"pad_probability": 0.19020897317966856, "crop_lower": 0.035778758610652585, "rotation_upper": 161, "scale_probability": 0.36238384869124474, "scale_upper": 1.9191275176124978, "crop_probability": 0.6094690466059864, "rotation_lower": -58, "pad_lower": 0.08623103886577416, "rotation_probability": 0.8135816198209829, "pad_upper": 0.2150189887176266, "scale_lower": 0.8421927567046159, "crop_upper": 0.16894491402510953, "horizontal_flip": 0.3146601561867254, "vertical_flip": 0.5742139843634695}, "validation_error": 0.8999, "train_accuracy": 0.11197916666666667, "train_history": {"loss": [2.298942351952577, 2.2970422017268644, 2.2951884888685665, 2.2935283298675833, 2.29250254157262, 2.292418956756592, 2.2906598211863103, 2.2903816348467116, 2.2907089606309547, 2.2905724201446924, 2.290898119027798, 2.2910617055037084], "val_loss": [2.5761827522277834, 2.3262196346282957, 2.458133675003052, 4.574113018798828, 2.6657621437072754, 2.3017947059631347, 2.353215625, 3.8249852996826172, 3.003429928970337, 2.900044681930542, 3.9526687881469726, 2.63242105178833], "acc": [0.10789763621794872, 0.11015124198717949, 0.10932491987179487, 0.10965044070512821, 0.10932491987179487, 0.11348157051282051, 0.11187900641025642, 0.10987580128205128, 0.11325620993589744, 0.11305588942307693, 0.11207932692307693, 0.11197916666666667], "val_acc": [0.0991, 0.0984, 0.099, 0.0991, 0.099, 0.1006, 0.1021, 0.0996, 0.0989, 0.0996, 0.099, 0.1001]}, "augment": true, "used_budget": 746.3824887275696}