{"train_accuracy": 0.11270532852564102, "used_budget": 753.7284052371979, "validation_error": 0.8971, "augment": true, "train_history": {"loss": [2.2977703305391164, 2.2938354091766553, 2.292120948815957, 2.2903386056423187, 2.290587983834438, 2.288644660741855, 2.290281975880647, 2.2883882216918163, 2.2897356244233937, 2.289053011399049, 2.2874692670809917, 2.2886553154541898], "acc": [0.10531850961538461, 0.11177884615384616, 0.11443309294871795, 0.11671173878205128, 0.11045172275641026, 0.11400741185897435, 0.11385717147435898, 0.11405749198717949, 0.11393229166666667, 0.11601061698717949, 0.11473357371794872, 0.11270532852564102], "val_loss": [2.303186874771118, 2.400655093383789, 2.396682286071777, 2.577636605834961, 2.3106849842071533, 2.3908740707397462, 2.3961559474945067, 3.156033536148071, 2.536097355270386, 2.5606453227996826, 2.3265496307373046, 3.3719559059143065], "val_acc": [0.1084, 0.1034, 0.1155, 0.1027, 0.1087, 0.1027, 0.1056, 0.103, 0.1021, 0.103, 0.102, 0.1029]}, "configs": {"scale_lower": 0.7865283468863774, "horizontal_flip": 0.5474997568130715, "scale_upper": 1.9273375400058623, "pad_upper": 0.12803502152984617, "crop_upper": 0.18447273754982768, "rotation_lower": -125, "rotation_upper": 169, "crop_probability": 0.1850506228614548, "pad_probability": 0.9105280486324179, "scale_probability": 0.41387306432856885, "pad_lower": 0.004308834827631958, "rotation_probability": 0.7206055739274134, "vertical_flip": 0.5027232965416395, "crop_lower": 0.009821445895984604}}