{"used_budget": 665.3555355072021, "validation_error": 0.8964, "augment": true, "configs": {"pad_lower": 0.08130989446156793, "scale_lower": 0.8991782343647088, "pad_probability": 0.7021905736475679, "scale_upper": 1.3112083042355065, "rotation_upper": 122, "crop_probability": 0.8334363648663787, "rotation_probability": 0.056990496897042164, "scale_probability": 0.6113563665391983, "crop_lower": 0.010563315599469193, "rotation_lower": -40, "crop_upper": 0.20117573792386195, "pad_upper": 0.29615470941745625, "horizontal_flip": 0.8218578742348478, "vertical_flip": 0.6934061878104218}, "train_accuracy": 0.11798878205128205, "train_history": {"val_acc": [0.1042, 0.1069, 0.1041, 0.104, 0.104, 0.1043, 0.1059, 0.1028, 0.1051, 0.1039, 0.1043, 0.1036], "loss": [2.296117666440132, 2.2903126806784897, 2.287201697245622, 2.2844275495944877, 2.285273049122248, 2.281402581777328, 2.281459695253617, 2.281035066415102, 2.280159797423925, 2.280236065387726, 2.2827606170605392, 2.279527852932612], "val_loss": [2.636916397857666, 2.423237937927246, 2.9125851280212403, 2.8328327880859376, 3.8442316162109376, 2.494426332092285, 3.009028256225586, 2.55388484916687, 2.6302521602630615, 2.77177635307312, 2.9315393508911134, 3.0226418407440185], "acc": [0.10970052083333333, 0.1158603766025641, 0.11505909455128205, 0.11944110576923077, 0.11766326121794872, 0.12076822916666667, 0.12139423076923077, 0.12404847756410256, 0.11919070512820513, 0.11951622596153846, 0.11778846153846154, 0.11798878205128205]}}