{"used_budget": 675.432094335556, "validation_error": 0.8981, "train_history": {"val_loss": [2.2976551200866697, 2.443532286071777, 2.8085380378723146, 2.6160672748565674, 2.757420442199707, 2.788759335708618, 3.451337915802002, 3.2636989322662355, 2.916966799545288, 3.3916993293762205, 3.967492060470581, 2.9883212326049806], "acc": [0.10909955929487179, 0.11245492788461539, 0.10982572115384616, 0.11102764423076923, 0.11458333333333333, 0.11465845352564102, 0.11408253205128205, 0.11215444711538461, 0.1178135016025641, 0.11300580929487179, 0.11525941506410256, 0.11591045673076923], "loss": [2.298081867205791, 2.2939356175752788, 2.2913541992505393, 2.288741396787839, 2.2875544107877293, 2.2879185546667147, 2.287301309597798, 2.286484779455723, 2.284827088698363, 2.2860257740204153, 2.286298531752366, 2.285521659331444], "val_acc": [0.1136, 0.0994, 0.1027, 0.0993, 0.0992, 0.0999, 0.1002, 0.0995, 0.0996, 0.1008, 0.1005, 0.1019]}, "train_accuracy": 0.11591045673076923, "configs": {"crop_lower": 0.09769367301180992, "pad_upper": 0.13111024667302024, "crop_probability": 0.0780728263192384, "scale_lower": 0.8825974245395627, "horizontal_flip": 0.9466599847976559, "rotation_probability": 0.9742369916829138, "crop_upper": 0.1746939195600514, "vertical_flip": 0.5107587779659072, "rotation_upper": 16, "scale_probability": 0.5498568170021095, "rotation_lower": -39, "pad_probability": 0.09967880953960351, "pad_lower": 0.05926821581110511, "scale_upper": 1.352180145043116}, "augment": true}