{"validation_error": 0.8904, "used_budget": 733.0028667449951, "train_accuracy": 0.1158603766025641, "train_history": {"acc": [0.10799779647435898, 0.1103515625, 0.1107021233974359, 0.1139072516025641, 0.11215444711538461, 0.11400741185897435, 0.11152844551282051, 0.11583533653846154, 0.1181640625, 0.11706229967948718, 0.11588541666666667, 0.1158603766025641], "val_acc": [0.0972, 0.0972, 0.0971, 0.0973, 0.0975, 0.0975, 0.0972, 0.0972, 0.0978, 0.098, 0.0976, 0.1096], "loss": [2.298987545264073, 2.295329139782832, 2.2926928943548446, 2.290923522068904, 2.2918412754168878, 2.290940163227228, 2.2892197508078356, 2.2870543660261693, 2.2891922180469217, 2.2880355371878696, 2.2876453407299824, 2.287619643486463], "val_loss": [2.580680799102783, 3.262735039901733, 2.6708904914855958, 2.6499934619903565, 2.6986996822357177, 2.3987783374786376, 2.8905034496307374, 3.197643465423584, 3.003228289794922, 2.568938913726807, 2.868364978790283, 2.4876945350646973]}, "configs": {"pad_lower": 0.012940699537484847, "crop_upper": 0.2194420271377155, "crop_probability": 0.429463732323081, "pad_upper": 0.23799176631599747, "pad_probability": 0.3870267103902313, "rotation_probability": 0.47169410722142047, "vertical_flip": 0.48813148376009785, "crop_lower": 0.07820008017257381, "scale_upper": 1.9760421684590597, "scale_lower": 0.9528589987573983, "scale_probability": 0.5326560207356491, "rotation_upper": 128, "rotation_lower": -144, "horizontal_flip": 0.05230138881200874}, "augment": true}