{"used_budget": 746.7489404678345, "augment": true, "validation_error": 0.8905, "configs": {"crop_upper": 0.22507035422720703, "crop_probability": 0.9199127465447468, "rotation_probability": 0.9506644390658002, "rotation_lower": -78, "scale_upper": 1.7987167295780484, "horizontal_flip": 0.9702985956329895, "pad_probability": 0.31769730250689865, "pad_upper": 0.10454949333831015, "vertical_flip": 0.7351731895619974, "crop_lower": 0.032666477071291944, "scale_lower": 0.5889500499779525, "pad_lower": 0.029551406970129025, "scale_probability": 0.09310347002884822, "rotation_upper": 82}, "train_accuracy": 0.11050180288461539, "train_history": {"loss": [2.2994791796574225, 2.29596360371663, 2.2947747921332335, 2.2940866832549753, 2.293801168600718, 2.2927434062346435, 2.292537945203292, 2.292926229727574, 2.291014872300319, 2.29160957917189, 2.2917667016004906, 2.292247941860786], "val_acc": [0.1004, 0.1133, 0.1074, 0.1146, 0.107, 0.1094, 0.1074, 0.1157, 0.1017, 0.1047, 0.1182, 0.1095], "val_loss": [2.3526157638549803, 2.316814719390869, 2.309627194213867, 2.327467331314087, 2.352526121520996, 2.56567935256958, 2.6862168201446535, 2.3004756309509276, 2.545545654296875, 2.63996918258667, 2.332319292831421, 2.588015326690674], "acc": [0.10697115384615384, 0.10569411057692307, 0.10729667467948718, 0.10957532051282051, 0.11215444711538461, 0.11217948717948718, 0.11187900641025642, 0.11315604967948718, 0.11145332532051282, 0.11343149038461539, 0.11225460737179487, 0.11050180288461539]}}