{"train_history": {"val_loss": [2.3764583797454835, 2.455604325866699, 3.233195297241211, 2.8824553428649904, 2.6108943168640137, 3.6378201698303223, 3.5418737747192384, 2.9172704704284667, 3.191024768066406, 3.4511607551574706, 2.516316116333008, 2.7527517921447755], "loss": [2.299074785831647, 2.294915307026643, 2.292437642812729, 2.292401228959744, 2.290950711721029, 2.289866714141308, 2.2886790335178375, 2.291149873764087, 2.2909358938535056, 2.2898761492509108, 2.2896165534471855, 2.287677723627824], "val_acc": [0.1036, 0.11, 0.0977, 0.0979, 0.0988, 0.0977, 0.0979, 0.0979, 0.0977, 0.0976, 0.0974, 0.0977], "acc": [0.107421875, 0.11137820512820513, 0.11295572916666667, 0.11370693108974358, 0.1161358173076923, 0.11751302083333333, 0.11776342147435898, 0.11415765224358974, 0.11435797275641026, 0.11415765224358974, 0.11571013621794872, 0.11773838141025642]}, "train_accuracy": 0.11773838141025642, "validation_error": 0.9023, "augment": true, "used_budget": 682.4755623340607, "configs": {"rotation_probability": 0.6459674930553346, "scale_upper": 1.3856873849400977, "horizontal_flip": 0.8378425112474562, "rotation_upper": 9, "scale_probability": 0.7070535206099936, "vertical_flip": 0.24971837699630073, "pad_upper": 0.26147169775524093, "crop_lower": 0.06620042954580563, "scale_lower": 0.9383309649180518, "pad_probability": 0.6321876034135318, "pad_lower": 0.00740190991033618, "crop_upper": 0.134523849396839, "rotation_lower": -88, "crop_probability": 0.1366966200594184}}