{"train_accuracy": 0.11470853365384616, "train_history": {"val_acc": [0.103, 0.1031, 0.103, 0.103, 0.1034, 0.1031, 0.1032, 0.1032, 0.1032, 0.1028, 0.103, 0.103], "loss": [2.299388643258657, 2.2970719192272577, 2.294586188518084, 2.295194007647343, 2.293736293529853, 2.2932643630565743, 2.2918775433149094, 2.293156535197527, 2.2922987876794276, 2.2923521987902813, 2.2910922521199937, 2.2909633410282626], "val_loss": [3.9658673782348632, 4.009850114440918, 2.7128414573669435, 2.758979902267456, 2.39435792427063, 2.678531996917725, 3.5833895080566407, 2.446719150543213, 2.5678937644958495, 2.535868868255615, 2.545786449432373, 2.527092282485962], "acc": [0.10566907051282051, 0.10907451923076923, 0.1100010016025641, 0.10957532051282051, 0.10792267628205128, 0.10879907852564102, 0.11117788461538461, 0.10782251602564102, 0.1090244391025641, 0.11022636217948718, 0.10882411858974358, 0.11470853365384616]}, "augment": true, "validation_error": 0.897, "used_budget": 687.5601131916046, "configs": {"scale_upper": 1.7554789738854055, "rotation_upper": 117, "scale_probability": 0.32553313946682727, "rotation_lower": -171, "crop_probability": 0.9736556233553589, "pad_upper": 0.2070440707034712, "pad_lower": 0.052667298015993284, "vertical_flip": 0.9894451762918999, "crop_lower": 0.07145284568896236, "crop_upper": 0.1499428371575948, "pad_probability": 0.042539902143596375, "rotation_probability": 0.8849512218518825, "horizontal_flip": 0.5391346578963532, "scale_lower": 0.856793427952359}}