{"train_accuracy": 0.12622696314102563, "train_history": {"val_acc": [0.1018, 0.0979, 0.0994, 0.0978, 0.0976, 0.0974, 0.0979, 0.0975, 0.0979, 0.0975, 0.0973, 0.0973], "loss": [2.2934372501495557, 2.2835145256458182, 2.2791569263507157, 2.2790407056991873, 2.2746866123798566, 2.2730123545878973, 2.2759040746933374, 2.2747487318821444, 2.2716976480606275, 2.2721561560264, 2.2723911167719426, 2.270737804663487], "acc": [0.11200420673076923, 0.11873998397435898, 0.12605168269230768, 0.12705328525641027, 0.12525040064102563, 0.12512520032051283, 0.12567608173076922, 0.12392327724358974, 0.12479967948717949, 0.12560096153846154, 0.12737880608974358, 0.12622696314102563], "val_loss": [2.332875940322876, 2.2896007205963134, 2.406972705078125, 2.771579630279541, 2.4879106437683105, 2.882419214248657, 2.7031617599487303, 2.5409280460357664, 2.485393711090088, 3.218074659729004, 3.043462299346924, 2.7775321269989015]}, "augment": true, "used_budget": 739.8083736896515, "validation_error": 0.9027000000000001, "configs": {"crop_lower": 0.05418070366690171, "scale_probability": 0.3234544319883845, "scale_upper": 1.7309396829094665, "crop_probability": 0.4124287121611082, "scale_lower": 0.9816288153827533, "pad_probability": 0.6411590158295005, "rotation_upper": 122, "crop_upper": 0.1624034546765572, "pad_upper": 0.24547041713403372, "rotation_probability": 0.23616318958527738, "rotation_lower": -35, "pad_lower": 0.08682057806442668, "vertical_flip": 0.2418679388289965, "horizontal_flip": 0.07501300494935847}}