{"augment": true, "configs": {"scale_upper": 1.2537867937798821, "crop_lower": 0.016239183341177157, "horizontal_flip": 0.9592757094801, "vertical_flip": 0.8610457224230691, "scale_lower": 0.5712327491553795, "pad_lower": 0.055214304684101906, "crop_upper": 0.11673002406357376, "scale_probability": 0.45828488243282217, "rotation_upper": 177, "rotation_probability": 0.9780865264303343, "rotation_lower": -67, "crop_probability": 0.6465549430414291, "pad_upper": 0.14456916088066352, "pad_probability": 0.25978397884866544}, "validation_error": 0.8995, "train_history": {"loss": [2.29836377959985, 2.297583513534986, 2.295143885490222, 2.29328399285292, 2.293140626870669, 2.293343323163497, 2.2920111616452536, 2.2921197574872236, 2.2921391274684515, 2.291467567284902, 2.2915824491244097, 2.290610575523132], "val_acc": [0.1017, 0.0985, 0.0872, 0.101, 0.1012, 0.101, 0.1012, 0.1007, 0.1009, 0.1007, 0.1011, 0.1005], "acc": [0.10784755608974358, 0.10689603365384616, 0.10854867788461539, 0.11247996794871795, 0.11205428685897435, 0.10709635416666667, 0.11065204326923077, 0.1129306891025641, 0.11245492788461539, 0.11310596955128205, 0.11205428685897435, 0.10904947916666667], "val_loss": [2.4802613285064696, 2.3010167907714845, 2.3060822891235353, 2.4613469150543215, 2.3212903228759765, 2.755002186203003, 3.057736158752441, 3.3349141578674315, 3.4215144401550295, 2.919684518432617, 3.900346813964844, 2.882870965194702]}, "used_budget": 755.6199624538422, "train_accuracy": 0.10904947916666667}