{"augment": true, "train_accuracy": 0.10894931891025642, "train_history": {"val_acc": [0.0983, 0.0994, 0.1008, 0.1086, 0.1233, 0.1053, 0.0981, 0.098, 0.0979, 0.1031, 0.1193, 0.1054], "val_loss": [2.377471866607666, 2.301821696853638, 2.4016682945251464, 2.300057279205322, 2.301253853607178, 2.2970332084655762, 6.4250914642333985, 2.897350447845459, 2.4075367324829102, 2.308933381271362, 2.4370041305541994, 2.4864769805908202], "loss": [2.300822362685815, 2.2997844738838, 2.29933194625072, 2.298862731609589, 2.2985906180662985, 2.2974108121333976, 2.29915144886726, 2.2982056072125068, 2.2987234256206412, 2.2969821324715247, 2.2977006160295925, 2.2967849519008245], "acc": [0.10411658653846154, 0.10519330929487179, 0.10281450320512821, 0.10586939102564102, 0.10639523237179487, 0.10529346955128205, 0.10436698717948718, 0.1067958733974359, 0.10411658653846154, 0.10491786858974358, 0.10614483173076923, 0.10894931891025642]}, "validation_error": 0.8946000000000001, "configs": {"scale_probability": 0.9632322621044194, "crop_probability": 0.7914616525622515, "horizontal_flip": 0.49586299977429493, "vertical_flip": 0.12604669311833416, "crop_lower": 0.018934870646449442, "rotation_probability": 0.5547570728418654, "rotation_upper": 149, "crop_upper": 0.28986877539858924, "pad_upper": 0.13095181676963502, "pad_probability": 0.9554578441787761, "pad_lower": 0.003749929555287546, "scale_lower": 0.6531431281452083, "rotation_lower": -14, "scale_upper": 1.768057512485334}, "used_budget": 689.8102738857269}