{"train_accuracy": 0.11225460737179487, "augment": true, "train_history": {"val_loss": [2.328239740753174, 2.386364352798462, 2.7895687721252442, 2.4267920547485353, 2.453715447998047, 2.3603803688049316, 2.6102954971313475, 3.136002338027954, 2.8693004848480226, 2.832424425506592, 2.612422378540039, 2.7286352519989014], "loss": [2.298585368272586, 2.2948675805177445, 2.293644892099576, 2.2916432672586198, 2.291786958009769, 2.2907079809751267, 2.290464696211693, 2.2893079228890247, 2.290093936981299, 2.2894816925892463, 2.2901251285504074, 2.2895632149317326], "val_acc": [0.0995, 0.1, 0.0995, 0.0995, 0.0995, 0.0994, 0.0991, 0.0995, 0.1014, 0.0996, 0.0996, 0.0983], "acc": [0.1080478766025641, 0.11180388621794872, 0.11328125, 0.11493389423076923, 0.11343149038461539, 0.11415765224358974, 0.11205428685897435, 0.11177884615384616, 0.11210436698717949, 0.1139072516025641, 0.1116786858974359, 0.11225460737179487]}, "configs": {"crop_probability": 0.9550719408915147, "rotation_lower": -7, "pad_lower": 0.05519156046304419, "pad_upper": 0.2850499606344, "crop_lower": 0.06585040729812651, "pad_probability": 0.20084100793491977, "scale_upper": 1.1524532998228318, "horizontal_flip": 0.7784100483987425, "scale_probability": 0.7602732627314066, "rotation_probability": 0.3344914595558358, "vertical_flip": 0.4630389187876779, "crop_upper": 0.23075163930701822, "rotation_upper": 109, "scale_lower": 0.6999701681767745}, "validation_error": 0.9017, "used_budget": 742.8485872745514}