{"augment": true, "train_accuracy": 0.13348858173076922, "validation_error": 0.8969, "train_history": {"val_acc": [0.1006, 0.1007, 0.1006, 0.1005, 0.1005, 0.1004, 0.1004, 0.1004, 0.1004, 0.0998, 0.1018, 0.1031], "loss": [2.287694289898261, 2.279706231294534, 2.27603671948115, 2.27456451073671, 2.2727948816922994, 2.2690911293029785, 2.267096767058739, 2.2651589688582296, 2.2673590580622354, 2.268855545001152, 2.265300433605145, 2.2650501987872977], "val_loss": [2.4286655220031736, 2.5308390830993654, 3.1898414989471435, 3.148507489776611, 3.215948084259033, 2.6612944091796873, 3.323665754699707, 3.193883243560791, 2.6174840461730957, 2.984504945755005, 2.658823098373413, 2.740066125488281], "acc": [0.11693709935897435, 0.12522536057692307, 0.1268028846153846, 0.12980769230769232, 0.12790464743589744, 0.13020833333333334, 0.12890625, 0.1323116987179487, 0.13098457532051283, 0.12965745192307693, 0.13075921474358973, 0.13348858173076922]}, "used_budget": 666.7510435581207, "configs": {"vertical_flip": 0.7134316749692302, "rotation_probability": 0.31374954889136975, "crop_lower": 0.049665560653716904, "crop_probability": 0.9351618127492999, "crop_upper": 0.15653186524124163, "scale_upper": 1.305494814962921, "scale_lower": 0.5630444641697577, "pad_upper": 0.18038188248215237, "horizontal_flip": 0.3942227422398029, "rotation_lower": -19, "scale_probability": 0.007276595697998101, "rotation_upper": 18, "pad_probability": 0.49898877649156503, "pad_lower": 0.06955670543746065}}