{"configs": {"scale_lower": 0.9417475794154365, "rotation_lower": -44, "rotation_probability": 0.7687047516069934, "horizontal_flip": 0.5035365202904509, "pad_upper": 0.1930298474061184, "crop_probability": 0.5558471444545267, "scale_probability": 0.7593220263486957, "scale_upper": 1.573605373818154, "pad_probability": 0.032613376059747234, "rotation_upper": 164, "pad_lower": 0.01252778359812956, "crop_upper": 0.20345992861105006, "crop_lower": 0.01865885565913703, "vertical_flip": 0.050616363752480686}, "augment": true, "train_accuracy": 0.11115284455128205, "train_history": {"val_loss": [2.356161067581177, 2.444604627609253, 2.336849747467041, 2.8235005195617675, 2.6792937744140626, 3.555632587432861, 2.96616987991333, 4.036215802383423, 2.5604582252502444, 2.4798484100341796, 2.4146522720336914, 2.552986558151245], "val_acc": [0.1008, 0.101, 0.102, 0.1008, 0.1013, 0.101, 0.1018, 0.1014, 0.107, 0.1048, 0.124, 0.1119], "loss": [2.299285956682303, 2.2973358860382667, 2.297028728020497, 2.294948628315559, 2.2943903032021646, 2.2949943450781016, 2.2928870985141168, 2.2943417720305614, 2.2934947579334946, 2.2935593097637863, 2.2935192455083895, 2.2933334509531655], "acc": [0.10849859775641026, 0.10692107371794872, 0.10789763621794872, 0.10934995993589744, 0.11082732371794872, 0.1100010016025641, 0.11215444711538461, 0.11100260416666667, 0.11060196314102565, 0.10619491185897435, 0.10919971955128205, 0.11115284455128205]}, "validation_error": 0.8881, "used_budget": 755.2170739173889}