{"train_accuracy": 0.1252754407051282, "validation_error": 0.9026, "augment": true, "used_budget": 672.733996629715, "configs": {"crop_upper": 0.1937626236898186, "scale_probability": 0.33004785578213347, "rotation_lower": -92, "horizontal_flip": 0.17539374415013476, "pad_upper": 0.10605545942640282, "vertical_flip": 0.9366826005917502, "rotation_probability": 0.38313596511373327, "crop_lower": 0.008001572707783788, "pad_probability": 0.4104664982313735, "crop_probability": 0.7832057287506119, "scale_upper": 1.6075637254933468, "scale_lower": 0.9041696901776091, "pad_lower": 0.08646403269409712, "rotation_upper": 119}, "train_history": {"acc": [0.11636117788461539, 0.12024238782051282, 0.12081830929487179, 0.12141927083333333, 0.12252103365384616, 0.1220703125, 0.12429887820512821, 0.12407351762820513, 0.12530048076923078, 0.12006710737179487, 0.12284655448717949, 0.1252754407051282], "val_acc": [0.0994, 0.0983, 0.0992, 0.1024, 0.0986, 0.105, 0.0942, 0.1039, 0.1013, 0.1009, 0.1009, 0.0974], "val_loss": [2.4443757499694825, 2.9743285934448243, 2.4326883239746095, 2.826585238647461, 2.8608620765686035, 3.824118342590332, 2.8246345401763917, 2.8830012702941894, 2.41629221496582, 3.095938722229004, 2.5831033210754395, 3.094280046081543], "loss": [2.2922951449186373, 2.283706532839017, 2.2818083457457714, 2.2811406484017005, 2.2797807302230444, 2.27699022873854, 2.278054651541588, 2.276520924690442, 2.2770862716894884, 2.276879011820524, 2.2768046863568134, 2.275414547094932]}}