{"configs": {"scale_probability": 0.4206651382456623, "rotation_upper": 118, "rotation_probability": 0.5153220348189576, "scale_lower": 0.941433105183461, "rotation_lower": -56, "pad_upper": 0.14912396406604325, "vertical_flip": 0.39130388706809316, "scale_upper": 1.4273409451494308, "crop_probability": 0.8378223938289915, "crop_lower": 0.017140095938453292, "horizontal_flip": 0.8172722090916107, "pad_probability": 0.9797609191604768, "crop_upper": 0.10879588516370016, "pad_lower": 0.05067497664867045}, "train_history": {"acc": [0.10955028044871795, 0.11298076923076923, 0.11566005608974358, 0.11588541666666667, 0.11245492788461539, 0.11606069711538461, 0.11616085737179487, 0.1146083733974359, 0.1148838141025641, 0.11916566506410256, 0.11550981570512821, 0.11633613782051282], "val_loss": [2.414325437164307, 2.304639295578003, 2.3783251571655275, 2.3418476493835447, 2.82464748840332, 2.9420905055999755, 2.404199368286133, 2.807154347229004, 2.3981446369171144, 2.855792406463623, 2.512407257080078, 2.788230365753174], "loss": [2.296350194857671, 2.292891120299315, 2.2907249682988877, 2.2890265049078526, 2.2883128264011483, 2.2874190157804732, 2.2877130722388244, 2.285209045196191, 2.2851817034758053, 2.284938868803856, 2.285622101563674, 2.2850006016401143], "val_acc": [0.1011, 0.101, 0.1005, 0.1003, 0.1004, 0.1004, 0.1005, 0.1004, 0.1015, 0.1003, 0.0978, 0.1005]}, "validation_error": 0.8995, "train_accuracy": 0.11633613782051282, "used_budget": 676.2772626876831, "augment": true}