{"validation_error": 0.8982, "train_accuracy": 0.1109775641025641, "used_budget": 754.9098143577576, "train_history": {"val_acc": [0.1, 0.1001, 0.1005, 0.1024, 0.1022, 0.101, 0.1, 0.1012, 0.0988, 0.1029, 0.1032, 0.1018], "val_loss": [2.3482032730102538, 2.350251643753052, 3.3978698757171633, 2.3431802322387694, 2.3474763298034667, 2.904887592315674, 2.522517162322998, 2.582252077102661, 3.1877400550842285, 2.58339686050415, 3.7477884185791015, 2.874289813232422], "acc": [0.10298978365384616, 0.10907451923076923, 0.10965044070512821, 0.11380709134615384, 0.10990084134615384, 0.10829827724358974, 0.11075220352564102, 0.1116786858974359, 0.11082732371794872, 0.10852363782051282, 0.11102764423076923, 0.1109775641025641], "loss": [2.2991718038534508, 2.297949029084964, 2.2951637582901196, 2.2947227702691007, 2.29338760024462, 2.2931139362164035, 2.2928386941934242, 2.29236687375949, 2.2921827190961594, 2.2923147777716317, 2.2921763268800883, 2.291713301952069]}, "configs": {"scale_probability": 0.30815537187075415, "scale_lower": 0.8088707592385962, "rotation_lower": -116, "crop_upper": 0.15170094004842732, "pad_probability": 0.9253491320279024, "crop_probability": 0.725386785197524, "rotation_upper": 142, "pad_upper": 0.10076304047274254, "vertical_flip": 0.8606419355764261, "scale_upper": 1.8010053945752376, "pad_lower": 0.04773654729374758, "rotation_probability": 0.8927237264178546, "crop_lower": 0.07032501645184767, "horizontal_flip": 0.07667820328131969}, "augment": true}