{"validation_error": 0.9005, "train_accuracy": 0.11540965544871795, "used_budget": 757.5282208919525, "configs": {"rotation_upper": 97, "horizontal_flip": 0.9408537763775386, "scale_lower": 0.5888379449826473, "vertical_flip": 0.04192191864683148, "scale_upper": 1.254535799916603, "rotation_lower": -151, "rotation_probability": 0.6101096203726191, "crop_lower": 0.024929016731624634, "crop_upper": 0.27445363778982607, "pad_upper": 0.2741114281091168, "pad_lower": 0.06236795513772499, "scale_probability": 0.6892724906448026, "pad_probability": 0.4342780286614327, "crop_probability": 0.700733469936636}, "train_history": {"loss": [2.2996577276633334, 2.296805054713518, 2.2942076516457095, 2.2929222079423757, 2.292377327497189, 2.291978176587667, 2.29166165070656, 2.291259976533743, 2.292045858425972, 2.2926987134493313, 2.291649708381066, 2.2906093276464023], "val_acc": [0.0999, 0.1162, 0.1012, 0.1006, 0.1001, 0.1003, 0.1028, 0.0982, 0.1003, 0.1005, 0.1003, 0.0995], "val_loss": [2.783984708023071, 2.347679979324341, 2.3452096824645996, 2.4618098609924317, 2.5596879749298096, 3.9170968921661378, 2.6152084732055663, 2.4736167415618895, 3.294860347366333, 3.0945486129760744, 5.387256161499024, 3.2199466213226318], "acc": [0.10924979967948718, 0.10892427884615384, 0.11288060897435898, 0.11268028846153846, 0.11405749198717949, 0.10882411858974358, 0.11535957532051282, 0.11493389423076923, 0.1123798076923077, 0.11160356570512821, 0.11170372596153846, 0.11540965544871795]}, "augment": true}