{"augment": true, "used_budget": 753.8875300884247, "validation_error": 0.8985, "train_accuracy": 0.11212940705128205, "train_history": {"val_loss": [3.6255267086029055, 2.687129824066162, 2.5583969097137453, 2.3443124675750733, 2.68069935798645, 2.3559822814941405, 2.5194500579833985, 4.277517079925537, 2.6147658096313475, 2.883272985839844, 2.509239167404175, 3.031198910522461], "val_acc": [0.102, 0.102, 0.1023, 0.1017, 0.102, 0.1022, 0.1021, 0.1025, 0.1055, 0.103, 0.1033, 0.1015], "acc": [0.10591947115384616, 0.10719651442307693, 0.11170372596153846, 0.10924979967948718, 0.11245492788461539, 0.11245492788461539, 0.1102764423076923, 0.11227964743589744, 0.11295572916666667, 0.11037660256410256, 0.11122796474358974, 0.11212940705128205], "loss": [2.2992846339176864, 2.2965169770595355, 2.2960680409883842, 2.2938318848609924, 2.2930847222988424, 2.2939643821655173, 2.294264466334612, 2.290817849911176, 2.2933985552726646, 2.2925290083273864, 2.2921027564085446, 2.2915949714489474]}, "configs": {"pad_probability": 0.6574644905811515, "crop_upper": 0.1818620823948678, "rotation_probability": 0.9938244090114834, "pad_lower": 0.08335996832907783, "scale_probability": 0.18101718442715786, "rotation_lower": -10, "rotation_upper": 170, "crop_lower": 0.08107023148677517, "scale_lower": 0.7295471585612934, "vertical_flip": 0.48361751440379597, "crop_probability": 0.576433959465495, "horizontal_flip": 0.9121516791465306, "pad_upper": 0.17419328155209973, "scale_upper": 1.9044633827726147}}