{"train_accuracy": 0.11235476762820513, "validation_error": 0.9002, "configs": {"scale_upper": 1.2288672132195042, "pad_probability": 0.46802688852525676, "pad_lower": 0.0385273668364802, "pad_upper": 0.10881627125371827, "rotation_upper": 126, "rotation_probability": 0.836643810303661, "crop_probability": 0.2986087550464308, "scale_lower": 0.6143748628905707, "vertical_flip": 0.25581218547469264, "crop_lower": 0.06722378679271053, "horizontal_flip": 0.029294629810038164, "rotation_lower": -41, "scale_probability": 0.5394593978644501, "crop_upper": 0.1576976981102802}, "augment": true, "train_history": {"val_loss": [2.3789048439025877, 2.3700064559936522, 2.8611009712219237, 3.7597426055908203, 2.330804035949707, 2.3884418319702148, 2.786803963851929, 2.969946646118164, 2.666949953079224, 2.596103121185303, 2.306585683822632, 2.5103859935760497], "val_acc": [0.1, 0.1004, 0.0999, 0.0999, 0.1009, 0.1001, 0.1005, 0.0999, 0.1, 0.0999, 0.0981, 0.0998], "loss": [2.298924770874855, 2.2931077900605326, 2.292314281066259, 2.291631499162087, 2.289536457031201, 2.290811920013183, 2.289699831070044, 2.2905648969686947, 2.287421158491037, 2.2888826659092536, 2.2872551870651736, 2.289112845292458], "acc": [0.10694611378205128, 0.11012620192307693, 0.1107021233974359, 0.11273036858974358, 0.11280548878205128, 0.11082732371794872, 0.1129306891025641, 0.11105268429487179, 0.1162109375, 0.1142578125, 0.11543469551282051, 0.11235476762820513]}, "used_budget": 742.5512864589691}