{"used_budget": 761.2088005542755, "train_accuracy": 0.11210436698717949, "validation_error": 0.885, "configs": {"crop_upper": 0.2635231681803847, "rotation_upper": 28, "crop_probability": 0.669695506228582, "crop_lower": 0.08533406769536278, "horizontal_flip": 0.04716006560163166, "pad_lower": 0.051767741356756984, "scale_upper": 1.6002145868118853, "rotation_lower": -46, "scale_probability": 0.7258895704614036, "vertical_flip": 0.013641062483058741, "pad_probability": 0.8895328249030421, "pad_upper": 0.12442957189904935, "scale_lower": 0.9065177041341521, "rotation_probability": 0.5877582198538942}, "train_history": {"acc": [0.10374098557692307, 0.10551883012820513, 0.11115284455128205, 0.10947516025641026, 0.10629507211538461, 0.10689603365384616, 0.11055188301282051, 0.10879907852564102, 0.10817307692307693, 0.1133563701923077, 0.1083233173076923, 0.11210436698717949], "loss": [2.299739663417523, 2.296515425810447, 2.2957862180012922, 2.2943971997652297, 2.2951969565489354, 2.2940425009299545, 2.293040389433885, 2.293280229354516, 2.293034572631885, 2.2932127599532786, 2.292515271749252, 2.2922929999155874], "val_loss": [2.318030170440674, 2.314876726913452, 2.3547746643066407, 2.543160890197754, 2.3008593353271483, 3.4422877723693848, 2.470229419708252, 2.7300053428649904, 3.1900914085388186, 2.719356165313721, 2.627912250518799, 2.6150477573394775], "val_acc": [0.1011, 0.1138, 0.104, 0.1047, 0.1074, 0.1049, 0.1056, 0.1055, 0.1052, 0.1059, 0.1071, 0.115]}, "augment": true}