{"augment": true, "configs": {"crop_upper": 0.1711786706490957, "rotation_probability": 0.2703476190263968, "pad_probability": 0.8347555392645051, "rotation_lower": -42, "horizontal_flip": 0.25520840090338515, "scale_lower": 0.7141850845634905, "crop_lower": 0.07537396325086777, "pad_lower": 0.03144193236738098, "crop_probability": 0.9504215973091907, "rotation_upper": 100, "scale_upper": 1.6140994466147482, "pad_upper": 0.12745488627470788, "scale_probability": 0.19296625848113402, "vertical_flip": 0.654832096589552}, "validation_error": 0.8972, "train_history": {"val_loss": [2.3759776405334474, 2.5054157402038575, 2.3479495014190674, 2.425818495941162, 2.460063916015625, 2.443357526397705, 2.5369626331329345, 2.5284224922180174, 2.6806606006622316, 2.6823599548339843, 3.1423534122467043, 2.549496011352539], "loss": [2.295638722486985, 2.287787451193883, 2.286199675920682, 2.2836577716546183, 2.282301812599867, 2.280040646974857, 2.27968821540857, 2.279563992451399, 2.2775275149406533, 2.278049265727019, 2.2778103412725987, 2.2771669037831135], "acc": [0.10787259615384616, 0.11866486378205128, 0.1180889423076923, 0.12194511217948718, 0.12039262820512821, 0.12349759615384616, 0.11981670673076923, 0.12392327724358974, 0.12497495993589744, 0.1259765625, 0.12552584134615385, 0.12419871794871795], "val_acc": [0.1126, 0.1021, 0.1235, 0.1067, 0.1026, 0.1027, 0.105, 0.1055, 0.1048, 0.1039, 0.1022, 0.1028]}, "train_accuracy": 0.12419871794871795, "used_budget": 740.0476176738739}