{"augment": true, "train_history": {"acc": [0.11270532852564102, 0.11951622596153846, 0.12384815705128205, 0.1231219951923077, 0.11991686698717949, 0.12289663461538461, 0.12432391826923077, 0.12307191506410256, 0.12557592147435898, 0.12454927884615384, 0.12347255608974358, 0.12349759615384616], "val_loss": [2.3119826946258546, 2.4042940757751463, 2.6861424633026125, 2.5619736030578615, 2.8961366455078124, 3.6503485877990722, 3.18127191696167, 3.260289924621582, 3.1629537841796873, 2.642928432846069, 2.768218377685547, 3.0194326026916505], "loss": [2.2946788638066025, 2.2865761037056265, 2.282887699512335, 2.2804590654678836, 2.2785896819371443, 2.2769511899886985, 2.2766919946059203, 2.2763544023036957, 2.276113354242765, 2.275045532446641, 2.2763178440240712, 2.275590037688231], "val_acc": [0.1037, 0.1018, 0.1018, 0.1023, 0.1018, 0.0957, 0.1017, 0.1018, 0.102, 0.1014, 0.1022, 0.1015]}, "train_accuracy": 0.12349759615384616, "validation_error": 0.8985, "used_budget": 734.2846581935883, "configs": {"rotation_probability": 0.3192739147367568, "crop_probability": 0.47660689596087, "pad_probability": 0.293794359713477, "crop_upper": 0.18921787675815793, "vertical_flip": 0.5992238340053341, "pad_lower": 0.07742197546307414, "rotation_upper": 158, "horizontal_flip": 0.8641899174835189, "crop_lower": 0.06328823847573221, "scale_probability": 0.48367629393463907, "pad_upper": 0.197253516434432, "scale_lower": 0.804910379978257, "scale_upper": 1.0934028365141983, "rotation_lower": -169}}