{"used_budget": 763.0631127357483, "augment": true, "train_history": {"val_acc": [0.101, 0.101, 0.101, 0.1082, 0.1026, 0.1007, 0.1013, 0.1004, 0.1009, 0.1008, 0.1006, 0.101], "loss": [2.2978907510256157, 2.2964191276293535, 2.294598733003323, 2.2935739289491606, 2.292248438566159, 2.293489104662186, 2.291981719243221, 2.2920795465127015, 2.2925853927930198, 2.290101687877606, 2.2926594080069127, 2.290970524916282], "val_loss": [2.326746696472168, 2.3241773391723632, 2.377118383026123, 2.303610996246338, 2.279275547027588, 2.3932688369750976, 2.3595923591613768, 2.5637064804077148, 2.6493927940368653, 2.5489345359802247, 2.607837591171265, 2.7003584186553957], "acc": [0.10564403044871795, 0.10980068108974358, 0.11080228365384616, 0.11075220352564102, 0.11430789262820513, 0.11323116987179487, 0.11343149038461539, 0.1143329326923077, 0.1097255608974359, 0.11112780448717949, 0.11225460737179487, 0.11137820512820513]}, "configs": {"rotation_probability": 0.9765308849042027, "crop_lower": 0.028464530589229143, "vertical_flip": 0.15439248500180613, "rotation_upper": 127, "pad_upper": 0.1988901118703278, "rotation_lower": -114, "crop_probability": 0.6628591334084057, "horizontal_flip": 0.0885462829941771, "scale_upper": 1.2018301966142502, "crop_upper": 0.15547510504682466, "pad_probability": 0.2824925683189259, "scale_lower": 0.9801105386077154, "pad_lower": 0.009331651993513245, "scale_probability": 0.4714864300089143}, "train_accuracy": 0.11137820512820513, "validation_error": 0.899}