{"validation_error": 0.9056, "augment": true, "train_history": {"val_acc": [0.105, 0.0954, 0.101, 0.0959, 0.0976, 0.0962, 0.0956, 0.0983, 0.0959, 0.0965, 0.0943, 0.0944], "val_loss": [2.309264244842529, 2.6560456890106203, 2.340494255065918, 2.4329503105163575, 2.667906534576416, 2.9901315399169923, 2.9913364486694336, 2.7871856689453125, 3.59146471862793, 2.7340148792266845, 2.641177536392212, 2.784557089996338], "acc": [0.10927483974358974, 0.10792267628205128, 0.11242988782051282, 0.11185396634615384, 0.11205428685897435, 0.11946614583333333, 0.11220452724358974, 0.111328125, 0.11801382211538461, 0.11673677884615384, 0.11768830128205128, 0.11633613782051282], "loss": [2.2968240907559028, 2.2926288071351175, 2.2902951821302757, 2.289656882866835, 2.288131213341004, 2.2882006749128685, 2.2877786457538605, 2.287531702946394, 2.285915576494657, 2.2850091610199366, 2.285747703833458, 2.2855920990308127]}, "train_accuracy": 0.11633613782051282, "used_budget": 686.3336617946625, "configs": {"pad_probability": 0.016982590664603947, "scale_probability": 0.9552576298427725, "pad_lower": 0.021004521213583406, "rotation_probability": 0.5651391116311792, "rotation_upper": 86, "horizontal_flip": 0.015466607128978294, "crop_lower": 0.025486653003708528, "scale_upper": 1.0105801757325863, "scale_lower": 0.5916434463691405, "pad_upper": 0.1856865704470096, "crop_probability": 0.2631904808575798, "rotation_lower": -39, "crop_upper": 0.12142306632721506, "vertical_flip": 0.6148615194060072}}