{"augment": true, "train_history": {"loss": [2.2935616366374187, 2.287486027448605, 2.2848150027103915, 2.282171289126078, 2.2809108740244155, 2.278870021685576, 2.279975433380176, 2.277818727187621, 2.279572354677396, 2.2783037233046994, 2.2788043939150295, 2.275750150283178], "val_loss": [2.31443282623291, 2.3240927551269532, 2.3948684925079347, 2.618336141586304, 2.4103670768737793, 2.5397353542327883, 2.5346375816345215, 2.4649191020965575, 2.650935520172119, 2.3932183113098144, 2.9559585212707518, 2.556020803833008], "val_acc": [0.1046, 0.0982, 0.1001, 0.0999, 0.1035, 0.1001, 0.1002, 0.1027, 0.1003, 0.1027, 0.1002, 0.1008], "acc": [0.11100260416666667, 0.11701221955128205, 0.11831430288461539, 0.11661157852564102, 0.11886518429487179, 0.12071814903846154, 0.119140625, 0.12227063301282051, 0.11894030448717949, 0.1233974358974359, 0.12111879006410256, 0.12379807692307693]}, "configs": {"rotation_lower": -110, "rotation_upper": 6, "pad_probability": 0.9416612231103962, "pad_upper": 0.2030276771634903, "crop_upper": 0.17689280841828678, "pad_lower": 0.018339245119999948, "horizontal_flip": 0.34613988707441634, "vertical_flip": 0.7313515374717668, "crop_probability": 0.7167371093472866, "scale_upper": 1.0144034000231836, "crop_lower": 0.049800946191449195, "rotation_probability": 0.013844888576314829, "scale_lower": 0.9454652915338333, "scale_probability": 0.6296321853972968}, "train_accuracy": 0.12379807692307693, "validation_error": 0.8992, "used_budget": 667.8424782752991}