{"augment": true, "used_budget": 652.5061304569244, "validation_error": 0.8775, "train_history": {"loss": [2.2858220155422506, 2.2740950997059164, 2.263986657063166, 2.2666939802658863, 2.2601330876350403, 2.259392411280901, 2.259296477605135, 2.2562705393020925, 2.251328563078856, 2.2493696082860994, 2.2498663381124153, 2.2496498303535657], "acc": [0.12234575320512821, 0.12933193108974358, 0.13286258012820512, 0.12955729166666666, 0.13521634615384615, 0.13576722756410256, 0.1355418669871795, 0.13649338942307693, 0.13904747596153846, 0.14155148237179488, 0.13974859775641027, 0.14080028044871795], "val_loss": [2.3334891059875487, 2.6595069206237794, 2.5334475044250486, 2.3536744903564455, 3.0128354736328125, 2.6720198978424072, 2.7721997020721436, 3.3841119750976563, 2.628740399169922, 2.634729228973389, 2.7704166458129884, 2.4046619720458984], "val_acc": [0.1115, 0.105, 0.1053, 0.1056, 0.1048, 0.1072, 0.105, 0.1036, 0.1156, 0.1234, 0.1051, 0.1225]}, "configs": {"scale_probability": 0.126783974140516, "crop_upper": 0.15234182423389517, "horizontal_flip": 0.5984983654168984, "pad_probability": 0.3196705223865379, "rotation_probability": 0.3809406934166252, "crop_lower": 0.06270484426872523, "pad_lower": 0.07871007702322191, "scale_lower": 0.530605482154349, "crop_probability": 0.05582949704551721, "scale_upper": 1.1058228162280606, "rotation_lower": -41, "rotation_upper": 50, "pad_upper": 0.13429197958627562, "vertical_flip": 0.6990256328016805}, "train_accuracy": 0.14080028044871795}