{"augment": true, "train_history": {"loss": [2.2931438990128346, 2.2895645392246737, 2.288378574909308, 2.2870766321818032, 2.2868959047855477, 2.288304309814404, 2.287122381803317, 2.2860462161210866, 2.2856358327926736, 2.284660646548638, 2.28470455453946, 2.2832875763758635], "val_acc": [0.101, 0.1006, 0.1007, 0.1011, 0.1008, 0.1029, 0.101, 0.1007, 0.1027, 0.1011, 0.1037, 0.1245], "val_loss": [2.3086835121154787, 2.5465011795043946, 2.392876301574707, 2.5395366371154786, 2.7106141258239744, 2.4949402008056643, 2.660473823928833, 3.168060669708252, 2.5726612770080566, 3.3477455833435057, 2.657997745513916, 2.67915124130249], "acc": [0.1103515625, 0.11340645032051282, 0.11323116987179487, 0.1141826923076923, 0.11445813301282051, 0.11318108974358974, 0.11235476762820513, 0.11217948717948718, 0.11192908653846154, 0.11778846153846154, 0.11533453525641026, 0.11746294070512821]}, "train_accuracy": 0.11746294070512821, "used_budget": 688.1440675258636, "configs": {"crop_upper": 0.27107089852588107, "pad_lower": 0.02133240324570923, "pad_upper": 0.25711485038055726, "rotation_probability": 0.29314688446705073, "rotation_upper": 138, "scale_probability": 0.9427337740473444, "rotation_lower": -40, "scale_upper": 1.2355834379768944, "pad_probability": 0.8003116906888768, "vertical_flip": 0.9521771201907302, "scale_lower": 0.6270276169116957, "crop_probability": 0.007191493323765896, "crop_lower": 0.08425841949061946, "horizontal_flip": 0.1886059288047398}, "validation_error": 0.8755}