{"augment": true, "configs": {"vertical_flip": 0.20961541276775586, "horizontal_flip": 0.39423614786145755, "scale_probability": 0.23009929280275399, "crop_lower": 0.011445789189668244, "rotation_probability": 0.3275536013044046, "scale_lower": 0.8420843063864025, "crop_upper": 0.14617499332819534, "pad_probability": 0.25251928988048455, "crop_probability": 0.3125478990360815, "pad_upper": 0.18764004577304816, "rotation_upper": 59, "scale_upper": 1.3212221686023435, "rotation_lower": -57, "pad_lower": 0.05105744423824339}, "train_accuracy": 0.13696915064102563, "train_history": {"loss": [2.2876867827696676, 2.275879144668579, 2.2717837477341676, 2.2686726412711997, 2.263822690798686, 2.261210153500239, 2.2639085062039204, 2.2627986936997146, 2.2598705543921542, 2.2599332470160265, 2.256544875792968, 2.2567458489002328], "acc": [0.1233974358974359, 0.12860576923076922, 0.12978265224358973, 0.13238681891025642, 0.13293770032051283, 0.1334385016025641, 0.1336388221153846, 0.13649338942307693, 0.1330879407051282, 0.13759515224358973, 0.1372195512820513, 0.13696915064102563], "val_acc": [0.1006, 0.099, 0.0988, 0.1001, 0.095, 0.1121, 0.1087, 0.1058, 0.1148, 0.1145, 0.1144, 0.107], "val_loss": [2.332632997894287, 2.622454874420166, 2.523067021179199, 2.8563627677917482, 3.0117872024536134, 2.3984636451721193, 2.569711604309082, 2.4151327919006347, 2.922050455093384, 2.574652667236328, 2.657174965286255, 2.5829085845947266]}, "used_budget": 667.8106653690338, "validation_error": 0.893}