{"train_history": {"val_acc": [0.0987, 0.0985, 0.0985, 0.1012, 0.0998, 0.1002, 0.0985, 0.1009, 0.0992, 0.0986, 0.0997, 0.0994], "acc": [0.10699619391025642, 0.10752203525641026, 0.11333133012820513, 0.10924979967948718, 0.11165364583333333, 0.11210436698717949, 0.1119541266025641, 0.11355669070512821, 0.1139072516025641, 0.11450821314102565, 0.11338141025641026, 0.11358173076923077], "loss": [2.2987184532177753, 2.296140105296404, 2.2951014997103276, 2.2945178762460365, 2.2926564751527247, 2.2924226285555425, 2.2920280404579945, 2.291830056752914, 2.2909610890425167, 2.2900467125269084, 2.2905015968359432, 2.291568329701057], "val_loss": [2.35590609664917, 2.359574811553955, 2.575714987182617, 2.302275552749634, 2.345681940460205, 2.35303306350708, 2.8201860027313232, 2.387536275100708, 3.396462004852295, 3.2111869857788085, 2.682151131439209, 3.1485966690063476]}, "validation_error": 0.9006, "configs": {"crop_lower": 0.012102343065142485, "rotation_probability": 0.9628509271147552, "horizontal_flip": 0.3449107384493756, "scale_probability": 0.4976375420540957, "rotation_lower": -154, "pad_lower": 0.007167235772641445, "vertical_flip": 0.08824272397155475, "pad_upper": 0.11210539799988746, "scale_lower": 0.864586379598889, "rotation_upper": 134, "scale_upper": 1.6977558001798185, "pad_probability": 0.6091485445141267, "crop_upper": 0.2905173746861456, "crop_probability": 0.00817279113631153}, "augment": true, "train_accuracy": 0.11358173076923077, "used_budget": 750.0767917633057}