{"train_history": {"loss": [2.295958651181979, 2.290347918485984, 2.288224309682846, 2.285081921479641, 2.286522234097505, 2.2843906031205106, 2.2829586359170766, 2.2830713857442904, 2.282639121397948, 2.282669078081082, 2.2814445533813577, 2.2807956551894164], "val_loss": [2.3445701148986817, 2.599092509460449, 2.666012919616699, 2.530077296447754, 2.680352017211914, 2.538919732666016, 2.916552465057373, 3.006988987731934, 2.8462042541503907, 3.3971493217468263, 2.8591748092651366, 2.8895472396850588], "acc": [0.10927483974358974, 0.11338141025641026, 0.11676181891025642, 0.12091846955128205, 0.11693709935897435, 0.11828926282051282, 0.1200420673076923, 0.11681189903846154, 0.11648637820512821, 0.11833934294871795, 0.1187900641025641, 0.1201171875], "val_acc": [0.0996, 0.098, 0.0995, 0.1001, 0.0997, 0.096, 0.1051, 0.0934, 0.0992, 0.0973, 0.0971, 0.0963]}, "train_accuracy": 0.1201171875, "validation_error": 0.9037, "used_budget": 741.7769095897675, "configs": {"horizontal_flip": 0.2293046404768253, "crop_lower": 0.09534627743967364, "crop_probability": 0.6699321647299712, "rotation_upper": 122, "pad_lower": 0.05980754667371955, "crop_upper": 0.16819988054175375, "scale_upper": 1.3212832429085521, "scale_lower": 0.8275610305201913, "rotation_probability": 0.1681144851646803, "vertical_flip": 0.25617519158929425, "pad_probability": 0.4011304563645981, "pad_upper": 0.12377886345196454, "scale_probability": 0.6895208988799586, "rotation_lower": -145}, "augment": true}