{"train_history": {"loss": [2.2919354820862794, 2.2838960106556234, 2.279514205761445, 2.279601459319775, 2.2754104764033585, 2.2770559023588133, 2.2732073221451197, 2.274155664902467, 2.2737409457182274, 2.2736485577546635, 2.273475021888048, 2.2731720339029264], "val_acc": [0.0955, 0.1016, 0.1023, 0.1022, 0.102, 0.11, 0.1021, 0.1022, 0.1024, 0.1025, 0.1033, 0.0994], "val_loss": [2.419603086090088, 2.3725483543395995, 2.536145539474487, 2.4305743328094485, 2.4112498756408693, 2.336905607223511, 2.746325915527344, 2.457545275878906, 2.7025746627807616, 2.9029441604614257, 2.759748140335083, 2.9668501930236815], "acc": [0.11633613782051282, 0.12189503205128205, 0.12204527243589744, 0.12457431891025642, 0.1271534455128205, 0.12489983974358974, 0.12327223557692307, 0.12404847756410256, 0.1284304887820513, 0.12555088141025642, 0.12945713141025642, 0.12750400641025642]}, "augment": true, "used_budget": 732.4496257305145, "configs": {"rotation_upper": 146, "vertical_flip": 0.6710242599131935, "scale_probability": 0.2883133517067925, "crop_lower": 0.04349254331971696, "scale_lower": 0.5776566310945883, "pad_upper": 0.19731806321698117, "scale_upper": 1.618484564109111, "rotation_lower": -12, "crop_probability": 0.6535045547114955, "rotation_probability": 0.16800023299510924, "pad_probability": 0.6193496973844383, "pad_lower": 0.008944238209779732, "horizontal_flip": 0.29093646475838264, "crop_upper": 0.20754146326855435}, "validation_error": 0.9006, "train_accuracy": 0.12750400641025642}