{"train_history": {"loss": [2.295333363306828, 2.288812415722089, 2.2880360254874597, 2.2851904936325855, 2.284667568329053, 2.2833166198852735, 2.2840029268692703, 2.2838944517649136, 2.2838253738024297, 2.2818789971180453, 2.281209876139959, 2.2825051706570845], "val_acc": [0.0979, 0.0982, 0.0983, 0.098, 0.097, 0.0975, 0.0978, 0.098, 0.0984, 0.0979, 0.0937, 0.0966], "val_loss": [2.6406195137023927, 2.6631184658050535, 2.9030382610321044, 3.448633598327637, 3.8697201927185056, 3.1235093154907227, 3.2597527904510497, 2.8063628299713135, 2.6792411895751953, 2.955499821472168, 2.929908116912842, 3.1298130561828614], "acc": [0.10887419871794872, 0.1129306891025641, 0.1153094951923077, 0.11698717948717949, 0.11778846153846154, 0.11884014423076923, 0.1171875, 0.11776342147435898, 0.11773838141025642, 0.11871494391025642, 0.11894030448717949, 0.11706229967948718]}, "configs": {"pad_probability": 0.17927873198586763, "rotation_upper": 22, "scale_probability": 0.8802553243301692, "vertical_flip": 0.6348506910334666, "crop_probability": 0.9716682618424648, "rotation_probability": 0.05822892655980039, "horizontal_flip": 0.6441849824316701, "scale_upper": 1.1399577724068761, "crop_lower": 0.011519126804465984, "scale_lower": 0.6174786568449442, "rotation_lower": -158, "pad_upper": 0.22332230245576323, "pad_lower": 0.041163598728628875, "crop_upper": 0.12513755907212493}, "augment": true, "used_budget": 760.4584438800812, "validation_error": 0.9034, "train_accuracy": 0.11706229967948718}