{"train_history": {"loss": [2.296225287975409, 2.2888300854426165, 2.2863958332783136, 2.283428838619819, 2.28123053526267, 2.2817802864771624, 2.2805128349707675, 2.281409448538071, 2.2820722193290024, 2.280169495405295, 2.2775209087591906, 2.277408012212851], "acc": [0.11185396634615384, 0.11926582532051282, 0.11713741987179487, 0.11828926282051282, 0.12066806891025642, 0.11848958333333333, 0.12222055288461539, 0.11971654647435898, 0.1197666266025641, 0.11994190705128205, 0.12287159455128205, 0.12277143429487179], "val_acc": [0.1007, 0.1005, 0.1003, 0.1007, 0.1005, 0.1007, 0.1006, 0.1005, 0.1003, 0.1006, 0.0979, 0.1009], "val_loss": [2.4107757820129394, 2.806754495239258, 2.5330924392700194, 2.9520969825744627, 2.743042056274414, 3.593308207702637, 2.7426795944213866, 2.999150503540039, 2.797659814834595, 3.6936484489440917, 3.232383620071411, 2.60442272605896]}, "train_accuracy": 0.12277143429487179, "configs": {"rotation_probability": 0.2963616350063285, "rotation_upper": 32, "crop_probability": 0.19789268548479322, "rotation_lower": -174, "pad_upper": 0.18069238220074624, "pad_lower": 0.09465648333676357, "horizontal_flip": 0.7953361482572976, "scale_probability": 0.4488259811548342, "scale_lower": 0.8638829440979726, "pad_probability": 0.9772056257031589, "scale_upper": 1.89943942489466, "crop_lower": 0.04783679333737088, "crop_upper": 0.16319097869306712, "vertical_flip": 0.5280256206605947}, "used_budget": 805.1171078681946, "augment": true, "validation_error": 0.8991}