{"train_accuracy": 0.1123046875, "train_history": {"acc": [0.10424178685897435, 0.10699619391025642, 0.10975060096153846, 0.10809795673076923, 0.10957532051282051, 0.11110276442307693, 0.11025140224358974, 0.10712139423076923, 0.10727163461538461, 0.10967548076923077, 0.10584435096153846, 0.1123046875], "val_loss": [2.3869144412994383, 2.6732365493774415, 2.8407674770355227, 2.4590658557891847, 3.560889213180542, 2.801904345703125, 2.5566084213256834, 2.993064468383789, 2.5865930561065675, 2.4405505096435545, 3.0781259185791017, 2.78493903427124], "loss": [2.2999296371753397, 2.2974704802036285, 2.296001658225671, 2.2951067166450696, 2.295528536423659, 2.2937857852532315, 2.2947542682672157, 2.2940708070229263, 2.2943044029749355, 2.2922610273728004, 2.2926763960948358, 2.29094084027486], "val_acc": [0.0986, 0.0973, 0.0975, 0.1041, 0.0972, 0.0979, 0.1039, 0.0988, 0.1004, 0.1044, 0.1042, 0.0974]}, "validation_error": 0.9026, "used_budget": 738.8159358501434, "augment": true, "configs": {"crop_probability": 0.9490258151621617, "crop_lower": 0.05431486122526855, "scale_lower": 0.7698395320586995, "horizontal_flip": 0.9636699571645679, "pad_lower": 0.056493914098231235, "rotation_upper": 20, "pad_probability": 0.0069170425617886, "pad_upper": 0.21768406280163022, "crop_upper": 0.29795324556602965, "scale_probability": 0.6342574026892325, "vertical_flip": 0.1522455244683032, "rotation_probability": 0.47358051691853664, "scale_upper": 1.8849629616320378, "rotation_lower": -59}}