{"configs": {"pad_upper": 0.16066122497450894, "scale_upper": 1.0917127336274839, "crop_upper": 0.2909926825025665, "rotation_lower": -14, "crop_lower": 0.09874745067359617, "pad_lower": 0.04793439704756465, "scale_probability": 0.9230656545044902, "horizontal_flip": 0.053852657254106484, "pad_probability": 0.3788528759308112, "rotation_probability": 0.05841282655719593, "scale_lower": 0.6860314192162661, "rotation_upper": 71, "vertical_flip": 0.0246659228499444, "crop_probability": 0.2109958677314162}, "validation_error": 0.8996999999999999, "used_budget": 737.9336757659912, "train_history": {"acc": [0.11010116185897435, 0.11405749198717949, 0.11676181891025642, 0.11653645833333333, 0.12051782852564102, 0.12014222756410256, 0.12034254807692307, 0.12349759615384616, 0.11871494391025642, 0.11986678685897435, 0.12489983974358974, 0.12081830929487179], "loss": [2.294402371614407, 2.2860645223886538, 2.2834141636506105, 2.281635228639994, 2.279616335263619, 2.2786144346762924, 2.2766767877798815, 2.275589944460453, 2.273744762707979, 2.2748291339629736, 2.2748656326379533, 2.2735562110558534], "val_acc": [0.0996, 0.0997, 0.0995, 0.0996, 0.0996, 0.0963, 0.099, 0.1023, 0.1007, 0.1002, 0.1038, 0.1003], "val_loss": [2.3499465644836426, 2.827232247543335, 2.377355700683594, 2.477495600128174, 2.4293760192871092, 2.612820470428467, 3.8040063972473144, 2.560791342544556, 3.0945431064605713, 3.4411472328186035, 2.6633967514038086, 3.302088691711426]}, "train_accuracy": 0.12081830929487179, "augment": true}