{"augment": true, "used_budget": 666.1420493125916, "train_accuracy": 0.13942307692307693, "validation_error": 0.8876, "configs": {"horizontal_flip": 0.937950106133039, "pad_lower": 0.014245022450683698, "crop_upper": 0.11115249300838832, "scale_lower": 0.9455635730859182, "scale_upper": 1.3436113131314538, "crop_probability": 0.3398823396749565, "pad_probability": 0.3583635567001343, "rotation_upper": 83, "crop_lower": 0.05442074893009257, "rotation_probability": 0.37225851292975565, "rotation_lower": -79, "vertical_flip": 0.736838922014287, "scale_probability": 0.07513989255351972, "pad_upper": 0.10483906118073241}, "train_history": {"acc": [0.11693709935897435, 0.13286258012820512, 0.13063401442307693, 0.13258713942307693, 0.13774539262820512, 0.13794571314102563, 0.1379707532051282, 0.13877203525641027, 0.1394481169871795, 0.13874699519230768, 0.14130108173076922, 0.13942307692307693], "loss": [2.2860954931149116, 2.271046983125882, 2.266474364659725, 2.2647208120578375, 2.2602112805232024, 2.2572041910428267, 2.2576570075291853, 2.2556983201931686, 2.252844744767898, 2.251399067732004, 2.247122415365317, 2.2489159290607157], "val_acc": [0.1017, 0.1036, 0.1015, 0.102, 0.1023, 0.1036, 0.1103, 0.0901, 0.0989, 0.099, 0.1058, 0.1124], "val_loss": [2.6855999382019045, 2.8613507049560547, 2.8424400131225585, 2.6457781883239746, 2.7770672748565675, 2.852306383895874, 2.7950265243530272, 2.6983975700378418, 2.581210578536987, 3.2123435455322267, 2.703423501586914, 2.76856990814209]}}