{"train_accuracy": 0.11956630608974358, "validation_error": 0.9016, "augment": true, "used_budget": 743.6269538402557, "train_history": {"val_acc": [0.0977, 0.0976, 0.0976, 0.0976, 0.0976, 0.0976, 0.0992, 0.0978, 0.0979, 0.0977, 0.1056, 0.0984], "loss": [2.2964528455184055, 2.2920912381930227, 2.291129712110911, 2.288380591533123, 2.2888636596691914, 2.2883538603782654, 2.286008594891964, 2.286392602400902, 2.286999706274424, 2.285380410078244, 2.2836694442308865, 2.285003566589111], "val_loss": [2.34395345993042, 3.133285152053833, 2.6831921039581297, 3.1861464767456056, 2.5942866760253906, 3.291069004058838, 2.4285669185638428, 2.6563497161865235, 2.548724287414551, 2.778039670562744, 2.7240946891784668, 2.7725687145233153], "acc": [0.10797275641025642, 0.11398237179487179, 0.11540965544871795, 0.11543469551282051, 0.11763822115384616, 0.11751302083333333, 0.11668669871794872, 0.11954126602564102, 0.1151592548076923, 0.11591045673076923, 0.11686197916666667, 0.11956630608974358]}, "configs": {"pad_upper": 0.16632964363023847, "rotation_lower": -126, "pad_lower": 0.07175665165376388, "scale_lower": 0.8791852586553097, "crop_upper": 0.2566732722764323, "crop_lower": 0.007725090654769529, "scale_probability": 0.25719784163612225, "pad_probability": 0.43069381214990987, "rotation_probability": 0.6999149492482677, "rotation_upper": 180, "crop_probability": 0.6875243126081748, "horizontal_flip": 0.5660968700961253, "vertical_flip": 0.9600664062419186, "scale_upper": 1.1201260311459391}}