{"used_budget": 691.8168017864227, "configs": {"pad_probability": 0.2419350187533319, "scale_probability": 0.8542561086586922, "scale_lower": 0.8276408318699798, "horizontal_flip": 0.5454004586083775, "scale_upper": 1.8784997888017547, "rotation_probability": 0.9073456808838252, "crop_upper": 0.2925264639477043, "pad_upper": 0.1909382911208553, "crop_probability": 0.7114850117399729, "pad_lower": 0.04491714327872518, "rotation_lower": -174, "crop_lower": 0.011348016882622415, "rotation_upper": 36, "vertical_flip": 0.3318265730490486}, "validation_error": 0.8998, "train_accuracy": 0.10534354967948718, "train_history": {"acc": [0.10088641826923077, 0.10544370993589744, 0.10546875, 0.10379106570512821, 0.10429186698717949, 0.10717147435897435, 0.10431690705128205, 0.10514322916666667, 0.10476762820512821, 0.10504306891025642, 0.10521834935897435, 0.10534354967948718], "val_loss": [2.3014319732666015, 2.728767695236206, 2.3530238414764404, 2.3443418495178223, 2.366981588745117, 3.1799696067810057, 3.080497121429443, 2.3553764598846434, 2.681860059738159, 3.3444429580688477, 2.8436474975585937, 2.5137458686828613], "val_acc": [0.1178, 0.1028, 0.1029, 0.1057, 0.1028, 0.1028, 0.1028, 0.1033, 0.1102, 0.1028, 0.096, 0.1002], "loss": [2.3017302934940043, 2.3007383163158712, 2.3005046263719215, 2.2997515193926983, 2.300598379893181, 2.298758403613017, 2.2987267680657215, 2.2989983703845587, 2.29879899819692, 2.298418190998909, 2.2984799490525174, 2.2986802657445273]}, "augment": true}