{"validation_error": 0.889, "augment": true, "train_history": {"loss": [2.2870605496259837, 2.2730706326472454, 2.2679394835080857, 2.2666904559502234, 2.262480927583499, 2.2614197440636463, 2.262410051547564, 2.258038946451285, 2.2547122064309244, 2.2548531951048436, 2.2525137685812435, 2.252800104709772], "acc": [0.12397335737179487, 0.12950721153846154, 0.1307091346153846, 0.13268729967948717, 0.13586738782051283, 0.1331630608974359, 0.1305839342948718, 0.1335136217948718, 0.13544170673076922, 0.13674379006410256, 0.14059995993589744, 0.13649338942307693], "val_acc": [0.0991, 0.0994, 0.099, 0.0992, 0.0992, 0.1267, 0.1006, 0.0996, 0.1022, 0.1014, 0.1096, 0.111], "val_loss": [2.389415634536743, 2.4350491943359374, 2.492543395614624, 2.873117154312134, 2.8935993881225586, 2.2939909912109373, 2.5958319007873536, 2.8973841621398924, 2.820093828964233, 2.530142679595947, 2.350845310974121, 2.4532303646087645]}, "configs": {"scale_upper": 1.76784660087799, "rotation_lower": -62, "pad_probability": 0.6610743839148808, "vertical_flip": 0.1612898601431545, "crop_lower": 0.0864148625765099, "rotation_probability": 0.40859093977657035, "crop_probability": 0.04325146843768968, "crop_upper": 0.10320178761539323, "pad_upper": 0.1473190032887764, "rotation_upper": 179, "scale_probability": 0.04160303728729897, "pad_lower": 0.0716856854837548, "horizontal_flip": 0.8774035249975872, "scale_lower": 0.5674054153575046}, "train_accuracy": 0.13649338942307693, "used_budget": 732.7129843235016}