{"train_accuracy": 0.11498397435897435, "augment": true, "train_history": {"loss": [2.2991722035102353, 2.296395407273219, 2.2931572244717526, 2.29319688754204, 2.2931489814550448, 2.2922415954944415, 2.2922704876997533, 2.292958092231017, 2.2912714809943466, 2.2911294133235245, 2.290106320992494, 2.2912863149092746], "val_acc": [0.098, 0.0986, 0.0986, 0.0986, 0.0985, 0.0983, 0.0982, 0.0904, 0.095, 0.1008, 0.1001, 0.0908], "val_loss": [2.3655912368774414, 2.779101779937744, 2.377758699798584, 2.7043547107696533, 2.628217992782593, 3.3835820007324218, 3.123199227142334, 3.1352109298706057, 3.849847403717041, 3.3767763397216797, 3.262447617340088, 2.563518894958496], "acc": [0.1073467548076923, 0.10922475961538461, 0.11438301282051282, 0.11135316506410256, 0.11270532852564102, 0.111328125, 0.11215444711538461, 0.11117788461538461, 0.1133563701923077, 0.11360677083333333, 0.11187900641025642, 0.11498397435897435]}, "configs": {"scale_upper": 1.7450339633573022, "rotation_upper": 40, "pad_upper": 0.2145941350822743, "scale_lower": 0.5997575405319331, "horizontal_flip": 0.4673770900025579, "scale_probability": 0.2193604273637757, "vertical_flip": 0.9816240908143027, "crop_upper": 0.1910787382623582, "crop_probability": 0.4885657493330977, "crop_lower": 0.07006095977222326, "rotation_lower": -160, "pad_lower": 0.01080770163792002, "pad_probability": 0.34065053662083455, "rotation_probability": 0.9681916183398034}, "validation_error": 0.9092, "used_budget": 695.2689855098724}