{"augment": true, "used_budget": 696.191942691803, "train_history": {"val_acc": [0.1073, 0.1007, 0.1003, 0.1004, 0.1011, 0.1005, 0.1004, 0.1, 0.1003, 0.1, 0.1, 0.103], "acc": [0.11468349358974358, 0.11783854166666667, 0.12081830929487179, 0.12237079326923077, 0.12277143429487179, 0.1226963141025641, 0.12417367788461539, 0.12389823717948718, 0.1240234375, 0.12525040064102563, 0.12682792467948717, 0.12294671474358974], "val_loss": [2.289069421386719, 2.8652366897583006, 2.4007684226989747, 3.7270584854125977, 3.086256362915039, 2.5442737552642822, 3.040375337982178, 3.0154949909210207, 2.8049279525756834, 3.243268500518799, 2.850494242095947, 2.524609036254883], "loss": [2.294516772795946, 2.288509420859508, 2.283609982484426, 2.280402559500474, 2.280766024039342, 2.2813677925329943, 2.2755860655735702, 2.277471738748061, 2.2784315989567685, 2.2753694294354854, 2.2746633482285037, 2.2741043789264483]}, "configs": {"horizontal_flip": 0.16904455469870105, "rotation_probability": 0.6129425107320863, "pad_probability": 0.2596434709487122, "rotation_upper": 15, "scale_probability": 0.3255607655261096, "crop_lower": 0.04293332969020202, "rotation_lower": -162, "scale_lower": 0.5674085097858694, "pad_upper": 0.16200023644797146, "scale_upper": 1.4935231904484327, "crop_probability": 0.020012163403940075, "pad_lower": 0.047203154495315515, "crop_upper": 0.11413411375342147, "vertical_flip": 0.6639298545341343}, "train_accuracy": 0.12294671474358974, "validation_error": 0.897}