{"validation_error": 0.8993, "augment": true, "configs": {"rotation_upper": 99, "pad_upper": 0.12310108662365954, "rotation_lower": -172, "pad_probability": 0.058656503500774115, "scale_upper": 1.071374864252515, "scale_lower": 0.7854145928528906, "crop_lower": 0.06055987688428695, "horizontal_flip": 0.7830436322161852, "crop_probability": 0.7348549295026597, "rotation_probability": 0.061670140208687885, "scale_probability": 0.44553262041677755, "pad_lower": 0.07051575668457466, "vertical_flip": 0.6518458382508404, "crop_upper": 0.11329609945315028}, "train_accuracy": 0.13604266826923078, "train_history": {"acc": [0.11929086538461539, 0.12787960737179488, 0.13010817307692307, 0.12998297275641027, 0.1345653044871795, 0.13291266025641027, 0.13075921474358973, 0.1323367387820513, 0.13361378205128205, 0.13446514423076922, 0.13519130608974358, 0.13604266826923078], "val_loss": [2.2864038757324217, 2.462284599685669, 2.4688361686706544, 2.689110972595215, 4.141322424316407, 2.6075959484100344, 2.6987197311401365, 2.8400587844848633, 2.774142807006836, 2.5708577667236328, 2.864161751174927, 2.848173770904541], "val_acc": [0.1103, 0.099, 0.0989, 0.0986, 0.0985, 0.0919, 0.0999, 0.0996, 0.1008, 0.1014, 0.1064, 0.1007], "loss": [2.2868473751422687, 2.2784700240844336, 2.271830365443841, 2.2707917461028466, 2.2653381045048055, 2.2641049241408324, 2.264347018339695, 2.2637754510610533, 2.261882644433242, 2.261401721300223, 2.259703759199534, 2.2577616480680613]}, "used_budget": 737.1370685100555}