{"validation_error": 0.9027000000000001, "augment": true, "train_accuracy": 0.10822315705128205, "train_history": {"val_acc": [0.0986, 0.093, 0.0974, 0.0985, 0.0933, 0.1016, 0.0957, 0.0965, 0.0969, 0.1034, 0.0933, 0.0973], "loss": [2.299808924778914, 2.2985964088867874, 2.2963497829742923, 2.295813879141441, 2.2950967091780443, 2.2960085524962497, 2.2948667185428815, 2.2938184218528943, 2.293750673532486, 2.2941504082618613, 2.293442909534161, 2.2932584369793916], "val_loss": [2.3511389167785643, 3.1413935119628906, 3.061915997314453, 2.8056472671508788, 3.116149420166016, 2.9839143333435056, 3.5212646514892576, 3.0223473945617676, 2.748100690460205, 3.055439208984375, 2.9670500534057616, 2.68090809135437], "acc": [0.10321514423076923, 0.10556891025641026, 0.10704627403846154, 0.10857371794871795, 0.10892427884615384, 0.10709635416666667, 0.10802283653846154, 0.111328125, 0.10977564102564102, 0.11155348557692307, 0.11052684294871795, 0.10822315705128205]}, "configs": {"crop_lower": 0.06995452652291294, "scale_upper": 1.8621711689103795, "crop_upper": 0.2903710793627715, "rotation_lower": -104, "pad_upper": 0.2518536046202382, "scale_lower": 0.9175555507372479, "rotation_upper": 173, "crop_probability": 0.9235343894983099, "rotation_probability": 0.09033390023461108, "pad_probability": 0.517949427417814, "pad_lower": 0.0625251545661713, "scale_probability": 0.8048174879054478, "vertical_flip": 0.887230910521898, "horizontal_flip": 0.19462530867039307}, "used_budget": 666.575204372406}