{"configs": {"pad_upper": 0.20703104792116475, "vertical_flip": 0.4175974817627397, "crop_upper": 0.15363532159410045, "crop_lower": 0.03505513690123633, "horizontal_flip": 0.7320846318260902, "pad_lower": 0.08293674885067742, "pad_probability": 0.7401397686545557, "scale_upper": 1.5848682384281916, "crop_probability": 0.6328508120617246, "scale_probability": 0.6871901295036151, "scale_lower": 0.7133025685838842, "rotation_upper": 59, "rotation_probability": 0.9526974568701222, "rotation_lower": -54}, "augment": true, "train_accuracy": 0.10809795673076923, "used_budget": 818.6111035346985, "validation_error": 0.9005, "train_history": {"val_acc": [0.1097, 0.0982, 0.0982, 0.0983, 0.0997, 0.098, 0.1044, 0.1007, 0.0981, 0.0987, 0.0985, 0.0995], "loss": [2.299051181628154, 2.2978140948674617, 2.2969708908826876, 2.2968868131820974, 2.2958938892071066, 2.2962844792084818, 2.2963481018176446, 2.2960278537028875, 2.2947021142030373, 2.2951719684478564, 2.2961805837276654, 2.295131112520511], "val_loss": [2.2945599617004393, 2.3130485927581788, 2.3418027069091796, 2.7511962493896482, 3.092940140533447, 3.551966458892822, 2.4974585945129393, 2.741984101486206, 2.812402544784546, 2.541561220550537, 2.6184026992797853, 3.3296902130126953], "acc": [0.10469250801282051, 0.10782251602564102, 0.10722155448717949, 0.10817307692307693, 0.10737179487179487, 0.11007612179487179, 0.1073467548076923, 0.10987580128205128, 0.10892427884615384, 0.10677083333333333, 0.10737179487179487, 0.10809795673076923]}}