{"used_budget": 687.344363451004, "train_accuracy": 0.10907451923076923, "validation_error": 0.9035, "train_history": {"val_acc": [0.0972, 0.0974, 0.0972, 0.0971, 0.0967, 0.097, 0.0966, 0.0968, 0.078, 0.0968, 0.0967, 0.0965], "acc": [0.1058193108974359, 0.10564403044871795, 0.11047676282051282, 0.11358173076923077, 0.1139072516025641, 0.11505909455128205, 0.11611077724358974, 0.11513421474358974, 0.11606069711538461, 0.11555989583333333, 0.11513421474358974, 0.10907451923076923], "val_loss": [2.8373218448638915, 2.42342734375, 3.1112068202972414, 2.588872640991211, 2.529231066131592, 3.467754875946045, 3.9004597736358644, 2.9985958366394043, 2.309968719100952, 3.2432926315307617, 2.7001877029418946, 2.694493628692627], "loss": [2.298160954927787, 2.2946461668381324, 2.2937687062300167, 2.2918304930894804, 2.2900843498034353, 2.290330727130939, 2.289186058136133, 2.2909196347762375, 2.28844123849502, 2.2892468311847787, 2.290189945544952, 2.2890062569043574]}, "augment": true, "configs": {"crop_probability": 0.7679105019808561, "scale_probability": 0.8958879777904767, "rotation_probability": 0.2780388878681298, "rotation_lower": -42, "pad_upper": 0.15376088112282058, "scale_lower": 0.7617843603531653, "vertical_flip": 0.4985800370852016, "horizontal_flip": 0.4026789706118532, "pad_probability": 0.8545572459783064, "crop_upper": 0.23181047010139302, "crop_lower": 0.005474414989379117, "scale_upper": 1.0956670932743697, "pad_lower": 0.06566985524942508, "rotation_upper": 141}}