{"validation_error": 0.8975, "used_budget": 678.6307468414307, "train_history": {"acc": [0.10782251602564102, 0.11478365384615384, 0.11480869391025642, 0.11435797275641026, 0.11378205128205128, 0.11555989583333333, 0.1172626201923077, 0.11691205929487179, 0.11508413461538461, 0.11691205929487179, 0.11288060897435898, 0.11836438301282051], "loss": [2.296489419845434, 2.29224226413629, 2.289568373025992, 2.2896464604597826, 2.2871202872349667, 2.287025594558471, 2.284383935806079, 2.283931749753463, 2.286565357293838, 2.2835796009271574, 2.2851185508263416, 2.284073747885533], "val_loss": [2.3537123741149903, 2.324473645782471, 2.9856273086547853, 2.3298432361602783, 2.7446329307556154, 2.346395703125, 3.054205477142334, 2.7002242027282715, 2.9475745265960693, 2.6581514232635497, 2.6602611137390135, 2.667934441375732], "val_acc": [0.105, 0.1035, 0.0988, 0.0992, 0.0988, 0.0921, 0.0993, 0.0988, 0.1083, 0.1038, 0.1015, 0.1025]}, "configs": {"pad_lower": 0.01001005225456163, "scale_lower": 0.8542359803095341, "crop_upper": 0.24040156626121223, "rotation_upper": 48, "rotation_probability": 0.04946009463815326, "pad_probability": 0.6213832031688413, "pad_upper": 0.1705934310154472, "vertical_flip": 0.6605298445318467, "rotation_lower": -47, "crop_lower": 0.05338538231409154, "horizontal_flip": 0.8068553355178568, "crop_probability": 0.43250150017818423, "scale_probability": 0.9244968815225699, "scale_upper": 1.2680819847583082}, "augment": true, "train_accuracy": 0.11836438301282051}