{"validation_error": 0.8975, "train_history": {"loss": [2.299631034716582, 2.2973547532008243, 2.2965952119766135, 2.294927718547674, 2.295445585098022, 2.2944097029857144, 2.2918478151162467, 2.293089421895834, 2.2923329862264485, 2.293871080264067, 2.292360178935222, 2.2919327097061353], "val_loss": [2.521685920715332, 2.7214346183776854, 2.7896395324707033, 2.3212422477722168, 2.907094283294678, 2.337220555114746, 2.805440581512451, 2.4259099643707276, 3.886890058898926, 2.364886613845825, 3.6193916320800783, 4.427749843978882], "acc": [0.10384114583333333, 0.10499298878205128, 0.10977564102564102, 0.10927483974358974, 0.10769731570512821, 0.11040164262820513, 0.11192908653846154, 0.10977564102564102, 0.10965044070512821, 0.10884915865384616, 0.11328125, 0.10940004006410256], "val_acc": [0.1024, 0.1024, 0.1025, 0.1035, 0.1024, 0.1026, 0.1025, 0.1028, 0.1024, 0.103, 0.1027, 0.1025]}, "train_accuracy": 0.10940004006410256, "configs": {"scale_probability": 0.8197343928506856, "pad_lower": 0.07023154828453608, "scale_lower": 0.9659632262296676, "crop_upper": 0.20500154237731805, "horizontal_flip": 0.1864553793722865, "rotation_probability": 0.9720802514268306, "rotation_lower": -176, "pad_probability": 0.3104175641621074, "scale_upper": 1.0851395015016463, "vertical_flip": 0.979758972959086, "pad_upper": 0.14188748550344024, "rotation_upper": 8, "crop_probability": 0.2240926762838351, "crop_lower": 0.028678140650006945}, "used_budget": 754.8234314918518, "augment": true}