{"validation_error": 0.8988, "augment": true, "configs": {"scale_upper": 1.2496381531447036, "vertical_flip": 0.1505722152995942, "rotation_upper": 156, "rotation_lower": -158, "crop_upper": 0.11441292303433731, "rotation_probability": 0.06826974759891558, "crop_probability": 0.13177567744253493, "crop_lower": 0.03843591897536502, "scale_lower": 0.5447152282240091, "pad_upper": 0.2317086055537988, "pad_lower": 0.07300807911668322, "horizontal_flip": 0.5453086354008692, "scale_probability": 0.32912189809827463, "pad_probability": 0.7506351149918257}, "train_accuracy": 0.1365184294871795, "used_budget": 726.018922328949, "train_history": {"loss": [2.2848756443231535, 2.2724792819756727, 2.2674838472635317, 2.2661404479772616, 2.26428336592821, 2.2634258575928516, 2.2622742446569295, 2.2611760099728904, 2.2613102549161668, 2.258462973894217, 2.2599903780680437, 2.2571840844093223], "val_loss": [2.3615217304229734, 2.4848291862487795, 2.706656976318359, 2.9301930961608886, 2.63932470703125, 2.382786170578003, 2.505207377243042, 2.4468638053894045, 2.3804286880493164, 2.434298643875122, 2.5889210578918456, 2.753796756744385], "acc": [0.1226963141025641, 0.1290564903846154, 0.13201121794871795, 0.1316856971153846, 0.13128505608974358, 0.13403946314102563, 0.13689403044871795, 0.13616786858974358, 0.13551682692307693, 0.1349158653846154, 0.13521634615384615, 0.1365184294871795], "val_acc": [0.101, 0.1015, 0.1011, 0.1011, 0.1011, 0.1014, 0.1009, 0.1014, 0.1016, 0.1028, 0.1007, 0.1012]}}