{"configs": {"pad_probability": 0.5445794167279007, "crop_lower": 0.005977568219242668, "scale_upper": 1.7510210660801193, "crop_upper": 0.24426969446876265, "rotation_probability": 0.039285672903418, "rotation_upper": 55, "rotation_lower": -73, "scale_probability": 0.6601429760811277, "scale_lower": 0.6794303714119786, "pad_upper": 0.13800216298743923, "vertical_flip": 0.8606400565409438, "pad_lower": 0.04765121954400803, "crop_probability": 0.12620072146013106, "horizontal_flip": 0.10980222022988484}, "validation_error": 0.9013, "train_accuracy": 0.12835536858974358, "train_history": {"acc": [0.11445813301282051, 0.11858974358974358, 0.12217047275641026, 0.12627704326923078, 0.12439903846153846, 0.12442407852564102, 0.12252103365384616, 0.12542568108974358, 0.1257762419871795, 0.12247095352564102, 0.12109375, 0.12835536858974358], "val_loss": [2.6678220012664795, 2.4185760650634767, 2.4587711570739748, 2.620042399597168, 3.303621297454834, 2.5173024337768553, 2.490352630233765, 2.6190057456970215, 2.582577035522461, 2.58876300239563, 2.663530134963989, 2.8658059814453125], "val_acc": [0.0984, 0.0986, 0.1022, 0.0982, 0.0984, 0.0985, 0.099, 0.0988, 0.1025, 0.0991, 0.1001, 0.0987], "loss": [2.291213882275117, 2.2858765377448154, 2.2803088197341332, 2.278741256548808, 2.2766210360404773, 2.2758480463272486, 2.273069829512865, 2.2703786117908282, 2.2720750532089133, 2.271430028554721, 2.271490153593895, 2.267233234949601]}, "used_budget": 734.2920956611633, "augment": true}