{"train_history": {"val_loss": [2.3293986694335937, 2.3839909969329836, 2.287003732681274, 2.3567506843566894, 2.540089683532715, 2.3654799530029296, 2.6838465850830078, 2.703674528884888, 3.4164743656158447, 3.016093267822266, 2.924877414703369, 2.9223796188354494], "val_acc": [0.1061, 0.0994, 0.1501, 0.142, 0.0993, 0.0994, 0.0994, 0.1096, 0.1033, 0.1088, 0.1039, 0.1167], "loss": [2.3005545307428408, 2.2972838336076493, 2.2967129854055552, 2.295594800741245, 2.295446265202302, 2.294862443820024, 2.294453591108322, 2.2923602010959234, 2.293696944530194, 2.2928126469636574, 2.2933494364603972, 2.2921904730491147], "acc": [0.10176282051282051, 0.1067958733974359, 0.10621995192307693, 0.10596955128205128, 0.10882411858974358, 0.10962540064102565, 0.10859875801282051, 0.10872395833333333, 0.10872395833333333, 0.11087740384615384, 0.11242988782051282, 0.10934995993589744]}, "used_budget": 749.7590537071228, "augment": true, "validation_error": 0.8833, "configs": {"rotation_upper": 1, "scale_lower": 0.7930494956892793, "pad_probability": 0.44312992542629104, "rotation_lower": -47, "crop_upper": 0.29702506115127214, "pad_upper": 0.18005377050530805, "crop_probability": 0.5595243399099378, "rotation_probability": 0.8418026870138039, "horizontal_flip": 0.6260676889808195, "crop_lower": 0.06789294263549826, "pad_lower": 0.08091997116335851, "scale_upper": 1.7770758299379343, "scale_probability": 0.40755700916879567, "vertical_flip": 0.3799451455785158}, "train_accuracy": 0.10934995993589744}