{"augment": true, "used_budget": 671.9964606761932, "train_history": {"val_loss": [2.3438959911346435, 2.9058442443847654, 2.7583777099609375, 2.7582483741760253, 2.4556003829956055, 2.9931116416931154, 2.7921217460632324, 2.873901238632202, 2.70758041267395, 2.5136801918029783, 3.6983758514404297, 2.5933746696472166], "val_acc": [0.1059, 0.1014, 0.1054, 0.111, 0.1025, 0.1069, 0.1024, 0.1013, 0.104, 0.1077, 0.1076, 0.1039], "loss": [2.299677211504716, 2.297825881303885, 2.2943117863092666, 2.293374011913935, 2.2926156795941868, 2.292299306545502, 2.2908876629976125, 2.2902483565685077, 2.2905521660279007, 2.2914334734280906, 2.290629188219706, 2.2915332852265773], "acc": [0.10757211538461539, 0.11157852564102565, 0.1100010016025641, 0.10842347756410256, 0.1109775641025641, 0.1119541266025641, 0.115234375, 0.11581029647435898, 0.11543469551282051, 0.1129306891025641, 0.11270532852564102, 0.11020132211538461]}, "validation_error": 0.8961, "configs": {"rotation_upper": 118, "rotation_lower": -49, "rotation_probability": 0.7448662400392027, "scale_upper": 1.6210975145281359, "pad_upper": 0.17416826933375298, "crop_probability": 0.9785294680548182, "crop_upper": 0.25235373096036084, "scale_lower": 0.7144616906261628, "scale_probability": 0.2702940365083032, "horizontal_flip": 0.4036660157453106, "vertical_flip": 0.14056725938563974, "pad_lower": 0.09062186508816802, "crop_lower": 0.07732312485157151, "pad_probability": 0.07180872143238237}, "train_accuracy": 0.11020132211538461}