{"augment": true, "configs": {"vertical_flip": 0.9731879638094415, "scale_upper": 1.6217107968501718, "scale_lower": 0.5850955220223498, "crop_lower": 0.04047110654741402, "scale_probability": 0.20596120762421577, "crop_probability": 0.8650994996194108, "horizontal_flip": 0.2801512455677555, "pad_lower": 0.07444654699895055, "pad_upper": 0.2967177340768522, "pad_probability": 0.6512132158749724, "rotation_upper": 133, "rotation_lower": -158, "crop_upper": 0.23363477804709448, "rotation_probability": 0.2077966456213638}, "train_accuracy": 0.12332231570512821, "validation_error": 0.8989, "used_budget": 737.3233578205109, "train_history": {"val_loss": [2.381394685745239, 2.2976764137268066, 2.396618412017822, 2.671747065734863, 2.3810354900360107, 2.330475926208496, 2.3291168483734133, 2.730572218322754, 2.4996738712310793, 3.074923474884033, 2.651509097290039, 2.656325357437134], "val_acc": [0.1014, 0.1067, 0.1013, 0.1012, 0.1012, 0.102, 0.1099, 0.1019, 0.1033, 0.1012, 0.1008, 0.1011], "loss": [2.29081678772584, 2.283585562919959, 2.2800940726047907, 2.276503841082255, 2.2779200818294134, 2.2769095454460535, 2.274358637057818, 2.2771189434406085, 2.2760070990293455, 2.275078691733189, 2.2743461559980345, 2.276247405853027], "acc": [0.11758814102564102, 0.12106870993589744, 0.12452423878205128, 0.12537560096153846, 0.12585136217948717, 0.12447415865384616, 0.12602664262820512, 0.12602664262820512, 0.1240985576923077, 0.12702824519230768, 0.1302333733974359, 0.12332231570512821]}}