{"used_budget": 735.7108128070831, "train_history": {"val_loss": [2.3875899181365967, 2.4122169483184814, 2.6761824348449705, 2.6511619861602784, 2.4702959987640383, 3.3950623046875, 3.0036741035461425, 3.2337414623260496, 3.545986329650879, 2.5962985229492186, 3.1263422721862795, 3.2552037940979], "acc": [0.11318108974358974, 0.11944110576923077, 0.11778846153846154, 0.12094350961538461, 0.12126903044871795, 0.12014222756410256, 0.1201171875, 0.11931590544871795, 0.1178135016025641, 0.12139423076923077, 0.11961638621794872, 0.11828926282051282], "val_acc": [0.1116, 0.0995, 0.0996, 0.108, 0.1037, 0.1032, 0.1078, 0.099, 0.0995, 0.1007, 0.1002, 0.0989], "loss": [2.293051067071083, 2.2883065870174994, 2.286429386872512, 2.2847560178010893, 2.28236255584619, 2.281759113837511, 2.281368593374888, 2.2807612946400275, 2.281548927227656, 2.2808626485176577, 2.278862490867957, 2.2797761536561527]}, "validation_error": 0.9011, "configs": {"scale_probability": 0.526417467956156, "horizontal_flip": 0.008527914884904453, "rotation_lower": -54, "rotation_probability": 0.2733668542015769, "scale_upper": 1.5860828328616499, "pad_lower": 0.06766233159339165, "pad_upper": 0.1827008807965582, "crop_probability": 0.8540465838741077, "vertical_flip": 0.9740494554319734, "crop_lower": 0.0011269729205271362, "scale_lower": 0.8311118364896993, "crop_upper": 0.22177164376604996, "rotation_upper": 64, "pad_probability": 0.6885083340519512}, "train_accuracy": 0.11828926282051282, "augment": true}