{"configs": {"crop_probability": 0.09439311819972729, "scale_lower": 0.8011187591505254, "rotation_lower": -42, "scale_upper": 1.45692098385157, "scale_probability": 0.397438656524298, "pad_probability": 0.15951781229143736, "horizontal_flip": 0.13226970533327198, "crop_upper": 0.2869336543628799, "pad_lower": 0.043332885883268085, "rotation_probability": 0.33791781912985974, "pad_upper": 0.1008344941985083, "vertical_flip": 0.4733618503265047, "crop_lower": 0.004356256966249417, "rotation_upper": 48}, "augment": true, "train_history": {"val_loss": [2.305091311264038, 2.330267807006836, 2.4750684394836426, 2.6746681030273436, 2.353320418930054, 2.4159539573669435, 2.444950973510742, 2.944169789123535, 2.908120748138428, 2.841133528137207, 2.332145809173584, 3.242390306472778], "loss": [2.291946686995335, 2.2794227454906855, 2.2773316158698154, 2.2734349018488174, 2.2710436406808023, 2.267134269842735, 2.2663324054999228, 2.2627969773916097, 2.263316843754206, 2.259742708542408, 2.2571415786559763, 2.2564813762139053], "val_acc": [0.1037, 0.1024, 0.1026, 0.1023, 0.1221, 0.1039, 0.1058, 0.1041, 0.1024, 0.1026, 0.107, 0.103], "acc": [0.11853966346153846, 0.1266776842948718, 0.12760416666666666, 0.1285556891025641, 0.1307091346153846, 0.1316856971153846, 0.1326121794871795, 0.1357421875, 0.13368890224358973, 0.13433994391025642, 0.13619290865384615, 0.13724459134615385]}, "used_budget": 671.9172074794769, "train_accuracy": 0.13724459134615385, "validation_error": 0.897}