{"train_history": {"val_acc": [0.103, 0.1048, 0.103, 0.1033, 0.1033, 0.1032, 0.1033, 0.1024, 0.103, 0.1029, 0.1036, 0.1031], "loss": [2.2985071516953983, 2.2962611424617276, 2.2943965257742467, 2.2932052986744123, 2.2915924863937573, 2.291412897599049, 2.291456529727349, 2.290864485196578, 2.290500949590634, 2.2894983612574062, 2.289555690227411, 2.28955800869526], "val_loss": [2.317980029296875, 2.3286051322937014, 2.3624834320068357, 2.683753688430786, 2.6629369300842285, 2.6380559677124022, 3.1547365921020507, 2.946557370376587, 3.18146335067749, 2.8286681495666506, 2.6647865844726564, 2.492107805633545], "acc": [0.10451722756410256, 0.10977564102564102, 0.11055188301282051, 0.10977564102564102, 0.11270532852564102, 0.11012620192307693, 0.11383213141025642, 0.10922475961538461, 0.11365685096153846, 0.11415765224358974, 0.115234375, 0.11365685096153846]}, "configs": {"scale_probability": 0.408411970241503, "crop_probability": 0.9316633962086699, "rotation_lower": -81, "scale_upper": 1.491444714226707, "scale_lower": 0.5456897179529228, "rotation_upper": 61, "crop_lower": 0.06098491957338731, "pad_lower": 0.05901104546978452, "horizontal_flip": 0.7970845245243198, "pad_probability": 0.36026593784518435, "crop_upper": 0.18629179510243793, "vertical_flip": 0.960163639944869, "pad_upper": 0.1239495645047615, "rotation_probability": 0.7694541332962783}, "augment": true, "train_accuracy": 0.11365685096153846, "used_budget": 697.5284466743469, "validation_error": 0.8969}