{"configs": {"rotation_probability": 0.49596684046673245, "pad_probability": 0.16476863104520267, "crop_lower": 0.043084637997948164, "vertical_flip": 0.6835589119107326, "rotation_upper": 89, "crop_probability": 0.8965187808658657, "pad_lower": 0.008027023814021294, "scale_upper": 1.9778193203999808, "crop_upper": 0.21310774929713294, "pad_upper": 0.28364305015106495, "scale_lower": 0.7846940452950979, "horizontal_flip": 0.7745146599263444, "rotation_lower": -27, "scale_probability": 0.745651663261404}, "used_budget": 752.0740399360657, "train_accuracy": 0.10977564102564102, "validation_error": 0.896, "train_history": {"loss": [2.3004555511168943, 2.2991504470507302, 2.2973551826599317, 2.297320904640051, 2.295620384888771, 2.295626399608759, 2.293945346123133, 2.2945010043107548, 2.295124672162227, 2.2939297067813382, 2.2935256644701347, 2.2949683650946007], "val_loss": [2.7527987030029295, 2.3824679931640627, 2.509092303466797, 3.0067016246795655, 2.8186612869262695, 3.370301314163208, 2.93226381187439, 5.144088154602051, 3.365289370727539, 2.8754152755737303, 3.009368970489502, 3.018953374862671], "val_acc": [0.1039, 0.1039, 0.1039, 0.1038, 0.1039, 0.1039, 0.1006, 0.1037, 0.1028, 0.1057, 0.1029, 0.104], "acc": [0.10526842948717949, 0.10569411057692307, 0.11075220352564102, 0.10767227564102565, 0.10909955929487179, 0.11002604166666667, 0.1100010016025641, 0.10767227564102565, 0.10992588141025642, 0.11060196314102565, 0.11162860576923077, 0.10977564102564102]}, "augment": true}