{"train_history": {"val_loss": [2.316190609359741, 2.3872578170776366, 2.58256001663208, 2.5753484272003173, 2.404783458709717, 2.411144687652588, 2.763492415237427, 2.5658935371398925, 2.538243963241577, 2.7369225677490236, 2.525795690155029, 2.4090533584594724], "val_acc": [0.0979, 0.1003, 0.0979, 0.098, 0.0967, 0.0949, 0.098, 0.1013, 0.1002, 0.098, 0.0982, 0.0973], "acc": [0.11676181891025642, 0.12928185096153846, 0.12575120192307693, 0.12557592147435898, 0.1281300080128205, 0.1296073717948718, 0.12965745192307693, 0.1285556891025641, 0.12978265224358973, 0.1301582532051282, 0.1280799278846154, 0.12705328525641027], "loss": [2.2886223724255195, 2.277845065563153, 2.2736184818622394, 2.274831133775222, 2.269808766933588, 2.2688560080833926, 2.2683758781506467, 2.267297011919511, 2.2671623214697227, 2.2680106170666523, 2.26582224552448, 2.266250041050789]}, "configs": {"pad_upper": 0.13692609897880198, "scale_probability": 0.41740221519713505, "rotation_probability": 0.36597127465181134, "rotation_upper": 37, "vertical_flip": 0.9508166124303129, "rotation_lower": -84, "crop_probability": 0.05988274034331886, "scale_upper": 1.445610549393583, "pad_probability": 0.648963963905771, "crop_lower": 0.014790058135963326, "scale_lower": 0.8428663451174163, "horizontal_flip": 0.2782559036816521, "crop_upper": 0.16346748825565569, "pad_lower": 0.043417234278727915}, "used_budget": 745.0860600471497, "validation_error": 0.9027000000000001, "augment": true, "train_accuracy": 0.12705328525641027}