{"validation_error": 0.9003, "train_accuracy": 0.10827323717948718, "used_budget": 761.3914082050323, "configs": {"crop_lower": 0.009773549783348346, "rotation_lower": -33, "pad_lower": 0.04050654194731736, "rotation_probability": 0.9950489432125803, "crop_probability": 0.9934990131160779, "horizontal_flip": 0.9302711452792456, "scale_probability": 0.7851883443661902, "pad_upper": 0.19296898790790046, "pad_probability": 0.22508043718670934, "crop_upper": 0.17238294503050375, "vertical_flip": 0.784471715305067, "scale_lower": 0.8521088563226172, "scale_upper": 1.0493850450075808, "rotation_upper": 57}, "augment": true, "train_history": {"val_acc": [0.1014, 0.1023, 0.0967, 0.0929, 0.1207, 0.0874, 0.1076, 0.0916, 0.0791, 0.0885, 0.1013, 0.0997], "acc": [0.10772235576923077, 0.10599459134615384, 0.10546875, 0.10837339743589744, 0.10436698717948718, 0.10834835737179487, 0.10884915865384616, 0.11130308493589744, 0.11200420673076923, 0.10962540064102565, 0.10787259615384616, 0.10827323717948718], "val_loss": [2.3679732585906983, 2.2991083572387696, 2.302581611251831, 2.3829209159851072, 2.298112519454956, 2.3236020442962646, 2.337667558288574, 2.428576284790039, 2.322246649169922, 2.3336006225585937, 2.822831321334839, 2.424671130371094], "loss": [2.2989646188723736, 2.2973046661951604, 2.2962610836212454, 2.2945627447886343, 2.2945205783232665, 2.294918553951459, 2.2941390703885984, 2.2925232358467884, 2.2919815197969093, 2.294023816402142, 2.291208497988872, 2.2930922416540294]}}