{"configs": {"scale_upper": 1.8426423549142212, "pad_lower": 0.07171966477151036, "vertical_flip": 0.35835324799772894, "rotation_lower": -175, "scale_probability": 0.20699656415812595, "crop_probability": 0.5815432422595133, "pad_upper": 0.1562035752909686, "horizontal_flip": 0.8398054458642811, "crop_lower": 0.08778388687191908, "crop_upper": 0.11756685473925449, "scale_lower": 0.8762741565403169, "pad_probability": 0.5764003303064196, "rotation_upper": 19, "rotation_probability": 0.6521784151330603}, "validation_error": 0.898, "train_accuracy": 0.11801382211538461, "augment": true, "used_budget": 679.575573682785, "train_history": {"acc": [0.11005108173076923, 0.1133563701923077, 0.1162109375, 0.11751302083333333, 0.11568509615384616, 0.11796374198717949, 0.11813902243589744, 0.12149439102564102, 0.11641125801282051, 0.1197666266025641, 0.11924078525641026, 0.11801382211538461], "val_loss": [2.29968657951355, 2.3348301815032957, 2.4137571952819825, 2.372761897277832, 2.467066547012329, 2.483716625213623, 2.683630481338501, 2.7339797218322754, 2.5533812660217285, 2.812737725830078, 2.72564909324646, 2.4501006492614748], "loss": [2.2967756619820228, 2.291895656249462, 2.288652463601186, 2.2874368169368844, 2.286504086011495, 2.284564812978109, 2.2850684141501403, 2.2844698559015226, 2.286016766077433, 2.284693392423483, 2.282436905763088, 2.283831176849512], "val_acc": [0.1054, 0.0991, 0.0993, 0.099, 0.0992, 0.0992, 0.0995, 0.0994, 0.0995, 0.0993, 0.0988, 0.102]}}