{"train_history": {"val_loss": [2.3189348861694334, 2.310245913696289, 2.8296599391937254, 2.7832142292022706, 2.9020683586120604, 2.3917301513671876, 2.8873753757476806, 3.026211473083496, 2.632729439544678, 2.6871525192260743, 2.9889300315856935, 2.3342164936065672], "val_acc": [0.0932, 0.1042, 0.1001, 0.1013, 0.101, 0.1018, 0.101, 0.1009, 0.1009, 0.123, 0.1024, 0.1133], "loss": [2.2935538559387894, 2.289001383842566, 2.2861538323072286, 2.284408360719681, 2.2833569202667627, 2.2828038800985384, 2.2816225924553017, 2.2795818478633194, 2.280711301626303, 2.279453763594994, 2.280447408174857, 2.2790034932967944], "acc": [0.11308092948717949, 0.11648637820512821, 0.11638621794871795, 0.11836438301282051, 0.11773838141025642, 0.11871494391025642, 0.11806390224358974, 0.12006710737179487, 0.12056790865384616, 0.11929086538461539, 0.12081830929487179, 0.11756310096153846]}, "train_accuracy": 0.11756310096153846, "configs": {"pad_lower": 0.02582370458047132, "scale_probability": 0.6579638975391406, "rotation_probability": 0.5530285513415332, "crop_probability": 0.4048825149768501, "scale_lower": 0.639896864078682, "rotation_upper": 61, "crop_upper": 0.10926180147060618, "crop_lower": 0.020589781797979656, "rotation_lower": -148, "pad_probability": 0.01503273570545971, "vertical_flip": 0.05356659045609613, "scale_upper": 1.239455012586307, "pad_upper": 0.14764683058078654, "horizontal_flip": 0.7604083082143448}, "used_budget": 673.1851117610931, "augment": true, "validation_error": 0.8867}