{"configs": {"pad_probability": 0.10113573211499838, "pad_upper": 0.14324322976834641, "horizontal_flip": 0.5730820308706672, "scale_lower": 0.6467584200278255, "crop_probability": 0.8979024256659728, "rotation_upper": 31, "scale_probability": 0.4703929969587747, "rotation_lower": -4, "crop_upper": 0.13167372346991893, "crop_lower": 0.008069557975707686, "rotation_probability": 0.8191053078694117, "vertical_flip": 0.312957462395012, "pad_lower": 0.061473467090944846, "scale_upper": 1.478237595185837}, "train_history": {"val_loss": [2.317485598373413, 2.3079523178100585, 2.307037417602539, 3.012782654571533, 2.4655644439697264, 2.6536509395599364, 2.512120584869385, 2.343916788482666, 2.342137940597534, 2.4911058067321776, 2.871142181015015, 3.273828161621094], "acc": [0.11012620192307693, 0.111328125, 0.11175380608974358, 0.11428285256410256, 0.11170372596153846, 0.11365685096153846, 0.11596053685897435, 0.11811398237179487, 0.11728766025641026, 0.11348157051282051, 0.11368189102564102, 0.11881510416666667], "loss": [2.297458228392479, 2.2943028012911477, 2.2917033426272564, 2.289753555487364, 2.2906115169708547, 2.2893385000717945, 2.2879907939678583, 2.2875777154396744, 2.2875110102005496, 2.2866653226889095, 2.2869102374101296, 2.285284318220921], "val_acc": [0.1196, 0.0963, 0.0977, 0.0958, 0.0957, 0.0958, 0.0961, 0.0961, 0.0953, 0.0952, 0.0957, 0.0953]}, "train_accuracy": 0.11881510416666667, "augment": true, "validation_error": 0.9047000000000001, "used_budget": 688.0028691291809}