{"augment": true, "configs": {"pad_lower": 0.03842482311935152, "vertical_flip": 0.5734243443947951, "pad_probability": 0.52426830113467, "crop_lower": 0.039495905333258044, "scale_upper": 1.1746102154409646, "horizontal_flip": 0.3575737237253983, "rotation_probability": 0.03826364309328323, "crop_upper": 0.2983159635699494, "rotation_lower": -99, "scale_probability": 0.7735322606051206, "rotation_upper": 25, "scale_lower": 0.8785526183398165, "crop_probability": 0.39146993436191424, "pad_upper": 0.13844622438597431}, "train_history": {"acc": [0.10952524038461539, 0.11873998397435898, 0.1148838141025641, 0.1219951923076923, 0.11891526442307693, 0.11490885416666667, 0.12034254807692307, 0.12051782852564102, 0.12069310897435898, 0.1175380608974359, 0.12024238782051282, 0.12166967147435898], "val_loss": [2.325261260986328, 2.304210122299194, 2.380401477432251, 2.367225801086426, 3.0043859527587893, 2.4441096382141114, 2.38563451499939, 2.4499591941833496, 2.6806478885650633, 2.4386400218963624, 2.521828006362915, 3.0427179874420167], "val_acc": [0.0985, 0.1358, 0.1008, 0.0988, 0.0985, 0.1025, 0.1124, 0.1026, 0.0977, 0.0991, 0.1014, 0.0983], "loss": [2.29565305969654, 2.288316982678878, 2.2878257357157192, 2.285597983843241, 2.2844387399844632, 2.284443194285417, 2.282284833681889, 2.28174037199754, 2.281221995751063, 2.2803846895694733, 2.28204700197929, 2.279458987407195]}, "train_accuracy": 0.12166967147435898, "used_budget": 732.028546333313, "validation_error": 0.9017}