{"used_budget": 742.695056438446, "train_accuracy": 0.1185146233974359, "validation_error": 0.8936, "augment": true, "configs": {"rotation_probability": 0.4975442878345484, "vertical_flip": 0.9763096075988255, "crop_probability": 0.6479186726182431, "horizontal_flip": 0.851525331769533, "scale_probability": 0.3336341925375823, "scale_upper": 1.406515605709601, "pad_probability": 0.6896581642033275, "rotation_lower": -142, "pad_upper": 0.11062656047811144, "crop_lower": 0.03674175787750641, "pad_lower": 0.047025896297254115, "crop_upper": 0.275973838804173, "scale_lower": 0.9012703321061409, "rotation_upper": 7}, "train_history": {"val_loss": [2.3521638134002685, 2.798225748825073, 2.5554591468811036, 2.5749376754760744, 2.468366918563843, 3.97148263092041, 3.4027668045043944, 3.0194776531219483, 2.979733362197876, 2.5824744583129884, 2.8058632446289065, 3.2396355682373046], "val_acc": [0.1227, 0.0987, 0.0991, 0.1012, 0.0995, 0.0994, 0.099, 0.0992, 0.0991, 0.1022, 0.1036, 0.1064], "acc": [0.1083233173076923, 0.11681189903846154, 0.11939102564102565, 0.11984174679487179, 0.11315604967948718, 0.1161358173076923, 0.1187900641025641, 0.11746294070512821, 0.11483373397435898, 0.11929086538461539, 0.12119391025641026, 0.1185146233974359], "loss": [2.2949271561243596, 2.2900281151135764, 2.2889825846904364, 2.283505584949102, 2.2876204664890585, 2.2847806008962483, 2.2846363263252454, 2.2843934228787055, 2.2834722842925634, 2.2833081896488485, 2.281293748280941, 2.282740952876898]}}