{"validation_error": 0.9016, "train_accuracy": 0.11646133814102565, "used_budget": 766.7724478244781, "configs": {"crop_upper": 0.26493257450499796, "scale_probability": 0.6625463759444735, "rotation_probability": 0.1250405750914393, "horizontal_flip": 0.3205861764602793, "pad_probability": 0.7915648354712295, "pad_upper": 0.15190035011179223, "rotation_lower": -16, "scale_upper": 1.7199523837125708, "crop_probability": 0.7631972712033245, "scale_lower": 0.5675340083562287, "vertical_flip": 0.858207418905962, "pad_lower": 0.02866510015557432, "rotation_upper": 159, "crop_lower": 0.03789105220099477}, "augment": true, "train_history": {"acc": [0.11258012820512821, 0.11162860576923077, 0.11077724358974358, 0.1175380608974359, 0.11255508814102565, 0.11455829326923077, 0.11658653846153846, 0.11398237179487179, 0.11495893429487179, 0.11037660256410256, 0.11485877403846154, 0.11646133814102565], "loss": [2.296611040830612, 2.2952585992140646, 2.291713922451704, 2.289611448080112, 2.2883084347614875, 2.2901211984646626, 2.2877227656352215, 2.2882133019276156, 2.2889650639815207, 2.28821076796605, 2.2864695069117422, 2.2854457398255668], "val_loss": [2.3555907230377198, 2.298920277404785, 2.6765256874084473, 2.7285791534423827, 2.6716981986999513, 2.6793309551239015, 2.6666168258666993, 3.390987182998657, 2.6838861465454102, 3.8215733001708982, 3.1211684501647947, 3.444895917510986], "val_acc": [0.0978, 0.0992, 0.0979, 0.098, 0.098, 0.0981, 0.0976, 0.0978, 0.0981, 0.0978, 0.0982, 0.0984]}}