{"train_history": {"acc": [0.10987580128205128, 0.10967548076923077, 0.11323116987179487, 0.11423277243589744, 0.11560997596153846, 0.11508413461538461, 0.11468349358974358, 0.11413261217948718, 0.11310596955128205, 0.11593549679487179, 0.1162860576923077, 0.11403245192307693], "val_acc": [0.0945, 0.0945, 0.0952, 0.0947, 0.0945, 0.0945, 0.0945, 0.097, 0.0945, 0.0946, 0.0962, 0.0947], "loss": [2.296111145080664, 2.292752920052944, 2.290659581239407, 2.2885142885721645, 2.2888648280730615, 2.2868363681512003, 2.286829713063362, 2.2879796509559336, 2.2866806097519703, 2.286791150386517, 2.287459898453492, 2.285913571333274], "val_loss": [2.4499457412719727, 2.598992935180664, 2.2970697177886965, 3.0804580924987794, 2.5682357177734376, 2.775510242462158, 2.959065703582764, 2.3069194244384765, 2.6624252555847168, 2.6731299751281736, 2.3861118186950683, 2.4446526306152343]}, "validation_error": 0.9053, "train_accuracy": 0.11403245192307693, "augment": true, "used_budget": 686.0394275188446, "configs": {"crop_probability": 0.195819564796881, "crop_lower": 0.0905673489314372, "horizontal_flip": 0.580670020781041, "rotation_lower": -162, "scale_probability": 0.589836979302402, "scale_upper": 1.2650375849657758, "scale_lower": 0.7180902997231835, "pad_probability": 0.7128087924756078, "pad_lower": 0.08596470446888842, "rotation_upper": 68, "rotation_probability": 0.5752169185536227, "pad_upper": 0.24186233016781555, "crop_upper": 0.29757021756054547, "vertical_flip": 0.19582178311748255}}