{"used_budget": 755.5539793968201, "train_accuracy": 0.11836438301282051, "train_history": {"val_loss": [2.6648627990722655, 2.445044602203369, 2.7299353302001954, 2.8435279037475585, 2.4591360164642335, 2.4700209552764893, 3.3038290592193604, 2.7709410301208495, 2.5694420783996583, 2.508756056213379, 2.8929107189178467, 2.4649323753356933], "acc": [0.10814803685897435, 0.11150340544871795, 0.11375701121794872, 0.11806390224358974, 0.11490885416666667, 0.11593549679487179, 0.11463341346153846, 0.11826422275641026, 0.11560997596153846, 0.11821414262820513, 0.11385717147435898, 0.11836438301282051], "val_acc": [0.1049, 0.1051, 0.1049, 0.1049, 0.1049, 0.105, 0.1049, 0.1052, 0.1062, 0.1178, 0.1042, 0.1114], "loss": [2.2981783189834695, 2.2924520938824386, 2.2897008733871655, 2.289855066782389, 2.288827575934239, 2.2881084222059984, 2.2866393419412465, 2.287151914376479, 2.287742881438671, 2.2859634978648944, 2.286047733747042, 2.284965366889269]}, "validation_error": 0.8886000000000001, "configs": {"crop_probability": 0.10051313319959487, "pad_probability": 0.581934377493913, "crop_lower": 0.02913508565275388, "crop_upper": 0.296900335346598, "pad_lower": 0.05081393486098045, "rotation_upper": 3, "scale_upper": 1.2477458151815237, "pad_upper": 0.2955101349770487, "scale_probability": 0.5725029352705118, "horizontal_flip": 0.797042062305345, "rotation_probability": 0.7111192661987427, "rotation_lower": -132, "scale_lower": 0.5887159406355525, "vertical_flip": 0.032485914615500655}, "augment": true}