{"configs": {"pad_lower": 0.09858628040676226, "rotation_lower": -73, "crop_upper": 0.248371903394386, "scale_upper": 1.250119010597891, "pad_probability": 0.470526906690114, "rotation_upper": 47, "pad_upper": 0.17206018234874323, "horizontal_flip": 0.6189049694108426, "rotation_probability": 0.1554782289243739, "scale_lower": 0.9794585113994949, "crop_lower": 0.06799189847447709, "crop_probability": 0.8095920641233055, "scale_probability": 0.08420245993158504, "vertical_flip": 0.24214743751307566}, "validation_error": 0.893, "train_history": {"acc": [0.11793870192307693, 0.12740384615384615, 0.1287059294871795, 0.1298828125, 0.1335136217948718, 0.1305088141025641, 0.12885616987179488, 0.12958233173076922, 0.12963241185897437, 0.13459034455128205, 0.1319861778846154, 0.1346153846153846], "loss": [2.290683387181698, 2.2817366963777785, 2.275220660827099, 2.274745795971308, 2.2731647246923203, 2.270827340009885, 2.2715256198858604, 2.268957468179556, 2.2698575265896626, 2.269563779616967, 2.2702936140390544, 2.268596423742099], "val_loss": [2.2923428955078125, 2.3421250045776367, 3.5433282638549803, 2.4550011615753173, 2.3297840789794924, 2.829894247817993, 3.839068305969238, 2.610588317871094, 2.386544560623169, 2.414354476547241, 2.3704861930847168, 2.4452223945617675], "val_acc": [0.0994, 0.1025, 0.1002, 0.1007, 0.1011, 0.1007, 0.0977, 0.1024, 0.1133, 0.1056, 0.1192, 0.107]}, "used_budget": 654.5620744228363, "train_accuracy": 0.1346153846153846, "augment": true}