{"train_accuracy": 0.11162860576923077, "train_history": {"val_acc": [0.0949, 0.0983, 0.0984, 0.0985, 0.1002, 0.0985, 0.0952, 0.0859, 0.0987, 0.1006, 0.102, 0.0997], "val_loss": [2.3112670185089113, 2.357939609146118, 2.4653639183044436, 3.3702562019348146, 3.239848550415039, 3.0146773944854734, 3.444991015625, 3.2148095161437986, 2.9014224002838134, 3.068211024093628, 3.2852046646118165, 2.7171065406799317], "loss": [2.2980061693069262, 2.2949428245043144, 2.2927851050327988, 2.2910738465113516, 2.291567698503152, 2.289955347012251, 2.2889821216081963, 2.2898068114733086, 2.2872881774718943, 2.287160711410718, 2.287623404692381, 2.2885010486994033], "acc": [0.1080478766025641, 0.11100260416666667, 0.1104266826923077, 0.11242988782051282, 0.11192908653846154, 0.11050180288461539, 0.11626101762820513, 0.11047676282051282, 0.11207932692307693, 0.11205428685897435, 0.11468349358974358, 0.11162860576923077]}, "used_budget": 743.1911878585815, "augment": true, "configs": {"pad_probability": 0.21232941392872084, "vertical_flip": 0.8632357770494197, "pad_upper": 0.1339887150513469, "horizontal_flip": 0.9054713749605494, "rotation_upper": 53, "rotation_probability": 0.7634157342659855, "scale_lower": 0.5894459848402652, "crop_probability": 0.5819829472267236, "pad_lower": 0.07985249773708915, "scale_upper": 1.8983986710618874, "scale_probability": 0.43840935809993165, "crop_lower": 0.045342301098693395, "rotation_lower": -80, "crop_upper": 0.17331288052525956}, "validation_error": 0.9003}