{"used_budget": 744.8618683815002, "train_history": {"val_loss": [2.3622485359191896, 2.298378518676758, 2.5634368614196776, 2.582485609436035, 2.454429091644287, 3.288337196350098, 2.7701312648773193, 2.428944488143921, 2.3926413452148436, 2.716455149459839, 2.4189686584472656, 2.661266209793091], "val_acc": [0.0956, 0.1174, 0.0955, 0.0953, 0.0955, 0.0947, 0.095, 0.0954, 0.0994, 0.1009, 0.1015, 0.0983], "acc": [0.11202924679487179, 0.11375701121794872, 0.11375701121794872, 0.11708733974358974, 0.12009214743589744, 0.11688701923076923, 0.11728766025641026, 0.11786358173076923, 0.11984174679487179, 0.11894030448717949, 0.11831430288461539, 0.11773838141025642], "loss": [2.2947144416662364, 2.290146995813419, 2.2867883917612906, 2.2859375232305283, 2.2835658391316733, 2.2829912457710657, 2.282539037557749, 2.2825540724473123, 2.281496986364707, 2.2816900740831327, 2.280901905053701, 2.2811225018440147]}, "validation_error": 0.9017, "configs": {"crop_probability": 0.07766377617705422, "scale_probability": 0.8028453582461811, "crop_upper": 0.15677217318456946, "pad_lower": 0.07957608091121053, "horizontal_flip": 0.19442850643572862, "crop_lower": 0.03784979473385778, "pad_probability": 0.7858350787127436, "scale_lower": 0.8388156331391471, "rotation_lower": -40, "rotation_probability": 0.20980899593564117, "rotation_upper": 145, "scale_upper": 1.1313282901014512, "vertical_flip": 0.3490945838219923, "pad_upper": 0.26641446465500795}, "train_accuracy": 0.11773838141025642, "augment": true}