{"used_budget": 684.8909187316895, "configs": {"rotation_lower": -83, "pad_lower": 0.06278581844960231, "rotation_upper": 31, "crop_upper": 0.19790580358821225, "scale_upper": 1.5847475801765443, "horizontal_flip": 0.12824444888343334, "scale_lower": 0.8693722300093139, "scale_probability": 0.6587560918333014, "pad_probability": 0.3596741759262625, "pad_upper": 0.2654141620768351, "vertical_flip": 0.9262219020912169, "rotation_probability": 0.0662937012048962, "crop_lower": 0.08267332019843271, "crop_probability": 0.331814391549037}, "validation_error": 0.8954, "augment": true, "train_accuracy": 0.1291816907051282, "train_history": {"acc": [0.11525941506410256, 0.12197015224358974, 0.12076822916666667, 0.11969150641025642, 0.1200420673076923, 0.1231219951923077, 0.12494991987179487, 0.12349759615384616, 0.12387319711538461, 0.12865584935897437, 0.12755408653846154, 0.1291816907051282], "val_loss": [2.9624727989196775, 2.3725823574066163, 3.055564025878906, 2.772259094619751, 3.4953460960388183, 2.9327609939575194, 3.080181820678711, 3.0612162818908693, 2.6132588844299316, 2.7974815551757812, 2.467797929763794, 2.9985768478393555], "val_acc": [0.0967, 0.1043, 0.0964, 0.0952, 0.0913, 0.0898, 0.0939, 0.0961, 0.1016, 0.1115, 0.113, 0.1046], "loss": [2.293790195232783, 2.2860432381813345, 2.2817271924935856, 2.2776419207071648, 2.2775046764275966, 2.276289877219078, 2.2744551446193304, 2.273167786689905, 2.272718918629182, 2.2725942876094427, 2.2687933437335186, 2.269574217307262]}}