{"train_history": {"val_acc": [0.1014, 0.1052, 0.1019, 0.1015, 0.1017, 0.1014, 0.1021, 0.107, 0.1071, 0.1026, 0.1083, 0.1054], "val_loss": [2.391732604217529, 2.337689883041382, 2.491126287460327, 3.100965184020996, 2.8902731876373293, 2.4789002319335935, 2.443087253570557, 2.3003475032806397, 2.507755602264404, 2.74953515625, 2.449180242538452, 2.390840801620483], "loss": [2.2874909860965533, 2.27604626539426, 2.2707785291549487, 2.2678502095051303, 2.2649383399731073, 2.2636923369688864, 2.2633739045033088, 2.2608090257033324, 2.257557077285571, 2.2556652304453726, 2.2544033290484013, 2.2542428137400212], "acc": [0.12154447115384616, 0.12655248397435898, 0.12790464743589744, 0.13093449519230768, 0.13423978365384615, 0.12958233173076922, 0.1303585737179487, 0.13196113782051283, 0.13271233974358973, 0.13471554487179488, 0.13939803685897437, 0.13909755608974358]}, "augment": true, "used_budget": 662.5604104995728, "train_accuracy": 0.13909755608974358, "validation_error": 0.8946000000000001, "configs": {"rotation_upper": 101, "pad_lower": 0.040838718600222174, "rotation_lower": -33, "crop_probability": 0.3738369587166772, "scale_upper": 1.9587608686496136, "pad_upper": 0.1401452138312496, "horizontal_flip": 0.06905570664737104, "crop_lower": 0.046657491299731346, "scale_probability": 0.05128169154763906, "pad_probability": 0.12893812114045733, "crop_upper": 0.22669052342994553, "scale_lower": 0.6146578321245018, "rotation_probability": 0.5109176856591456, "vertical_flip": 0.10811239030952224}}