{"augment": true, "configs": {"rotation_probability": 0.45735575490723324, "crop_lower": 0.02271899488618454, "pad_probability": 0.17346506971122055, "scale_upper": 1.4714318627593501, "scale_lower": 0.6563531433047284, "rotation_lower": -70, "vertical_flip": 0.21151658675288976, "horizontal_flip": 0.27516057454503273, "crop_probability": 0.8593509535974755, "pad_lower": 0.016597401616811305, "crop_upper": 0.1928547628015168, "scale_probability": 0.2640400509226264, "rotation_upper": 136, "pad_upper": 0.11047404854573613}, "train_accuracy": 0.1224208733974359, "train_history": {"val_acc": [0.102, 0.1022, 0.1028, 0.1018, 0.1025, 0.1021, 0.1023, 0.1036, 0.1025, 0.1033, 0.1033, 0.1037], "val_loss": [2.289141798400879, 2.4743189346313477, 2.314240326690674, 2.5711254287719725, 2.775188303756714, 2.6776170524597167, 2.444672048950195, 2.4278156509399413, 2.5078174884796143, 2.60617089805603, 2.56829949798584, 2.6610122104644773], "loss": [2.296084068524532, 2.2874471996075068, 2.2861670492551265, 2.2829885391088633, 2.2791690849340878, 2.2806088435344205, 2.2796462239363255, 2.2778499256341886, 2.278110812871884, 2.2771727557365713, 2.2790021896362305, 2.2756514067833242], "acc": [0.11455829326923077, 0.1165614983974359, 0.12136919070512821, 0.12089342948717949, 0.12202023237179487, 0.1210186298076923, 0.12061798878205128, 0.1249248798076923, 0.12239583333333333, 0.12542568108974358, 0.1226963141025641, 0.1224208733974359]}, "validation_error": 0.8963, "used_budget": 737.168957233429}