{"used_budget": 741.5077748298645, "validation_error": 0.9001, "train_accuracy": 0.12282151442307693, "augment": true, "train_history": {"val_acc": [0.1149, 0.1018, 0.0997, 0.1007, 0.1005, 0.1005, 0.1319, 0.1, 0.1004, 0.0999, 0.1037, 0.0999], "acc": [0.11045172275641026, 0.1153094951923077, 0.11663661858974358, 0.1180889423076923, 0.11696213942307693, 0.11696213942307693, 0.12071814903846154, 0.1197666266025641, 0.1175380608974359, 0.11691205929487179, 0.1217197516025641, 0.12282151442307693], "loss": [2.2952210941375832, 2.290247389139273, 2.2862714467904506, 2.284907782689119, 2.2847758600345025, 2.283519611144677, 2.2820330460866294, 2.2822805727139497, 2.2803572729612007, 2.2819377955717917, 2.28296146943019, 2.2813504880819564], "val_loss": [2.3358655292510986, 2.324508710479736, 3.2710685981750487, 2.2952445358276368, 2.37297562789917, 2.6884983688354493, 2.526675042724609, 2.4388524745941162, 2.7510843688964846, 2.4824885837554933, 2.3160666633605955, 3.077939231109619]}, "configs": {"crop_upper": 0.13216235227085127, "rotation_probability": 0.28007815700538086, "crop_probability": 0.8313816485886476, "scale_probability": 0.5761288956405731, "pad_lower": 0.047725505377155225, "horizontal_flip": 0.41065340195764977, "crop_lower": 0.02400651573366909, "scale_lower": 0.811906334020895, "pad_upper": 0.2168504755177581, "rotation_lower": -171, "rotation_upper": 56, "pad_probability": 0.39395535351277033, "vertical_flip": 0.8439413567638938, "scale_upper": 1.5768680175694132}}