{"augment": true, "validation_error": 0.8985, "used_budget": 661.2345902919769, "train_accuracy": 0.1302333733974359, "configs": {"rotation_upper": 82, "scale_lower": 0.9799712287679392, "pad_probability": 0.05414990982248791, "rotation_lower": -94, "crop_lower": 0.029864844649889356, "crop_probability": 0.15359878998873255, "crop_upper": 0.15422510078169388, "pad_upper": 0.23019126160348038, "scale_upper": 1.736543861965695, "scale_probability": 0.27333443132776647, "rotation_probability": 0.5229235495510551, "horizontal_flip": 0.3858393977291369, "vertical_flip": 0.7303567905846042, "pad_lower": 0.02045341214536609}, "train_history": {"loss": [2.290728421547474, 2.282274766610219, 2.2763481109570236, 2.272826122931945, 2.274534366069696, 2.2747385608844266, 2.270917487450135, 2.2708096580627637, 2.266920873752007, 2.2695130239694548, 2.2678660398874526, 2.2675744944658036], "val_loss": [2.3106646072387695, 2.42789919052124, 2.779122019195557, 2.479803270339966, 2.7722735694885254, 2.467082148742676, 2.8896081558227538, 2.6067150276184083, 2.565773430633545, 2.567822248840332, 2.4748841636657715, 3.291068460083008], "val_acc": [0.1016, 0.1016, 0.1027, 0.1024, 0.102, 0.1053, 0.1023, 0.1135, 0.1021, 0.1167, 0.1051, 0.1015], "acc": [0.11956630608974358, 0.12389823717948718, 0.12585136217948717, 0.12482471955128205, 0.1254757612179487, 0.12484975961538461, 0.12587640224358973, 0.12915665064102563, 0.13115985576923078, 0.12818008814102563, 0.12993289262820512, 0.1302333733974359]}}