{"augment": true, "configs": {"pad_lower": 0.03683427778691626, "crop_upper": 0.11490448194961783, "rotation_upper": 104, "horizontal_flip": 0.33088020705104393, "scale_probability": 0.21238768982194922, "rotation_probability": 0.7687929657957409, "pad_probability": 0.12051387912852585, "crop_lower": 0.062445241423699886, "crop_probability": 0.2438019817243482, "scale_lower": 0.7584763601446043, "vertical_flip": 0.17356140219876348, "scale_upper": 1.7029686948156706, "rotation_lower": -136, "pad_upper": 0.13190152373637432}, "train_history": {"val_loss": [2.4474109283447265, 2.553211268234253, 2.8394762367248534, 2.386095293426514, 2.576918853378296, 2.4942169960021974, 2.8795069847106936, 2.4655784240722656, 2.7625027557373047, 2.562526737976074, 2.8404217941284178, 2.749448965835571], "val_acc": [0.1014, 0.0996, 0.0996, 0.1017, 0.1005, 0.106, 0.1078, 0.1048, 0.1014, 0.1002, 0.0999, 0.0999], "loss": [2.2942940432291765, 2.2880164690506763, 2.286838539899924, 2.284627514771926, 2.2836524102932367, 2.282892997448261, 2.2821092177660036, 2.2817082710755177, 2.2803467290523725, 2.2804242020998244, 2.280265591083429, 2.2774237058101554], "acc": [0.11240484775641026, 0.1171875, 0.11916566506410256, 0.12036758814102565, 0.12184495192307693, 0.11828926282051282, 0.1181640625, 0.12179487179487179, 0.12091846955128205, 0.1200420673076923, 0.1217197516025641, 0.12109375]}, "used_budget": 737.6916635036469, "validation_error": 0.9001, "train_accuracy": 0.12109375}