{"augment": true, "train_accuracy": 0.12707832532051283, "validation_error": 0.8964, "train_history": {"acc": [0.11025140224358974, 0.1201171875, 0.12279647435897435, 0.12104366987179487, 0.1229717548076923, 0.12227063301282051, 0.12319711538461539, 0.12354767628205128, 0.12377303685897435, 0.12329727564102565, 0.12364783653846154, 0.12707832532051283], "val_loss": [2.576007091140747, 2.3596323081970216, 2.803669806289673, 2.5031049728393553, 2.740819358444214, 2.388060541534424, 2.5832693351745606, 3.5769314514160158, 2.349571580886841, 2.5414860080718995, 2.3918793506622316, 2.8264907161712647], "val_acc": [0.1032, 0.103, 0.1031, 0.1035, 0.1031, 0.1077, 0.0976, 0.1031, 0.1107, 0.1031, 0.1065, 0.1036], "loss": [2.2945513243858633, 2.2866502602895102, 2.2818583960716543, 2.2806886297005873, 2.280129063587922, 2.2795737706697903, 2.2796552731440616, 2.2775244743396073, 2.2781450672027392, 2.2784556463742867, 2.2776233981817198, 2.274629751841227]}, "used_budget": 732.8342037200928, "configs": {"vertical_flip": 0.4229020152766354, "pad_probability": 0.43694993611315414, "rotation_probability": 0.5182309591513903, "crop_lower": 0.08059763720667168, "horizontal_flip": 0.7441362042406356, "scale_upper": 1.2295529601098725, "crop_upper": 0.2097433277069859, "rotation_lower": -7, "scale_probability": 0.06914838761215403, "pad_upper": 0.14931193335409398, "rotation_upper": 131, "pad_lower": 0.08568531137743447, "crop_probability": 0.602919495406262, "scale_lower": 0.9098231011271173}}