{"validation_error": 0.9033, "configs": {"scale_lower": 0.8723803840581523, "rotation_probability": 0.49849620419402507, "pad_upper": 0.2794863632047285, "scale_upper": 1.745351769682462, "rotation_lower": -178, "pad_lower": 0.036046553346581904, "vertical_flip": 0.1184489162150153, "crop_upper": 0.21035960467206713, "crop_lower": 0.0017742566080536704, "rotation_upper": 12, "scale_probability": 0.8632143757648371, "crop_probability": 0.9736355107681249, "pad_probability": 0.5545071551403006, "horizontal_flip": 0.6910626958405806}, "augment": true, "used_budget": 752.0918610095978, "train_accuracy": 0.1053936298076923, "train_history": {"val_loss": [2.326229156112671, 2.6840058639526365, 2.4485356033325196, 2.2993328178405763, 2.4040842872619628, 3.577815168380737, 2.6341399520874025, 2.652122449493408, 2.951151512145996, 3.187473013305664, 2.697491153717041, 3.0562289402008056], "val_acc": [0.0959, 0.0959, 0.0963, 0.0956, 0.0962, 0.0959, 0.0962, 0.0968, 0.1, 0.0964, 0.0976, 0.0967], "loss": [2.3004150879688754, 2.2993494333365025, 2.2967887620131173, 2.2984681121813946, 2.297026175719041, 2.2955864247603293, 2.297458602831914, 2.295931482162231, 2.2965296774338455, 2.2960646068438506, 2.2956413810069742, 2.2956848396704745], "acc": [0.10454226762820513, 0.10551883012820513, 0.10759715544871795, 0.10997596153846154, 0.10536858974358974, 0.10639523237179487, 0.10526842948717949, 0.10912459935897435, 0.10694611378205128, 0.10594451121794872, 0.10506810897435898, 0.1053936298076923]}}