{"validation_error": 0.8965, "train_history": {"loss": [2.2863219747176537, 2.273507453692265, 2.269099390659577, 2.2693181931972504, 2.265238872705362, 2.2605731647748213, 2.258683365889085, 2.258388875386654, 2.257320700547634, 2.254988369269249, 2.2575487991174064, 2.253507035665023], "acc": [0.1219951923076923, 0.1282051282051282, 0.13208633814102563, 0.13033353365384615, 0.13408954326923078, 0.13388922275641027, 0.1339893830128205, 0.13469050480769232, 0.13346354166666666, 0.1372195512820513, 0.13701923076923078, 0.14002403846153846], "val_acc": [0.1004, 0.1001, 0.1005, 0.1088, 0.1001, 0.101, 0.1055, 0.1031, 0.1127, 0.1104, 0.1015, 0.1035], "val_loss": [2.393203903198242, 2.664847179412842, 2.7182449417114256, 2.5745039543151855, 2.690354822921753, 2.499427820587158, 2.565724545288086, 2.389963863372803, 2.5115820602416994, 2.345238963317871, 2.5049055114746093, 2.81012946395874]}, "train_accuracy": 0.14002403846153846, "augment": true, "configs": {"scale_upper": 1.2062377991742559, "rotation_lower": -167, "scale_lower": 0.89209770528675, "horizontal_flip": 0.28193244984061994, "scale_probability": 0.4545964767238163, "pad_lower": 0.08004039965413919, "pad_probability": 0.36878709301117096, "crop_lower": 0.04663551311543778, "crop_upper": 0.2722124474578861, "vertical_flip": 0.7508559469814863, "crop_probability": 0.20288805502661378, "rotation_probability": 0.0288283002778833, "rotation_upper": 31, "pad_upper": 0.146472331495244}, "used_budget": 656.5764787197113}