{"validation_error": 0.8926000000000001, "augment": true, "configs": {"scale_lower": 0.6151820014560918, "pad_lower": 0.06914026642403891, "crop_probability": 0.0017233663808753352, "crop_upper": 0.2206264493876925, "pad_upper": 0.23738623556101093, "vertical_flip": 0.8638008788845913, "rotation_lower": -137, "scale_upper": 1.5421388344616633, "pad_probability": 0.21743664518944683, "crop_lower": 0.05950794707447926, "rotation_probability": 0.24212241912893306, "horizontal_flip": 0.10200042813023524, "rotation_upper": 16, "scale_probability": 0.3029756037542961}, "train_accuracy": 0.15489783653846154, "train_history": {"val_loss": [2.4479407344818114, 2.358864380645752, 2.381972267150879, 2.4914852447509768, 2.431464191055298, 2.3897981441497804, 2.4090285202026367, 2.6325109897613523, 2.4593899917602537, 2.5861658378601073, 2.547293972015381, 2.5432128383636474], "val_acc": [0.1038, 0.1041, 0.1039, 0.1034, 0.1027, 0.1034, 0.1035, 0.1036, 0.1061, 0.1049, 0.1109, 0.1074], "loss": [2.282488178748351, 2.2654767617201195, 2.262352166267542, 2.259688670818622, 2.2499004059877152, 2.245088369418413, 2.2421377255366397, 2.2394724304859457, 2.2313450360909486, 2.23646371334027, 2.2303190934352384, 2.224930796867762], "acc": [0.12332231570512821, 0.1342648237179487, 0.1359425080128205, 0.13864683493589744, 0.14232772435897437, 0.14172676282051283, 0.14415564903846154, 0.1443309294871795, 0.1494140625, 0.1467598157051282, 0.14786157852564102, 0.15489783653846154]}, "used_budget": 661.5575044155121}