{"augment": true, "used_budget": 702.306066274643, "train_accuracy": 0.10822315705128205, "train_history": {"val_loss": [2.4182552612304686, 2.29878159866333, 2.485370257568359, 2.689054015350342, 2.320988117218018, 2.375539416885376, 3.050686452484131, 2.327569137573242, 2.4865993110656737, 2.461657112121582, 2.4053564697265624, 2.444684865570068], "val_acc": [0.1, 0.1212, 0.0998, 0.0996, 0.1048, 0.1034, 0.1014, 0.0927, 0.1067, 0.1007, 0.1034, 0.101], "acc": [0.10141225961538461, 0.10546875, 0.10627003205128205, 0.10424178685897435, 0.10546875, 0.10276442307692307, 0.11092748397435898, 0.10702123397435898, 0.1073467548076923, 0.10812299679487179, 0.10894931891025642, 0.10822315705128205], "loss": [2.2998274320211167, 2.299078788512792, 2.298188736805549, 2.297602512133427, 2.2981898242082353, 2.2983147471379013, 2.2962903815966387, 2.296783748345497, 2.296805183856915, 2.296828885873159, 2.2960316897966924, 2.296307602754006]}, "validation_error": 0.899, "configs": {"scale_probability": 0.9273616283839847, "pad_upper": 0.2789119546341381, "rotation_lower": -140, "crop_upper": 0.1591770079337365, "pad_probability": 0.28689561392674, "scale_upper": 1.4758821208802158, "rotation_probability": 0.8291527993670269, "crop_lower": 0.09506990283892351, "horizontal_flip": 0.12099055401033687, "pad_lower": 0.05869459362741391, "vertical_flip": 0.8927157034937234, "scale_lower": 0.7657406579964477, "crop_probability": 0.9381197816093475, "rotation_upper": 101}}