{"train_accuracy": 0.11971654647435898, "validation_error": 0.8988, "augment": true, "used_budget": 671.5596718788147, "configs": {"scale_probability": 0.3880775727772825, "pad_lower": 0.08744725226552658, "pad_upper": 0.18346326394872092, "crop_probability": 0.3425426633108527, "pad_probability": 0.4612274853228905, "scale_upper": 1.5852131646146308, "rotation_probability": 0.5607799704700827, "scale_lower": 0.9820191688317002, "crop_lower": 0.060206669687835085, "rotation_lower": -35, "rotation_upper": 170, "crop_upper": 0.13177483095582887, "horizontal_flip": 0.5259834031235245, "vertical_flip": 0.2575046802561062}, "train_history": {"acc": [0.1126552483974359, 0.1158603766025641, 0.11671173878205128, 0.1185146233974359, 0.1187900641025641, 0.12204527243589744, 0.11731270032051282, 0.11776342147435898, 0.1182391826923077, 0.1256260016025641, 0.11598557692307693, 0.11971654647435898], "val_loss": [2.577687368774414, 2.5026179504394532, 2.78419024810791, 2.7792317455291746, 3.4597243377685545, 3.1596281379699707, 2.618807829284668, 3.005816968154907, 2.6200201637268066, 3.4797967277526856, 3.2794012062072753, 3.035247889709473], "loss": [2.29464966746477, 2.2890431544719596, 2.2862783189003286, 2.2865007366889563, 2.2840307446626515, 2.2842582112703567, 2.284534353476304, 2.2824366367780247, 2.284210279966012, 2.2787498518442497, 2.282755848688957, 2.2821722580836368], "val_acc": [0.1012, 0.1012, 0.1011, 0.1011, 0.1012, 0.1011, 0.1012, 0.1011, 0.1011, 0.101, 0.101, 0.1012]}}