{"augment": true, "used_budget": 758.4999604225159, "validation_error": 0.9034, "configs": {"vertical_flip": 0.7140613553805695, "rotation_probability": 0.14684656692723763, "scale_probability": 0.9673090366010882, "scale_lower": 0.7825942368339309, "horizontal_flip": 0.5018244005439926, "crop_upper": 0.2699262153397072, "scale_upper": 1.36951654938686, "pad_probability": 0.8963242586040635, "rotation_upper": 8, "pad_lower": 0.006138338907192786, "crop_lower": 0.08506481625875008, "pad_upper": 0.19112930206625584, "crop_probability": 0.7431797807992858, "rotation_lower": -112}, "train_history": {"acc": [0.103515625, 0.10744691506410256, 0.10844851762820513, 0.10967548076923077, 0.10614483173076923, 0.10807291666666667, 0.10694611378205128, 0.10932491987179487, 0.10927483974358974, 0.11127804487179487, 0.10852363782051282, 0.11062700320512821], "val_loss": [2.4281991287231444, 2.472630828857422, 2.4225621742248533, 2.4487526905059815, 2.935187091827393, 2.3646601654052732, 2.3075615810394288, 2.733830541229248, 2.4226888610839845, 3.309338549041748, 2.889213391113281, 2.78880904006958], "loss": [2.299632794581927, 2.297940182380187, 2.2965864737828574, 2.295228200081067, 2.294970099742596, 2.294344981511434, 2.2932780255109835, 2.294183787627098, 2.2930909525125456, 2.293285248371271, 2.2929104887522183, 2.2931437958509493], "val_acc": [0.0968, 0.0969, 0.1023, 0.0971, 0.0968, 0.0975, 0.1211, 0.0969, 0.0968, 0.0967, 0.0968, 0.0966]}, "train_accuracy": 0.11062700320512821}