{"validation_error": 0.8994, "train_history": {"val_loss": [2.4236831272125245, 2.5806637252807616, 2.5194781761169436, 2.442148539352417, 2.491638198852539, 2.633055160522461, 3.6623650291442873, 2.730873400115967, 2.897586952972412, 2.763568776702881, 2.4828568809509277, 2.7450195724487303], "acc": [0.11583533653846154, 0.1217197516025641, 0.12422375801282051, 0.12212039262820513, 0.12399839743589744, 0.12963241185897437, 0.1252003205128205, 0.12652744391025642, 0.1294070512820513, 0.12898137019230768, 0.12702824519230768, 0.12878104967948717], "val_acc": [0.1003, 0.1006, 0.1012, 0.1029, 0.1004, 0.1011, 0.1002, 0.1007, 0.1003, 0.1008, 0.1013, 0.1006], "loss": [2.2945958184890256, 2.2850438616214652, 2.282529660524466, 2.279637327561012, 2.2774232962192635, 2.276295664982918, 2.2770266273082833, 2.2746714491110582, 2.274551999110442, 2.2729505460995894, 2.2737956024133243, 2.273761095908972]}, "configs": {"rotation_upper": 67, "crop_upper": 0.2500547476651971, "crop_probability": 0.6660544239544243, "pad_probability": 0.3347150022553912, "pad_lower": 0.08069463272772405, "scale_lower": 0.8931318299623283, "scale_probability": 0.12044694603438644, "rotation_lower": -142, "rotation_probability": 0.35478044127705455, "pad_upper": 0.10860023531577863, "scale_upper": 1.6198239064641053, "horizontal_flip": 0.8004920809340471, "crop_lower": 0.05573121650595614, "vertical_flip": 0.36121020107606083}, "used_budget": 731.2785446643829, "train_accuracy": 0.12878104967948717, "augment": true}