{"used_budget": 651.2252893447876, "configs": {"crop_lower": 0.0606784754076272, "scale_lower": 0.7379117653885197, "crop_probability": 0.4034219856769651, "horizontal_flip": 0.7465509442912476, "vertical_flip": 0.44189766588055235, "rotation_upper": 168, "pad_probability": 0.1266691213217559, "crop_upper": 0.15061137834081167, "pad_lower": 0.04036652107760738, "scale_probability": 0.12598394019472037, "rotation_lower": -54, "rotation_probability": 0.08441346054549548, "pad_upper": 0.10355331752790115, "scale_upper": 1.878476447180569}, "train_accuracy": 0.14916366185897437, "augment": true, "validation_error": 0.9018, "train_history": {"loss": [2.281743193284059, 2.265160173941881, 2.259123534728319, 2.256892280700879, 2.2496423492064843, 2.2470308351211057, 2.2466903183704767, 2.246280991114103, 2.241042048503191, 2.2379901798871846, 2.235933011158919, 2.2377201257607875], "acc": [0.12650240384615385, 0.13709435096153846, 0.13954827724358973, 0.14017427884615385, 0.14423076923076922, 0.14640925480769232, 0.1447315705128205, 0.14803685897435898, 0.1474609375, 0.14903846153846154, 0.1482872596153846, 0.14916366185897437], "val_loss": [2.376114122390747, 2.603348569488525, 2.987130392456055, 2.6747667755126954, 2.849057290649414, 3.2533256870269773, 2.66131116104126, 2.9334198421478273, 2.5614101417541506, 2.6168350410461425, 3.213452813720703, 2.9270738571166994], "val_acc": [0.1004, 0.1005, 0.1004, 0.1006, 0.1005, 0.0986, 0.0996, 0.1006, 0.1015, 0.1016, 0.0996, 0.0982]}}