{"train_accuracy": 0.11105268429487179, "used_budget": 699.9921255111694, "augment": true, "configs": {"scale_upper": 1.8866170062620011, "rotation_upper": 94, "crop_lower": 0.023939506081629026, "pad_upper": 0.2969594674650706, "rotation_probability": 0.7398709983310822, "pad_lower": 0.05790014540371489, "scale_probability": 0.8442939600192659, "rotation_lower": -115, "crop_probability": 0.8178861171936802, "horizontal_flip": 0.8989611985894032, "crop_upper": 0.10649850849560959, "scale_lower": 0.8824265917691257, "vertical_flip": 0.09661137002577169, "pad_probability": 0.23484855527442083}, "train_history": {"loss": [2.301039926516704, 2.299489915370941, 2.2980868892791944, 2.2982379159866233, 2.298585771750181, 2.2958596417537103, 2.295797119537989, 2.2947797370262637, 2.2953806114502444, 2.295392621022004, 2.2957083330704617, 2.295758381103858], "val_loss": [2.3000134174346925, 2.293640767669678, 2.391940715408325, 3.184364860534668, 2.3923210884094237, 2.5296988647460936, 2.57760477142334, 3.8415303401947023, 2.5044191230773927, 3.057318156814575, 5.204376710510254, 3.536178212738037], "acc": [0.1065204326923077, 0.10697115384615384, 0.10774739583333333, 0.10794771634615384, 0.10366586538461539, 0.1092998798076923, 0.10752203525641026, 0.10709635416666667, 0.10687099358974358, 0.10541866987179487, 0.10611979166666667, 0.11105268429487179], "val_acc": [0.128, 0.0975, 0.0973, 0.0973, 0.0973, 0.0973, 0.0973, 0.0973, 0.0973, 0.0973, 0.0973, 0.0973]}, "validation_error": 0.9027000000000001}