{"configs": {"scale_lower": 0.7018373278861176, "crop_lower": 5.473069842549805e-05, "scale_probability": 0.3851259684413779, "rotation_upper": 36, "pad_probability": 0.6912340900409067, "crop_upper": 0.17476925787824388, "crop_probability": 0.30106895071822026, "pad_lower": 0.06634467271562226, "rotation_probability": 0.7998500502986969, "pad_upper": 0.1126944431776219, "rotation_lower": -25, "scale_upper": 1.8212794623847977, "vertical_flip": 0.27202920803805597, "horizontal_flip": 0.21205579487415682}, "train_accuracy": 0.11500901442307693, "train_history": {"loss": [2.2965810008538075, 2.2915289990412884, 2.2909245773767815, 2.2895129926693745, 2.2870263075217223, 2.2870612335510745, 2.287170409392088, 2.2865878534622683, 2.28719209249203, 2.2870803834536138, 2.2851963218970175, 2.2862480725997534], "val_loss": [2.3725579078674315, 2.2942385986328127, 2.2942665969848632, 2.331847416687012, 2.4395020687103273, 3.085473642349243, 3.191234865570068, 2.5391148223876954, 3.555314949798584, 2.5131541870117187, 2.486106430053711, 2.7226356922149657], "val_acc": [0.0986, 0.1336, 0.1005, 0.0989, 0.0985, 0.0986, 0.0985, 0.0985, 0.0994, 0.1056, 0.1113, 0.1068], "acc": [0.10717147435897435, 0.11413261217948718, 0.11247996794871795, 0.111328125, 0.11368189102564102, 0.11493389423076923, 0.11258012820512821, 0.11520933493589744, 0.11285556891025642, 0.1122295673076923, 0.11470853365384616, 0.11500901442307693]}, "augment": true, "validation_error": 0.8932, "used_budget": 679.418860912323}