{"used_budget": 757.7236170768738, "validation_error": 0.8973, "train_history": {"val_loss": [2.412786722946167, 2.3473008377075195, 2.3577675094604493, 2.6863413524627684, 2.5096776657104494, 2.6956737022399904, 3.176251953125, 2.6979606884002685, 3.305626251220703, 3.2116100982666014, 3.190707962799072, 3.3190181690216063], "val_acc": [0.1042, 0.0995, 0.1005, 0.1004, 0.1013, 0.1057, 0.1066, 0.0976, 0.1049, 0.1018, 0.1006, 0.1027], "acc": [0.1064453125, 0.10466746794871795, 0.10584435096153846, 0.11107772435897435, 0.1060947516025641, 0.10889923878205128, 0.10982572115384616, 0.10960036057692307, 0.11145332532051282, 0.11170372596153846, 0.11002604166666667, 0.1122295673076923], "loss": [2.299754507266558, 2.2974243874733267, 2.2960836642827744, 2.2945987704472666, 2.295626406486218, 2.295062554188264, 2.293782115746767, 2.294572040820733, 2.29370633379007, 2.2929271161556244, 2.2939508182880206, 2.291757964170896]}, "augment": true, "train_accuracy": 0.1122295673076923, "configs": {"crop_upper": 0.1354279604945196, "crop_lower": 0.09729916461262605, "pad_upper": 0.19334757129736688, "scale_probability": 0.8998147419126107, "rotation_upper": 117, "pad_lower": 0.04589099560540033, "crop_probability": 0.9971424201136547, "vertical_flip": 0.07378296757139047, "scale_lower": 0.8960004533207534, "horizontal_flip": 0.7402849644159972, "pad_probability": 0.022296565799607704, "rotation_probability": 0.8173177894845373, "rotation_lower": -79, "scale_upper": 1.12702628826295}}