{"used_budget": 727.640052318573, "augment": true, "train_accuracy": 0.12943209134615385, "train_history": {"val_acc": [0.1043, 0.098, 0.106, 0.0952, 0.1004, 0.098, 0.0962, 0.0947, 0.1172, 0.0965, 0.1052, 0.0958], "val_loss": [2.375441291427612, 2.322479842376709, 2.347543872833252, 2.7311898567199706, 2.498400733947754, 2.6327098472595214, 2.658667181777954, 3.1785323570251465, 2.714434400177002, 2.658484493255615, 2.7239609870910644, 2.5093629917144775], "loss": [2.2929074374529033, 2.2812183934908647, 2.2755125829806695, 2.274283584111776, 2.2717749445866318, 2.2712218043131704, 2.2710626820723214, 2.271688326047017, 2.267598176613832, 2.2667794067126055, 2.2663464095347967, 2.2662973235815], "acc": [0.11833934294871795, 0.1211688701923077, 0.1294070512820513, 0.12750400641025642, 0.13176081730769232, 0.12963241185897437, 0.12893129006410256, 0.1296824919871795, 0.13361378205128205, 0.1321864983974359, 0.13025841346153846, 0.12943209134615385]}, "validation_error": 0.9042, "configs": {"scale_lower": 0.7481939229649162, "rotation_probability": 0.04106516411223482, "crop_probability": 0.657164482947741, "pad_lower": 0.01171834748632359, "scale_probability": 0.3461153130662057, "crop_lower": 0.07985493446693959, "crop_upper": 0.22521609561658357, "rotation_upper": 124, "scale_upper": 1.3233570235272452, "pad_probability": 0.3072883889891539, "pad_upper": 0.15254555950400306, "vertical_flip": 0.6766730827700207, "rotation_lower": -141, "horizontal_flip": 0.39560649217577837}}