{"validation_error": 0.9026, "augment": true, "train_accuracy": 0.13541666666666666, "configs": {"scale_lower": 0.7355745234756085, "vertical_flip": 0.15700068742515472, "pad_probability": 0.7159062381839224, "scale_probability": 0.33261661926984043, "crop_lower": 0.03977742614111934, "scale_upper": 1.4240581796767409, "crop_upper": 0.26459264952609496, "rotation_lower": -121, "pad_upper": 0.19249733524388632, "crop_probability": 0.28445218407850015, "rotation_upper": 59, "rotation_probability": 0.00019544490788447888, "horizontal_flip": 0.43499706249525916, "pad_lower": 0.08707999601528418}, "used_budget": 726.7058067321777, "train_history": {"loss": [2.287244889216545, 2.27364310163718, 2.2690449830813284, 2.2683273492715297, 2.264262761061008, 2.262774251210384, 2.2644413656149154, 2.2602976698141832, 2.2597625989180345, 2.256824329877511, 2.2616620598695216, 2.258868403923817], "acc": [0.1200420673076923, 0.12697816506410256, 0.13226161858974358, 0.12943209134615385, 0.13536658653846154, 0.13481570512820512, 0.13251201923076922, 0.13611778846153846, 0.13709435096153846, 0.13196113782051283, 0.1336388221153846, 0.13541666666666666], "val_loss": [2.3240679344177244, 2.713260343170166, 2.661111968231201, 2.7898501953125, 2.6533617515563965, 2.7530461967468263, 2.3507558769226073, 2.4707060035705566, 2.557152096939087, 2.7296709465026856, 2.625641013336182, 2.4293912548065184], "val_acc": [0.0995, 0.0969, 0.0976, 0.097, 0.1041, 0.0974, 0.0977, 0.1004, 0.0964, 0.0999, 0.0973, 0.0974]}}