{"configs": {"scale_probability": 0.5906645588548644, "horizontal_flip": 0.600556496411349, "pad_probability": 0.4656972705493573, "vertical_flip": 0.6066655166879849, "scale_upper": 1.6247842795720073, "rotation_lower": -172, "crop_upper": 0.1256886967529802, "rotation_upper": 38, "rotation_probability": 0.11988469993284623, "crop_probability": 0.11981985843686671, "scale_lower": 0.6315672997327898, "crop_lower": 0.0877520692342171, "pad_upper": 0.16011295303298217, "pad_lower": 0.05039616080363647}, "train_accuracy": 0.1255008012820513, "augment": true, "used_budget": 666.8005087375641, "validation_error": 0.9017, "train_history": {"val_acc": [0.0962, 0.0962, 0.096, 0.0963, 0.0963, 0.0962, 0.097, 0.0967, 0.0962, 0.0963, 0.0969, 0.0983], "acc": [0.11623597756410256, 0.1201171875, 0.12262119391025642, 0.12399839743589744, 0.12432391826923077, 0.12505008012820512, 0.12545072115384615, 0.1282051282051282, 0.12587640224358973, 0.12690304487179488, 0.13048377403846154, 0.1255008012820513], "val_loss": [2.677687240982056, 2.4895503952026368, 2.956229894256592, 3.2469991874694824, 3.324426901245117, 3.503236026763916, 2.45688041267395, 3.7378737564086912, 3.5832724151611326, 3.9165023696899413, 2.947086833190918, 2.8994787940979005], "loss": [2.290744321468549, 2.2848851459148602, 2.2799186423802986, 2.278663728481684, 2.2764229529943223, 2.274855207174252, 2.27465449541043, 2.2717959735638056, 2.2733772893746695, 2.2724524155641213, 2.2717643831020746, 2.269466070028452]}}