{"train_accuracy": 0.14152644230769232, "configs": {"pad_probability": 0.23825283979023193, "scale_probability": 0.14101805044989046, "crop_upper": 0.21816047991375792, "scale_upper": 1.1831525372384788, "scale_lower": 0.9448458932383599, "rotation_upper": 139, "rotation_probability": 0.2939090409538404, "rotation_lower": -152, "horizontal_flip": 0.19130773923794608, "pad_lower": 0.029103584178242825, "pad_upper": 0.24932610803985955, "crop_probability": 0.2866537124842854, "vertical_flip": 0.6379057835216448, "crop_lower": 0.054508226618889655}, "augment": true, "train_history": {"acc": [0.12507512019230768, 0.12818008814102563, 0.1311348157051282, 0.13549178685897437, 0.13649338942307693, 0.13391426282051283, 0.13679387019230768, 0.13726963141025642, 0.14022435897435898, 0.14102564102564102, 0.13932291666666666, 0.14152644230769232], "val_loss": [2.3843862674713137, 2.3369765678405763, 2.4024187999725344, 2.7956822170257567, 2.394881679534912, 3.089631307220459, 2.6549346900939943, 2.8796462787628174, 2.7933571380615234, 2.4535703689575197, 2.490865743255615, 2.553563752746582], "val_acc": [0.1036, 0.1003, 0.1012, 0.1002, 0.1017, 0.1002, 0.1003, 0.1005, 0.1016, 0.1045, 0.1031, 0.1029], "loss": [2.286367346843084, 2.2730683034811263, 2.2707113883434196, 2.2678926632954526, 2.2610350457521586, 2.262823359324382, 2.2584377382046137, 2.259172493830705, 2.255935176824912, 2.2533648021710224, 2.254691808651655, 2.2512222864688973]}, "used_budget": 744.3167231082916, "validation_error": 0.8971}