{"validation_error": 0.8996999999999999, "train_history": {"acc": [0.12016726762820513, 0.1255008012820513, 0.12868088942307693, 0.12835536858974358, 0.12655248397435898, 0.1262520032051282, 0.13048377403846154, 0.1306590544871795, 0.13186097756410256, 0.13436498397435898, 0.1318359375, 0.13586738782051283], "val_loss": [2.501099031829834, 2.366042423248291, 2.4373205493927004, 2.463644147491455, 2.50524036026001, 2.5686995979309084, 2.4784721923828124, 3.061047082519531, 2.615265589904785, 2.754849198913574, 2.5804330825805666, 2.9340098594665527], "loss": [2.287952258036687, 2.276631718262648, 2.2717613929357285, 2.2728045850228042, 2.269469058666474, 2.267020046710968, 2.2670076947945814, 2.2628273566563926, 2.261437640740321, 2.261010725528766, 2.260788517120557, 2.2593744656978507], "val_acc": [0.1002, 0.1002, 0.101, 0.1004, 0.1002, 0.1002, 0.1006, 0.1003, 0.1002, 0.1003, 0.1006, 0.1003]}, "augment": true, "used_budget": 731.4998240470886, "configs": {"scale_upper": 1.1867021470716232, "rotation_lower": -87, "scale_lower": 0.7393719502662752, "pad_probability": 0.2404556126254559, "vertical_flip": 0.4648268665313161, "crop_lower": 0.012898873000497725, "crop_upper": 0.12084514090707373, "rotation_probability": 0.5306213077922441, "pad_upper": 0.236974932987308, "scale_probability": 0.07320863344921436, "horizontal_flip": 0.8161750405609685, "pad_lower": 0.02798650447886889, "crop_probability": 0.08890408731297006, "rotation_upper": 84}, "train_accuracy": 0.13586738782051283}