{"augment": true, "train_history": {"val_loss": [2.29053876914978, 2.6890880233764647, 2.399196236419678, 2.460225007247925, 2.6197356094360353, 2.5722364334106445, 2.6308079872131347, 3.3930093963623045, 2.7178527122497558, 2.667148601913452, 2.5734959018707277, 2.714767282867432], "val_acc": [0.1021, 0.102, 0.1018, 0.1036, 0.1019, 0.1046, 0.1019, 0.102, 0.1026, 0.1025, 0.106, 0.0945], "loss": [2.2985877058444877, 2.2956594152328296, 2.2917746282540836, 2.2899513970582914, 2.291055243748885, 2.2886201357230163, 2.2885705882158036, 2.2886637961253142, 2.2886339089809318, 2.286747709298745, 2.2894293046914616, 2.2872355572688274], "acc": [0.11025140224358974, 0.11137820512820513, 0.11490885416666667, 0.1141826923076923, 0.11385717147435898, 0.11578525641025642, 0.11355669070512821, 0.11520933493589744, 0.11453325320512821, 0.11535957532051282, 0.11548477564102565, 0.11300580929487179]}, "train_accuracy": 0.11300580929487179, "configs": {"pad_lower": 0.06210344867413392, "pad_upper": 0.1784389290349793, "scale_upper": 1.8938167871899556, "rotation_upper": 135, "crop_upper": 0.23122246666431126, "rotation_lower": -174, "scale_probability": 0.3777619362968969, "pad_probability": 0.3480967881026713, "crop_lower": 0.0977702226260596, "rotation_probability": 0.5964459517309212, "crop_probability": 0.8149064413299077, "scale_lower": 0.8310107830484403, "horizontal_flip": 0.9902379674196068, "vertical_flip": 0.024450888920966807}, "used_budget": 743.73344373703, "validation_error": 0.9055}