{"validation_error": 0.9077, "used_budget": 766.9890327453613, "train_history": {"acc": [0.10702123397435898, 0.10426682692307693, 0.10674579326923077, 0.10747195512820513, 0.10369090544871795, 0.10629507211538461, 0.10404146634615384, 0.10629507211538461, 0.1073467548076923, 0.10687099358974358, 0.10687099358974358, 0.10657051282051282], "val_loss": [2.3626735103607177, 2.3650031398773192, 2.7911578731536864, 2.367653101348877, 2.5796699913024903, 2.326544758987427, 2.30140775680542, 2.4027992057800294, 2.3447863998413085, 2.3195721870422363, 2.344867151260376, 2.3245093879699708], "loss": [2.300394588556045, 2.299860471334213, 2.2983460258214903, 2.297820743842003, 2.2980760037899017, 2.2977718642124763, 2.2966100627031083, 2.2970439936870184, 2.297449381687702, 2.297557552655538, 2.2973029223772197, 2.2966011946017924], "val_acc": [0.1026, 0.0912, 0.0954, 0.0932, 0.0948, 0.077, 0.097, 0.0895, 0.0886, 0.1068, 0.0919, 0.0923]}, "configs": {"rotation_upper": 21, "crop_probability": 0.998476808534174, "horizontal_flip": 0.6252050789364877, "pad_upper": 0.2664362609642549, "scale_probability": 0.8319449959633315, "crop_upper": 0.29105085108932716, "rotation_probability": 0.9165968689175268, "pad_lower": 0.027808874798821083, "crop_lower": 0.04755481176703537, "scale_upper": 1.1339442755830715, "scale_lower": 0.5405453734046157, "vertical_flip": 0.9884732661267506, "pad_probability": 0.9426698300041336, "rotation_lower": -68}, "train_accuracy": 0.10657051282051282, "augment": true}