{"validation_error": 0.8996, "train_accuracy": 0.10303986378205128, "used_budget": 699.8437132835388, "augment": true, "configs": {"crop_lower": 0.027925359589072052, "horizontal_flip": 0.6488320354639039, "pad_upper": 0.24384581067985853, "scale_lower": 0.7109096511474757, "pad_probability": 0.2230717403821706, "rotation_probability": 0.7017017492113551, "scale_probability": 0.945790119504837, "scale_upper": 1.6453735132735, "vertical_flip": 0.32685318353459003, "rotation_upper": 118, "crop_upper": 0.28202833052682474, "crop_probability": 0.7446658391895944, "pad_lower": 0.0290501579500169, "rotation_lower": -47}, "train_history": {"val_loss": [2.355645819091797, 2.435515785598755, 2.3695405445098876, 2.503664482116699, 2.574144842147827, 2.542182041168213, 3.075632172393799, 3.00467131690979, 2.5142795902252195, 2.714875789642334, 2.97960538482666, 3.0851443962097167], "val_acc": [0.1013, 0.1009, 0.1016, 0.1004, 0.1006, 0.1009, 0.1006, 0.1004, 0.1007, 0.1004, 0.1004, 0.1004], "acc": [0.10278946314102565, 0.10374098557692307, 0.1067958733974359, 0.10556891025641026, 0.10564403044871795, 0.10642027243589744, 0.10319010416666667, 0.109375, 0.10469250801282051, 0.10494290865384616, 0.1055438701923077, 0.10303986378205128], "loss": [2.3000490436187158, 2.2999337208576693, 2.2992227459565187, 2.2989197189991293, 2.2977173848029895, 2.2987187657600794, 2.297842968732883, 2.2971011980985985, 2.2973232804200587, 2.2978087029395957, 2.297344813744227, 2.2978570583539133]}}