{"train_accuracy": 0.11310596955128205, "used_budget": 693.1045150756836, "configs": {"crop_probability": 0.8644487496475258, "crop_lower": 0.011588734444634909, "crop_upper": 0.13578878344141318, "scale_lower": 0.5108139060384638, "rotation_probability": 0.9116401828730595, "horizontal_flip": 0.7198660765429179, "pad_upper": 0.22546820154336653, "rotation_lower": -60, "scale_probability": 0.060937130525212546, "pad_probability": 0.17759359346505432, "pad_lower": 0.01768554273190295, "vertical_flip": 0.0071696160731459235, "scale_upper": 1.6230525396104851, "rotation_upper": 73}, "train_history": {"val_loss": [2.5888555503845216, 2.296674583435059, 2.3308240169525147, 2.3476325374603273, 2.5778195419311523, 2.4426900024414064, 2.959407792663574, 2.462106506347656, 2.4102127830505373, 2.5791401611328126, 2.6282551181793212, 2.3077416954040526], "val_acc": [0.0959, 0.1052, 0.0963, 0.0967, 0.0962, 0.0988, 0.0954, 0.1067, 0.1128, 0.0975, 0.0963, 0.1013], "loss": [2.2961239845324783, 2.2922440003126097, 2.290890712768604, 2.2895037623552175, 2.2871119670378857, 2.286865379565801, 2.2861556517772184, 2.2856907294346738, 2.28571707315934, 2.2854769138189464, 2.2847730693144674, 2.286413515989597], "acc": [0.11090244391025642, 0.11242988782051282, 0.11002604166666667, 0.11428285256410256, 0.11500901442307693, 0.11535957532051282, 0.11756310096153846, 0.11696213942307693, 0.11678685897435898, 0.11641125801282051, 0.11748798076923077, 0.11310596955128205]}, "augment": true, "validation_error": 0.8987}