{"validation_error": 0.8963, "augment": true, "train_history": {"val_loss": [2.294081051635742, 2.3579292877197267, 2.4480070762634276, 2.379203285980225, 3.1141572532653807, 3.2931851287841796, 2.5884448780059817, 3.109178909301758, 2.9067202072143554, 3.182391301727295, 2.723112531280518, 3.593377684020996], "val_acc": [0.1211, 0.1091, 0.1043, 0.1046, 0.1041, 0.1041, 0.1041, 0.1041, 0.1042, 0.1039, 0.104, 0.1037], "loss": [2.2917557610915256, 2.2838761462615085, 2.2828900752923427, 2.2779102944410763, 2.2782823336430087, 2.276748471535169, 2.276282718548408, 2.2752651541660995, 2.2759375174840293, 2.2744862605363894, 2.272960113409238, 2.271193638826028], "acc": [0.11280548878205128, 0.11989182692307693, 0.12397335737179487, 0.12467447916666667, 0.12412359775641026, 0.12454927884615384, 0.12429887820512821, 0.12202023237179487, 0.12149439102564102, 0.12292167467948718, 0.12802984775641027, 0.12682792467948717]}, "configs": {"scale_probability": 0.19405379438609183, "scale_lower": 0.8092923175018801, "pad_lower": 0.0825312416564082, "pad_upper": 0.21608558899768227, "pad_probability": 0.665572698400826, "vertical_flip": 0.2621216316477273, "crop_lower": 0.05764452880460175, "horizontal_flip": 0.9774224142440125, "rotation_lower": -178, "scale_upper": 1.7959334479701492, "rotation_upper": 111, "crop_upper": 0.2693666838968486, "rotation_probability": 0.446641315368174, "crop_probability": 0.20402687911393924}, "train_accuracy": 0.12682792467948717, "used_budget": 671.7453455924988}