{"validation_error": 0.9006, "configs": {"crop_probability": 0.2921504950794257, "pad_probability": 0.054648803203361296, "scale_upper": 1.2594969742998945, "rotation_upper": 73, "rotation_lower": -23, "rotation_probability": 0.8845599122378458, "crop_upper": 0.22809550870546794, "crop_lower": 0.029239975122139883, "scale_lower": 0.5377797155330257, "scale_probability": 0.45303606407437713, "pad_lower": 0.0906000751630508, "pad_upper": 0.20350247406168126, "vertical_flip": 0.9910056733005562, "horizontal_flip": 0.3784089967160281}, "augment": true, "train_accuracy": 0.11475861378205128, "train_history": {"val_loss": [2.6153816272735595, 2.4313500686645506, 2.338232208251953, 3.3478596069335937, 2.499369122314453, 2.809224193572998, 2.6727794719696045, 3.1410214557647707, 3.204389110183716, 3.0121701782226564, 2.930691619873047, 3.441845696258545], "acc": [0.11185396634615384, 0.11060196314102565, 0.11210436698717949, 0.11177884615384616, 0.11553485576923077, 0.11611077724358974, 0.11385717147435898, 0.11495893429487179, 0.11713741987179487, 0.11608573717948718, 0.11438301282051282, 0.11475861378205128], "loss": [2.295342187086741, 2.289891377473489, 2.28983151836273, 2.2883972021249623, 2.2872025278898387, 2.287053929689603, 2.2863578360814314, 2.286086317820427, 2.285553209292583, 2.2858323615330916, 2.2850719140126157, 2.2839776560282097], "val_acc": [0.0985, 0.101, 0.0991, 0.0985, 0.102, 0.0992, 0.0999, 0.0996, 0.095, 0.1012, 0.099, 0.0994]}, "used_budget": 742.5676410198212}