{"augment": true, "validation_error": 0.8976, "train_history": {"acc": [0.1129306891025641, 0.1200420673076923, 0.12267127403846154, 0.11751302083333333, 0.11861478365384616, 0.12089342948717949, 0.12287159455128205, 0.12106870993589744, 0.12131911057692307, 0.12094350961538461, 0.12224559294871795, 0.12154447115384616], "val_acc": [0.1024, 0.1025, 0.1026, 0.1025, 0.1023, 0.1024, 0.1026, 0.1022, 0.1029, 0.1025, 0.1023, 0.1024], "val_loss": [2.564376936340332, 3.8781207946777343, 2.695721343612671, 2.4076211418151856, 2.5264050510406495, 2.8291157196044923, 2.8828546566009523, 3.4717179634094237, 2.6769920433044434, 3.4503394233703615, 3.297142241668701, 4.253103079986572], "loss": [2.295436131648528, 2.2906307608653336, 2.286826124558082, 2.2843452439858365, 2.2856141466360826, 2.2840754229288835, 2.282591666930761, 2.282537575715627, 2.283032382910068, 2.280594859367762, 2.282306764370356, 2.2799187226173205]}, "train_accuracy": 0.12154447115384616, "configs": {"crop_probability": 0.9355263651521661, "vertical_flip": 0.5133866470692406, "crop_lower": 0.0980394302458142, "pad_probability": 0.5702566861213914, "rotation_probability": 0.2739513384007851, "horizontal_flip": 0.9975177261745294, "pad_upper": 0.20195778478530418, "scale_probability": 0.13059148701105483, "pad_lower": 0.0634112958655089, "scale_lower": 0.6594957374507577, "rotation_upper": 164, "scale_upper": 1.8272941578021307, "crop_upper": 0.258853631464645, "rotation_lower": -76}, "used_budget": 733.6060419082642}