{"train_history": {"acc": [0.10409154647435898, 0.11087740384615384, 0.11122796474358974, 0.10985076121794872, 0.11343149038461539, 0.1092998798076923, 0.11555989583333333, 0.11398237179487179, 0.11473357371794872, 0.11413261217948718, 0.11187900641025642, 0.11438301282051282], "val_loss": [2.401489864730835, 3.0404056285858156, 2.3261970100402833, 2.630517014312744, 3.0678958015441893, 4.358664596557618, 3.213046467590332, 2.815309412384033, 2.7262366477966307, 3.0190487411499025, 2.916056230163574, 3.835601662445068], "val_acc": [0.1015, 0.1012, 0.1019, 0.1013, 0.1012, 0.1012, 0.1014, 0.1013, 0.1013, 0.1035, 0.1025, 0.1013], "loss": [2.298826292539254, 2.2955118853312273, 2.295219974640088, 2.293945469917395, 2.291754567470306, 2.2925303272711925, 2.290239399824387, 2.2920918609851446, 2.289052031743221, 2.290571704124793, 2.291954890275613, 2.290080692523565]}, "validation_error": 0.8987, "augment": true, "train_accuracy": 0.11438301282051282, "configs": {"pad_lower": 0.05019956129813004, "scale_probability": 0.8727454565952223, "horizontal_flip": 0.9780550987344168, "crop_probability": 0.5673510888224637, "scale_lower": 0.8614772824693289, "crop_lower": 0.0778333536179057, "pad_probability": 0.05751893886147663, "rotation_lower": -106, "rotation_probability": 0.631590706472651, "crop_upper": 0.12145705066791537, "pad_upper": 0.1881496213699359, "rotation_upper": 137, "scale_upper": 1.3307884938260368, "vertical_flip": 0.5119183792683689}, "used_budget": 753.1654522418976}