{"used_budget": 686.2543394565582, "augment": true, "train_history": {"loss": [2.2981319710230217, 2.2956761763646054, 2.290796305124576, 2.2908861362017117, 2.2893397976190615, 2.289310689920034, 2.2903991372157364, 2.2891850601404142, 2.2899863987396927, 2.2898752032182155, 2.2878649884309525, 2.287701448568931], "val_acc": [0.1028, 0.1016, 0.1019, 0.1047, 0.1185, 0.1145, 0.1012, 0.1027, 0.1241, 0.1157, 0.1017, 0.1083], "val_loss": [2.314756085205078, 2.7447045196533204, 2.7832343383789064, 2.9791906978607177, 2.357570449066162, 2.358903242492676, 2.4326912498474123, 2.4771352474212645, 2.29432082901001, 2.2826344886779784, 2.6684811763763427, 2.7498473373413086], "acc": [0.10859875801282051, 0.111328125, 0.11012620192307693, 0.11155348557692307, 0.1143329326923077, 0.11538461538461539, 0.11360677083333333, 0.11150340544871795, 0.11388221153846154, 0.1109775641025641, 0.1148838141025641, 0.11135316506410256]}, "validation_error": 0.8917, "configs": {"pad_probability": 0.7136734222705918, "scale_lower": 0.9468193537026046, "horizontal_flip": 0.12810954041210665, "vertical_flip": 0.4717879196437226, "rotation_upper": 47, "crop_upper": 0.11464212496330371, "crop_lower": 0.07909387363938368, "pad_lower": 0.021764345782725084, "crop_probability": 0.9582975060774399, "pad_upper": 0.12350892587817974, "rotation_probability": 0.5435457914089281, "rotation_lower": -79, "scale_probability": 0.6511210032780977, "scale_upper": 1.2077425920353588}, "train_accuracy": 0.11135316506410256}