{"configs": {"rotation_upper": 55, "crop_upper": 0.296543475789092, "pad_probability": 0.17061984114215656, "crop_lower": 0.09792731212295457, "horizontal_flip": 0.4103181138009404, "scale_lower": 0.9693048048017958, "vertical_flip": 0.4448399194578412, "crop_probability": 0.8525628489858723, "pad_lower": 0.07077204513846484, "scale_probability": 0.25874168712184287, "rotation_probability": 0.4012737751972657, "rotation_lower": -8, "scale_upper": 1.9186090661534767, "pad_upper": 0.2290212894861015}, "used_budget": 669.7242429256439, "train_accuracy": 0.1171875, "train_history": {"val_acc": [0.1076, 0.1057, 0.1079, 0.1068, 0.1049, 0.1058, 0.1167, 0.1054, 0.1088, 0.1083, 0.1179, 0.1154], "acc": [0.11007612179487179, 0.11838942307692307, 0.11330629006410256, 0.1172626201923077, 0.11746294070512821, 0.11728766025641026, 0.11783854166666667, 0.1162860576923077, 0.11756310096153846, 0.11761318108974358, 0.11946614583333333, 0.1171875], "loss": [2.297788914961693, 2.293749084839454, 2.293326484087186, 2.2917546324240856, 2.2880144157470803, 2.2871507795957418, 2.289529201311943, 2.2875985472630234, 2.286922852962445, 2.285734781852135, 2.285164630565888, 2.2861957603540177], "val_loss": [2.3883934646606444, 2.4472333194732667, 2.429924060058594, 2.3463185497283936, 2.8161610778808592, 2.6359138221740723, 2.352041533279419, 3.5354535873413084, 2.5371524169921873, 2.5947662578582764, 2.3814242626190185, 2.712253229522705]}, "augment": true, "validation_error": 0.8846}