{"configs": {"scale_upper": 1.2682963229752904, "crop_upper": 0.258182234970215, "scale_lower": 0.6755611327920281, "vertical_flip": 0.7243961601528781, "pad_probability": 0.42609780866896474, "pad_upper": 0.10464160591795357, "crop_lower": 0.037845547817672125, "horizontal_flip": 0.7243326392918268, "scale_probability": 0.497075501367492, "rotation_probability": 0.36010196225160374, "pad_lower": 0.009749333018509776, "crop_probability": 0.9279448884605485, "rotation_lower": -59, "rotation_upper": 142}, "validation_error": 0.8994, "augment": true, "train_accuracy": 0.11723758012820513, "train_history": {"val_loss": [2.401378163909912, 2.5472161376953126, 2.307604856109619, 2.4394029510498045, 2.4496317657470703, 2.4994392303466797, 2.669539515686035, 2.316239944076538, 2.301194306945801, 2.4844810695648194, 2.721622898864746, 2.9554271240234375], "val_acc": [0.1003, 0.101, 0.1022, 0.1006, 0.101, 0.1015, 0.103, 0.1279, 0.1104, 0.1012, 0.1009, 0.1006], "loss": [2.2975237644635715, 2.293436674735485, 2.2912592620421677, 2.2912224187300754, 2.288291410757945, 2.2895215978989234, 2.28584887049137, 2.28723542430462, 2.286573039415555, 2.2857085122511935, 2.2859331522232447, 2.2855128133908296], "acc": [0.10757211538461539, 0.11247996794871795, 0.11092748397435898, 0.11283052884615384, 0.11593549679487179, 0.11385717147435898, 0.11861478365384616, 0.11528445512820513, 0.11951622596153846, 0.1172626201923077, 0.11380709134615384, 0.11723758012820513]}, "used_budget": 732.4433674812317}