{"configs": {"scale_probability": 0.3788858853868966, "rotation_upper": 91, "pad_upper": 0.112682850851513, "crop_upper": 0.20767827320068138, "vertical_flip": 0.34595867946657977, "crop_probability": 0.028153385003263365, "scale_upper": 1.0133546962241007, "rotation_probability": 0.12921197152748098, "scale_lower": 0.8571914047175427, "pad_probability": 0.7030282249907318, "pad_lower": 0.056291612983717855, "rotation_lower": -7, "crop_lower": 0.008030804987165985, "horizontal_flip": 0.4956194117925772}, "train_accuracy": 0.13446514423076922, "train_history": {"loss": [2.2854718329050603, 2.272064914306005, 2.2692415041801257, 2.269175480573605, 2.263224476423019, 2.2649508103346214, 2.261509678302667, 2.2572157917878566, 2.2594600105896974, 2.2593407844885802, 2.256475407343644, 2.256935798204862], "val_loss": [2.3145386840820312, 2.9487046520233156, 2.5417431907653807, 2.422408393096924, 2.5223175086975096, 2.311920666885376, 2.319878732299805, 2.558294176864624, 3.016319108581543, 2.4772011940002443, 2.6793829360961916, 2.4293356163024904], "val_acc": [0.1065, 0.0993, 0.0992, 0.0992, 0.0992, 0.0997, 0.1028, 0.099, 0.0989, 0.1018, 0.0992, 0.1001], "acc": [0.11841446314102565, 0.1300831330128205, 0.13221153846153846, 0.12965745192307693, 0.13444010416666666, 0.13278745993589744, 0.13479066506410256, 0.13479066506410256, 0.13436498397435898, 0.1360927483974359, 0.13501602564102563, 0.13446514423076922]}, "used_budget": 725.4994535446167, "validation_error": 0.8999, "augment": true}