{"augment": true, "train_history": {"acc": [0.10479266826923077, 0.10792267628205128, 0.11015124198717949, 0.11205428685897435, 0.11052684294871795, 0.11080228365384616, 0.10950020032051282, 0.11050180288461539, 0.10975060096153846, 0.10934995993589744, 0.10965044070512821, 0.11458333333333333], "loss": [2.2994621923336616, 2.2961619656819563, 2.2960880543941107, 2.296205836228835, 2.293984441420971, 2.293562669784595, 2.292376372294548, 2.2932910132102475, 2.2929602158375277, 2.292906782565973, 2.292993330038511, 2.289851907736216], "val_loss": [2.4262985828399657, 2.2907687118530276, 2.288398422241211, 2.3025897521972656, 3.3911841590881346, 2.5494863517761233, 2.317391485595703, 2.742527140045166, 3.0346026741027834, 2.609571584701538, 2.368371183013916, 2.6450163818359376], "val_acc": [0.0985, 0.1242, 0.1294, 0.0981, 0.0986, 0.099, 0.101, 0.099, 0.0988, 0.1114, 0.1027, 0.099]}, "train_accuracy": 0.11458333333333333, "configs": {"crop_probability": 0.3487302799156101, "scale_probability": 0.48878018140732293, "crop_lower": 0.04108769759855127, "rotation_probability": 0.9843523161509732, "pad_probability": 0.10763648409071391, "crop_upper": 0.23445815623530705, "horizontal_flip": 0.8213889158014654, "scale_upper": 1.7819459622594795, "vertical_flip": 0.5809059070947553, "pad_lower": 0.056205548890349316, "rotation_lower": -22, "rotation_upper": 56, "scale_lower": 0.9455986358919793, "pad_upper": 0.21849437599396682}, "validation_error": 0.901, "used_budget": 672.7142038345337}