{"validation_error": 0.9008, "augment": true, "configs": {"crop_probability": 0.39743032720580407, "vertical_flip": 0.01349080648178591, "scale_upper": 1.053033472660875, "crop_lower": 0.0038997686693005074, "scale_probability": 0.4821303857503343, "pad_probability": 0.958004725879264, "rotation_probability": 0.8546806815361787, "rotation_upper": 174, "pad_upper": 0.2603265607476756, "rotation_lower": -61, "horizontal_flip": 0.8165889023806124, "scale_lower": 0.7950805686124212, "crop_upper": 0.273059387182673, "pad_lower": 0.07693584120775462}, "train_history": {"acc": [0.10516826923076923, 0.10990084134615384, 0.10699619391025642, 0.11177884615384616, 0.11220452724358974, 0.11187900641025642, 0.11182892628205128, 0.10982572115384616, 0.11120292467948718, 0.11147836538461539, 0.11095252403846154, 0.11273036858974358], "val_loss": [2.3291762168884276, 2.340573885345459, 2.7175906562805174, 2.379843884277344, 2.4661810356140137, 2.5429269412994384, 4.856038145446777, 4.2628670509338376, 3.3340201324462893, 2.5976703689575196, 2.8197081005096436, 3.0524833892822265], "loss": [2.2989208002885184, 2.2948040587779803, 2.2946969331839147, 2.2941836271530542, 2.292448104956211, 2.291702178808359, 2.2927014873578, 2.292431178001257, 2.290402034154305, 2.292040549791776, 2.291193175774354, 2.2907294371189217], "val_acc": [0.0993, 0.113, 0.0992, 0.0994, 0.1024, 0.1008, 0.0993, 0.0992, 0.0999, 0.0999, 0.0993, 0.0992]}, "used_budget": 758.9232521057129, "train_accuracy": 0.11273036858974358}