{"validation_error": 0.8905, "train_history": {"val_loss": [2.344578394699097, 2.3425937198638915, 2.5282170696258546, 2.987801141357422, 3.0634765464782716, 2.451223783111572, 2.354805009841919, 2.2821696239471434, 2.268993672943115, 3.0548445701599123, 2.3429087059020994, 2.3205880691528322], "loss": [2.294254877628424, 2.2891478660779123, 2.2853002823316135, 2.286157799072755, 2.2863195676069994, 2.285798109494723, 2.2851434296522384, 2.283285757670036, 2.2824248786155996, 2.2824996197834992, 2.2817744933641873, 2.2832187093221226], "acc": [0.11100260416666667, 0.11593549679487179, 0.1190655048076923, 0.12006710737179487, 0.1172626201923077, 0.11493389423076923, 0.1155849358974359, 0.12071814903846154, 0.11606069711538461, 0.11881510416666667, 0.11964142628205128, 0.1141826923076923], "val_acc": [0.1018, 0.1052, 0.1025, 0.1014, 0.1032, 0.1052, 0.1038, 0.1109, 0.1143, 0.1018, 0.1138, 0.1095]}, "configs": {"crop_probability": 0.37585462961193494, "scale_probability": 0.3834786434190922, "horizontal_flip": 0.35696217554299925, "scale_upper": 1.2246353832382582, "rotation_upper": 65, "pad_upper": 0.29528639753412544, "pad_probability": 0.674174933684642, "vertical_flip": 0.03448896463274587, "crop_lower": 0.05974817125396449, "pad_lower": 0.051977428628189604, "rotation_probability": 0.5737596633843938, "rotation_lower": -107, "crop_upper": 0.23171724700036778, "scale_lower": 0.7032146990898864}, "augment": true, "train_accuracy": 0.1141826923076923, "used_budget": 662.7328915596008}