{"used_budget": 761.7585575580597, "validation_error": 0.8905, "train_history": {"val_loss": [2.2944989555358886, 2.332605196762085, 2.310619551086426, 2.6406309631347655, 2.9807760330200197, 2.6164972606658936, 6.232368978881836, 2.557171433258057, 2.6215112312316893, 4.556066088104248, 3.75439686126709, 2.6574145950317383], "val_acc": [0.1213, 0.0983, 0.1019, 0.0984, 0.0997, 0.0985, 0.0983, 0.0983, 0.0982, 0.0984, 0.1057, 0.1095], "loss": [2.3001447992447095, 2.2981234735403304, 2.2979712127110896, 2.2975819966731925, 2.2964804065533175, 2.2973620219108386, 2.2956511920843368, 2.2963055937718124, 2.296715865532557, 2.2962770813550706, 2.2959351058189688, 2.2957287965676723], "acc": [0.10211338141025642, 0.10421674679487179, 0.1063701923076923, 0.10611979166666667, 0.10647035256410256, 0.10799779647435898, 0.10667067307692307, 0.10799779647435898, 0.10541866987179487, 0.10982572115384616, 0.10859875801282051, 0.10849859775641026]}, "configs": {"crop_lower": 0.09993706724714008, "horizontal_flip": 0.7570425997028755, "scale_probability": 0.9088006630764349, "rotation_upper": 98, "pad_upper": 0.24092859726466623, "scale_lower": 0.7566851537408114, "scale_upper": 1.246118751201601, "pad_probability": 0.9536153510374042, "vertical_flip": 0.4435400623188377, "rotation_probability": 0.7321177216304279, "crop_upper": 0.2866953651851112, "crop_probability": 0.5026151831478788, "pad_lower": 0.08145075711234433, "rotation_lower": -94}, "train_accuracy": 0.10849859775641026, "augment": true}