{"train_history": {"loss": [2.2885236763037167, 2.275870294907154, 2.269405187704624, 2.2649098940384693, 2.263198578969026, 2.2612839111915, 2.2630477188489375, 2.257028123507133, 2.257531021650021, 2.254930336505939, 2.256621786417105, 2.2552324495254417], "val_loss": [2.370661779785156, 2.8433155494689943, 2.3877214904785156, 2.6720885292053222, 2.350509055328369, 2.6734164237976072, 2.805135063934326, 3.5095185234069826, 2.774112254333496, 2.8457654006958006, 3.2461583419799807, 3.237509593963623], "val_acc": [0.1213, 0.0982, 0.0987, 0.0985, 0.1005, 0.0982, 0.0998, 0.0985, 0.0987, 0.0961, 0.0988, 0.0987], "acc": [0.11991686698717949, 0.13018329326923078, 0.13068409455128205, 0.13403946314102563, 0.1352413862179487, 0.13726963141025642, 0.13466546474358973, 0.1420773237179487, 0.13962339743589744, 0.14059995993589744, 0.13954827724358973, 0.13844651442307693]}, "augment": true, "train_accuracy": 0.13844651442307693, "validation_error": 0.9013, "configs": {"pad_lower": 0.04009323159534653, "crop_probability": 0.5822326559233494, "vertical_flip": 0.5823773689438699, "rotation_probability": 0.06486291552984158, "pad_upper": 0.12728690218135663, "rotation_lower": -150, "pad_probability": 0.37880050467724125, "scale_upper": 1.8751960679159558, "horizontal_flip": 0.24319377581351798, "crop_lower": 0.08499603194021056, "scale_probability": 0.17937086546639236, "rotation_upper": 77, "crop_upper": 0.1301820364482398, "scale_lower": 0.8117254326872939}, "used_budget": 728.2041804790497}