{"augment": true, "train_history": {"acc": [0.1112530048076923, 0.12051782852564102, 0.11543469551282051, 0.11445813301282051, 0.1181640625, 0.12079326923076923, 0.11806390224358974, 0.11944110576923077, 0.11778846153846154, 0.11813902243589744, 0.12186999198717949, 0.12329727564102565], "val_loss": [2.4254874904632566, 2.47472900390625, 2.5832382415771487, 2.9995482467651366, 2.7533655380249025, 2.4710495052337644, 2.5783497695922852, 2.915421997833252, 2.896555830383301, 2.8956930126190183, 2.5889963523864745, 2.7711332874298096], "val_acc": [0.0995, 0.1128, 0.0998, 0.1043, 0.1009, 0.1122, 0.1113, 0.1068, 0.1041, 0.1069, 0.1034, 0.1081], "loss": [2.292402696151, 2.2833628226549196, 2.282800575861564, 2.2815904021263123, 2.279482955351854, 2.279383204686336, 2.280222530548389, 2.2758171199223933, 2.279404553847435, 2.277137510287456, 2.2753664392691393, 2.273056615621616]}, "validation_error": 0.8919, "train_accuracy": 0.12329727564102565, "used_budget": 736.8164775371552, "configs": {"crop_probability": 0.40468398450962817, "scale_probability": 0.8581679426757624, "pad_lower": 0.08440413119361959, "rotation_upper": 41, "crop_lower": 0.011207705231729793, "rotation_lower": -166, "rotation_probability": 0.23943108050272555, "pad_upper": 0.137572944666209, "pad_probability": 0.41533462941976484, "scale_lower": 0.9447076242293815, "scale_upper": 1.0857101088895664, "crop_upper": 0.11973734614796293, "vertical_flip": 0.11152905641726185, "horizontal_flip": 0.05972625614560745}}