{"train_history": {"val_acc": [0.0946, 0.1055, 0.1076, 0.1076, 0.1101, 0.1139, 0.1075, 0.1106, 0.111, 0.1101, 0.1091, 0.1104], "val_loss": [2.367021908569336, 2.41650951461792, 2.3073225364685057, 2.936755089187622, 3.2447235584259033, 2.45258233833313, 2.639111180114746, 2.676727359390259, 2.572234482192993, 2.789597287368774, 2.944896980667114, 2.9481703720092773], "acc": [0.11713741987179487, 0.12454927884615384, 0.12950721153846154, 0.12685296474358973, 0.13273737980769232, 0.13068409455128205, 0.13386418269230768, 0.1314853766025641, 0.1334385016025641, 0.13258713942307693, 0.13782051282051283, 0.13711939102564102], "loss": [2.289722353219986, 2.2800782949496536, 2.274880729424648, 2.2716216215720544, 2.266154103554212, 2.2642353711984096, 2.2657261124024024, 2.2616502184134264, 2.2620996297934117, 2.260928269380178, 2.259222400494111, 2.2602071112547164]}, "used_budget": 736.4828813076019, "augment": true, "configs": {"rotation_upper": 145, "scale_lower": 0.8005278543091561, "rotation_probability": 0.004331520538183531, "pad_upper": 0.1931613243748294, "crop_upper": 0.15722501088990978, "scale_probability": 0.5295708958216088, "horizontal_flip": 0.9379500839641614, "vertical_flip": 0.5657829364366492, "pad_probability": 0.13552979960745004, "scale_upper": 1.2968936642138171, "pad_lower": 0.07630736004208198, "crop_probability": 0.4040451315035777, "rotation_lower": -35, "crop_lower": 0.09096452063944128}, "train_accuracy": 0.13711939102564102, "validation_error": 0.8896}