{"configs": {"crop_probability": 0.23025546395209173, "scale_probability": 0.9144028222680766, "rotation_lower": -159, "crop_upper": 0.2744349399199799, "scale_upper": 1.60896046838175, "rotation_probability": 0.9876921143519728, "crop_lower": 0.03795922269976082, "vertical_flip": 0.33285588832574853, "horizontal_flip": 0.6722076821410307, "pad_lower": 0.026354761031769747, "rotation_upper": 167, "scale_lower": 0.6449944535926101, "pad_probability": 0.35710731154161446, "pad_upper": 0.23593837670363152}, "train_history": {"val_loss": [2.8754912155151366, 2.3468556037902832, 2.374129724884033, 2.4687172973632814, 2.4486902709960936, 2.425495919418335, 2.6188738815307615, 2.626566800689697, 2.5519778327941895, 3.0831231994628907, 2.459218296432495, 2.9222277439117432], "val_acc": [0.0981, 0.098, 0.1052, 0.0982, 0.0979, 0.0982, 0.0987, 0.1018, 0.1032, 0.1021, 0.1018, 0.1025], "loss": [2.3010085286238255, 2.2992335840677605, 2.2982355814713697, 2.2981553169397206, 2.297177877945778, 2.2961892004196462, 2.2970211582306104, 2.2968127666375575, 2.294448339022123, 2.295704580270327, 2.2967579999031167, 2.296071525567617], "acc": [0.10672075320512821, 0.11012620192307693, 0.10714643429487179, 0.10526842948717949, 0.10767227564102565, 0.10864883814102565, 0.10852363782051282, 0.11077724358974358, 0.11318108974358974, 0.10987580128205128, 0.10990084134615384, 0.10682091346153846]}, "augment": true, "validation_error": 0.8975, "train_accuracy": 0.10682091346153846, "used_budget": 693.9298942089081}