{"configs": {"vertical_flip": 0.13732943338447423, "pad_probability": 0.21321205581989, "pad_upper": 0.23444600480881805, "crop_lower": 0.08560749670981987, "scale_probability": 0.7735491751009212, "rotation_lower": -67, "pad_lower": 0.06514089848181841, "scale_upper": 1.4300647454015833, "crop_probability": 0.12761543854529167, "crop_upper": 0.1173480305066935, "horizontal_flip": 0.3981220691632614, "rotation_probability": 0.007159963973557226, "rotation_upper": 162, "scale_lower": 0.57302694153478}, "augment": true, "used_budget": 649.5968282222748, "train_accuracy": 0.12419871794871795, "validation_error": 0.8929, "train_history": {"loss": [2.290329261468007, 2.283999909193088, 2.277667150283471, 2.277364970781864, 2.2770418914464803, 2.276741460347787, 2.2709611852963767, 2.27279346035077, 2.2710836682564173, 2.271487051095718, 2.269880556143247, 2.269197879693447], "val_loss": [2.3797037582397462, 2.546356929016113, 2.6497240516662597, 2.483273695755005, 3.0024399703979494, 2.657470894622803, 3.2979258861541747, 2.799292657470703, 3.233822846984863, 3.3938346088409426, 2.5148310913085936, 2.946194066619873], "val_acc": [0.1031, 0.1028, 0.1027, 0.1, 0.1029, 0.0944, 0.099, 0.1012, 0.0993, 0.1073, 0.1003, 0.1071], "acc": [0.11458333333333333, 0.11946614583333333, 0.1240234375, 0.12274639423076923, 0.12244591346153846, 0.12202023237179487, 0.1264523237179487, 0.12314703525641026, 0.12615184294871795, 0.12602664262820512, 0.1243739983974359, 0.12419871794871795]}}