{"train_accuracy": 0.10940004006410256, "configs": {"rotation_lower": -144, "scale_probability": 0.8860283247065958, "pad_upper": 0.10586870254709296, "rotation_upper": 5, "pad_probability": 0.5017896157044949, "crop_lower": 0.019348061328882518, "pad_lower": 0.013255823112451316, "rotation_probability": 0.9190206733975503, "vertical_flip": 0.38511155427556054, "horizontal_flip": 0.1931199665889748, "scale_upper": 1.3783692296474421, "scale_lower": 0.8175295299685919, "crop_probability": 0.09134139624111204, "crop_upper": 0.11159444677662418}, "used_budget": 752.1587448120117, "augment": true, "train_history": {"loss": [2.299488535294166, 2.297623314918616, 2.295742785319304, 2.2945742706457772, 2.2941023248892565, 2.2949076753396254, 2.295175138192299, 2.2916868031024933, 2.2932599515486984, 2.2924884313192124, 2.2926387519408493, 2.291103619031417], "acc": [0.10789763621794872, 0.10657051282051282, 0.1070713141025641, 0.10927483974358974, 0.10987580128205128, 0.10867387820512821, 0.10960036057692307, 0.10992588141025642, 0.11020132211538461, 0.11155348557692307, 0.11162860576923077, 0.10940004006410256], "val_loss": [2.3134974575042726, 2.3563545665740966, 2.4177037315368652, 3.2829755313873292, 2.9923453235626223, 2.309151691436768, 2.470738279724121, 2.4741288146972655, 2.3488876762390136, 2.471525045013428, 2.3867328842163085, 2.8847739498138427], "val_acc": [0.1015, 0.1018, 0.102, 0.1024, 0.1016, 0.1074, 0.1017, 0.1029, 0.104, 0.1134, 0.1099, 0.1022]}, "validation_error": 0.8978}