{"augment": true, "train_history": {"val_loss": [2.500181900024414, 2.756091078186035, 2.311559191131592, 3.656329328918457, 2.7089142421722414, 3.0038437889099123, 2.4769767700195313, 3.3799121124267577, 2.673847657394409, 2.9351965187072753, 2.4967258918762205, 2.6857503330230714], "acc": [0.11791366185897435, 0.12349759615384616, 0.12505008012820512, 0.12282151442307693, 0.12472455929487179, 0.12833032852564102, 0.12364783653846154, 0.12384815705128205, 0.1252754407051282, 0.12980769230769232, 0.1282051282051282, 0.1282802483974359], "loss": [2.2935452438317814, 2.2857848000832095, 2.281823251491938, 2.280179791725599, 2.277833029245719, 2.2786535215683474, 2.2767851383258133, 2.278318541936385, 2.276228563907819, 2.27411035161752, 2.272971735550807, 2.272967654925126], "val_acc": [0.1022, 0.1022, 0.1044, 0.1017, 0.0997, 0.1017, 0.136, 0.1025, 0.1043, 0.1027, 0.1009, 0.1028]}, "used_budget": 725.6959443092346, "train_accuracy": 0.1282802483974359, "configs": {"rotation_probability": 0.006850585405374088, "vertical_flip": 0.48066816095235276, "scale_probability": 0.24032599073789218, "rotation_upper": 139, "rotation_lower": -82, "crop_upper": 0.21680796468200722, "horizontal_flip": 0.739092749459737, "crop_lower": 0.09525462803410761, "crop_probability": 0.7035534672804893, "scale_upper": 1.7596423404933264, "pad_probability": 0.9507599259962805, "pad_lower": 0.020343602003774486, "pad_upper": 0.2669544406246615, "scale_lower": 0.583515368169673}, "validation_error": 0.8972}