{"augment": true, "validation_error": 0.8985, "used_budget": 745.396734714508, "train_history": {"val_loss": [2.339908431625366, 2.398055531311035, 2.6011420864105226, 3.1705737213134766, 2.53717723197937, 3.8183429386138914, 3.2251274627685547, 3.2945537448883058, 2.5610237171173096, 3.6658002777099608, 2.728416180419922, 2.895291946411133], "val_acc": [0.1019, 0.0934, 0.1015, 0.1016, 0.1018, 0.1016, 0.1015, 0.1015, 0.1016, 0.1015, 0.1016, 0.1015], "acc": [0.10669571314102565, 0.11245492788461539, 0.11438301282051282, 0.11576021634615384, 0.11212940705128205, 0.11588541666666667, 0.11593549679487179, 0.11803886217948718, 0.1171123798076923, 0.11886518429487179, 0.11571013621794872, 0.1172626201923077], "loss": [2.296170066564511, 2.2929371343209195, 2.2912557125091553, 2.2901076896068377, 2.2885078887144723, 2.287032765455735, 2.288868168989817, 2.285744769450946, 2.28498637676239, 2.2847183912228317, 2.28749828460889, 2.283997266720503]}, "configs": {"pad_lower": 0.024855732325450287, "pad_upper": 0.17949387591373347, "rotation_upper": 32, "horizontal_flip": 0.7703036326727337, "vertical_flip": 0.7723408345255763, "crop_lower": 0.06953596101388174, "rotation_lower": -161, "rotation_probability": 0.29085057357193755, "scale_upper": 1.7219272679404791, "scale_probability": 0.56043471050487, "crop_probability": 0.4826981433218668, "pad_probability": 0.9576788251511803, "scale_lower": 0.7216182972441781, "crop_upper": 0.2602341688616713}, "train_accuracy": 0.1172626201923077}