{"train_accuracy": 0.10879907852564102, "used_budget": 748.9929521083832, "train_history": {"acc": [0.10221354166666667, 0.10709635416666667, 0.1074969951923077, 0.10927483974358974, 0.10714643429487179, 0.10481770833333333, 0.10504306891025642, 0.10934995993589744, 0.11150340544871795, 0.10942508012820513, 0.11147836538461539, 0.10879907852564102], "val_acc": [0.1114, 0.0986, 0.0984, 0.0991, 0.1054, 0.098, 0.0968, 0.0995, 0.1025, 0.1265, 0.0897, 0.0972], "loss": [2.3000238285614896, 2.298883385383166, 2.297658833173605, 2.2956749346011724, 2.2952631284029055, 2.295806106084432, 2.2937218844890594, 2.2940191939855232, 2.293456712594399, 2.294325650502474, 2.292134009110622, 2.2923244413657065], "val_loss": [2.386983504486084, 2.4327330635070803, 2.4553866035461427, 2.6214932106018067, 2.7792004989624024, 2.543185341644287, 4.108303477478027, 2.6057126220703126, 2.835883423233032, 2.345622142028809, 3.6561497535705567, 4.362755844116211]}, "validation_error": 0.9028, "augment": true, "configs": {"scale_lower": 0.8046011129666356, "rotation_probability": 0.5502938351264897, "vertical_flip": 0.1063124809690228, "rotation_upper": 135, "scale_upper": 1.9815858564163138, "scale_probability": 0.8740060408046222, "pad_probability": 0.11895950734990601, "crop_upper": 0.2055854856811266, "pad_upper": 0.27616535144759224, "pad_lower": 0.046457215829613555, "crop_probability": 0.31344161300062545, "rotation_lower": -63, "crop_lower": 0.09270333522680502, "horizontal_flip": 0.9445008758147471}}