{"validation_error": 0.9023, "used_budget": 739.5311195850372, "train_accuracy": 0.12422375801282051, "augment": true, "configs": {"scale_upper": 1.528335404346403, "vertical_flip": 0.4920982460328871, "crop_upper": 0.2464812777507359, "horizontal_flip": 0.9477808785914908, "pad_probability": 0.6064566819830084, "pad_lower": 0.033830794259957, "pad_upper": 0.22655432722363325, "rotation_upper": 109, "crop_probability": 0.6053611860429168, "crop_lower": 0.0727896283482441, "rotation_lower": -79, "scale_probability": 0.4066707146843054, "scale_lower": 0.5755904044642606, "rotation_probability": 0.06151923423842365}, "train_history": {"val_loss": [2.3078475467681883, 2.495327458190918, 2.396209252166748, 2.3960253807067873, 3.053583113861084, 2.7712715858459473, 3.473930712890625, 2.416770708847046, 2.4850527824401856, 2.740047132110596, 2.5728358238220217, 2.4723892250061037], "val_acc": [0.0971, 0.0965, 0.0988, 0.0969, 0.0965, 0.0965, 0.0966, 0.097, 0.0977, 0.0967, 0.0966, 0.0977], "loss": [2.2958875718789225, 2.288108385526217, 2.2838502457508674, 2.280850682503138, 2.2786929469842176, 2.2778238356113434, 2.2790230191670933, 2.2770979473224053, 2.2776079116723476, 2.2756002728755655, 2.2729088236124086, 2.2760816048353147], "acc": [0.1168369391025641, 0.11653645833333333, 0.12239583333333333, 0.12061798878205128, 0.12332231570512821, 0.123046875, 0.12635216346153846, 0.12622696314102563, 0.12700320512820512, 0.12442407852564102, 0.1279296875, 0.12422375801282051]}}