{"validation_error": 0.9029, "augment": true, "train_history": {"val_acc": [0.0979, 0.0976, 0.0973, 0.0983, 0.0971, 0.0974, 0.097, 0.0979, 0.097, 0.0973, 0.0979, 0.0971], "loss": [2.2931987834282412, 2.2893449992705612, 2.2874054549596248, 2.283299689109509, 2.284424223960974, 2.2835555336414237, 2.2831527025271683, 2.2819621501824794, 2.278181804296298, 2.2790678090009933, 2.2805030819697256, 2.2787180970876646], "val_loss": [2.769436170196533, 2.542934259033203, 3.3002016304016113, 2.3750243774414064, 3.062473637390137, 2.61300553894043, 2.7399197532653807, 2.593172410583496, 2.906404753112793, 2.456659800338745, 3.086449789428711, 3.4980026641845705], "acc": [0.11360677083333333, 0.11448317307692307, 0.11723758012820513, 0.12159455128205128, 0.11856470352564102, 0.12334735576923077, 0.11894030448717949, 0.11811398237179487, 0.12439903846153846, 0.12557592147435898, 0.12076822916666667, 0.12755408653846154]}, "train_accuracy": 0.12755408653846154, "configs": {"horizontal_flip": 0.8672584225169981, "crop_probability": 0.341584821691888, "scale_probability": 0.013751798954186656, "rotation_lower": -86, "pad_upper": 0.18048143236946876, "pad_probability": 0.9524170373450631, "scale_lower": 0.614095878876753, "crop_lower": 0.03477788654401363, "crop_upper": 0.2636050070680378, "rotation_upper": 131, "scale_upper": 1.4317046374918876, "vertical_flip": 0.1725072403446456, "rotation_probability": 0.6205251647700502, "pad_lower": 0.014477578728399498}, "used_budget": 663.6978013515472}