{"augment": true, "train_accuracy": 0.10844851762820513, "train_history": {"loss": [2.2980245565756774, 2.295912844248307, 2.2942698422150736, 2.2945370956873283, 2.294543063029265, 2.2951092360875545, 2.291080069847596, 2.2920929063589144, 2.291930084809279, 2.2919821181358437, 2.2908184849298916, 2.2911975979804993], "acc": [0.1051181891025641, 0.10977564102564102, 0.10521834935897435, 0.1097255608974359, 0.11360677083333333, 0.1083984375, 0.11105268429487179, 0.10834835737179487, 0.11067708333333333, 0.1129306891025641, 0.11190404647435898, 0.10844851762820513], "val_loss": [2.6684521667480467, 2.2937790439605714, 2.34979723739624, 2.3668517013549804, 2.644008751296997, 2.390829984664917, 2.9867617294311524, 3.2757995559692383, 2.349826336669922, 2.489313444137573, 3.3049207275390624, 3.2772750122070313], "val_acc": [0.1003, 0.1039, 0.1009, 0.1005, 0.1117, 0.1027, 0.1078, 0.1058, 0.1271, 0.1148, 0.1077, 0.1003]}, "configs": {"crop_probability": 0.2864970392269067, "scale_lower": 0.93024822172177, "crop_lower": 0.06985398335954555, "crop_upper": 0.14001005473134212, "pad_upper": 0.2607502767013934, "pad_lower": 0.04722849149016082, "rotation_upper": 32, "vertical_flip": 0.3574156311535558, "scale_upper": 1.5475943925136448, "pad_probability": 0.3830799670345443, "scale_probability": 0.9577635509114847, "horizontal_flip": 0.9329695625078187, "rotation_probability": 0.44593756878198787, "rotation_lower": -169}, "used_budget": 672.7934908866882, "validation_error": 0.8996999999999999}