{"train_accuracy": 0.12141927083333333, "validation_error": 0.9049, "train_history": {"val_loss": [2.6187719619750975, 2.3025865489959716, 2.3615902381896974, 2.3014147300720214, 2.9991718238830565, 2.547295148086548, 2.5789520126342773, 2.5747478424072265, 2.7344303359985354, 3.8720057571411135, 2.3636942291259766, 2.553532041168213], "val_acc": [0.0947, 0.0948, 0.0949, 0.0957, 0.0953, 0.0946, 0.0946, 0.1042, 0.0947, 0.0934, 0.0994, 0.0951], "acc": [0.11157852564102565, 0.11503405448717949, 0.11673677884615384, 0.11853966346153846, 0.11623597756410256, 0.11926582532051282, 0.11568509615384616, 0.12016726762820513, 0.11894030448717949, 0.11738782051282051, 0.11846454326923077, 0.12141927083333333], "loss": [2.294192829193213, 2.290646871695152, 2.2865314521850686, 2.286025815285169, 2.2847878757195597, 2.2827589359038916, 2.284827863558745, 2.284488673393543, 2.2814811361141696, 2.27917394729761, 2.2824158385778084, 2.282762396794099]}, "used_budget": 738.9268264770508, "configs": {"crop_probability": 0.23252484532525997, "rotation_upper": 150, "crop_upper": 0.12682612041074606, "vertical_flip": 0.029881654781475753, "crop_lower": 0.0877042050479339, "rotation_probability": 0.7738228859325633, "pad_probability": 0.5682214972646481, "pad_lower": 0.09184735944785953, "scale_upper": 1.9828003382697272, "pad_upper": 0.24629650442784407, "scale_probability": 0.1455839485976953, "scale_lower": 0.8404817948658458, "horizontal_flip": 0.20414606023863424, "rotation_lower": -92}, "augment": true}