{"train_history": {"val_loss": [2.30676759185791, 2.3209038787841796, 2.3080381492614745, 2.3554274017333983, 2.305856817626953, 2.318312216949463, 3.1319615829467775, 4.223033626556396, 4.158021919250488, 3.5256366760253908, 3.2884052879333496, 2.89418505859375], "val_acc": [0.0959, 0.0972, 0.0972, 0.0968, 0.0878, 0.0963, 0.0977, 0.0973, 0.0981, 0.1046, 0.0982, 0.1024], "loss": [2.3009121127617664, 2.3004237092458286, 2.2990734493121123, 2.298389793970646, 2.298500737318626, 2.2962396267132883, 2.2976422776014376, 2.296047852589534, 2.297644304923522, 2.2964555598222294, 2.2967178233158894, 2.2973313675476956], "acc": [0.1053936298076923, 0.1058193108974359, 0.10481770833333333, 0.10674579326923077, 0.1048427483974359, 0.11235476762820513, 0.10459234775641026, 0.1060947516025641, 0.10677083333333333, 0.10692107371794872, 0.10464242788461539, 0.10541866987179487]}, "configs": {"pad_upper": 0.2682360381572513, "pad_probability": 0.2905066810684368, "vertical_flip": 0.2281482288076605, "scale_lower": 0.6768169987117991, "crop_lower": 0.05411784936229128, "rotation_probability": 0.9434366366176774, "horizontal_flip": 0.5857068271106239, "rotation_upper": 122, "rotation_lower": -118, "crop_upper": 0.15839526762879197, "scale_upper": 1.744815529397802, "scale_probability": 0.8982457390370545, "pad_lower": 0.07525084429520096, "crop_probability": 0.6006802271090348}, "augment": true, "used_budget": 771.7969305515289, "train_accuracy": 0.10541866987179487, "validation_error": 0.8976}