{"train_accuracy": 0.1104266826923077, "augment": true, "configs": {"pad_probability": 0.8132607877179255, "crop_upper": 0.28388829282605843, "scale_probability": 0.7994195992070171, "vertical_flip": 0.602040057787403, "horizontal_flip": 0.2421337675707762, "rotation_probability": 0.49057084138956364, "scale_lower": 0.6419202703022902, "pad_upper": 0.13152542903681846, "crop_lower": 0.09931602470877843, "rotation_lower": -24, "pad_lower": 0.047856955361778857, "rotation_upper": 6, "crop_probability": 0.7703407952372439, "scale_upper": 1.0305718115450249}, "train_history": {"val_loss": [2.3592886512756346, 3.019022294616699, 3.0065710468292237, 2.6404114761352537, 2.5178848400115967, 3.1689148086547854, 2.634097622680664, 2.5391739196777343, 2.62215837097168, 2.6531106552124024, 3.852087890625, 2.767048194885254], "loss": [2.29886901531464, 2.2973654086773214, 2.294331433681341, 2.294397737735357, 2.2932153000281406, 2.293524260704334, 2.291959082468962, 2.2937154173851013, 2.2921018264232536, 2.2908585453644776, 2.293917395365544, 2.289768846371235], "val_acc": [0.0992, 0.0988, 0.1017, 0.0985, 0.0987, 0.0984, 0.099, 0.0992, 0.0996, 0.0988, 0.0989, 0.098], "acc": [0.10439202724358974, 0.10744691506410256, 0.10842347756410256, 0.11110276442307693, 0.107421875, 0.10924979967948718, 0.10990084134615384, 0.10882411858974358, 0.1100010016025641, 0.11207932692307693, 0.11007612179487179, 0.1104266826923077]}, "validation_error": 0.902, "used_budget": 681.9405331611633}