{"validation_error": 0.8988, "train_history": {"val_loss": [2.4322799812316895, 2.5071635734558106, 2.983717391204834, 2.589841539764404, 2.5602408462524413, 3.1428340869903564, 2.3830946193695066, 2.387734691619873, 3.0849536685943604, 2.625525806427002, 3.1359821182250975, 3.3501809284210204], "acc": [0.12522536057692307, 0.1332882612179487, 0.13423978365384615, 0.13586738782051283, 0.13874699519230768, 0.13814603365384615, 0.13879707532051283, 0.13774539262820512, 0.13774539262820512, 0.1394481169871795, 0.14200220352564102, 0.13954827724358973], "val_acc": [0.1074, 0.1012, 0.101, 0.1009, 0.1008, 0.1009, 0.1009, 0.1009, 0.1042, 0.1024, 0.1015, 0.1012], "loss": [2.2870524609700227, 2.274158075833932, 2.2676180807443767, 2.2648462385703354, 2.2631670450552916, 2.257721651823093, 2.2602310333496485, 2.2602378129959106, 2.256234333301202, 2.254722151236656, 2.251447464411075, 2.253302371654755]}, "train_accuracy": 0.13954827724358973, "used_budget": 730.887766122818, "configs": {"crop_probability": 0.593045551550114, "horizontal_flip": 0.5950177711348443, "vertical_flip": 0.39286318186135405, "scale_probability": 0.0899290739235572, "pad_lower": 0.07766000612882602, "crop_upper": 0.15163142859060408, "rotation_upper": 49, "scale_lower": 0.663123404972108, "scale_upper": 1.5045847599076507, "pad_probability": 0.05169486150736147, "rotation_probability": 0.2565816285396545, "crop_lower": 0.050801551842762915, "rotation_lower": -90, "pad_upper": 0.15253304239535367}, "augment": true}