{"train_history": {"val_loss": [2.3380954288482667, 2.4621017879486082, 2.469632081985474, 2.487628009033203, 2.3371872890472414, 2.4825277606964113, 3.9353205459594727, 3.9062584438323973, 2.649472622680664, 3.4211576416015625, 3.639658459472656, 3.1626859954833986], "loss": [2.299636205037435, 2.2956515772220416, 2.295400172472, 2.292597287740463, 2.29272039884176, 2.2927335729965796, 2.290258969251926, 2.2922310752746387, 2.2900793903913255, 2.2909281567121162, 2.288775389775252, 2.2918252578148475], "val_acc": [0.0993, 0.1006, 0.1097, 0.1007, 0.1006, 0.1014, 0.1005, 0.0999, 0.1088, 0.1041, 0.1063, 0.1052], "acc": [0.1044170673076923, 0.10649539262820513, 0.10917467948717949, 0.11155348557692307, 0.10982572115384616, 0.11105268429487179, 0.10684595352564102, 0.11142828525641026, 0.11095252403846154, 0.11187900641025642, 0.10990084134615384, 0.11240484775641026]}, "augment": true, "used_budget": 761.4067656993866, "validation_error": 0.8948, "train_accuracy": 0.11240484775641026, "configs": {"pad_probability": 0.9314741852476666, "crop_probability": 0.6134417006899787, "rotation_lower": -51, "vertical_flip": 0.5055095415933015, "scale_upper": 1.5848135955881864, "pad_upper": 0.14912574975310905, "rotation_upper": 150, "pad_lower": 0.064645802515488, "horizontal_flip": 0.7661934888133746, "scale_lower": 0.7948086728025486, "crop_upper": 0.10440972765186184, "crop_lower": 0.028685716815798804, "scale_probability": 0.9749069696479173, "rotation_probability": 0.22974565834055083}}