{"augment": true, "used_budget": 725.3350992202759, "train_accuracy": 0.15256911057692307, "validation_error": 0.8865, "train_history": {"loss": [2.2784723112216363, 2.2608739886528406, 2.2512133786311517, 2.2508598168691, 2.2421636275756054, 2.2406718043180613, 2.240965956296676, 2.2375750702161055, 2.2314456540804644, 2.22796364625295, 2.2332876118329854, 2.227531394897363], "acc": [0.12895633012820512, 0.1414012419871795, 0.1477363782051282, 0.14575821314102563, 0.14928886217948717, 0.14983974358974358, 0.14846254006410256, 0.14868790064102563, 0.15732672275641027, 0.1555488782051282, 0.1510917467948718, 0.15256911057692307], "val_loss": [2.3593846717834475, 2.5764164432525636, 2.486350897979736, 2.6256513092041014, 2.914518705749512, 2.6479975345611573, 2.9449343559265135, 2.937405262756348, 3.0922525390625, 3.2486857856750486, 2.603354407119751, 2.4286489818573], "val_acc": [0.1059, 0.1035, 0.1036, 0.1035, 0.1041, 0.1057, 0.1034, 0.1034, 0.1036, 0.1038, 0.1138, 0.1135]}, "configs": {"crop_probability": 0.42889779729838495, "pad_lower": 0.06421437684811801, "rotation_upper": 173, "scale_upper": 1.8828283410344338, "pad_upper": 0.19154701984784117, "pad_probability": 0.056289097196025595, "rotation_probability": 0.14878650129083304, "vertical_flip": 0.7003896141082845, "rotation_lower": -67, "scale_lower": 0.9467593487933623, "horizontal_flip": 0.605978547573896, "scale_probability": 0.05740845331227873, "crop_upper": 0.1271275386416366, "crop_lower": 0.005880320591695254}}