{"validation_error": 0.8978, "train_history": {"val_loss": [2.3587413570404054, 2.6047299854278565, 3.8244879333496096, 2.9675482330322267, 2.8440351753234863, 2.702017970275879, 3.2441738082885743, 2.6589060745239257, 4.511100373077393, 3.112079656982422, 2.951099240112305, 2.6557075801849366], "loss": [2.288381222731028, 2.278564452360838, 2.2753327932113256, 2.27237122410383, 2.271023750305176, 2.270518795802043, 2.265949058991212, 2.267114675197846, 2.269622726318164, 2.2693437039852142, 2.26396561280275, 2.265764284592408], "val_acc": [0.1059, 0.1033, 0.1035, 0.1035, 0.1033, 0.1036, 0.1034, 0.1041, 0.1033, 0.1069, 0.102, 0.1022], "acc": [0.1165614983974359, 0.12555088141025642, 0.12805488782051283, 0.12818008814102563, 0.12484975961538461, 0.1291816907051282, 0.1330128205128205, 0.1305088141025641, 0.12797976762820512, 0.1271033653846154, 0.13401442307692307, 0.12928185096153846]}, "train_accuracy": 0.12928185096153846, "augment": true, "used_budget": 650.7972784042358, "configs": {"scale_probability": 0.13718924056842663, "vertical_flip": 0.14796840228871322, "rotation_lower": -64, "pad_probability": 0.674489501830507, "rotation_probability": 0.2715810878157461, "pad_upper": 0.2018977805531127, "crop_lower": 0.07186451298252894, "scale_upper": 1.1099354797224943, "scale_lower": 0.9148090369850694, "rotation_upper": 178, "crop_upper": 0.22258422573100364, "crop_probability": 0.4924623767933185, "pad_lower": 0.035217539448613715, "horizontal_flip": 0.9775886329319302}}