{"augment": true, "train_accuracy": 0.12377303685897435, "validation_error": 0.908, "train_history": {"val_loss": [2.3380213695526124, 2.4353614723205568, 2.677757266998291, 2.3402061645507812, 2.96246022605896, 2.4242388179779053, 2.5701692123413085, 4.239036267089844, 2.945766223144531, 3.0250327301025393, 4.070985223388672, 3.4722564613342284], "loss": [2.29320714259759, 2.287048803690152, 2.2838367422421775, 2.2820841119839597, 2.2815332389794865, 2.2799603839715323, 2.2804927749511523, 2.2806165600434327, 2.277970720560123, 2.279859176048866, 2.2785969911477504, 2.2768547382110205], "acc": [0.11085236378205128, 0.11886518429487179, 0.11951622596153846, 0.11786358173076923, 0.11856470352564102, 0.12209535256410256, 0.12457431891025642, 0.12284655448717949, 0.12059294871794872, 0.12267127403846154, 0.11901542467948718, 0.12377303685897435], "val_acc": [0.1016, 0.0998, 0.098, 0.1246, 0.0986, 0.0992, 0.0993, 0.0969, 0.0972, 0.0962, 0.097, 0.092]}, "configs": {"crop_probability": 0.19149462218874036, "crop_lower": 0.03363166123807866, "pad_probability": 0.7372560897495478, "pad_upper": 0.16545368177482866, "pad_lower": 0.09364566771530486, "horizontal_flip": 0.6123139323050087, "rotation_probability": 0.3307575677300669, "scale_lower": 0.8312078158973024, "rotation_upper": 25, "vertical_flip": 0.04976717618362292, "scale_probability": 0.6771711598112953, "crop_upper": 0.2589640112071974, "scale_upper": 1.3922241079046036, "rotation_lower": -52}, "used_budget": 669.4798648357391}