{"train_accuracy": 0.1090244391025641, "validation_error": 0.9005, "configs": {"vertical_flip": 0.7155498478270867, "scale_lower": 0.9959661319255466, "crop_probability": 0.7806161639108575, "horizontal_flip": 0.42531979624925165, "pad_probability": 0.8205825605501653, "pad_lower": 0.04267687495554954, "rotation_lower": -13, "scale_probability": 0.6481351416513682, "rotation_probability": 0.7680206781646082, "rotation_upper": 168, "crop_lower": 0.025030224580473825, "scale_upper": 1.2051786386893848, "crop_upper": 0.21711319740410817, "pad_upper": 0.17396850076337192}, "used_budget": 777.8488540649414, "augment": true, "train_history": {"val_loss": [2.658606395339966, 2.3986463195800782, 2.458411629486084, 2.394657682800293, 2.310765852355957, 4.589999284362793, 3.0593614318847657, 2.652292266845703, 2.430688152694702, 3.2144968338012694, 2.7430457904815673, 2.63615821762085], "acc": [0.10334034455128205, 0.10809795673076923, 0.10634515224358974, 0.10672075320512821, 0.10514322916666667, 0.10977564102564102, 0.10980068108974358, 0.10692107371794872, 0.10789763621794872, 0.11160356570512821, 0.11202924679487179, 0.1090244391025641], "val_acc": [0.0996, 0.0999, 0.0997, 0.1, 0.1009, 0.0996, 0.0995, 0.0996, 0.0995, 0.0995, 0.0995, 0.0995], "loss": [2.2992281921398945, 2.2966157098611197, 2.2960430024526057, 2.295993921848444, 2.295900430434789, 2.295041807186909, 2.294553225621199, 2.2956320414176354, 2.2930720425569096, 2.293409660840646, 2.293099746490136, 2.2941222932094183]}}