{"configs": {"scale_lower": 0.7117934056331809, "rotation_probability": 0.4506282812946705, "crop_probability": 0.6976928755857752, "scale_upper": 1.9913628951728775, "scale_probability": 0.2754469714910267, "pad_upper": 0.1313335030431532, "rotation_upper": 54, "crop_lower": 0.03662640074349911, "vertical_flip": 0.0762565359797659, "pad_lower": 0.03132123475608374, "pad_probability": 0.7319442430616606, "crop_upper": 0.12418720691187812, "horizontal_flip": 0.33292880688171467, "rotation_lower": -104}, "train_accuracy": 0.12327223557692307, "used_budget": 738.5189340114594, "augment": true, "validation_error": 0.9029, "train_history": {"val_acc": [0.1292, 0.0978, 0.0976, 0.0975, 0.0977, 0.098, 0.0976, 0.0975, 0.0973, 0.0959, 0.0961, 0.0971], "acc": [0.11388221153846154, 0.11746294070512821, 0.11891526442307693, 0.12181991185897435, 0.12016726762820513, 0.12247095352564102, 0.12287159455128205, 0.12154447115384616, 0.12054286858974358, 0.1282051282051282, 0.12294671474358974, 0.12327223557692307], "loss": [2.2927657595047584, 2.2867669073434977, 2.2819200479067288, 2.281210022094922, 2.278925072688323, 2.2797502011824875, 2.2795450320610633, 2.278424771932455, 2.2780015720770908, 2.2754576993294253, 2.2775812928493204, 2.2766325695392413], "val_loss": [2.2997133014678957, 2.449940749359131, 2.822398196029663, 2.4920307083129885, 2.9687218315124513, 2.37920085067749, 2.7733122413635254, 3.4496293960571287, 2.7700350074768068, 3.2180637413024904, 2.5300424407958984, 2.6476394554138185]}}