{"configs": {"scale_probability": 0.16981365206996835, "pad_probability": 0.5178842436617364, "rotation_upper": 136, "scale_upper": 1.4297403759381457, "pad_upper": 0.10600440345343086, "rotation_probability": 0.7814420531128232, "horizontal_flip": 0.10174781851921133, "vertical_flip": 0.934971935951092, "crop_probability": 0.6027768989847556, "scale_lower": 0.786229177665388, "pad_lower": 0.006879389977046313, "crop_lower": 0.019676789682991504, "rotation_lower": -28, "crop_upper": 0.18224996770326268}, "augment": true, "used_budget": 672.6045045852661, "train_accuracy": 0.12249599358974358, "validation_error": 0.898, "train_history": {"val_loss": [2.3478589763641358, 2.918199520111084, 2.7075347034454347, 2.575471250152588, 3.3252196701049805, 2.7676848335266113, 2.732580961227417, 2.578065157318115, 2.5859177539825438, 3.2719125396728517, 2.9294945476531984, 2.9855759647369386], "val_acc": [0.1038, 0.1019, 0.1019, 0.1018, 0.1019, 0.1022, 0.1023, 0.1021, 0.1018, 0.1019, 0.1022, 0.102], "loss": [2.294766972462336, 2.291419132397725, 2.2880254487196603, 2.2857816410370364, 2.284581938615212, 2.28495822655849, 2.28495503618167, 2.2848631265835886, 2.283966234861276, 2.2840042886061545, 2.284352041971989, 2.2843363109307413], "acc": [0.11010116185897435, 0.11368189102564102, 0.11581029647435898, 0.11581029647435898, 0.11686197916666667, 0.1182391826923077, 0.12064302884615384, 0.11919070512820513, 0.11811398237179487, 0.11931590544871795, 0.11848958333333333, 0.12249599358974358]}}