{"train_history": {"loss": [2.297905085178522, 2.2958724353557978, 2.294669663294768, 2.2922475934028625, 2.2916559248398514, 2.2910092236139836, 2.291860960232906, 2.2903214463820825, 2.289308563256875, 2.292042091106757, 2.2907868264577327, 2.2890530106348868], "acc": [0.10977564102564102, 0.11145332532051282, 0.11207932692307693, 0.11210436698717949, 0.11022636217948718, 0.1148838141025641, 0.11105268429487179, 0.11631109775641026, 0.11428285256410256, 0.11478365384615384, 0.11505909455128205, 0.11440805288461539], "val_loss": [2.328568055343628, 2.317813498687744, 2.3023750858306884, 2.432174482345581, 2.4433910934448244, 2.554403588104248, 2.6304829864501955, 3.2679157360076903, 4.680954871368408, 2.844132781600952, 2.7465845291137696, 3.090380246734619], "val_acc": [0.1018, 0.1024, 0.1039, 0.1008, 0.1008, 0.1008, 0.1008, 0.1008, 0.1008, 0.1009, 0.1012, 0.1021]}, "validation_error": 0.8979, "configs": {"rotation_lower": -70, "pad_lower": 0.07360618744776133, "scale_lower": 0.5811082970951549, "rotation_upper": 74, "rotation_probability": 0.3459068657400127, "crop_probability": 0.8249900031162896, "pad_upper": 0.2700430924030826, "pad_probability": 0.9595080363152915, "horizontal_flip": 0.8579333799449342, "crop_upper": 0.2894856341121735, "scale_probability": 0.5866783203583706, "crop_lower": 0.05254157456704039, "scale_upper": 1.020212377643264, "vertical_flip": 0.2957182485090981}, "train_accuracy": 0.11440805288461539, "used_budget": 750.3057873249054, "augment": true}