{"configs": {"scale_probability": 0.5764005013969753, "crop_lower": 0.004272434014436155, "crop_probability": 0.3243633137248477, "vertical_flip": 0.8800124600531308, "scale_lower": 0.9215494158342185, "pad_probability": 0.31193718921927527, "rotation_lower": -8, "rotation_upper": 110, "rotation_probability": 0.1046701696777631, "pad_upper": 0.21731087765508245, "crop_upper": 0.17448710288357802, "horizontal_flip": 0.7667278947228378, "scale_upper": 1.2907003798818084, "pad_lower": 0.08809331063733436}, "train_accuracy": 0.1274288862179487, "augment": true, "used_budget": 657.3602147102356, "train_history": {"val_acc": [0.1158, 0.1043, 0.1037, 0.1041, 0.1038, 0.1038, 0.1039, 0.1039, 0.1046, 0.1039, 0.1052, 0.1042], "acc": [0.11490885416666667, 0.12602664262820512, 0.1263271233974359, 0.12602664262820512, 0.12462439903846154, 0.12853064903846154, 0.1272285657051282, 0.12955729166666666, 0.13131009615384615, 0.12845552884615385, 0.1316856971153846, 0.1274288862179487], "loss": [2.289380907248228, 2.277341372691668, 2.2751182791514273, 2.274265945721895, 2.2720623360230374, 2.270599743494621, 2.2683800214376206, 2.2671096118596883, 2.263261324320084, 2.2642645308604608, 2.266361905214114, 2.2636706920770497], "val_loss": [2.330250582122803, 2.862074072647095, 2.8341373207092286, 2.4696963409423827, 2.9119396965026856, 2.9201869106292726, 2.7777502342224123, 2.841965828704834, 2.880036164855957, 3.1779281150817873, 2.94537041053772, 3.110856657409668]}, "validation_error": 0.8958}