{"validation_error": 0.8985, "used_budget": 741.159717798233, "augment": true, "configs": {"rotation_upper": 83, "horizontal_flip": 0.8298818189836853, "pad_probability": 0.01015874018628371, "crop_probability": 0.5889223204471031, "pad_lower": 0.05564750446327526, "rotation_lower": -125, "pad_upper": 0.19246421740978992, "rotation_probability": 0.8715894626275613, "scale_probability": 0.24547915359073158, "scale_upper": 1.890082702161732, "crop_upper": 0.13778906789341996, "scale_lower": 0.590730940843705, "crop_lower": 0.05190305027406154, "vertical_flip": 0.07038203901546869}, "train_history": {"loss": [2.2976551361573048, 2.29281162069394, 2.290052977892069, 2.2890957708542166, 2.290383313710873, 2.2874310734944467, 2.2881494882779245, 2.2870004712006984, 2.2888259490331015, 2.287363200615614, 2.286855325484887, 2.286310088175994], "val_loss": [2.55580556640625, 2.5747566120147707, 2.6816992023468016, 2.5764673919677734, 2.714988682937622, 2.7993921066284178, 3.225565033721924, 2.810439023590088, 3.2563001907348634, 3.4424339836120605, 2.3486506649017334, 2.8070454246520997], "acc": [0.10697115384615384, 0.11235476762820513, 0.11716245993589744, 0.11811398237179487, 0.1162860576923077, 0.1162860576923077, 0.11560997596153846, 0.11591045673076923, 0.11696213942307693, 0.11571013621794872, 0.11899038461538461, 0.11603565705128205], "val_acc": [0.1017, 0.1017, 0.1018, 0.1018, 0.1017, 0.1017, 0.1016, 0.1027, 0.1015, 0.1021, 0.1031, 0.1015]}, "train_accuracy": 0.11603565705128205}