{"validation_error": 0.898, "train_accuracy": 0.12031750801282051, "used_budget": 736.3228385448456, "configs": {"crop_lower": 0.07140176254365, "horizontal_flip": 0.606585416488592, "rotation_probability": 0.6833338657043416, "pad_probability": 0.37005099163414423, "rotation_lower": -89, "pad_lower": 0.06102695720378818, "rotation_upper": 14, "scale_probability": 0.30242297495864034, "crop_probability": 0.36211703846432275, "vertical_flip": 0.5591916086449262, "crop_upper": 0.2721057480946222, "pad_upper": 0.13189848438847523, "scale_upper": 1.557630746056979, "scale_lower": 0.83782891774757}, "train_history": {"val_acc": [0.1023, 0.1029, 0.1023, 0.1025, 0.1021, 0.1023, 0.1023, 0.1018, 0.101, 0.1022, 0.1023, 0.102], "acc": [0.1132061298076923, 0.11828926282051282, 0.11581029647435898, 0.11806390224358974, 0.11909054487179487, 0.11811398237179487, 0.11563501602564102, 0.11420773237179487, 0.11796374198717949, 0.1197666266025641, 0.11896534455128205, 0.12031750801282051], "val_loss": [2.3494512889862063, 2.3300623138427734, 2.7053083305358885, 2.68315306930542, 2.526716718673706, 2.9966330505371093, 3.079541288757324, 2.619180941772461, 3.4978583999633788, 2.9199974441528322, 2.799202407836914, 2.5478536037445068], "loss": [2.2971177108776875, 2.2926045992435555, 2.2887734801341324, 2.289027989674837, 2.288768932605401, 2.2857912809420853, 2.286670521283761, 2.2855338545945973, 2.284539309831766, 2.2839416762193046, 2.2836859065752764, 2.284092210042171]}, "augment": true}