{"train_accuracy": 0.1129306891025641, "augment": true, "configs": {"crop_lower": 0.021405298124337613, "scale_probability": 0.4254035559744549, "scale_upper": 1.4410779708524217, "rotation_probability": 0.9972120973140763, "vertical_flip": 0.05488806863898943, "crop_probability": 0.018619895822125643, "pad_probability": 0.7298602018632222, "rotation_lower": -49, "rotation_upper": 10, "pad_upper": 0.2076318477557667, "scale_lower": 0.5274537808418307, "pad_lower": 0.05989963197145509, "crop_upper": 0.16402005597429972, "horizontal_flip": 0.7425221127718206}, "train_history": {"val_loss": [2.3511554275512694, 2.4916323684692383, 2.359626858139038, 2.512467054748535, 2.3538280227661135, 3.1302489517211916, 2.733632618713379, 2.826080765914917, 2.4039366592407228, 2.8137224617004395, 4.094611357116699, 3.583865018081665], "loss": [2.2959944139688444, 2.291058061978756, 2.2914546460677414, 2.290881966933226, 2.290775490876956, 2.2880387848768478, 2.2898053297629724, 2.2884449729552636, 2.288507280441431, 2.288389267829748, 2.287045567463606, 2.2870143422713647], "val_acc": [0.1119, 0.0972, 0.0976, 0.0978, 0.0985, 0.0972, 0.0962, 0.0972, 0.1108, 0.1043, 0.1082, 0.0941], "acc": [0.10824819711538461, 0.11360677083333333, 0.10950020032051282, 0.10919971955128205, 0.11268028846153846, 0.11007612179487179, 0.11247996794871795, 0.11438301282051282, 0.11105268429487179, 0.11343149038461539, 0.11205428685897435, 0.1129306891025641]}, "used_budget": 759.7258005142212, "validation_error": 0.9059}