{"configs": {"horizontal_flip": 0.5336522882439945, "crop_upper": 0.14382586371453243, "pad_probability": 0.14474315846267516, "scale_probability": 0.2467575601249088, "pad_lower": 0.06222000545984947, "rotation_probability": 0.5632840230033213, "pad_upper": 0.29868572156151774, "scale_lower": 0.8900767663052859, "crop_probability": 0.8685544593957253, "crop_lower": 0.05227329290547955, "rotation_lower": -69, "vertical_flip": 0.07757326814363663, "scale_upper": 1.8647929182957954, "rotation_upper": 61}, "augment": true, "validation_error": 0.8955, "used_budget": 734.6341607570648, "train_history": {"acc": [0.11122796474358974, 0.11763822115384616, 0.11996694711538461, 0.1162860576923077, 0.12001702724358974, 0.12176983173076923, 0.12359775641025642, 0.12014222756410256, 0.1249248798076923, 0.12176983173076923, 0.12292167467948718, 0.12359775641025642], "val_loss": [2.343439252471924, 2.4595425437927245, 2.7745124305725097, 2.3721662830352783, 2.294878791809082, 2.470724786376953, 2.5103843112945556, 2.692345866394043, 2.5896478141784667, 2.4121153507232664, 2.5674131912231446, 2.6639208267211916], "val_acc": [0.1227, 0.1046, 0.104, 0.1047, 0.1116, 0.1036, 0.1139, 0.1046, 0.1062, 0.1163, 0.1196, 0.1045], "loss": [2.2958150131580157, 2.2891389719950848, 2.284478179919414, 2.283905505369871, 2.28257971849197, 2.282180974116692, 2.2811392629757905, 2.2806183986174755, 2.279563865600488, 2.2797221747728496, 2.279542414041666, 2.2782757778962455]}, "train_accuracy": 0.12359775641025642}