{"validation_error": 0.8953, "used_budget": 736.9954562187195, "train_history": {"val_loss": [2.3722558361053467, 2.515769885635376, 2.89407459487915, 2.792324575042725, 3.1049781692504883, 2.5238271110534667, 2.8259881065368653, 2.5166649082183836, 3.267691976928711, 2.8439402935028077, 2.837258856201172, 3.1208161781311037], "loss": [2.2947097229651914, 2.287311232242829, 2.281658886334835, 2.2816321154435477, 2.2802933301681128, 2.2811521750230055, 2.2787471260779943, 2.279622102395082, 2.2761190120990458, 2.2781792168433848, 2.27589690608856, 2.276132421615796], "val_acc": [0.1044, 0.1048, 0.1046, 0.1045, 0.1045, 0.1044, 0.1047, 0.1045, 0.1047, 0.1048, 0.1027, 0.1047], "acc": [0.11288060897435898, 0.12041766826923077, 0.1201923076923077, 0.12334735576923077, 0.11959134615384616, 0.12377303685897435, 0.12314703525641026, 0.12089342948717949, 0.12244591346153846, 0.12439903846153846, 0.1251502403846154, 0.1252003205128205]}, "configs": {"scale_upper": 1.6490952521666422, "rotation_lower": -133, "scale_probability": 0.2937883462134626, "rotation_upper": 123, "horizontal_flip": 0.31055783333333453, "crop_lower": 0.07060102438037982, "pad_upper": 0.2705367752361144, "pad_probability": 0.64952162814148, "scale_lower": 0.9099075500823368, "vertical_flip": 0.31435132422512957, "crop_probability": 0.7040153577453635, "pad_lower": 0.08679425735240683, "crop_upper": 0.19966987397329816, "rotation_probability": 0.18275871819834932}, "train_accuracy": 0.1252003205128205, "augment": true}