{"configs": {"crop_lower": 0.09530433406219835, "scale_upper": 1.2021130566664557, "pad_upper": 0.1238012805391888, "rotation_upper": 21, "scale_probability": 0.41320187400025987, "horizontal_flip": 0.2939281330997421, "rotation_probability": 0.5430448837773881, "scale_lower": 0.8713724716511139, "rotation_lower": -20, "vertical_flip": 0.10435277953376132, "pad_probability": 0.14859586611946962, "crop_upper": 0.10775005488874773, "crop_probability": 0.2301674396453649, "pad_lower": 0.013011103919837619}, "augment": true, "train_history": {"loss": [2.289384880891213, 2.2769757157716994, 2.275325991404362, 2.274284553833497, 2.273495390629157, 2.2696151511791425, 2.270872155825297, 2.268040216121918, 2.2670473143076286, 2.265544824111156, 2.2631603685709147, 2.2649220052437906], "val_acc": [0.0963, 0.0965, 0.0987, 0.0963, 0.0964, 0.0961, 0.0977, 0.0952, 0.0966, 0.1008, 0.1103, 0.0934], "val_loss": [2.3921146484375, 3.1627891403198243, 2.6771568962097168, 3.069786552810669, 2.469840544128418, 2.6406144676208494, 2.517274006271362, 2.402461245727539, 2.498744498825073, 3.711607117462158, 3.2813062728881834, 3.040641886138916], "acc": [0.11758814102564102, 0.12169471153846154, 0.12374799679487179, 0.12267127403846154, 0.1251502403846154, 0.12845552884615385, 0.13146033653846154, 0.1282051282051282, 0.13055889423076922, 0.12805488782051283, 0.1300330528846154, 0.13126001602564102]}, "used_budget": 738.489381313324, "validation_error": 0.9066, "train_accuracy": 0.13126001602564102}