{"train_accuracy": 0.11896534455128205, "augment": true, "used_budget": 746.5064542293549, "validation_error": 0.9016, "configs": {"pad_lower": 0.09962049435735622, "crop_probability": 0.8780564662750581, "rotation_upper": 16, "scale_upper": 1.0521354483566614, "rotation_probability": 0.6974429147634601, "scale_lower": 0.9710143033462456, "crop_upper": 0.17488875573014626, "rotation_lower": -157, "pad_upper": 0.2611120960550025, "scale_probability": 0.14105488889995188, "horizontal_flip": 0.05299396030245418, "crop_lower": 0.06950380207005827, "vertical_flip": 0.8491685535472491, "pad_probability": 0.8535171340547999}, "train_history": {"acc": [0.10591947115384616, 0.11190404647435898, 0.11571013621794872, 0.1155849358974359, 0.11525941506410256, 0.11583533653846154, 0.11691205929487179, 0.11728766025641026, 0.11576021634615384, 0.11483373397435898, 0.11708733974358974, 0.11896534455128205], "val_acc": [0.097, 0.1001, 0.0974, 0.0972, 0.0968, 0.0972, 0.0972, 0.0971, 0.0972, 0.0972, 0.0969, 0.0984], "loss": [2.2991688748200736, 2.2932994877680755, 2.2915245309854164, 2.2901123487032375, 2.2916662104618855, 2.2876358376099515, 2.2863683219139395, 2.287471374640098, 2.2878738909195633, 2.285524513476934, 2.285979591883146, 2.2864693999290466], "val_loss": [2.3884209846496582, 2.30611234664917, 2.355184433746338, 2.452358160018921, 2.407381285095215, 2.5219287307739258, 2.7044885681152344, 2.528961293411255, 2.423449270248413, 2.5763003005981444, 2.460607534790039, 2.352627370452881]}}