{"train_accuracy": 0.1132061298076923, "validation_error": 0.8971, "used_budget": 679.0887758731842, "configs": {"scale_probability": 0.04153179991539446, "crop_lower": 0.08539329067879592, "horizontal_flip": 0.5539844239506089, "crop_upper": 0.2869872476412859, "rotation_lower": -74, "vertical_flip": 0.1313748615197995, "scale_upper": 1.5668594595489231, "scale_lower": 0.7451499397570266, "rotation_probability": 0.8200837007361508, "pad_upper": 0.27049231263356444, "rotation_upper": 162, "pad_lower": 0.002679792278814097, "crop_probability": 0.788913161685556, "pad_probability": 0.9304856639283781}, "augment": true, "train_history": {"val_loss": [2.6606862323760985, 3.251637476730347, 2.5336449447631835, 2.89320044593811, 2.4974333995819094, 2.307806678390503, 2.7064649520874022, 4.014917812347412, 3.1782696296691895, 3.3040371704101563, 2.8627980102539063, 3.561255460357666], "loss": [2.3001986016065645, 2.296669078178895, 2.295758375754723, 2.295602859594883, 2.29470480634616, 2.294063531435453, 2.2946647818271932, 2.292675326267878, 2.2935221699567943, 2.292257171410781, 2.292112335180625, 2.29223122046544], "acc": [0.10704627403846154, 0.10601963141025642, 0.10754707532051282, 0.10807291666666667, 0.11232972756410256, 0.10789763621794872, 0.11090244391025642, 0.11075220352564102, 0.11217948717948718, 0.11370693108974358, 0.1126552483974359, 0.1132061298076923], "val_acc": [0.1029, 0.1029, 0.115, 0.1032, 0.1029, 0.1038, 0.1029, 0.1029, 0.1029, 0.1028, 0.1028, 0.1029]}}