{"train_accuracy": 0.12202023237179487, "augment": true, "configs": {"rotation_lower": -96, "pad_upper": 0.1516810003784111, "crop_probability": 0.5197454358368551, "scale_lower": 0.7237677979821953, "crop_upper": 0.2797086382356711, "horizontal_flip": 0.9964396971520192, "crop_lower": 0.0006683508951172978, "rotation_probability": 0.2629226395041069, "vertical_flip": 0.5115183381024313, "scale_probability": 0.530419579978607, "pad_lower": 0.09851028245016372, "scale_upper": 1.697180676841346, "rotation_upper": 168, "pad_probability": 0.9830017499154443}, "validation_error": 0.8959, "used_budget": 785.0478103160858, "train_history": {"loss": [2.297000596156487, 2.291307256007806, 2.2879802920879464, 2.287765386777046, 2.2874703865784864, 2.286726863720478, 2.2863779121484513, 2.2855084164020343, 2.2853148067608857, 2.286383386605825, 2.2850605837809734, 2.28288979942982], "val_acc": [0.1068, 0.104, 0.104, 0.104, 0.1042, 0.104, 0.104, 0.104, 0.104, 0.1039, 0.1042, 0.1041], "acc": [0.10616987179487179, 0.115234375, 0.11573517628205128, 0.11395733173076923, 0.11736278044871795, 0.11768830128205128, 0.11566005608974358, 0.1168369391025641, 0.1171875, 0.1185146233974359, 0.11841446314102565, 0.12202023237179487], "val_loss": [2.334262632751465, 2.4719489631652833, 2.595535869598389, 2.682400132751465, 3.0657161499023435, 2.621740627288818, 2.968096188735962, 2.853147336578369, 3.0550601905822754, 2.616974147796631, 2.75769425201416, 3.1810804679870603]}}