{"configs": {"pad_upper": 0.1790196696949329, "pad_lower": 0.03690308955451337, "crop_lower": 0.09297388673926618, "crop_upper": 0.12726604176202783, "crop_probability": 0.061375020063403896, "scale_probability": 0.23861663571056368, "pad_probability": 0.834948789234463, "scale_lower": 0.6903740124912683, "rotation_probability": 0.41490829609711377, "rotation_upper": 41, "horizontal_flip": 0.4200347393831113, "scale_upper": 1.1172851855636492, "rotation_lower": -17, "vertical_flip": 0.8715486752014167}, "train_history": {"loss": [2.2885412512681422, 2.2781585294466753, 2.277139507043056, 2.274326430681424, 2.2685473546003685, 2.269732353014824, 2.2693312802375893, 2.267328835450686, 2.2682449565483975, 2.264845383472932, 2.2625599113794475, 2.263947863609363], "val_loss": [2.3674553646087646, 2.2882743183135985, 2.4971171249389648, 2.4072643310546873, 2.782877479171753, 2.438767024230957, 2.402658644104004, 2.645240733718872, 2.4040574131011962, 2.850017168426514, 2.74502806930542, 2.8114389808654785], "val_acc": [0.1033, 0.1174, 0.1028, 0.1026, 0.103, 0.1041, 0.1066, 0.1025, 0.1039, 0.1025, 0.1028, 0.1026], "acc": [0.11909054487179487, 0.12354767628205128, 0.12998297275641027, 0.12502504006410256, 0.13080929487179488, 0.13055889423076922, 0.12677784455128205, 0.13020833333333334, 0.12782952724358973, 0.13048377403846154, 0.13201121794871795, 0.1298828125]}, "validation_error": 0.8974, "augment": true, "used_budget": 736.6265573501587, "train_accuracy": 0.1298828125}