{"augment": true, "validation_error": 0.891, "train_history": {"val_acc": [0.1065, 0.1009, 0.1011, 0.1006, 0.1011, 0.1012, 0.1219, 0.1008, 0.1066, 0.1026, 0.1007, 0.109], "loss": [2.2984274488229017, 2.2938371560512443, 2.291758894920349, 2.287564753721922, 2.289811440767386, 2.2894516037060666, 2.2887001924025707, 2.2869997651149063, 2.287945127640015, 2.287134891137099, 2.285103726081359, 2.286192462994502], "val_loss": [2.2986101909637453, 2.7333575160980224, 2.367976272583008, 3.2401677227020262, 2.6992966304779054, 2.586048950958252, 2.304409341430664, 2.727103997039795, 2.4782517112731934, 2.844648016357422, 4.234426963806152, 2.401894474029541], "acc": [0.11155348557692307, 0.11080228365384616, 0.11455829326923077, 0.11678685897435898, 0.11410757211538461, 0.11731270032051282, 0.1143329326923077, 0.12016726762820513, 0.11796374198717949, 0.11701221955128205, 0.11868990384615384, 0.11848958333333333]}, "used_budget": 737.5598292350769, "train_accuracy": 0.11848958333333333, "configs": {"crop_upper": 0.20270886010894223, "scale_lower": 0.7734862847127153, "crop_lower": 0.09919894124770634, "rotation_lower": -41, "vertical_flip": 0.3066794891139609, "horizontal_flip": 0.5328801798067119, "scale_probability": 0.26498672702968984, "rotation_upper": 151, "pad_probability": 0.6536907737040263, "crop_probability": 0.8858454329625203, "rotation_probability": 0.5614169710712025, "scale_upper": 1.0458705477443346, "pad_lower": 0.0912407928060317, "pad_upper": 0.18778235869112225}}