{"used_budget": 762.9339601993561, "configs": {"pad_probability": 0.701389850302618, "scale_upper": 1.4346767566281238, "scale_lower": 0.5108908336914046, "vertical_flip": 0.7001955159036238, "rotation_upper": 45, "crop_upper": 0.2589132885596792, "pad_upper": 0.18492213289013604, "crop_lower": 0.01851671278899303, "rotation_probability": 0.9780075312435464, "rotation_lower": -177, "scale_probability": 0.7070254566958571, "crop_probability": 0.21597715889335767, "horizontal_flip": 0.13196914713686692, "pad_lower": 0.018452965158849224}, "train_accuracy": 0.10955028044871795, "augment": true, "train_history": {"val_loss": [2.3111030879974366, 2.4048397842407225, 2.3479681922912596, 2.539458908843994, 2.8718854610443114, 2.8048407608032226, 2.892068009185791, 3.736092887878418, 2.8933304122924803, 2.7062486198425293, 2.5048856994628905, 3.426137014007568], "loss": [2.300315266236281, 2.298614833599482, 2.297683595082699, 2.2964724126534586, 2.296381820470859, 2.2971492287440176, 2.295837939549715, 2.295326666954236, 2.2950917214919357, 2.29523395269345, 2.2950429992798047, 2.2942491937906313], "acc": [0.10283954326923077, 0.10772235576923077, 0.10672075320512821, 0.11047676282051282, 0.10842347756410256, 0.10556891025641026, 0.10897435897435898, 0.11015124198717949, 0.10912459935897435, 0.10882411858974358, 0.1063701923076923, 0.10955028044871795], "val_acc": [0.0969, 0.0969, 0.1033, 0.0969, 0.0967, 0.0969, 0.0968, 0.0969, 0.0969, 0.0945, 0.0955, 0.0968]}, "validation_error": 0.9032}