{"validation_error": 0.8982, "configs": {"scale_upper": 1.5443538797033685, "scale_lower": 0.6849354535328673, "horizontal_flip": 0.7729467886858876, "pad_lower": 0.09747183627249661, "crop_probability": 0.8501658385099277, "crop_lower": 0.04229219255816701, "scale_probability": 0.9966274340659143, "pad_upper": 0.19326737248866876, "crop_upper": 0.10446666268010592, "pad_probability": 0.42568665087442914, "rotation_upper": 30, "vertical_flip": 0.9050616861475539, "rotation_lower": -23, "rotation_probability": 0.25555735343002484}, "augment": true, "used_budget": 742.7037312984467, "train_history": {"val_acc": [0.1036, 0.1035, 0.1064, 0.1056, 0.1036, 0.1036, 0.1035, 0.1037, 0.1038, 0.106, 0.1039, 0.1018], "val_loss": [2.3539853530883788, 2.55024034576416, 2.314076023864746, 2.333963970184326, 2.4154285415649412, 2.8787866371154784, 2.9186671096801757, 2.5829294872283937, 2.898804457092285, 2.4355527503967287, 2.637988604736328, 2.9830280155181885], "loss": [2.2968411392126327, 2.2935338952602486, 2.2921156822106776, 2.291639983654022, 2.2897715255236015, 2.289674073457718, 2.2895824167972956, 2.2879179142988644, 2.28838204114865, 2.2873028623752103, 2.2879146452133474, 2.2860864515487966], "acc": [0.10664563301282051, 0.1119541266025641, 0.10852363782051282, 0.11062700320512821, 0.11395733173076923, 0.11025140224358974, 0.11105268429487179, 0.11210436698717949, 0.10957532051282051, 0.1122295673076923, 0.11408253205128205, 0.11383213141025642]}, "train_accuracy": 0.11383213141025642}