{"augment": true, "configs": {"pad_probability": 0.23039792030289896, "rotation_upper": 136, "crop_probability": 0.6203904401598127, "scale_lower": 0.6320406588436043, "rotation_lower": -6, "pad_lower": 0.07287255500121977, "vertical_flip": 0.505313957000038, "crop_lower": 0.04784321045091814, "rotation_probability": 0.6760130977341892, "scale_probability": 0.5874777401788214, "pad_upper": 0.282564957030628, "scale_upper": 1.342590584753021, "horizontal_flip": 0.3556096482054797, "crop_upper": 0.11979520381857399}, "train_history": {"val_acc": [0.1049, 0.1048, 0.1048, 0.1047, 0.1047, 0.1048, 0.1044, 0.1047, 0.1046, 0.1044, 0.1043, 0.1044], "loss": [2.2986706686325564, 2.2950169306534987, 2.2930171206975594, 2.291643643226379, 2.291956209219419, 2.291158514145093, 2.290861162619713, 2.290388469512646, 2.2904042295920544, 2.291004935136208, 2.289492659843885, 2.287505587706199], "val_loss": [2.296125865936279, 2.8756093551635744, 2.4728444763183592, 2.9628281257629396, 2.997362009429932, 3.173372742843628, 3.6951936683654787, 3.931149327468872, 3.155707420349121, 3.241734909820557, 2.8976697799682616, 3.6055951568603515], "acc": [0.10704627403846154, 0.11172876602564102, 0.11295572916666667, 0.11553485576923077, 0.11305588942307693, 0.11478365384615384, 0.11358173076923077, 0.11483373397435898, 0.11430789262820513, 0.11430789262820513, 0.11175380608974358, 0.11728766025641026]}, "used_budget": 750.7644069194794, "train_accuracy": 0.11728766025641026, "validation_error": 0.8956}