{"augment": true, "train_accuracy": 0.12965745192307693, "configs": {"rotation_probability": 0.17047558297975463, "scale_probability": 0.17694590441405378, "vertical_flip": 0.30220681913466896, "rotation_lower": -54, "horizontal_flip": 0.6100291935682294, "scale_lower": 0.7628052442567271, "crop_upper": 0.1479139094457937, "pad_probability": 0.994353265646716, "scale_upper": 1.3560861500454395, "rotation_upper": 56, "crop_lower": 0.053083794683104535, "pad_lower": 0.07433702881654518, "pad_upper": 0.1840737976470514, "crop_probability": 0.6899924375303108}, "train_history": {"val_acc": [0.0973, 0.1008, 0.0973, 0.0981, 0.0974, 0.0974, 0.0973, 0.0971, 0.0955, 0.0975, 0.0977, 0.0987], "val_loss": [2.45441640625, 2.4575473373413086, 2.5788307052612303, 3.0141473571777344, 2.446524338531494, 2.753487184906006, 3.088036231994629, 3.0941200897216796, 2.9028241706848146, 2.6590823638916015, 2.878328314590454, 2.6816421756744386], "acc": [0.11648637820512821, 0.12197015224358974, 0.12795472756410256, 0.12652744391025642, 0.12705328525641027, 0.12700320512820512, 0.1296824919871795, 0.13093449519230768, 0.13068409455128205, 0.1274288862179487, 0.13080929487179488, 0.12965745192307693], "loss": [2.2909883444125834, 2.2833991929506645, 2.2781183200004773, 2.275840672927025, 2.2741599724842954, 2.2726063017661753, 2.2700780973984647, 2.271569413252366, 2.2701697601721835, 2.2724532225193124, 2.2709211905797324, 2.269915838272144]}, "validation_error": 0.9013, "used_budget": 661.9057779312134}