{"used_budget": 752.1025397777557, "configs": {"crop_probability": 0.6287641625942806, "horizontal_flip": 0.5741315354956084, "pad_upper": 0.14128343321787573, "scale_probability": 0.6273500140860011, "rotation_upper": 53, "scale_upper": 1.5676435563884366, "vertical_flip": 0.9585561418783048, "rotation_lower": -138, "rotation_probability": 0.599566030330231, "pad_probability": 0.4309004211474595, "crop_upper": 0.28605105135178455, "scale_lower": 0.8551686703575425, "pad_lower": 0.09878731924869134, "crop_lower": 0.08444999024900524}, "validation_error": 0.8989, "train_history": {"val_loss": [2.374245035171509, 2.4819337017059326, 2.3131765243530276, 2.6248789989471435, 2.378291134262085, 2.5197576538085937, 3.0304665000915527, 3.062077876281738, 2.5519435123443603, 2.853991162109375, 2.4769747634887693, 3.1911559364318847], "loss": [2.2997001806894937, 2.296328079241973, 2.2947976925434213, 2.293473479839472, 2.293595722088447, 2.2919105344857926, 2.293173209214822, 2.2917464627669406, 2.2906060364001837, 2.292970699377549, 2.290992334102973, 2.291067373294097], "acc": [0.10524338942307693, 0.10927483974358974, 0.10732171474358974, 0.11017628205128205, 0.11060196314102565, 0.10867387820512821, 0.1126552483974359, 0.11220452724358974, 0.10879907852564102, 0.11077724358974358, 0.1133563701923077, 0.11275540865384616], "val_acc": [0.1004, 0.1004, 0.1007, 0.1004, 0.1012, 0.1009, 0.1011, 0.1007, 0.103, 0.1011, 0.104, 0.1011]}, "augment": true, "train_accuracy": 0.11275540865384616}