{"augment": true, "train_history": {"val_loss": [2.8434784217834475, 2.622406439971924, 2.9214912857055664, 2.491094554901123, 2.303273254394531, 2.40442857131958, 2.9801420333862305, 2.4839792442321778, 2.912909450531006, 2.65816263999939, 2.6675460830688476, 2.8059823875427248], "val_acc": [0.102, 0.102, 0.102, 0.1019, 0.1059, 0.1019, 0.1021, 0.1022, 0.102, 0.1017, 0.109, 0.1034], "loss": [2.297931554989937, 2.2944627159681077, 2.294192304978004, 2.2926043554758415, 2.292401367273086, 2.291467922620284, 2.290619182281005, 2.2902305462421517, 2.2886178226043015, 2.2883632450531692, 2.2891167348776107, 2.2900582269216194], "acc": [0.10892427884615384, 0.10732171474358974, 0.10947516025641026, 0.1104266826923077, 0.10934995993589744, 0.11253004807692307, 0.11303084935897435, 0.1119541266025641, 0.11032652243589744, 0.11270532852564102, 0.11235476762820513, 0.11147836538461539]}, "validation_error": 0.8966, "used_budget": 758.7540812492371, "train_accuracy": 0.11147836538461539, "configs": {"scale_upper": 1.8637552880757986, "crop_probability": 0.2078293173674326, "pad_probability": 0.9422666000834423, "pad_upper": 0.2555413377619311, "crop_lower": 0.04642346570301153, "crop_upper": 0.25548630528601285, "pad_lower": 0.07998685885395275, "rotation_probability": 0.27743850177468155, "rotation_upper": 67, "scale_probability": 0.8637017369724516, "horizontal_flip": 0.5147882909680326, "scale_lower": 0.6071016924023922, "rotation_lower": -15, "vertical_flip": 0.06798031137007965}}