{"augment": true, "configs": {"horizontal_flip": 0.7729097197482249, "pad_lower": 0.08036095246163313, "rotation_upper": 78, "vertical_flip": 0.34388442439310474, "rotation_lower": -84, "pad_probability": 0.6587139358538832, "scale_upper": 1.7758041972180165, "pad_upper": 0.12089555302722979, "crop_lower": 0.08660569558013827, "crop_probability": 0.11817831731324902, "scale_lower": 0.5849402082328673, "crop_upper": 0.16930172709823774, "rotation_probability": 0.8398762951268235, "scale_probability": 0.5241661838705586}, "used_budget": 761.1165904998779, "train_history": {"acc": [0.10614483173076923, 0.10837339743589744, 0.11215444711538461, 0.11030148237179487, 0.10940004006410256, 0.1102764423076923, 0.1112530048076923, 0.10957532051282051, 0.11318108974358974, 0.10894931891025642, 0.10879907852564102, 0.1141826923076923], "val_loss": [2.3715992042541503, 2.33881909866333, 2.381402983093262, 2.281329821777344, 2.45410530128479, 3.15689102935791, 2.6837910682678223, 2.6838313011169435, 2.399725640487671, 3.454448373413086, 2.4911442344665526, 2.68190841217041], "loss": [2.299531468978295, 2.295946494126931, 2.2950636629874888, 2.2938849253532214, 2.294164307606526, 2.2941006215719075, 2.2920640164460893, 2.2935968049061604, 2.2907021733430715, 2.2911802316323304, 2.2909335692723594, 2.29096271441533], "val_acc": [0.1047, 0.1048, 0.1047, 0.1097, 0.1048, 0.1048, 0.1047, 0.1042, 0.1066, 0.1049, 0.1066, 0.1051]}, "train_accuracy": 0.1141826923076923, "validation_error": 0.8949}