{"augment": true, "configs": {"pad_lower": 0.02561156989932746, "pad_probability": 0.3254322104815526, "scale_upper": 1.2399390533260366, "scale_lower": 0.7966335929793471, "crop_upper": 0.16458007540081293, "scale_probability": 0.8656544276980005, "vertical_flip": 0.028009772348674744, "crop_probability": 0.5609475030906386, "rotation_upper": 0, "pad_upper": 0.17942625454983469, "rotation_lower": -147, "rotation_probability": 0.5870898709197938, "horizontal_flip": 0.9019644976495286, "crop_lower": 0.015671965591949766}, "train_accuracy": 0.11325620993589744, "used_budget": 751.7615206241608, "validation_error": 0.8999, "train_history": {"val_acc": [0.1002, 0.1148, 0.1005, 0.1005, 0.1074, 0.1007, 0.0995, 0.1067, 0.1035, 0.1001, 0.1011, 0.1001], "val_loss": [2.3319274318695067, 2.2945827110290526, 2.955810292816162, 2.5753285610198975, 2.962727075958252, 2.653785823059082, 3.131811817932129, 2.5037295288085937, 3.258816328430176, 3.4666059547424317, 2.5597642478942872, 3.714527644729614], "loss": [2.297657770988269, 2.294294964044522, 2.2936899127104344, 2.29025837014883, 2.29245059688886, 2.288158133243903, 2.289370827949964, 2.2894618090910788, 2.2898446718851724, 2.28805811664997, 2.2890859819375553, 2.2886582062794614], "acc": [0.10606971153846154, 0.10849859775641026, 0.11275540865384616, 0.11290564903846154, 0.11152844551282051, 0.11408253205128205, 0.11383213141025642, 0.11180388621794872, 0.11300580929487179, 0.1151592548076923, 0.11275540865384616, 0.11325620993589744]}}