{"augment": true, "used_budget": 767.6023187637329, "train_accuracy": 0.11578525641025642, "train_history": {"loss": [2.2973214357327194, 2.293432029394003, 2.2915067817920294, 2.2909328738848367, 2.2884593292688713, 2.2860356049659925, 2.2879573741020303, 2.285281057541187, 2.286477200495891, 2.2861295418861585, 2.2854868036050062, 2.285488178332647], "acc": [0.10569411057692307, 0.11355669070512821, 0.1114032451923077, 0.11127804487179487, 0.11593549679487179, 0.1178135016025641, 0.11631109775641026, 0.11833934294871795, 0.11919070512820513, 0.11896534455128205, 0.11688701923076923, 0.11578525641025642], "val_loss": [2.2767125427246095, 2.5262787212371824, 2.9746697902679444, 4.038828807067871, 3.0133026054382324, 2.5863612369537354, 2.9211888290405272, 2.7269785865783693, 2.696737620162964, 2.622344317626953, 2.4974257606506347, 2.46534972076416], "val_acc": [0.1007, 0.099, 0.0988, 0.0988, 0.0988, 0.0991, 0.0988, 0.0988, 0.0988, 0.104, 0.1102, 0.0992]}, "validation_error": 0.9008, "configs": {"crop_probability": 0.9771212281523919, "pad_probability": 0.4612589754407562, "rotation_probability": 0.23099959454679064, "scale_lower": 0.5833283445650317, "rotation_lower": -169, "crop_lower": 0.04122319599962725, "rotation_upper": 164, "vertical_flip": 0.33020160135134624, "scale_probability": 0.5521059704104472, "pad_upper": 0.19434785553620193, "crop_upper": 0.24165625300695806, "pad_lower": 0.019159351165367544, "scale_upper": 1.195511013736449, "horizontal_flip": 0.9176852124232551}}