{"validation_error": 0.8936, "train_accuracy": 0.11763822115384616, "train_history": {"loss": [2.2984006053362136, 2.2949102505659447, 2.2927889235508747, 2.2921352226000566, 2.291922207826223, 2.291358612286739, 2.2902290370219793, 2.2903409630824356, 2.290438045293857, 2.2880755273195414, 2.289210087977923, 2.288304572686171], "acc": [0.10779747596153846, 0.11175380608974358, 0.11268028846153846, 0.11077724358974358, 0.11275540865384616, 0.11247996794871795, 0.11152844551282051, 0.11012620192307693, 0.11217948717948718, 0.11395733173076923, 0.1168369391025641, 0.11763822115384616], "val_loss": [2.327721482849121, 3.584120634460449, 2.4999842960357666, 2.4317966819763184, 2.502461107635498, 3.1964414779663084, 2.4900295902252196, 2.7626217895507814, 2.415954518890381, 3.2152558753967284, 2.4070717212677004, 2.6840512916564943], "val_acc": [0.1094, 0.1069, 0.107, 0.1074, 0.1084, 0.1071, 0.112, 0.1078, 0.1137, 0.1063, 0.111, 0.1064]}, "augment": true, "used_budget": 750.496809720993, "configs": {"pad_upper": 0.10603481089355914, "horizontal_flip": 0.1702349748093016, "rotation_upper": 112, "pad_lower": 0.03691733674177074, "scale_upper": 1.627213856280243, "crop_upper": 0.15756774354526495, "crop_lower": 0.09223729629264393, "rotation_lower": -44, "vertical_flip": 0.6320439034424779, "scale_probability": 0.5624534638646698, "scale_lower": 0.8576241034321038, "crop_probability": 0.3756816226506009, "pad_probability": 0.2183143572150742, "rotation_probability": 0.7355312739544132}}