{"train_history": {"loss": [2.298962292762903, 2.294568800009214, 2.2930905650823545, 2.2907872322278147, 2.2904236370172257, 2.290720510941285, 2.28780399224697, 2.2889069593869724, 2.288772233785727, 2.2877464095751443, 2.288345145873534, 2.288300091639543], "acc": [0.10704627403846154, 0.11170372596153846, 0.10924979967948718, 0.11147836538461539, 0.11295572916666667, 0.11190404647435898, 0.11358173076923077, 0.11443309294871795, 0.11603565705128205, 0.1143329326923077, 0.11288060897435898, 0.11528445512820513], "val_loss": [2.295219383621216, 2.5112886039733886, 2.422657109832764, 3.2753308532714844, 2.6464373054504393, 2.673911125946045, 2.540325205230713, 2.523399533081055, 2.921171632385254, 2.5367574924468994, 2.616496213531494, 3.227651096343994], "val_acc": [0.1069, 0.1052, 0.1098, 0.1052, 0.1052, 0.1052, 0.1052, 0.106, 0.1051, 0.1054, 0.1041, 0.1045]}, "train_accuracy": 0.11528445512820513, "validation_error": 0.8955, "augment": true, "configs": {"rotation_upper": 65, "crop_upper": 0.2109139290871461, "pad_upper": 0.1502458809535509, "pad_lower": 0.009316901783309307, "scale_upper": 1.217222363282307, "rotation_lower": -78, "crop_probability": 0.9033127077839672, "scale_lower": 0.6115932038067861, "vertical_flip": 0.3700270458806345, "horizontal_flip": 0.9786728178072841, "pad_probability": 0.6862369604245279, "rotation_probability": 0.45572687227195496, "scale_probability": 0.5412240661454801, "crop_lower": 0.05823337894677173}, "used_budget": 752.5182027816772}