{"train_history": {"val_loss": [2.7269084609985352, 2.7103144306182863, 2.560525487136841, 3.3570076503753663, 2.739826131439209, 2.9847422645568846, 2.6659960746765137, 3.160563705444336, 2.9076312995910643, 2.6209878673553466, 2.8693470611572267, 2.8934429222106934], "val_acc": [0.0993, 0.0999, 0.101, 0.099, 0.1151, 0.0993, 0.0959, 0.1072, 0.1034, 0.0967, 0.1065, 0.1005], "loss": [2.2632518189075665, 2.2375729458454328, 2.225940431539829, 2.2186220425825853, 2.210905101054754, 2.204679236198083, 2.1875880857308707, 2.1814275166163077, 2.1704953733163004, 2.1669321121313634, 2.157970115542412, 2.150867148469656], "acc": [0.13942307692307693, 0.1529697516025641, 0.1612830528846154, 0.1598056891025641, 0.16283553685897437, 0.16784354967948717, 0.17442908653846154, 0.17998798076923078, 0.181640625, 0.1826171875, 0.19065504807692307, 0.19128104967948717]}, "validation_error": 0.8995, "train_accuracy": 0.19128104967948717, "configs": {"pad_probability": 0.0162389966328208, "rotation_probability": 0.09919873464619822, "pad_upper": 0.15505738183419873, "pad_lower": 0.03255182519364798, "scale_upper": 1.938422541278972, "scale_lower": 0.6322007795900793, "rotation_lower": -45, "scale_probability": 0.13347521014165886, "crop_upper": 0.13180797723392773, "rotation_upper": 52, "vertical_flip": 0.9698448495499715, "crop_probability": 0.15665795895759949, "horizontal_flip": 0.32244720005174143, "crop_lower": 0.004983021307004731}, "used_budget": 647.5425136089325, "augment": true}