{"augment": true, "configs": {"horizontal_flip": 0.7257821686052573, "scale_probability": 0.6225382778992515, "crop_upper": 0.16152717615898868, "pad_lower": 0.01110687148163162, "scale_upper": 1.338426113597139, "rotation_probability": 0.3398566662592657, "crop_probability": 0.5302524137765207, "pad_probability": 0.602215358711324, "rotation_lower": -34, "scale_lower": 0.822528699308076, "pad_upper": 0.11362409177338517, "vertical_flip": 0.5369835358048225, "rotation_upper": 40, "crop_lower": 0.004288001483057269}, "validation_error": 0.901, "used_budget": 738.4278883934021, "train_accuracy": 0.123046875, "train_history": {"val_loss": [2.345506481933594, 2.5837218826293946, 3.1402684307098387, 2.726625038909912, 2.468779498672485, 2.5268470191955568, 2.57052915763855, 3.1989035774230956, 3.123167881011963, 2.44160333404541, 3.2902147605895995, 2.7035279945373536], "val_acc": [0.1, 0.0997, 0.0998, 0.0998, 0.0993, 0.0995, 0.0995, 0.0996, 0.0996, 0.0982, 0.0996, 0.099], "loss": [2.2927972085964985, 2.2881645376865682, 2.2847263369804773, 2.2864679113412514, 2.286083016640101, 2.2831306778467617, 2.2835978284860268, 2.282129779840127, 2.2824804484844208, 2.2815813429844685, 2.2804277019623, 2.278040111829073], "acc": [0.11285556891025642, 0.1151592548076923, 0.11703725961538461, 0.11891526442307693, 0.11803886217948718, 0.1187900641025641, 0.11966646634615384, 0.12217047275641026, 0.12109375, 0.12014222756410256, 0.12091846955128205, 0.123046875]}}