{"configs": {"pad_upper": 0.2539358900883646, "vertical_flip": 0.7159400138825572, "pad_probability": 0.6439676912834935, "rotation_probability": 0.08466601115617023, "crop_probability": 0.2525386834489196, "scale_probability": 0.01737591271796124, "crop_lower": 0.04457596464633619, "horizontal_flip": 0.7428851872480612, "rotation_lower": -27, "pad_lower": 0.022552961839910915, "scale_upper": 1.9003354506295265, "rotation_upper": 115, "scale_lower": 0.5896385981471899, "crop_upper": 0.2624300983545026}, "train_accuracy": 0.14558293269230768, "used_budget": 733.7715470790863, "augment": true, "validation_error": 0.8908, "train_history": {"loss": [2.281536783927526, 2.266933832413111, 2.2633189528416366, 2.2607742555630512, 2.2579500193779287, 2.2541461755067873, 2.251883652729866, 2.2510855297247567, 2.2513425143865438, 2.252083285496785, 2.245939084352591, 2.245693026444851], "acc": [0.1274539262820513, 0.13268729967948717, 0.13694411057692307, 0.13744491185897437, 0.13909755608974358, 0.1392978766025641, 0.138671875, 0.14177684294871795, 0.14197716346153846, 0.14202724358974358, 0.14655949519230768, 0.14558293269230768], "val_acc": [0.0937, 0.101, 0.1016, 0.1015, 0.1013, 0.1012, 0.1013, 0.1045, 0.0986, 0.1029, 0.1006, 0.1092], "val_loss": [2.4753869140625, 2.808842375946045, 2.4245418006896973, 2.557360694885254, 2.5148089092254637, 2.53114605178833, 2.5333856178283694, 2.619712494277954, 2.628488188171387, 2.607469589614868, 2.7126081573486327, 2.4753423141479494]}}