{"augment": true, "validation_error": 0.8839, "configs": {"crop_upper": 0.12454790642194656, "crop_lower": 0.0694442756153826, "rotation_upper": 25, "scale_lower": 0.9868574482716412, "scale_probability": 0.3254767702525815, "scale_upper": 1.1497529530733588, "rotation_lower": -174, "pad_lower": 0.0428390417666641, "rotation_probability": 0.7843219424459356, "pad_probability": 0.864474809944064, "horizontal_flip": 0.39019241751113887, "pad_upper": 0.2806568182499972, "vertical_flip": 0.011086762521122617, "crop_probability": 0.10173143030485665}, "train_accuracy": 0.11916566506410256, "train_history": {"acc": [0.11057692307692307, 0.11197916666666667, 0.11483373397435898, 0.11508413461538461, 0.11611077724358974, 0.11548477564102565, 0.11550981570512821, 0.11596053685897435, 0.1158603766025641, 0.115234375, 0.11748798076923077, 0.11916566506410256], "val_loss": [2.3189137535095217, 2.3740757286071776, 2.412945513534546, 3.155283277130127, 2.4805975929260256, 3.7492282958984373, 3.060870894622803, 3.8568712825775147, 2.598288779449463, 4.394157604980469, 3.158136064147949, 2.337292199707031], "loss": [2.2971024482678146, 2.2938185395338597, 2.2898829113214445, 2.2889744616471805, 2.288430230739789, 2.287694107263516, 2.285947400025832, 2.286194008894456, 2.2874240386180387, 2.2855683160133853, 2.2840256675695763, 2.2833308233664584], "val_acc": [0.0995, 0.1021, 0.1021, 0.1021, 0.1077, 0.1021, 0.1019, 0.1021, 0.1156, 0.102, 0.1022, 0.1161]}, "used_budget": 751.9342155456543}