{"train_history": {"val_acc": [0.1126, 0.1031, 0.0988, 0.0988, 0.099, 0.0988, 0.0989, 0.0986, 0.0975, 0.1008, 0.0979, 0.1001], "acc": [0.11242988782051282, 0.11676181891025642, 0.1146083733974359, 0.11596053685897435, 0.1141826923076923, 0.12126903044871795, 0.12036758814102565, 0.1181640625, 0.1224208733974359, 0.12039262820512821, 0.12119391025641026, 0.11959134615384616], "loss": [2.293401518693337, 2.2893097744538236, 2.286392716261057, 2.2844947981528745, 2.2839213808377585, 2.2800783545542984, 2.2823704954905386, 2.2814225493333278, 2.2800478644860096, 2.2802952986497145, 2.2796504138371882, 2.2788827686737747], "val_loss": [2.8684970359802247, 2.487565963745117, 2.8777825202941894, 2.799749292755127, 2.8848248764038087, 3.2046137966156008, 3.657915647125244, 2.606236437988281, 2.361763153076172, 2.443346975326538, 2.641266012954712, 2.6552981590270996]}, "validation_error": 0.8999, "used_budget": 743.9747045040131, "augment": true, "configs": {"crop_lower": 0.020747386837578208, "scale_upper": 1.0147297197483374, "pad_lower": 0.08305892963633509, "rotation_lower": -89, "crop_upper": 0.275347995937096, "pad_upper": 0.1227375919114726, "rotation_upper": 42, "scale_lower": 0.9766495079564521, "horizontal_flip": 0.7064172851225567, "pad_probability": 0.7261804359746333, "crop_probability": 0.1417695427845671, "vertical_flip": 0.9147173250140921, "rotation_probability": 0.6699007175727595, "scale_probability": 0.4200577295034328}, "train_accuracy": 0.11959134615384616}