{"augment": true, "configs": {"scale_probability": 0.6858906558970067, "scale_lower": 0.6780392188242101, "pad_lower": 0.07551328175155204, "rotation_probability": 0.8722063814432183, "crop_upper": 0.251019637617787, "scale_upper": 1.3590097301356976, "rotation_lower": -47, "horizontal_flip": 0.8860565673614776, "pad_probability": 0.8952024632864221, "vertical_flip": 0.28752991517382, "pad_upper": 0.17066952578286823, "crop_probability": 0.9518273343601459, "rotation_upper": 142, "crop_lower": 0.03673240335728165}, "used_budget": 701.9724206924438, "train_history": {"acc": [0.10434194711538461, 0.10699619391025642, 0.1060947516025641, 0.10389122596153846, 0.10864883814102565, 0.10824819711538461, 0.1080478766025641, 0.10677083333333333, 0.11047676282051282, 0.1097255608974359, 0.10767227564102565, 0.10877403846153846], "val_loss": [2.2949976348876953, 2.2977367614746096, 2.322608053970337, 2.302710426330566, 2.5451472129821777, 2.324836001586914, 3.50965602645874, 2.795797344970703, 2.370636669540405, 3.6761744911193848, 2.6295053031921385, 2.2845498371124267], "val_acc": [0.0957, 0.1129, 0.0924, 0.0979, 0.0965, 0.0948, 0.0961, 0.0958, 0.0922, 0.0957, 0.0956, 0.106], "loss": [2.3010340218360605, 2.2990254247799897, 2.298911044230828, 2.2981995741526284, 2.296487020376401, 2.297953872344433, 2.297133752168753, 2.2972829853877044, 2.2963713995921307, 2.2954786389301987, 2.2959654231866202, 2.2962508514905586]}, "validation_error": 0.894, "train_accuracy": 0.10877403846153846}