{"train_history": {"val_loss": [2.623535552978516, 3.4545395698547363, 2.6655393684387207, 2.927047593688965, 2.7440304039001466, 2.4739416763305666, 3.2222622062683106, 2.493859958648682, 2.5088233104705813, 2.440207155227661, 3.3379145801544188, 2.5906264865875244], "val_acc": [0.103, 0.1031, 0.1031, 0.103, 0.1029, 0.105, 0.1028, 0.1, 0.0964, 0.1036, 0.1011, 0.1123], "loss": [2.2873372565477323, 2.2783728753909087, 2.2768828570842743, 2.273300840304448, 2.2699138552714615, 2.2702727974989476, 2.268659214942883, 2.2655450770488152, 2.2685439525506434, 2.2663373144773336, 2.2660303704249554, 2.2670542918718777], "acc": [0.11791366185897435, 0.12507512019230768, 0.12422375801282051, 0.12179487179487179, 0.12682792467948717, 0.13206129807692307, 0.12958233173076922, 0.1313351362179487, 0.12672776442307693, 0.1303585737179487, 0.12945713141025642, 0.1314853766025641]}, "configs": {"crop_upper": 0.2404202430518158, "pad_upper": 0.23598543613862313, "pad_probability": 0.13096955827128054, "crop_lower": 0.05833378614980163, "scale_lower": 0.7494262045141381, "horizontal_flip": 0.4317853883592435, "crop_probability": 0.4386607674445706, "scale_probability": 0.40374713393875816, "rotation_lower": -35, "vertical_flip": 0.9636748298066059, "pad_lower": 0.08073184248961476, "rotation_probability": 0.3081639937568781, "rotation_upper": 25, "scale_upper": 1.6757363578691606}, "augment": true, "train_accuracy": 0.1314853766025641, "used_budget": 731.5197911262512, "validation_error": 0.8877}