{"configs": {"scale_lower": 0.6480602479354776, "crop_lower": 0.003998167205352021, "pad_lower": 0.02721717035241246, "pad_probability": 0.19563825451142702, "vertical_flip": 0.4222517481204563, "scale_upper": 1.1811792127281664, "crop_probability": 0.03885378873927581, "rotation_upper": 132, "crop_upper": 0.20463240062853494, "horizontal_flip": 0.6288204029450384, "rotation_probability": 0.03959317902423809, "scale_probability": 0.28436544159958177, "rotation_lower": -54, "pad_upper": 0.2550800253478439}, "train_accuracy": 0.1510917467948718, "used_budget": 739.3513033390045, "validation_error": 0.8932, "augment": true, "train_history": {"loss": [2.2794651007040954, 2.2614059272484903, 2.2561043875339704, 2.251916746298472, 2.246634386288814, 2.2413578086938615, 2.240640769402186, 2.2365323167580824, 2.2331532889451737, 2.2306091678448214, 2.229158390026826, 2.2303429620388227], "acc": [0.12898137019230768, 0.13674379006410256, 0.14067508012820512, 0.14172676282051283, 0.14558293269230768, 0.14615885416666666, 0.14738581730769232, 0.14655949519230768, 0.15221854967948717, 0.15149238782051283, 0.15329527243589744, 0.1510917467948718], "val_acc": [0.1034, 0.0987, 0.1038, 0.1243, 0.1042, 0.1062, 0.119, 0.1058, 0.1168, 0.1104, 0.1052, 0.1068], "val_loss": [2.35883677444458, 2.7679903789520264, 2.6305298118591307, 2.3386955940246583, 2.384235596084595, 2.3940739990234374, 2.3040149799346925, 2.4382136569976804, 2.470556008529663, 2.625821911621094, 2.8786467365264894, 2.6147997161865235]}}