{"train_accuracy": 0.11721254006410256, "used_budget": 741.0769634246826, "validation_error": 0.8967, "augment": true, "configs": {"rotation_probability": 0.17517799428096192, "scale_probability": 0.7476915170530232, "rotation_upper": 146, "scale_lower": 0.8207089789142886, "rotation_lower": -93, "crop_probability": 0.7469596241665882, "vertical_flip": 0.1288012930963368, "pad_upper": 0.1919755148516003, "crop_upper": 0.1631581958102249, "pad_lower": 0.07840349839668048, "crop_lower": 0.08644569347499372, "horizontal_flip": 0.8044802332100582, "pad_probability": 0.3368405102444889, "scale_upper": 1.9278444664422503}, "train_history": {"val_acc": [0.1044, 0.1033, 0.1093, 0.1031, 0.1026, 0.1029, 0.1058, 0.1041, 0.1213, 0.1077, 0.1026, 0.1033], "val_loss": [2.2916317752838133, 2.490418463897705, 2.502928122329712, 2.432254676437378, 3.1244563129425047, 2.98851197013855, 2.8028677703857423, 2.4115593490600586, 2.655065563583374, 2.401701419830322, 3.571642224121094, 3.2138795440673826], "acc": [0.10434194711538461, 0.10982572115384616, 0.11130308493589744, 0.11182892628205128, 0.10990084134615384, 0.11420773237179487, 0.11270532852564102, 0.10995092147435898, 0.11220452724358974, 0.11528445512820513, 0.11380709134615384, 0.11721254006410256], "loss": [2.2983589944167013, 2.294401010641685, 2.293684722521366, 2.29165172118407, 2.2911681838524647, 2.2897147742601542, 2.288334776193668, 2.2879830400149026, 2.2880436258438306, 2.287929064188248, 2.2866760820914536, 2.2860030784056735]}}