{"used_budget": 756.5666468143463, "validation_error": 0.8917, "configs": {"rotation_lower": -42, "scale_upper": 1.085542013573077, "vertical_flip": 0.6542442061151678, "pad_upper": 0.11537521421098158, "crop_probability": 0.7324989992472734, "crop_lower": 0.08289632814110329, "rotation_probability": 0.10389706803643839, "horizontal_flip": 0.8099550554081436, "scale_lower": 0.7183684109131147, "pad_lower": 0.043890502032954776, "rotation_upper": 49, "crop_upper": 0.1347819813411195, "scale_probability": 0.7899496415868976, "pad_probability": 0.41436060841133715}, "train_history": {"acc": [0.10887419871794872, 0.11636117788461539, 0.11706229967948718, 0.1204677483974359, 0.11876502403846154, 0.11833934294871795, 0.12229567307692307, 0.12099358974358974, 0.12034254807692307, 0.12352263621794872, 0.12084334935897435, 0.1219951923076923], "val_acc": [0.0988, 0.1063, 0.0992, 0.0949, 0.1028, 0.0971, 0.1116, 0.0991, 0.0993, 0.0982, 0.1086, 0.1083], "val_loss": [2.7014031105041503, 2.734511828994751, 2.4126021999359133, 3.7073674713134768, 3.4137093334197997, 2.8769471801757813, 2.7079646530151367, 2.8355801101684572, 3.1076807121276855, 2.607670177459717, 4.016877307128906, 3.0635225158691406], "loss": [2.2958741081066623, 2.2891736259827247, 2.2863305035309915, 2.2828703866555142, 2.2839628603213873, 2.282348333260952, 2.2814818437282858, 2.2794684996971717, 2.2796287009349236, 2.27753379711738, 2.278070549170176, 2.279720064921257]}, "train_accuracy": 0.1219951923076923, "augment": true}