{"train_accuracy": 0.12830528846153846, "augment": true, "used_budget": 663.7545754909515, "train_history": {"val_acc": [0.0979, 0.0979, 0.0985, 0.0979, 0.0979, 0.0979, 0.0979, 0.0979, 0.098, 0.0979, 0.0988, 0.0979], "loss": [2.2907926509013543, 2.2844404509434333, 2.2816879527691083, 2.2788327779525366, 2.274198760588964, 2.274409416394356, 2.2738215808685007, 2.272985342221382, 2.27209377518067, 2.2719776118412995, 2.272957912622354, 2.2692609635683207], "val_loss": [2.637853715133667, 3.137581551742554, 2.3653164989471436, 2.978698058319092, 3.203964008331299, 2.4612101100921633, 2.3792909770965576, 3.3321743564605715, 2.4494081539154053, 3.0668322368621825, 2.5765736320495605, 3.1046822441101076], "acc": [0.11706229967948718, 0.11801382211538461, 0.12139423076923077, 0.12234575320512821, 0.12502504006410256, 0.12439903846153846, 0.1261768830128205, 0.1253505608974359, 0.12494991987179487, 0.12399839743589744, 0.12790464743589744, 0.12830528846153846]}, "validation_error": 0.9021, "configs": {"scale_probability": 0.20195533461208082, "pad_upper": 0.28242109833306683, "pad_lower": 0.014606002272322605, "scale_lower": 0.5404814393128176, "crop_lower": 0.0834462153310531, "crop_upper": 0.14848913695823635, "rotation_upper": 86, "scale_upper": 1.4729862909428988, "rotation_lower": -1, "vertical_flip": 0.0876743930805205, "crop_probability": 0.22506049140997386, "horizontal_flip": 0.7331981008696351, "pad_probability": 0.3578241675632099, "rotation_probability": 0.5966950602086628}}