{"train_history": {"loss": [2.2965597342222166, 2.2940303591581492, 2.2926076153914132, 2.292620062828064, 2.2903610590176706, 2.2891454849487696, 2.2904715094810877, 2.288570285607607, 2.289292248395773, 2.287841560748907, 2.2874069206225567, 2.286777380949412], "val_acc": [0.1053, 0.102, 0.1019, 0.102, 0.1059, 0.1168, 0.102, 0.1022, 0.1024, 0.1052, 0.1037, 0.105], "acc": [0.10519330929487179, 0.11220452724358974, 0.11075220352564102, 0.11205428685897435, 0.11205428685897435, 0.11333133012820513, 0.11288060897435898, 0.11588541666666667, 0.11841446314102565, 0.11340645032051282, 0.11405749198717949, 0.11663661858974358], "val_loss": [2.3203740451812744, 2.82248157119751, 2.9285141120910643, 2.9883988624572755, 2.5871433322906494, 2.2910705169677734, 2.932106253051758, 2.3979359287261963, 2.5279817504882813, 2.4456308418273927, 2.4530487373352052, 2.651473384857178]}, "validation_error": 0.895, "configs": {"crop_lower": 0.04679037867686819, "horizontal_flip": 0.19403547396291432, "scale_probability": 0.6537481898891732, "scale_upper": 1.5736613652006708, "rotation_upper": 111, "crop_upper": 0.14323136536067665, "crop_probability": 0.7904082318823222, "vertical_flip": 0.38921553252661234, "pad_probability": 0.43981058982221655, "rotation_lower": -133, "pad_lower": 0.0954287920707624, "rotation_probability": 0.40724899489988475, "scale_lower": 0.7617204833703031, "pad_upper": 0.27937338537050893}, "augment": true, "used_budget": 744.1588578224182, "train_accuracy": 0.11663661858974358}