{"train_accuracy": 0.10987580128205128, "augment": true, "used_budget": 757.904753446579, "configs": {"pad_probability": 0.7350998555919129, "crop_upper": 0.16855989003087887, "pad_upper": 0.2275286671979094, "rotation_lower": -100, "crop_probability": 0.6488707442793712, "pad_lower": 0.00022782534155424417, "horizontal_flip": 0.1845400188597407, "vertical_flip": 0.8733734359313023, "crop_lower": 0.0444191926781501, "scale_lower": 0.8442667088482179, "rotation_probability": 0.9867602590384177, "scale_upper": 1.4863153051217501, "scale_probability": 0.6541058246916316, "rotation_upper": 119}, "validation_error": 0.899, "train_history": {"acc": [0.1025390625, 0.10869891826923077, 0.10611979166666667, 0.10782251602564102, 0.10584435096153846, 0.10934995993589744, 0.11232972756410256, 0.10990084134615384, 0.11215444711538461, 0.11112780448717949, 0.11055188301282051, 0.10987580128205128], "val_acc": [0.0988, 0.0986, 0.0991, 0.0987, 0.0987, 0.0995, 0.0988, 0.0988, 0.0996, 0.0967, 0.0986, 0.101], "val_loss": [3.653066379547119, 2.517042502975464, 2.5993725482940673, 3.116811734008789, 2.7095678146362303, 3.480608836364746, 3.544495304107666, 3.2625409259796143, 2.573728751373291, 2.807379503250122, 4.797307067871094, 2.5488402095794678], "loss": [2.300643114707409, 2.299034371590003, 2.2978271528696403, 2.2964986386971598, 2.296155186799856, 2.296596755584081, 2.2953842855416813, 2.2953373155532737, 2.295220375061035, 2.2942919723498516, 2.2941453731977024, 2.294087148629702]}}