{"train_history": {"val_acc": [0.0964, 0.0988, 0.1041, 0.0977, 0.0963, 0.0964, 0.0962, 0.0954, 0.0963, 0.1045, 0.097, 0.0965], "val_loss": [2.363472290802002, 2.3520004348754884, 2.3627738117218016, 2.5325852478027344, 2.689486835861206, 2.464330662536621, 2.424437731552124, 2.479564323043823, 3.272631109237671, 2.643126889038086, 3.142840517425537, 2.657629337692261], "loss": [2.300863716082695, 2.2992984660160847, 2.2987086879901395, 2.298382099622335, 2.2963025661615224, 2.297572681537041, 2.2974347334641676, 2.295956396903747, 2.2950042356283236, 2.296468694240619, 2.296420769049571, 2.295182485611011], "acc": [0.10303986378205128, 0.10717147435897435, 0.10634515224358974, 0.10504306891025642, 0.10642027243589744, 0.10556891025641026, 0.10629507211538461, 0.11040164262820513, 0.11102764423076923, 0.10912459935897435, 0.10649539262820513, 0.10934995993589744]}, "configs": {"horizontal_flip": 0.14527703918408563, "vertical_flip": 0.8410060191798651, "rotation_upper": 115, "crop_probability": 0.37054434454392216, "scale_upper": 1.5727098439179614, "pad_probability": 0.46750543751456874, "crop_upper": 0.20691158361822987, "rotation_lower": -132, "crop_lower": 0.08085195150145316, "rotation_probability": 0.9544887141690639, "scale_lower": 0.728166628383695, "pad_lower": 0.0771355337744765, "pad_upper": 0.2328298939177174, "scale_probability": 0.8230481964493177}, "validation_error": 0.9035, "augment": true, "used_budget": 697.0358200073242, "train_accuracy": 0.10934995993589744}