{"train_history": {"val_acc": [0.1012, 0.1017, 0.1012, 0.1017, 0.1012, 0.1011, 0.1014, 0.1011, 0.1012, 0.1012, 0.1022, 0.1014], "val_loss": [2.8790969036102294, 2.3150611289978027, 2.861870949554443, 2.3381154632568357, 2.728924578475952, 2.5865951042175293, 2.3826500221252442, 2.8382840583801268, 2.7491170085906984, 2.7293138484954835, 2.528700581359863, 2.4295197284698484], "acc": [0.11408253205128205, 0.11831430288461539, 0.12575120192307693, 0.12580128205128205, 0.1221454326923077, 0.12407351762820513, 0.12424879807692307, 0.12662760416666666, 0.1246494391025641, 0.12292167467948718, 0.12364783653846154, 0.12347255608974358], "loss": [2.290750869573691, 2.286528523151691, 2.281187993593705, 2.280816511465953, 2.2801633301453714, 2.2799373811636214, 2.2791122771226444, 2.2776016554771323, 2.2760791144309898, 2.2777449175333366, 2.2783958040750942, 2.2747261761090694]}, "used_budget": 733.1059622764587, "train_accuracy": 0.12347255608974358, "validation_error": 0.8986, "configs": {"rotation_upper": 9, "pad_probability": 0.8534120355987916, "rotation_probability": 0.4528991913132284, "crop_probability": 0.7677300819831117, "scale_upper": 1.7294961353884934, "scale_lower": 0.8219089469020056, "rotation_lower": -141, "scale_probability": 0.1009411416579904, "crop_lower": 0.029716307844822855, "horizontal_flip": 0.820197893447506, "pad_lower": 0.08724580919264668, "pad_upper": 0.23422829145739302, "vertical_flip": 0.7672798397021047, "crop_upper": 0.14070758699079966}, "augment": true}