{"augment": true, "configs": {"crop_lower": 0.08537199001106513, "rotation_upper": 2, "crop_probability": 0.08123628870412536, "rotation_lower": -174, "scale_probability": 0.2079665581536575, "scale_lower": 0.7429396606119618, "pad_probability": 0.33193017830735305, "rotation_probability": 0.7768587119579123, "pad_lower": 0.0415671957599961, "crop_upper": 0.2754972678105231, "scale_upper": 1.6845927088036063, "vertical_flip": 0.9373043808885136, "pad_upper": 0.16172491941914843, "horizontal_flip": 0.14226308991092929}, "train_history": {"val_acc": [0.1044, 0.0999, 0.0978, 0.098, 0.0986, 0.0975, 0.098, 0.0977, 0.0976, 0.0978, 0.0979, 0.098], "loss": [2.296101477665779, 2.2914549991106377, 2.287331085938674, 2.2847839914835415, 2.283697492801226, 2.282997582967465, 2.2828168036081853, 2.280963760155898, 2.2800663648507533, 2.280390795224752, 2.278955584153151, 2.2790934924895945], "val_loss": [2.3208558319091797, 2.3160665618896483, 2.3706758029937745, 2.9154171390533445, 2.3571940700531004, 2.3638094802856444, 2.511593145751953, 2.663745211029053, 2.5787871170043943, 2.713277155303955, 2.471531424331665, 2.6956161399841307], "acc": [0.11015124198717949, 0.11380709134615384, 0.12036758814102565, 0.11989182692307693, 0.12086838942307693, 0.11889022435897435, 0.1219951923076923, 0.11926582532051282, 0.1190655048076923, 0.12111879006410256, 0.12264623397435898, 0.12069310897435898]}, "train_accuracy": 0.12069310897435898, "used_budget": 737.65820145607, "validation_error": 0.902}