{"train_history": {"acc": [0.1063701923076923, 0.11057692307692307, 0.11493389423076923, 0.11212940705128205, 0.11538461538461539, 0.11638621794871795, 0.1171123798076923, 0.11776342147435898, 0.11896534455128205, 0.11776342147435898, 0.11901542467948718, 0.11368189102564102], "loss": [2.297900521602386, 2.2927083380711384, 2.28909120345727, 2.288954355013676, 2.2879576064073124, 2.286513877984805, 2.2876954560096445, 2.2859746729716277, 2.2856962046562095, 2.2852995716608486, 2.2826664394293075, 2.286597857872645], "val_acc": [0.1019, 0.1052, 0.1047, 0.1046, 0.1047, 0.1071, 0.1048, 0.1045, 0.1047, 0.1046, 0.1045, 0.1045], "val_loss": [2.3018481117248535, 2.3567188873291016, 2.970435358047485, 2.6199433658599856, 2.808462289428711, 2.4932672035217287, 2.5694360706329347, 3.3769810302734373, 2.7171004776000975, 2.9245443138122558, 2.991010371017456, 2.6574096351623537]}, "used_budget": 756.7788519859314, "validation_error": 0.8955, "configs": {"rotation_upper": 33, "pad_upper": 0.133313822445529, "pad_lower": 0.03730892006451395, "crop_upper": 0.14204831117975103, "pad_probability": 0.9510892095948453, "scale_upper": 1.2943443434728064, "rotation_probability": 0.5787993966337557, "crop_probability": 0.6987615467924123, "crop_lower": 0.09669138218339271, "scale_lower": 0.6893923996008796, "vertical_flip": 0.7271130286592071, "horizontal_flip": 0.8124054704249218, "scale_probability": 0.24634015079658445, "rotation_lower": -93}, "augment": true, "train_accuracy": 0.11368189102564102}