{"train_accuracy": 0.11232972756410256, "train_history": {"acc": [0.10426682692307693, 0.10584435096153846, 0.10859875801282051, 0.10809795673076923, 0.11100260416666667, 0.11278044871794872, 0.11300580929487179, 0.109375, 0.11353165064102565, 0.11112780448717949, 0.1139072516025641, 0.11232972756410256], "loss": [2.2987502217292786, 2.2972082243515897, 2.2949528441979337, 2.2935317869369802, 2.292797233049686, 2.291219242872336, 2.290492397088271, 2.292171645622987, 2.2914384381893353, 2.2920615115226846, 2.2894631822903952, 2.290523247076915], "val_loss": [2.3093664962768554, 2.3810336837768555, 2.3309956275939943, 2.4488681549072266, 2.682944310760498, 2.3864835502624513, 3.2355181137084963, 2.8775570110321045, 3.002478227233887, 3.8787926898956298, 2.5714493370056153, 3.2351111305236815], "val_acc": [0.0922, 0.098, 0.0983, 0.0985, 0.0985, 0.0991, 0.0984, 0.0984, 0.0976, 0.0988, 0.0997, 0.0977]}, "augment": true, "validation_error": 0.9023, "used_budget": 683.7295610904694, "configs": {"pad_lower": 0.09597878398635323, "pad_upper": 0.10835372297545565, "scale_lower": 0.9926764544216187, "vertical_flip": 0.3543140997631409, "horizontal_flip": 0.3505884719868525, "scale_probability": 0.7627090848649609, "rotation_lower": -35, "rotation_upper": 66, "crop_probability": 0.0513472377117945, "rotation_probability": 0.511813610149189, "crop_lower": 0.05184153201831798, "crop_upper": 0.28398966906448386, "scale_upper": 1.822933313892464, "pad_probability": 0.93267087047434}}