{"train_accuracy": 0.1224208733974359, "configs": {"horizontal_flip": 0.07789958719673407, "rotation_upper": 17, "scale_probability": 0.5930176605431197, "rotation_probability": 0.2120939946189151, "pad_probability": 0.47869971033454395, "vertical_flip": 0.5043053087389762, "crop_probability": 0.18403180695715404, "rotation_lower": -116, "scale_upper": 1.361110840554621, "crop_lower": 0.05622055987149621, "pad_lower": 0.057102558927997385, "crop_upper": 0.1533768216596184, "scale_lower": 0.9091331498205923, "pad_upper": 0.20575630098435044}, "train_history": {"val_acc": [0.1007, 0.1006, 0.1006, 0.1007, 0.1003, 0.1006, 0.0989, 0.0968, 0.0947, 0.1015, 0.1006, 0.1005], "acc": [0.11105268429487179, 0.1201171875, 0.12362279647435898, 0.12156951121794872, 0.12479967948717949, 0.12507512019230768, 0.12279647435897435, 0.12622696314102563, 0.12640224358974358, 0.1252003205128205, 0.12607672275641027, 0.1224208733974359], "loss": [2.2940569787453384, 2.285615937067912, 2.280269117691578, 2.2785306863295727, 2.278432106360411, 2.277321315728701, 2.2780911846038623, 2.2778929464327984, 2.2748536941332693, 2.2755436224815173, 2.2741698752611113, 2.2761804362138114], "val_loss": [2.395164811706543, 2.767968714141846, 2.328584622955322, 2.5394997085571287, 2.4526940181732177, 2.911746337890625, 2.6490566093444823, 2.976440983581543, 2.8275074562072753, 2.4306584926605224, 2.7471043731689453, 2.963775743103027]}, "validation_error": 0.8995, "used_budget": 757.834522485733, "augment": true}