{"validation_error": 0.8958, "train_history": {"val_loss": [2.9297106575012206, 3.3457197174072264, 2.3981871910095216, 2.782131056213379, 2.712594732284546, 3.1872302795410157, 2.469300341796875, 2.6645076103210448, 2.959577949142456, 3.229659799575806, 5.070134317016602, 3.383893315124512], "loss": [2.2993561640763893, 2.296257185630309, 2.2955546921644454, 2.2934366296499205, 2.294404481466, 2.2927699119616776, 2.2934622917419825, 2.292053780494592, 2.2917281954716415, 2.2932659540420923, 2.289439728626838, 2.290115631543673], "val_acc": [0.1045, 0.106, 0.1073, 0.1063, 0.1057, 0.1058, 0.1024, 0.1007, 0.1016, 0.1051, 0.1058, 0.1042], "acc": [0.10471754807692307, 0.10769731570512821, 0.1100010016025641, 0.11305588942307693, 0.1112530048076923, 0.11067708333333333, 0.11077724358974358, 0.11005108173076923, 0.10965044070512821, 0.10917467948717949, 0.11037660256410256, 0.11032652243589744]}, "used_budget": 699.1847107410431, "configs": {"rotation_lower": -83, "pad_upper": 0.2236535620254767, "pad_probability": 0.8903079266520376, "pad_lower": 0.019897625893909057, "rotation_upper": 51, "crop_lower": 0.01776837706943555, "scale_lower": 0.7321293580459041, "crop_upper": 0.15999442000404224, "scale_probability": 0.6641743878531112, "crop_probability": 0.6918921615223184, "horizontal_flip": 0.7143427758973125, "rotation_probability": 0.5809622666024256, "scale_upper": 1.9484028062727548, "vertical_flip": 0.14775523687582348}, "train_accuracy": 0.11032652243589744, "augment": true}