{"validation_error": 0.8973, "used_budget": 743.402694940567, "train_history": {"val_loss": [2.2930821231842042, 2.511873386764526, 2.411370337677002, 2.531944492340088, 2.9119864109039306, 2.647252062988281, 3.5839290424346926, 2.6924905200958253, 2.661205069732666, 2.9089040199279785, 3.5459983222961426, 3.0071950252532957], "val_acc": [0.1192, 0.1029, 0.1026, 0.1026, 0.1026, 0.1025, 0.1026, 0.1028, 0.104, 0.1048, 0.1044, 0.1027], "acc": [0.10519330929487179, 0.10649539262820513, 0.10970052083333333, 0.10849859775641026, 0.11152844551282051, 0.10977564102564102, 0.11052684294871795, 0.11150340544871795, 0.11090244391025642, 0.11298076923076923, 0.11197916666666667, 0.1100010016025641], "loss": [2.298485217950283, 2.296695026067587, 2.2941476794389577, 2.2934512465428085, 2.2932954094348807, 2.293233337310644, 2.2913617384739413, 2.2915441195170083, 2.291550018848517, 2.290442834297816, 2.291499328154784, 2.2916229443672376]}, "configs": {"horizontal_flip": 0.2248622547058693, "pad_upper": 0.29048230699743116, "vertical_flip": 0.7655864805349819, "rotation_upper": 76, "scale_lower": 0.7126475256106528, "crop_probability": 0.7148857905474083, "pad_lower": 0.009285807483384824, "scale_upper": 1.91336882141524, "rotation_probability": 0.8975806410093077, "crop_lower": 0.054820995976535336, "crop_upper": 0.20198056706875356, "pad_probability": 0.9340615607935615, "scale_probability": 0.029383601467660503, "rotation_lower": -159}, "augment": true, "train_accuracy": 0.1100010016025641}