{"train_history": {"acc": [0.10779747596153846, 0.11022636217948718, 0.11448317307692307, 0.11130308493589744, 0.11122796474358974, 0.11325620993589744, 0.11858974358974358, 0.11500901442307693, 0.11303084935897435, 0.11268028846153846, 0.11681189903846154, 0.11280548878205128], "val_acc": [0.1138, 0.1032, 0.1034, 0.1033, 0.1033, 0.1033, 0.1033, 0.1034, 0.099, 0.1035, 0.1033, 0.1032], "val_loss": [2.2936252845764162, 3.000042261505127, 2.42139086227417, 4.127770056915283, 3.5568962894439697, 3.729388131713867, 4.096462850189209, 3.6109780822753907, 3.11049437789917, 3.5218989059448242, 3.0635455341339113, 2.9555617546081545], "loss": [2.297187853317994, 2.293157770847663, 2.2910503034408274, 2.2885783169514093, 2.289696674316357, 2.287438521018395, 2.2861932263924527, 2.2878159147042494, 2.2875807820222316, 2.2877824115447507, 2.285444355927981, 2.2871640507991495]}, "augment": true, "used_budget": 668.011031627655, "train_accuracy": 0.11280548878205128, "validation_error": 0.8968, "configs": {"pad_lower": 0.09288416968626124, "scale_upper": 1.7748327090028408, "crop_lower": 0.05900729335356533, "crop_probability": 0.21611427165471797, "rotation_upper": 113, "pad_upper": 0.2280904441308456, "crop_upper": 0.21932235310333908, "vertical_flip": 0.5796013747569442, "rotation_lower": -20, "rotation_probability": 0.2743416488877789, "scale_probability": 0.7019851067152117, "horizontal_flip": 0.9285066902550853, "scale_lower": 0.9713540159858368, "pad_probability": 0.7505920094075481}}