{"used_budget": 744.605081319809, "augment": true, "train_history": {"val_loss": [2.3779105590820313, 2.4127875785827637, 2.6847236114501953, 2.8223629470825196, 3.010110345840454, 2.621009523773193, 2.457731790161133, 3.2889802635192873, 4.351283598327637, 2.6762680438995363, 3.2931553016662596, 3.118414906311035], "val_acc": [0.0859, 0.098, 0.0982, 0.0866, 0.0966, 0.0984, 0.0981, 0.1018, 0.1063, 0.1006, 0.1063, 0.1043], "loss": [2.300246228774389, 2.296714646693988, 2.295117661739007, 2.2946583223648562, 2.2958056154923563, 2.2944817665295725, 2.2937198266004906, 2.2932214110325546, 2.2926239394224606, 2.2933341150100413, 2.2935833625304394, 2.2934513764503675], "acc": [0.10451722756410256, 0.10779747596153846, 0.10849859775641026, 0.10704627403846154, 0.10844851762820513, 0.10912459935897435, 0.10877403846153846, 0.10899939903846154, 0.1084735576923077, 0.10987580128205128, 0.11152844551282051, 0.10919971955128205]}, "configs": {"scale_upper": 1.6620826147867018, "pad_probability": 0.11531278181847804, "vertical_flip": 0.9244577805783799, "crop_probability": 0.3831191231172899, "crop_upper": 0.2892967270294773, "scale_lower": 0.9168265762768179, "horizontal_flip": 0.11998252058617986, "rotation_probability": 0.5688492777913602, "pad_lower": 0.09408042675568612, "rotation_lower": -94, "scale_probability": 0.8801708828876633, "crop_lower": 0.06436776394379973, "pad_upper": 0.17462371399502857, "rotation_upper": 98}, "train_accuracy": 0.10919971955128205, "validation_error": 0.8956999999999999}