{"augment": true, "configs": {"vertical_flip": 0.2317942162711446, "pad_lower": 0.003311882315477588, "rotation_probability": 0.01306073026781518, "crop_upper": 0.12612208890733226, "scale_lower": 0.7719393404235007, "crop_lower": 0.013691232570576917, "pad_upper": 0.11636392934818032, "pad_probability": 0.9499688786609066, "scale_upper": 1.9834144702828245, "horizontal_flip": 0.06313991311211475, "scale_probability": 0.26890459949842227, "rotation_upper": 122, "crop_probability": 0.7716432612262242, "rotation_lower": -154}, "train_accuracy": 0.13115985576923078, "used_budget": 738.8795404434204, "train_history": {"val_acc": [0.096, 0.0961, 0.0962, 0.0965, 0.0961, 0.0963, 0.1002, 0.0962, 0.0963, 0.0989, 0.0971, 0.0973], "loss": [2.290247407479164, 2.276554457652263, 2.274534734395834, 2.2726759131138143, 2.273322580716549, 2.269407788912455, 2.2668160116061187, 2.2691046259342094, 2.2663479989919906, 2.266641657321881, 2.2613277374169765, 2.2664748239211545], "val_loss": [2.4652279304504394, 2.8800482845306394, 2.788236571884155, 2.455474465560913, 2.690061695861816, 3.015008735656738, 2.6255189125061036, 3.106250698471069, 2.972734903335571, 2.8638730743408205, 3.2470900588989258, 3.2208213973999023], "acc": [0.11721254006410256, 0.12865584935897437, 0.1286308092948718, 0.12865584935897437, 0.12640224358974358, 0.13045873397435898, 0.13273737980769232, 0.1296824919871795, 0.13283754006410256, 0.12850560897435898, 0.13361378205128205, 0.13115985576923078]}, "validation_error": 0.9027000000000001}