{"augment": true, "used_budget": 741.6910016536713, "train_history": {"acc": [0.11801382211538461, 0.12212039262820513, 0.12845552884615385, 0.1285556891025641, 0.13213641826923078, 0.1274539262820513, 0.1305088141025641, 0.13033353365384615, 0.1300831330128205, 0.13306290064102563, 0.13243689903846154, 0.1325370592948718], "val_loss": [2.4986022899627685, 2.306882873916626, 2.382533449935913, 2.4430407554626465, 2.5299081245422363, 2.408886803436279, 2.6350783592224123, 2.407240823364258, 2.9236568866729735, 2.529091605758667, 2.932703054046631, 2.4600007026672364], "loss": [2.290180876469001, 2.2816432034358, 2.2744830678670835, 2.274921564719616, 2.271391740212074, 2.273639568915734, 2.2715607652297387, 2.2699907628389506, 2.269889485377532, 2.268219353296818, 2.268760024737089, 2.267447117047432], "val_acc": [0.1066, 0.1266, 0.1028, 0.1033, 0.1037, 0.1031, 0.1028, 0.1032, 0.1037, 0.1046, 0.1029, 0.109]}, "train_accuracy": 0.1325370592948718, "configs": {"scale_probability": 0.0358622628959977, "pad_upper": 0.25196750934178436, "vertical_flip": 0.42195166208965984, "rotation_lower": -10, "pad_lower": 0.07926692104022713, "crop_probability": 0.5748276600209515, "scale_lower": 0.9396399528384112, "horizontal_flip": 0.5420869879506965, "crop_upper": 0.24062868633610268, "rotation_upper": 68, "scale_upper": 1.2546197046902845, "rotation_probability": 0.15913413006243193, "pad_probability": 0.6880501927475652, "crop_lower": 0.0987760845891226}, "validation_error": 0.891}