{"train_history": {"val_acc": [0.1009, 0.1052, 0.1025, 0.1003, 0.1007, 0.1032, 0.1036, 0.1185, 0.1044, 0.0925, 0.1145, 0.1143], "acc": [0.1178135016025641, 0.11891526442307693, 0.11931590544871795, 0.12602664262820512, 0.12422375801282051, 0.12444911858974358, 0.12412359775641026, 0.12555088141025642, 0.12670272435897437, 0.12815504807692307, 0.12825520833333334, 0.12650240384615385], "loss": [2.29042027088312, 2.283094208974105, 2.2807177626169644, 2.2738531759152045, 2.273684474138113, 2.272207559683384, 2.270306618549885, 2.270051120183407, 2.267145111774787, 2.2676470891023293, 2.26832813788683, 2.2697830482935295], "val_loss": [2.6785358821868894, 2.4091623985290527, 2.3094062397003174, 2.6171922443389892, 2.6023143531799318, 2.483475475311279, 2.504753572845459, 2.3365989280700683, 2.6488254398345945, 2.7401206104278564, 2.4050257396698, 2.2998994735717773]}, "used_budget": 672.9063746929169, "augment": true, "validation_error": 0.8857, "configs": {"pad_lower": 0.07454603443168133, "crop_lower": 0.059738729412482386, "scale_upper": 1.0022053823848718, "pad_probability": 0.7658083123341693, "pad_upper": 0.10002028681385165, "rotation_lower": -111, "vertical_flip": 0.20999570836978143, "horizontal_flip": 0.42612071997132284, "rotation_probability": 0.1787496791910288, "scale_lower": 0.964596218577287, "crop_probability": 0.008640274256667468, "scale_probability": 0.6454915952869539, "rotation_upper": 44, "crop_upper": 0.12704206130322437}, "train_accuracy": 0.12650240384615385}