{"validation_error": 0.8996, "train_history": {"val_acc": [0.1008, 0.1011, 0.1008, 0.0995, 0.1013, 0.1007, 0.1005, 0.1005, 0.1005, 0.1006, 0.0964, 0.1004], "acc": [0.10842347756410256, 0.1109775641025641, 0.11285556891025642, 0.11518429487179487, 0.11235476762820513, 0.11225460737179487, 0.11673677884615384, 0.11207932692307693, 0.11495893429487179, 0.11538461538461539, 0.11368189102564102, 0.11365685096153846], "loss": [2.2983058179036164, 2.2941736854039707, 2.2929105995557246, 2.2904131764020677, 2.29063103443537, 2.2895137690580807, 2.288022741293296, 2.289892995968843, 2.2877999949149594, 2.2882918814818063, 2.2873216546498814, 2.2861317770603375], "val_loss": [2.3166573684692384, 2.8186630760192872, 2.496613303375244, 2.3134715709686278, 2.5140045722961424, 2.4770177364349366, 3.3206782817840574, 3.3453374656677246, 3.393482984161377, 3.131867671966553, 2.647599812698364, 3.601404470062256]}, "train_accuracy": 0.11365685096153846, "augment": true, "configs": {"rotation_lower": -26, "scale_lower": 0.92240769034759, "scale_probability": 0.9469821958298715, "pad_upper": 0.1097434184293678, "rotation_upper": 126, "horizontal_flip": 0.29323790322721965, "pad_lower": 0.03650533952142925, "crop_probability": 0.5130347413304867, "pad_probability": 0.2753547666973668, "crop_lower": 0.05586996587698626, "vertical_flip": 0.5825701144419427, "crop_upper": 0.15784325125961335, "rotation_probability": 0.45877007023651295, "scale_upper": 1.0852283331008739}, "used_budget": 753.6913785934448}