{"configs": {"horizontal_flip": 0.6060227102315935, "rotation_lower": -100, "pad_upper": 0.20367552910589448, "crop_probability": 0.4648474720856278, "pad_lower": 0.046000836726881184, "crop_upper": 0.29638048164166975, "scale_probability": 0.12753136513666674, "pad_probability": 0.6020552950755169, "crop_lower": 0.019732970530571714, "scale_lower": 0.5116715354137129, "rotation_upper": 15, "vertical_flip": 0.951547038216115, "scale_upper": 1.134237124442027, "rotation_probability": 0.04228820620757745}, "train_history": {"val_acc": [0.0976, 0.0988, 0.0976, 0.0984, 0.0979, 0.0975, 0.1003, 0.0977, 0.0993, 0.1007, 0.0979, 0.1023], "acc": [0.1226963141025641, 0.13321314102564102, 0.13469050480769232, 0.13679387019230768, 0.13599258814102563, 0.13383914262820512, 0.1368689903846154, 0.14087540064102563, 0.14107572115384615, 0.13767027243589744, 0.14130108173076922, 0.13711939102564102], "val_loss": [2.6438620964050292, 2.400263161468506, 2.4700436908721923, 2.4829230922698975, 2.5582364570617675, 2.7308611862182617, 2.3768368377685545, 2.9307525825500487, 2.839701249694824, 2.40237825088501, 2.5202356903076173, 2.6944009017944337], "loss": [2.2853242540970826, 2.2697377304236093, 2.2633728973376446, 2.261567559761879, 2.2601108971314554, 2.2571106522511215, 2.256661911041309, 2.255102366973192, 2.252706689712329, 2.255911955466637, 2.2511152304135837, 2.252409121929071]}, "augment": true, "validation_error": 0.8976999999999999, "train_accuracy": 0.13711939102564102, "used_budget": 736.0902104377747}