{"validation_error": 0.9007000000000001, "used_budget": 665.8397207260132, "augment": true, "train_accuracy": 0.12652744391025642, "train_history": {"val_loss": [2.321798802947998, 2.312352847290039, 2.8280929336547853, 2.765896733093262, 2.6623776802062986, 3.3353337184906007, 2.6165951889038084, 2.4916528160095215, 2.6472464847564696, 2.361523862838745, 2.7664054752349854, 2.794844327545166], "val_acc": [0.0986, 0.0979, 0.0982, 0.1072, 0.1001, 0.0969, 0.103, 0.1021, 0.0983, 0.0958, 0.1006, 0.0993], "acc": [0.1136318108974359, 0.11894030448717949, 0.11866486378205128, 0.1210186298076923, 0.12477463942307693, 0.1239483173076923, 0.1257762419871795, 0.12404847756410256, 0.12522536057692307, 0.12414863782051282, 0.12670272435897437, 0.12652744391025642], "loss": [2.2945152062636156, 2.285811107128094, 2.283587626921825, 2.277560884371782, 2.277254878710478, 2.2738630183232136, 2.2750897797254415, 2.2761360429800472, 2.272221381083513, 2.2722876981282845, 2.2728956777315874, 2.27298536667457]}, "configs": {"vertical_flip": 0.35619047401631987, "rotation_probability": 0.31472831761405573, "rotation_lower": -161, "rotation_upper": 177, "pad_probability": 0.0019585444362408833, "pad_lower": 0.005025338439181504, "pad_upper": 0.1386763298300052, "scale_upper": 1.613290623078464, "crop_upper": 0.19269186358422805, "crop_lower": 0.021646458751037802, "horizontal_flip": 0.8234178052677247, "scale_probability": 0.614744268653802, "crop_probability": 0.11999027434602738, "scale_lower": 0.6313082698883132}}