{"augment": true, "configs": {"vertical_flip": 0.3067570702229736, "pad_lower": 0.08843486027555736, "crop_lower": 0.02174649671964818, "scale_probability": 0.20634495049270718, "horizontal_flip": 0.08674570053466846, "scale_upper": 1.0016992692989777, "pad_probability": 0.5118369794465614, "pad_upper": 0.1171770986530588, "scale_lower": 0.622505058232862, "crop_probability": 0.9136768517104323, "crop_upper": 0.18603057383374993, "rotation_upper": 108, "rotation_lower": -93, "rotation_probability": 0.6068185832551781}, "train_accuracy": 0.12149439102564102, "train_history": {"loss": [2.2965883711973825, 2.292853200282806, 2.287407256089724, 2.2870439161092806, 2.2851812701958876, 2.2855618664851556, 2.284457192971156, 2.285712716671137, 2.283873363183095, 2.284450223048528, 2.283795810662783, 2.282527119685442], "val_acc": [0.097, 0.0977, 0.097, 0.097, 0.097, 0.097, 0.097, 0.097, 0.097, 0.097, 0.097, 0.0969], "acc": [0.10887419871794872, 0.11355669070512821, 0.11568509615384616, 0.11891526442307693, 0.11966646634615384, 0.1165614983974359, 0.12034254807692307, 0.11633613782051282, 0.11871494391025642, 0.1181640625, 0.11591045673076923, 0.12149439102564102], "val_loss": [2.3542956142425537, 2.461986650085449, 2.579277685546875, 2.532628630065918, 3.004819123840332, 2.685393083190918, 2.655205479812622, 3.2339980033874514, 3.480990077972412, 2.5883833087921144, 2.710701371002197, 2.642547035217285]}, "validation_error": 0.9031, "used_budget": 743.3839416503906}