{"augment": true, "train_history": {"loss": [2.2864730266424327, 2.2755019947504387, 2.2730119083172236, 2.2729505736094255, 2.268285862910442, 2.2671045622764487, 2.2652011613051095, 2.2662094166645637, 2.2629148165384927, 2.263121649240836, 2.2639550421482477, 2.261121172935535], "acc": [0.11776342147435898, 0.12883112980769232, 0.1266776842948718, 0.12823016826923078, 0.1300831330128205, 0.13208633814102563, 0.1315604967948718, 0.12985777243589744, 0.1300330528846154, 0.13223657852564102, 0.1328125, 0.1313601762820513], "val_acc": [0.1017, 0.0989, 0.0988, 0.1016, 0.1033, 0.0991, 0.1001, 0.1003, 0.106, 0.1014, 0.0996, 0.1028], "val_loss": [2.434173154449463, 2.6568544193267822, 2.915706434249878, 2.559907253265381, 2.5762289390563966, 2.561572480773926, 2.5299514373779295, 2.843840793991089, 2.5470450481414795, 2.699398957443237, 2.781146941757202, 2.4331089000701906]}, "used_budget": 657.3719441890717, "train_accuracy": 0.1313601762820513, "configs": {"crop_probability": 0.11408048738439747, "rotation_lower": -124, "vertical_flip": 0.8909155579359539, "pad_upper": 0.26101241981689516, "crop_lower": 0.061898249900076266, "scale_upper": 1.7651769530061632, "rotation_probability": 0.17711569476442912, "crop_upper": 0.21496255294823463, "pad_probability": 0.7778103463167897, "scale_probability": 0.3318949888316951, "scale_lower": 0.9047006939837419, "rotation_upper": 91, "horizontal_flip": 0.93964634464173, "pad_lower": 0.08967122475840017}, "validation_error": 0.8972}