{"augment": true, "train_accuracy": 0.11899038461538461, "validation_error": 0.8976, "configs": {"crop_upper": 0.11948710399119285, "crop_lower": 0.07096084998592815, "pad_upper": 0.21551812437975598, "rotation_probability": 0.3797054962185754, "rotation_lower": -10, "scale_lower": 0.916403803455756, "pad_lower": 0.0662019872896782, "rotation_upper": 143, "scale_probability": 0.7007739698925212, "horizontal_flip": 0.45972325117377844, "vertical_flip": 0.2802180010672205, "scale_upper": 1.1005278215367151, "pad_probability": 0.3929886486481414, "crop_probability": 0.4133379612514655}, "train_history": {"loss": [2.2944333538030968, 2.2886796662440667, 2.287772767054729, 2.2866055010220943, 2.284857242535322, 2.283885751779263, 2.284956986323381, 2.2825723565541782, 2.284409763721319, 2.2829119517252994, 2.281610667705536, 2.2809936243754168], "val_acc": [0.1066, 0.104, 0.107, 0.104, 0.1038, 0.1155, 0.1103, 0.116, 0.1202, 0.1035, 0.0992, 0.1024], "val_loss": [2.345523934555054, 2.3362532386779784, 2.478783778381348, 2.455080072784424, 2.5114538970947264, 2.4766810653686524, 2.515289538192749, 2.565885945892334, 2.567957876586914, 2.790110185241699, 2.906459019088745, 2.6272698097229004], "acc": [0.11150340544871795, 0.11370693108974358, 0.11305588942307693, 0.11365685096153846, 0.11611077724358974, 0.11783854166666667, 0.11380709134615384, 0.11513421474358974, 0.1162109375, 0.11576021634615384, 0.11894030448717949, 0.11899038461538461]}, "used_budget": 733.7603633403778}