{"used_budget": 726.7113976478577, "train_history": {"loss": [2.288740118344625, 2.281379513251476, 2.278169803894483, 2.2757401955433383, 2.276586644160442, 2.2738299323962283, 2.2735575995384116, 2.2724868059158325, 2.273213038077721, 2.2712508340676627, 2.2697591613500547, 2.268514716472381], "val_acc": [0.0979, 0.0979, 0.0981, 0.0991, 0.1017, 0.0991, 0.0983, 0.099, 0.0984, 0.0992, 0.0991, 0.0982], "acc": [0.11661157852564102, 0.12149439102564102, 0.12477463942307693, 0.1262520032051282, 0.12329727564102565, 0.12622696314102563, 0.12845552884615385, 0.12762920673076922, 0.13241185897435898, 0.12865584935897437, 0.13238681891025642, 0.13048377403846154], "val_loss": [2.318673131942749, 2.40704581451416, 2.5567471088409426, 2.539618500518799, 2.417456269073486, 2.6927105262756346, 2.5338711975097654, 2.739909086227417, 2.6714073879241944, 2.638610263824463, 3.1054118263244628, 2.6523702003479004]}, "configs": {"rotation_upper": 6, "rotation_lower": -87, "pad_lower": 0.02461719750215389, "pad_probability": 0.8421859790986256, "rotation_probability": 0.17006997447242966, "scale_upper": 1.1685184311073094, "crop_upper": 0.2590855096392849, "pad_upper": 0.27219353392258294, "horizontal_flip": 0.8488888647172018, "crop_probability": 0.6103453311733582, "crop_lower": 0.07872448931909465, "vertical_flip": 0.911394327773712, "scale_probability": 0.15203732811124104, "scale_lower": 0.6019646932340461}, "train_accuracy": 0.13048377403846154, "augment": true, "validation_error": 0.9018}