{"train_history": {"loss": [2.2997106321347065, 2.2992929915587106, 2.29668920315229, 2.2962102882373028, 2.295853643081127, 2.2957116655814342, 2.2944949987607126, 2.294017437940989, 2.2942470419101224, 2.2932470578413744, 2.294142886614188, 2.294698493602948], "val_loss": [2.3044531410217286, 2.2865993473052977, 2.6300488258361816, 2.2967119583129882, 2.315333531951904, 3.7319804779052737, 3.2613741184234617, 2.6959859352111817, 2.297233199310303, 2.371099320602417, 2.713682974243164, 2.8972251178741457], "acc": [0.10266426282051282, 0.10657051282051282, 0.10787259615384616, 0.11117788461538461, 0.10834835737179487, 0.10779747596153846, 0.10934995993589744, 0.10982572115384616, 0.10982572115384616, 0.10897435897435898, 0.11025140224358974, 0.10629507211538461], "val_acc": [0.1014, 0.1123, 0.1, 0.1037, 0.1011, 0.1, 0.1, 0.1017, 0.1074, 0.0999, 0.1, 0.1018]}, "used_budget": 677.9692823886871, "configs": {"horizontal_flip": 0.061816682482651264, "crop_probability": 0.7457651754018912, "pad_lower": 0.04472817005830169, "scale_upper": 1.8453115525163426, "rotation_lower": -42, "rotation_upper": 77, "crop_lower": 0.059381519065549185, "scale_lower": 0.5109560317815875, "scale_probability": 0.28987297910057597, "rotation_probability": 0.9564680112683431, "pad_probability": 0.22427543298001662, "vertical_flip": 0.41723132910894967, "crop_upper": 0.23366313789903145, "pad_upper": 0.13878366235049366}, "augment": true, "validation_error": 0.8982, "train_accuracy": 0.10629507211538461}