{"used_budget": 679.0337681770325, "augment": true, "train_accuracy": 0.11563501602564102, "train_history": {"val_loss": [2.34531496925354, 2.2996372871398925, 2.4043809410095216, 2.5751154174804687, 2.697845531845093, 2.536077024078369, 2.8793088623046876, 2.502835852050781, 3.0268368507385253, 2.953964908981323, 2.6417937492370607, 2.6444573902130126], "loss": [2.2985997314636526, 2.2944319469806476, 2.2939056838170075, 2.2902782414204035, 2.2892623444398246, 2.290978871094875, 2.2901364136964846, 2.29086240591147, 2.289707309160477, 2.290004720290502, 2.2893085135863376, 2.2882917057245207], "acc": [0.10699619391025642, 0.11037660256410256, 0.11022636217948718, 0.11082732371794872, 0.11165364583333333, 0.11423277243589744, 0.11323116987179487, 0.11225460737179487, 0.11473357371794872, 0.11360677083333333, 0.11475861378205128, 0.11563501602564102], "val_acc": [0.1016, 0.1209, 0.1014, 0.1015, 0.1016, 0.1019, 0.1018, 0.1041, 0.1014, 0.1014, 0.1011, 0.1014]}, "validation_error": 0.8986, "configs": {"pad_probability": 0.5048040849601563, "crop_lower": 0.07767699098828307, "vertical_flip": 0.3569875745806844, "crop_probability": 0.5267574690418536, "scale_lower": 0.5976566780672726, "horizontal_flip": 0.9801126652105121, "rotation_upper": 27, "pad_lower": 0.017093254196094487, "scale_probability": 0.838465838211408, "crop_upper": 0.12411989473321693, "pad_upper": 0.22074164429230425, "scale_upper": 1.9422002246373926, "rotation_lower": -130, "rotation_probability": 0.14293934069153003}}