{"train_accuracy": 0.1104266826923077, "train_history": {"val_acc": [0.0989, 0.1009, 0.1076, 0.1033, 0.1046, 0.1042, 0.1011, 0.1048, 0.1093, 0.1099, 0.1066, 0.1149], "loss": [2.2998730731316104, 2.2973892321953406, 2.296875353807058, 2.2948309825016904, 2.2950092546450787, 2.2955609957377114, 2.295475415694408, 2.29491073733721, 2.294201157031915, 2.2941263234003997, 2.293603538702696, 2.293759463689266], "val_loss": [2.3262078956604, 2.478598645782471, 2.404109839630127, 2.4545336433410645, 2.9223706146240236, 2.312458324813843, 2.962270775222778, 3.185208582305908, 3.251454118347168, 4.200993112945556, 2.7747635963439943, 2.4429180683135985], "acc": [0.10033553685897435, 0.10586939102564102, 0.10834835737179487, 0.10992588141025642, 0.10692107371794872, 0.10604467147435898, 0.10519330929487179, 0.10466746794871795, 0.11032652243589744, 0.10947516025641026, 0.11185396634615384, 0.1104266826923077]}, "augment": true, "configs": {"crop_probability": 0.7937087069149803, "pad_probability": 0.39105174735787573, "pad_upper": 0.2594848212583245, "horizontal_flip": 0.014044055433691804, "crop_lower": 0.07916319243391205, "rotation_upper": 96, "scale_upper": 1.21475227365545, "crop_upper": 0.2464506392186918, "vertical_flip": 0.007250501471754434, "scale_lower": 0.9813606830134971, "rotation_probability": 0.5609291681365015, "rotation_lower": -168, "pad_lower": 0.021647456116236, "scale_probability": 0.9068897782007208}, "validation_error": 0.8851, "used_budget": 755.2927415370941}