{"validation_error": 0.9014, "augment": true, "train_history": {"val_acc": [0.0988, 0.1098, 0.0985, 0.1026, 0.0987, 0.0994, 0.0987, 0.0988, 0.0986, 0.0987, 0.0986, 0.0986], "val_loss": [3.2424952838897707, 2.2947761291503905, 2.4298892906188967, 3.4731308959960936, 3.5572249542236327, 2.3988836547851564, 2.7562810516357423, 3.430634482574463, 2.563667197036743, 3.0634300670623777, 3.5083220401763917, 3.9016091590881348], "acc": [0.10346554487179487, 0.10519330929487179, 0.10727163461538461, 0.10566907051282051, 0.1090244391025641, 0.10709635416666667, 0.10854867788461539, 0.10694611378205128, 0.10817307692307693, 0.10727163461538461, 0.10692107371794872, 0.11162860576923077], "loss": [2.300450724668992, 2.2983064697338986, 2.2983246567921762, 2.2967546391181455, 2.296313029069167, 2.2958675722281137, 2.2942490570056133, 2.2947157353926926, 2.29476908995555, 2.2951673613144803, 2.2952465384434433, 2.2940126351821117]}, "used_budget": 764.2862470149994, "configs": {"crop_upper": 0.27832141998557136, "scale_lower": 0.969524989282875, "pad_lower": 0.09170858216666723, "scale_upper": 1.8630548832702751, "scale_probability": 0.22457322032110538, "vertical_flip": 0.17053871274426724, "rotation_upper": 0, "horizontal_flip": 0.3109557137846801, "pad_upper": 0.15568357342956038, "pad_probability": 0.9511727147609191, "crop_lower": 0.07646343614294586, "rotation_lower": -124, "crop_probability": 0.7123459046141403, "rotation_probability": 0.9547061694811755}, "train_accuracy": 0.11162860576923077}