{"train_accuracy": 0.10884915865384616, "augment": true, "train_history": {"loss": [2.3002158181789594, 2.297760392610843, 2.2982653440573277, 2.2957939444444118, 2.2965521720739512, 2.2953872015843024, 2.2943908602763443, 2.294781404427993, 2.2936177062682614, 2.2936969002087912, 2.293762202446277, 2.293785024147767], "acc": [0.10431690705128205, 0.10451722756410256, 0.10784755608974358, 0.10952524038461539, 0.10709635416666667, 0.10824819711538461, 0.10904947916666667, 0.10819811698717949, 0.10799779647435898, 0.1090244391025641, 0.10321514423076923, 0.10884915865384616], "val_loss": [2.3647150035858155, 2.4818225955963134, 2.791955703353882, 2.759872249221802, 3.9043259757995608, 4.05786895942688, 5.186858242034912, 4.821769437408447, 3.071910136413574, 3.3177797035217287, 4.120881907653809, 3.6672429706573486], "val_acc": [0.0995, 0.0996, 0.0995, 0.0991, 0.0992, 0.0994, 0.0993, 0.0992, 0.0956, 0.0976, 0.0981, 0.0949]}, "used_budget": 762.6119377613068, "validation_error": 0.9051, "configs": {"vertical_flip": 0.3989142819951753, "scale_upper": 1.7175676179560613, "scale_probability": 0.7102977010957033, "scale_lower": 0.826824202748627, "rotation_upper": 103, "rotation_lower": -106, "crop_probability": 0.26749703782637235, "horizontal_flip": 0.9336989770281625, "crop_lower": 0.059189453354162785, "crop_upper": 0.18508682685165076, "pad_lower": 0.09125843634728706, "pad_upper": 0.24299695411858618, "rotation_probability": 0.848236552413084, "pad_probability": 0.900718382494562}}