{"configs": {"vertical_flip": 0.1694175978473056, "horizontal_flip": 0.1736638565676698, "rotation_probability": 0.6720385510062223, "pad_probability": 0.2014357340312657, "rotation_lower": -139, "crop_upper": 0.22285220299621755, "rotation_upper": 0, "scale_upper": 1.761232893389682, "crop_probability": 0.411823203648775, "scale_lower": 0.5627193646827233, "crop_lower": 0.040644733106341535, "scale_probability": 0.06790559861792156, "pad_lower": 0.0908478463920554, "pad_upper": 0.16898185028442636}, "validation_error": 0.9031, "used_budget": 662.4602251052856, "train_accuracy": 0.12895633012820512, "train_history": {"val_loss": [2.645043643951416, 2.478707971954346, 2.3388045753479005, 2.8525980140686036, 3.715434834289551, 2.7106409019470217, 2.9207799770355223, 2.9081374965667726, 3.6391544200897217, 3.9630086212158204, 3.1666807594299318, 3.2528214294433595], "val_acc": [0.0928, 0.0928, 0.0933, 0.0926, 0.0945, 0.1, 0.094, 0.0927, 0.0939, 0.0929, 0.0934, 0.0969], "loss": [2.2936757252766538, 2.2862757452023335, 2.2818335791428885, 2.279600609571506, 2.280585073507749, 2.2776685563417582, 2.2767564547367587, 2.276268558624463, 2.2776378836387243, 2.2765075594950943, 2.2756127684544296, 2.274297077686359], "acc": [0.11202924679487179, 0.11495893429487179, 0.12044270833333333, 0.12064302884615384, 0.11894030448717949, 0.12572616185897437, 0.12369791666666667, 0.12387319711538461, 0.12685296474358973, 0.12154447115384616, 0.12590144230769232, 0.12895633012820512]}, "augment": true}