{"augment": true, "used_budget": 674.7378041744232, "train_history": {"val_acc": [0.0991, 0.0989, 0.0986, 0.1, 0.0992, 0.1055, 0.0996, 0.0987, 0.1088, 0.1019, 0.1133, 0.1043], "acc": [0.11603565705128205, 0.11798878205128205, 0.11971654647435898, 0.12424879807692307, 0.12044270833333333, 0.12176983173076923, 0.12131911057692307, 0.12605168269230768, 0.12575120192307693, 0.12059294871794872, 0.12267127403846154, 0.11793870192307693], "loss": [2.2923560532239766, 2.286404529443154, 2.2823275106075482, 2.280769949540114, 2.28010538373238, 2.278563279371995, 2.2778041125872197, 2.2759962379932404, 2.2730296017267766, 2.275408839568114, 2.275049939369544, 2.277265707651774], "val_loss": [2.4179152194976807, 2.3672318668365477, 2.3412841339111328, 2.409702715301514, 2.8114276447296143, 2.501094948577881, 2.451244379043579, 3.407749363708496, 2.784510892868042, 2.948753568267822, 3.0390515830993654, 2.647299708557129]}, "train_accuracy": 0.11793870192307693, "configs": {"crop_probability": 0.48350161208726605, "horizontal_flip": 0.37250919076009836, "crop_lower": 0.023637465296785544, "pad_upper": 0.15613924568303733, "rotation_lower": -24, "pad_lower": 0.09432161508208708, "vertical_flip": 0.852842671473681, "scale_lower": 0.8379075753474483, "pad_probability": 0.36630281321242986, "rotation_upper": 19, "scale_upper": 1.8985783032659955, "rotation_probability": 0.6414888962837311, "scale_probability": 0.24507820859623364, "crop_upper": 0.11978298148381981}, "validation_error": 0.8956999999999999}