{"configs": {"pad_upper": 0.21269380475705468, "pad_probability": 0.5153378909513351, "scale_probability": 0.7188477135881892, "scale_upper": 1.1245395873444113, "vertical_flip": 0.5656862271561773, "crop_upper": 0.12315304019374791, "crop_lower": 0.012855500961376831, "rotation_upper": 127, "pad_lower": 0.01124755513560921, "rotation_probability": 0.9708219875950291, "scale_lower": 0.9386407023755471, "rotation_lower": -112, "horizontal_flip": 0.1527117134353697, "crop_probability": 0.39064008231182556}, "used_budget": 760.169938325882, "train_accuracy": 0.11323116987179487, "augment": true, "validation_error": 0.8985, "train_history": {"loss": [2.299119552740684, 2.297412490997559, 2.2955201191779895, 2.294963237566826, 2.2934475044409433, 2.293334803520105, 2.2934585442909827, 2.2943997260851736, 2.292539893816679, 2.2923875076648517, 2.290778379409741, 2.292980255224766], "val_acc": [0.0987, 0.0991, 0.0988, 0.0987, 0.0963, 0.0973, 0.1042, 0.0996, 0.1006, 0.1017, 0.1002, 0.1015], "acc": [0.10461738782051282, 0.10852363782051282, 0.11115284455128205, 0.10822315705128205, 0.11045172275641026, 0.11187900641025642, 0.10970052083333333, 0.10769731570512821, 0.11067708333333333, 0.11258012820512821, 0.11333133012820513, 0.11323116987179487], "val_loss": [2.350769664764404, 2.326182223510742, 2.786253203582764, 2.6949048736572268, 2.5151948181152344, 3.657370442199707, 3.437197513580322, 4.659467840576172, 2.4953347492218017, 3.3318295341491697, 3.15240899810791, 3.2611901229858398]}}