{"configs": {"pad_lower": 0.08475252597501855, "crop_upper": 0.19501544239568766, "rotation_upper": 77, "crop_lower": 0.06641021643965514, "pad_probability": 0.6197690818972125, "pad_upper": 0.21879542962687187, "rotation_probability": 0.21426228875522313, "rotation_lower": 0, "scale_lower": 0.962584251035077, "crop_probability": 0.7861220093332663, "scale_upper": 1.9666568238811926, "scale_probability": 0.3668789409544072, "vertical_flip": 0.36337524838046376, "horizontal_flip": 0.5967480820092007}, "train_history": {"val_loss": [2.330682117462158, 2.356408411026001, 2.4057812824249267, 3.3440027030944823, 2.493377942657471, 2.6309588066101073, 2.71321411781311, 2.398897669219971, 2.6738250495910645, 2.6435156745910646, 2.3886224838256838, 2.934252057647705], "acc": [0.11313100961538461, 0.11863982371794872, 0.11871494391025642, 0.12114383012820513, 0.11979166666666667, 0.12096854967948718, 0.12287159455128205, 0.12282151442307693, 0.12249599358974358, 0.12327223557692307, 0.12379807692307693, 0.1229717548076923], "loss": [2.2956055295773043, 2.288024683029224, 2.2862735780385823, 2.284727780482708, 2.283759879760253, 2.2832757922319264, 2.281375941557762, 2.2829434734124403, 2.2806076797155233, 2.2802719206382065, 2.2799539420849237, 2.281775575417739], "val_acc": [0.1179, 0.1023, 0.1088, 0.102, 0.1033, 0.1002, 0.1015, 0.1028, 0.1058, 0.1086, 0.0959, 0.1012]}, "train_accuracy": 0.1229717548076923, "augment": true, "used_budget": 659.9520134925842, "validation_error": 0.8988}