{"train_history": {"val_loss": [2.3199988273620606, 2.4741521656036376, 2.6026587856292727, 3.1026054916381836, 2.49564354095459, 2.662055225753784, 2.4823497005462647, 2.579594240951538, 2.615103198623657, 2.717471901702881, 3.672587408447266, 2.6449967330932616], "loss": [2.297066996494929, 2.2905462216108274, 2.290192283116854, 2.288131899558581, 2.2864222266735177, 2.2865211497514677, 2.2845244239538145, 2.283275916026189, 2.283171363365956, 2.283302461489653, 2.2823133254662538, 2.2833695106017284], "val_acc": [0.1048, 0.1043, 0.1034, 0.1034, 0.1035, 0.1025, 0.0977, 0.0971, 0.1039, 0.1036, 0.1034, 0.1035], "acc": [0.11067708333333333, 0.11345653044871795, 0.11505909455128205, 0.11398237179487179, 0.11626101762820513, 0.1151592548076923, 0.11801382211538461, 0.12094350961538461, 0.11843950320512821, 0.11611077724358974, 0.1194911858974359, 0.11540965544871795]}, "validation_error": 0.8965, "used_budget": 754.357364654541, "augment": true, "configs": {"scale_probability": 0.8033896584485066, "rotation_upper": 163, "pad_upper": 0.11760115422166295, "crop_probability": 0.3490591085105784, "crop_lower": 0.024057745969484425, "scale_upper": 1.7890399247480508, "vertical_flip": 0.7710329269350711, "horizontal_flip": 0.06959805668504027, "rotation_lower": -8, "rotation_probability": 0.13418540751680685, "pad_probability": 0.20408478857267187, "pad_lower": 0.06165591600520881, "scale_lower": 0.5306214436150772, "crop_upper": 0.20600918669246304}, "train_accuracy": 0.11540965544871795}