{"train_accuracy": 0.134765625, "validation_error": 0.9034, "train_history": {"loss": [2.289542555809021, 2.278156374509518, 2.272270075785808, 2.2681546004918904, 2.265406529108683, 2.26472331239627, 2.265193527325606, 2.2624804094815865, 2.261839969035907, 2.2620782340184236, 2.2592255083414226, 2.258765670733574], "val_acc": [0.0949, 0.0949, 0.0958, 0.0948, 0.095, 0.0961, 0.0949, 0.0975, 0.097, 0.0955, 0.0966, 0.0966], "acc": [0.1181640625, 0.12622696314102563, 0.13045873397435898, 0.1330128205128205, 0.13298778044871795, 0.13366386217948717, 0.1357421875, 0.13509114583333334, 0.13298778044871795, 0.1378455528846154, 0.1355418669871795, 0.134765625], "val_loss": [2.5529803020477293, 3.050343618392944, 2.626390563964844, 2.8842749198913573, 2.744514349746704, 2.334054621887207, 2.7179783706665037, 3.271188291931152, 3.038630562591553, 2.479323580932617, 2.5516408721923827, 2.8186563957214354]}, "used_budget": 733.5927202701569, "configs": {"rotation_upper": 40, "pad_lower": 0.05539660319821576, "rotation_lower": -56, "vertical_flip": 0.6313593387905878, "scale_upper": 1.7432507491005416, "scale_probability": 0.2851176201041161, "pad_upper": 0.1487978011163375, "crop_upper": 0.183903921133517, "horizontal_flip": 0.9786580883527232, "pad_probability": 0.5089750827019698, "crop_probability": 0.31375995316123884, "crop_lower": 0.030746102034433877, "scale_lower": 0.6510760080460756, "rotation_probability": 0.16021628032638557}, "augment": true}