{"augment": true, "validation_error": 0.894, "train_history": {"val_loss": [2.3605109825134276, 2.3474911907196043, 2.3078847110748293, 2.603607517242432, 2.736818211364746, 2.7608765396118162, 2.5276939498901365, 2.6850885097503663, 2.62186011428833, 2.391612560272217, 2.9645690620422362, 2.7432553970336913], "acc": [0.11057692307692307, 0.11295572916666667, 0.11741286057692307, 0.11686197916666667, 0.11858974358974358, 0.11929086538461539, 0.11813902243589744, 0.11866486378205128, 0.11929086538461539, 0.12009214743589744, 0.12136919070512821, 0.11881510416666667], "loss": [2.2962610584038954, 2.29025891270393, 2.2867344335103645, 2.2837941761200247, 2.2850033915959873, 2.283556193877489, 2.283173973743732, 2.2839281390874815, 2.2816604498105173, 2.2831477522850037, 2.279774104937529, 2.281739274660746], "val_acc": [0.1056, 0.1142, 0.1096, 0.1058, 0.1061, 0.106, 0.106, 0.1062, 0.1061, 0.1033, 0.1061, 0.106]}, "configs": {"pad_lower": 0.030531584680267822, "scale_lower": 0.9018452844855983, "scale_probability": 0.5029334271963062, "rotation_lower": -138, "crop_lower": 0.016883109926511864, "rotation_probability": 0.5051275513145066, "rotation_upper": 75, "vertical_flip": 0.9463213169231608, "crop_upper": 0.207760017571322, "crop_probability": 0.4429033556525207, "scale_upper": 1.2206230056455323, "horizontal_flip": 0.8811719871663464, "pad_probability": 0.720088545805894, "pad_upper": 0.2039762867345864}, "train_accuracy": 0.11881510416666667, "used_budget": 735.0823264122009}