{"train_accuracy": 0.12920673076923078, "train_history": {"acc": [0.12139423076923077, 0.1240985576923077, 0.13013321314102563, 0.12635216346153846, 0.12848056891025642, 0.1300330528846154, 0.12933193108974358, 0.12818008814102563, 0.13095953525641027, 0.1296073717948718, 0.12998297275641027, 0.12920673076923078], "val_loss": [2.4955612480163576, 2.4253518199920654, 2.7893864448547365, 2.3679080669403074, 2.5141146850585936, 2.4091318225860596, 2.6374285278320313, 2.5239293762207033, 2.42316591835022, 2.4233591773986816, 2.7193635124206543, 2.5446407749176023], "loss": [2.287622625247026, 2.276845308450552, 2.273961087832084, 2.2753639228833027, 2.2715742053129735, 2.26936498666421, 2.266846321332149, 2.2701728901801963, 2.268273193866779, 2.2655285665622125, 2.268019057237185, 2.267152796953152], "val_acc": [0.0968, 0.0966, 0.0966, 0.0965, 0.0964, 0.097, 0.0965, 0.0964, 0.0975, 0.0979, 0.1018, 0.1097]}, "validation_error": 0.8903, "configs": {"rotation_probability": 0.4347445310054321, "crop_probability": 0.02957073807488997, "pad_probability": 0.7187205462868821, "crop_lower": 0.0906449886817588, "pad_lower": 0.050809201555397226, "vertical_flip": 0.3357194384395392, "scale_probability": 0.1301557562817287, "crop_upper": 0.12182038152725552, "rotation_lower": -65, "horizontal_flip": 0.7995053465468198, "scale_lower": 0.9068312917952102, "rotation_upper": 150, "scale_upper": 1.7224954285949134, "pad_upper": 0.14522085116204586}, "augment": true, "used_budget": 738.2221112251282}