{"augment": true, "validation_error": 0.8903, "used_budget": 763.5596237182617, "train_history": {"loss": [2.2995131810506186, 2.2993336679079595, 2.2988593509564033, 2.2971536341385965, 2.2962765120542965, 2.2963321850850034, 2.2958569526672363, 2.297237677451892, 2.2955925525763097, 2.2970926616436396, 2.2962663777363606, 2.2960672615430293], "val_acc": [0.102, 0.1019, 0.1027, 0.1258, 0.102, 0.1019, 0.1024, 0.1017, 0.1022, 0.1008, 0.1022, 0.1097], "val_loss": [2.521663625717163, 2.368428751754761, 2.351444478225708, 2.6066662284851074, 2.638607347869873, 2.8585811752319334, 2.3949118713378907, 2.844602250671387, 3.1039206577301024, 3.552533822631836, 2.7067340297698976, 3.170259641647339], "acc": [0.10319010416666667, 0.10491786858974358, 0.10589443108974358, 0.10594451121794872, 0.1080478766025641, 0.10857371794871795, 0.10904947916666667, 0.10824819711538461, 0.10789763621794872, 0.10657051282051282, 0.10869891826923077, 0.10439202724358974]}, "configs": {"crop_lower": 0.09224831971202291, "crop_probability": 0.5011133814260575, "rotation_upper": 74, "pad_lower": 0.055544356576738056, "rotation_probability": 0.721172539653055, "crop_upper": 0.16107869271648617, "scale_upper": 1.7672755763453298, "pad_upper": 0.20667461232543638, "pad_probability": 0.6771824234045702, "scale_lower": 0.5950403369066657, "horizontal_flip": 0.6029337906564795, "scale_probability": 0.8957799776432178, "rotation_lower": -25, "vertical_flip": 0.40249782125294165}, "train_accuracy": 0.10439202724358974}