{"validation_error": 0.8893, "train_history": {"val_acc": [0.1012, 0.1013, 0.1017, 0.102, 0.1009, 0.1012, 0.1091, 0.1049, 0.1035, 0.1033, 0.1142, 0.1107], "acc": [0.10576923076923077, 0.11288060897435898, 0.11240484775641026, 0.11253004807692307, 0.11490885416666667, 0.11328125, 0.11653645833333333, 0.11681189903846154, 0.11355669070512821, 0.11553485576923077, 0.11848958333333333, 0.1180889423076923], "loss": [2.2983557841716666, 2.293459183894671, 2.289889612259009, 2.2894094372406983, 2.28992204559155, 2.2898492278196874, 2.2888871866923113, 2.287895528933941, 2.288483570783566, 2.285984300650083, 2.287488212952247, 2.285306128935936], "val_loss": [2.3804727718353274, 2.3799966896057128, 2.4095757259368895, 2.4469587322235107, 2.4360208763122557, 2.336087684249878, 3.325462043380737, 2.9292400268554686, 2.387960795211792, 2.67067692565918, 2.6047131675720214, 2.339210966491699]}, "configs": {"crop_upper": 0.13514061448194098, "scale_probability": 0.7334653011345046, "rotation_upper": 15, "scale_lower": 0.9608223331476659, "crop_probability": 0.19434769642084848, "scale_upper": 1.8486957404773416, "pad_lower": 0.02689863490974197, "horizontal_flip": 0.3623050348642126, "vertical_flip": 0.8071729063771479, "rotation_probability": 0.47054536482694365, "pad_upper": 0.12219718015110688, "crop_lower": 0.05998829815998733, "pad_probability": 0.060784246564684064, "rotation_lower": -89}, "augment": true, "used_budget": 683.5330851078033, "train_accuracy": 0.1180889423076923}