{"augment": true, "train_history": {"val_acc": [0.1012, 0.106, 0.1013, 0.1007, 0.1014, 0.1148, 0.1165, 0.1009, 0.1024, 0.1083, 0.1115, 0.1041], "val_loss": [2.3176175354003905, 2.3125213340759276, 2.3428641105651855, 2.3650856357574463, 4.816581954956055, 2.819813693237305, 2.5401657791137695, 5.5162133644104, 4.205350970458984, 2.515087230682373, 2.560515732574463, 2.7173445709228514], "acc": [0.10489282852564102, 0.10569411057692307, 0.10724659455128205, 0.10654547275641026, 0.10924979967948718, 0.10709635416666667, 0.10909955929487179, 0.10904947916666667, 0.10759715544871795, 0.1080478766025641, 0.11395733173076923, 0.11010116185897435], "loss": [2.299827196659186, 2.2977327841978807, 2.2966999266392145, 2.296467751264572, 2.295606716321065, 2.294599344333013, 2.293870899157646, 2.292559570991076, 2.29395660223105, 2.293380701389068, 2.29142828247486, 2.2929138029233003]}, "validation_error": 0.8959, "train_accuracy": 0.11010116185897435, "configs": {"crop_upper": 0.29499084579033996, "crop_lower": 0.06435154431163813, "rotation_upper": 27, "crop_probability": 0.9388009594092609, "rotation_lower": -7, "scale_probability": 0.8858771708460839, "scale_upper": 1.1779670426885258, "vertical_flip": 0.2728598434103341, "horizontal_flip": 0.0005402239621252747, "rotation_probability": 0.48344101089099123, "pad_upper": 0.2204467471779451, "pad_lower": 0.008732143180982211, "pad_probability": 0.24785809212400856, "scale_lower": 0.7162941662756372}, "used_budget": 755.7890272140503}