{"used_budget": 762.163003206253, "train_history": {"val_acc": [0.0985, 0.0985, 0.0988, 0.0987, 0.0994, 0.0983, 0.0985, 0.0982, 0.0984, 0.1057, 0.0982, 0.1122], "loss": [2.2972154219945273, 2.2940597580029416, 2.293048402437797, 2.2911497369790688, 2.2905944333626675, 2.287653916921371, 2.286052252237613, 2.2886974926178274, 2.2877145493641877, 2.2877608209084244, 2.286394097866156, 2.286884695291519], "acc": [0.11137820512820513, 0.10917467948717949, 0.11368189102564102, 0.11916566506410256, 0.11458333333333333, 0.1161358173076923, 0.11510917467948718, 0.11490885416666667, 0.11092748397435898, 0.11325620993589744, 0.11373197115384616, 0.11646133814102565], "val_loss": [2.4108538414001464, 2.485853713989258, 2.3650119846343993, 2.3647137184143068, 2.5104656608581544, 3.320260063934326, 3.173702925872803, 2.8584897731781007, 3.9146706535339355, 2.8726768424987794, 3.3936782791137694, 3.1703427841186524]}, "train_accuracy": 0.11646133814102565, "validation_error": 0.8878, "configs": {"crop_lower": 0.03556940237445053, "rotation_probability": 0.7929524627523131, "scale_upper": 1.1145961259507824, "rotation_lower": -49, "pad_lower": 0.007934286686038806, "horizontal_flip": 0.37897651693082524, "crop_upper": 0.1320773903309594, "pad_probability": 0.5984598600240145, "vertical_flip": 0.7852001737408226, "rotation_upper": 80, "pad_upper": 0.11607892800021616, "crop_probability": 0.25660060530392015, "scale_lower": 0.5085223826591511, "scale_probability": 0.4671135006628033}, "augment": true}