{"used_budget": 698.7843942642212, "validation_error": 0.8989, "augment": true, "configs": {"crop_lower": 0.03687923078019034, "scale_lower": 0.6548915194844, "rotation_lower": -36, "vertical_flip": 0.005459352724201838, "crop_probability": 0.7115797765714226, "rotation_upper": 36, "pad_upper": 0.2996589313560636, "scale_probability": 0.9654113427646932, "pad_lower": 0.08985730646575352, "scale_upper": 1.7966918434883525, "rotation_probability": 0.37038948229892366, "pad_probability": 0.5040302200055982, "crop_upper": 0.16634198255872962, "horizontal_flip": 0.27906945781932224}, "train_accuracy": 0.10914963942307693, "train_history": {"val_loss": [2.2870421043395996, 2.2820386585235597, 2.7165604515075685, 2.8317440628051758, 2.4851470890045166, 5.769950486755371, 3.3094819038391114, 3.571679367828369, 3.567733243179321, 4.942807887268066, 2.937430277252197, 3.2635684116363524], "val_acc": [0.1054, 0.1239, 0.0969, 0.0981, 0.0999, 0.1011, 0.1045, 0.1041, 0.103, 0.1041, 0.1028, 0.1011], "loss": [2.299033595965459, 2.2962403878187523, 2.2951582074165344, 2.293859837911068, 2.2951040053978944, 2.292107853369835, 2.2928497279301667, 2.291588366795809, 2.2917583080438466, 2.291445256807865, 2.290511884750464, 2.2908154007716055], "acc": [0.10576923076923077, 0.10867387820512821, 0.10942508012820513, 0.11200420673076923, 0.10662059294871795, 0.10819811698717949, 0.10712139423076923, 0.10769731570512821, 0.11085236378205128, 0.11075220352564102, 0.10889923878205128, 0.10914963942307693]}}