{"train_accuracy": 0.13423978365384615, "augment": true, "configs": {"vertical_flip": 0.3895542238104116, "pad_lower": 0.0031135038854926524, "rotation_upper": 109, "crop_lower": 0.09438193633030678, "rotation_probability": 0.1992048172741384, "crop_probability": 0.9384600437285895, "pad_probability": 0.05708701713554143, "scale_probability": 0.08193876778075415, "horizontal_flip": 0.44131496465008113, "pad_upper": 0.2618074056348911, "scale_lower": 0.8851953010504894, "rotation_lower": -76, "scale_upper": 1.766998829495047, "crop_upper": 0.17666350421176763}, "used_budget": 691.4394433498383, "validation_error": 0.8747, "train_history": {"val_loss": [2.3236161396026613, 2.360517212295532, 2.3386644386291504, 2.297458829116821, 2.567854904937744, 3.103696641921997, 2.452228768539429, 2.6672341049194337, 2.3061231826782227, 2.9105672016143798, 2.4662533134460447, 2.319670129776001], "val_acc": [0.1069, 0.1031, 0.1178, 0.1353, 0.1086, 0.1206, 0.1069, 0.1052, 0.1305, 0.1097, 0.1183, 0.1253], "loss": [2.2886282985027018, 2.2783614580447855, 2.2743661533563566, 2.2727221823655643, 2.267992745607327, 2.266658808940496, 2.264586076522485, 2.265263367157716, 2.2644157585425253, 2.2612446531271324, 2.2607884200719686, 2.2645427523515163], "acc": [0.12267127403846154, 0.13090945512820512, 0.13181089743589744, 0.1316356169871795, 0.13278745993589744, 0.1320362580128205, 0.1330879407051282, 0.13213641826923078, 0.1359425080128205, 0.14059995993589744, 0.13606770833333334, 0.13423978365384615]}}