{"train_accuracy": 0.11743790064102565, "validation_error": 0.8948, "configs": {"crop_lower": 0.0351293085494771, "vertical_flip": 0.861693614277539, "scale_probability": 0.6985375803904953, "rotation_lower": -148, "crop_probability": 0.3457339337921367, "crop_upper": 0.29209016770882346, "rotation_upper": 169, "horizontal_flip": 0.9917838785836683, "pad_upper": 0.1667395109576329, "scale_upper": 1.7361293464558325, "pad_probability": 0.49482314577138287, "scale_lower": 0.7051593966114531, "pad_lower": 0.01942142727269145, "rotation_probability": 0.14845160645592048}, "train_history": {"acc": [0.11037660256410256, 0.1142578125, 0.11535957532051282, 0.11646133814102565, 0.11868990384615384, 0.11698717948717949, 0.11846454326923077, 0.11783854166666667, 0.11716245993589744, 0.11631109775641026, 0.11618589743589744, 0.11743790064102565], "val_loss": [2.491391035461426, 2.78469216003418, 2.5114273948669434, 2.934702936553955, 2.720674423980713, 2.9402521224975584, 2.7640953788757323, 2.7620701042175293, 2.4852962982177735, 3.369739781951904, 2.4466035285949705, 2.934885764312744], "loss": [2.296395638050177, 2.290840426316628, 2.2873282654163165, 2.2846855307236695, 2.2845642077617154, 2.283447911341985, 2.282698486859982, 2.282530663105158, 2.2823125559550066, 2.2803732248452993, 2.2822008698414535, 2.2814652850994697], "val_acc": [0.0959, 0.096, 0.1284, 0.0959, 0.1018, 0.1004, 0.1, 0.1018, 0.1138, 0.1143, 0.1104, 0.1052]}, "augment": true, "used_budget": 659.4800872802734}