{"validation_error": 0.9011, "used_budget": 740.3422441482544, "train_accuracy": 0.11303084935897435, "augment": true, "train_history": {"val_loss": [2.2970122989654542, 2.295574670791626, 2.312756935882568, 2.442141331481934, 2.8946406314849855, 2.7442956451416016, 3.1426422344207765, 3.26741568069458, 2.536417135620117, 2.5104269325256348, 3.009679585266113, 2.5746161029815675], "val_acc": [0.1529, 0.1079, 0.1003, 0.1, 0.1001, 0.099, 0.0998, 0.0998, 0.0998, 0.0997, 0.0998, 0.0989], "acc": [0.10566907051282051, 0.10859875801282051, 0.10904947916666667, 0.11047676282051282, 0.10980068108974358, 0.11503405448717949, 0.1146083733974359, 0.11498397435897435, 0.11508413461538461, 0.11686197916666667, 0.1139072516025641, 0.11303084935897435], "loss": [2.2996326631460433, 2.2963704497386246, 2.294650056423285, 2.291879592797695, 2.292874515820772, 2.2919957171647978, 2.2905951203444066, 2.290088959229298, 2.290538715246396, 2.289718393331919, 2.2887196212242813, 2.2897516106947875]}, "configs": {"vertical_flip": 0.4056372653050978, "crop_upper": 0.1765964586392176, "rotation_probability": 0.6665153583869949, "horizontal_flip": 0.022729446015402943, "pad_probability": 0.8609183701572221, "scale_lower": 0.6914734347799871, "rotation_lower": -15, "pad_upper": 0.260466153859337, "scale_upper": 1.4508478879898399, "rotation_upper": 161, "scale_probability": 0.4248009661699693, "pad_lower": 0.016022590958138173, "crop_probability": 0.732188115719348, "crop_lower": 0.0530057374848979}}