{"train_accuracy": 0.11751302083333333, "validation_error": 0.8963, "configs": {"pad_lower": 0.09333592759351719, "scale_probability": 0.25834670413693095, "rotation_upper": 19, "pad_upper": 0.12800308952314196, "rotation_lower": -95, "horizontal_flip": 0.4407515867793659, "scale_lower": 0.8967437873195366, "vertical_flip": 0.7674366041308153, "crop_upper": 0.2656375414776731, "rotation_probability": 0.6641228037228644, "crop_probability": 0.17086093154118442, "pad_probability": 0.6533858986469352, "crop_lower": 0.055883805171433626, "scale_upper": 1.2714533018021217}, "augment": true, "used_budget": 741.608879327774, "train_history": {"loss": [2.2950484729730167, 2.2896345464082866, 2.286150126120983, 2.2854551260287943, 2.2835975090662637, 2.2831679246364494, 2.2822007697362166, 2.283774331594125, 2.2796868911156287, 2.2781257369579415, 2.2805073054937215, 2.2799433943552847], "val_loss": [2.340788500595093, 2.447388593673706, 2.7169156703948976, 2.388528092956543, 3.2196398712158203, 2.4992731037139895, 2.9840447982788088, 3.055109246826172, 3.2543028861999512, 2.598749322128296, 3.021556103515625, 3.338039749908447], "val_acc": [0.1049, 0.103, 0.1028, 0.1032, 0.1028, 0.1027, 0.1028, 0.1029, 0.1027, 0.1027, 0.103, 0.1037], "acc": [0.11022636217948718, 0.11618589743589744, 0.11748798076923077, 0.11393229166666667, 0.11951622596153846, 0.11984174679487179, 0.11956630608974358, 0.1168369391025641, 0.12026742788461539, 0.12249599358974358, 0.12066806891025642, 0.11751302083333333]}}