{"validation_error": 0.905, "train_accuracy": 0.11623597756410256, "augment": true, "configs": {"rotation_probability": 0.6025543706190684, "vertical_flip": 0.40117599398780646, "crop_lower": 0.09699825592688768, "crop_upper": 0.2720195726920105, "scale_probability": 0.06366137057893784, "pad_lower": 0.011498684690650386, "scale_lower": 0.704361341467328, "scale_upper": 1.4278497741635376, "pad_upper": 0.26297638052630745, "rotation_upper": 157, "pad_probability": 0.2625042600691535, "crop_probability": 0.8858178010928324, "rotation_lower": -20, "horizontal_flip": 0.7557841477493534}, "train_history": {"val_loss": [2.5757236030578614, 2.456441152191162, 3.0277712562561034, 2.893084451675415, 3.5661078308105467, 3.4047209510803222, 2.9554511783599855, 3.2784510597229004, 3.0042594337463377, 2.9673176040649416, 2.7893510372161865, 2.708513005447388], "val_acc": [0.097, 0.1188, 0.0971, 0.0971, 0.0971, 0.097, 0.097, 0.097, 0.096, 0.0971, 0.0973, 0.095], "acc": [0.11333133012820513, 0.11245492788461539, 0.11533453525641026, 0.11956630608974358, 0.11581029647435898, 0.11623597756410256, 0.11593549679487179, 0.12151943108974358, 0.11403245192307693, 0.11641125801282051, 0.11786358173076923, 0.11623597756410256], "loss": [2.2973969899691067, 2.294576644133299, 2.292340034093612, 2.288911590973536, 2.2895251550735574, 2.288834762114745, 2.289547335643035, 2.287333900347734, 2.289461379631972, 2.2862570079473348, 2.2867736075169, 2.286538771329782]}, "used_budget": 739.5769619941711}