{"validation_error": 0.9022, "used_budget": 656.022439956665, "train_accuracy": 0.1412510016025641, "augment": true, "train_history": {"val_acc": [0.0969, 0.1014, 0.1033, 0.0984, 0.1003, 0.1019, 0.098, 0.0979, 0.0998, 0.1009, 0.1132, 0.0978], "acc": [0.11400741185897435, 0.1261768830128205, 0.12512520032051283, 0.12432391826923077, 0.12800480769230768, 0.12823016826923078, 0.13138521634615385, 0.1341396233974359, 0.13293770032051283, 0.13388922275641027, 0.1363681891025641, 0.1412510016025641], "val_loss": [2.3895122055053712, 3.2449715034484865, 2.5795548324584963, 2.933016120529175, 3.549997966003418, 2.7135544902801514, 3.214516423034668, 3.5744942535400392, 2.524361883544922, 3.4142858085632324, 3.173365911102295, 3.822017108154297], "loss": [2.2913145461143594, 2.278767553659586, 2.272601272815313, 2.2734086521160908, 2.2669813380791592, 2.2656781467107625, 2.261542762701328, 2.25876217851272, 2.255742530028025, 2.2555983051275597, 2.2516493751452518, 2.2493341595698624]}, "configs": {"pad_upper": 0.2525933802553558, "pad_lower": 0.06020332061647391, "rotation_probability": 0.26897694033883357, "rotation_lower": -74, "crop_probability": 0.858873710236846, "scale_lower": 0.8746006879656272, "pad_probability": 0.08468339271480019, "vertical_flip": 0.8949814308750721, "crop_upper": 0.12304740415541376, "crop_lower": 0.09576105737767059, "scale_probability": 0.3054080113012476, "scale_upper": 1.9855814651958719, "horizontal_flip": 0.9812842906058162, "rotation_upper": 11}}