{"configs": {"rotation_upper": 87, "crop_probability": 0.7389549843356154, "scale_upper": 1.3668098458349833, "scale_probability": 0.34664425574490443, "pad_probability": 0.8834567496276452, "crop_upper": 0.14852950322794928, "rotation_probability": 0.4855299280229295, "crop_lower": 0.07223528458137145, "scale_lower": 0.5335579701914204, "rotation_lower": -76, "pad_lower": 0.03905078271935045, "horizontal_flip": 0.22389724956290247, "pad_upper": 0.2266713121841121, "vertical_flip": 0.8668961909181194}, "train_accuracy": 0.11688701923076923, "used_budget": 754.6340801715851, "augment": true, "train_history": {"val_acc": [0.1021, 0.102, 0.1019, 0.102, 0.1026, 0.1019, 0.102, 0.1021, 0.1032, 0.1019, 0.1019, 0.1021], "acc": [0.11160356570512821, 0.11398237179487179, 0.119140625, 0.11258012820512821, 0.11791366185897435, 0.11999198717948718, 0.12041766826923077, 0.12086838942307693, 0.11939102564102565, 0.11989182692307693, 0.11873998397435898, 0.11688701923076923], "val_loss": [2.414509312057495, 2.4489864768981935, 2.4578117408752442, 2.901648374938965, 2.4632874839782715, 3.142640965270996, 2.63359139251709, 3.676315726470947, 2.554803734970093, 2.7630433391571043, 4.793154384613037, 3.2054855003356932], "loss": [2.2944061916608076, 2.2894801726708045, 2.2886853561951566, 2.287322000815318, 2.2865341076484094, 2.2861919005711875, 2.2838338911533356, 2.282812625933916, 2.2831091101352987, 2.282865271354333, 2.281914552816978, 2.2821199213847136]}, "validation_error": 0.8979}