{"train_history": {"val_acc": [0.11, 0.1008, 0.1008, 0.1003, 0.1006, 0.1007, 0.1005, 0.1, 0.1005, 0.1006, 0.1008, 0.1027], "loss": [2.2967070990648026, 2.2926486929257712, 2.289205482372871, 2.2890333586778397, 2.286941368610431, 2.2850220868220696, 2.286102063380755, 2.286857105218447, 2.2859991238667416, 2.285552699596454, 2.28607487372863, 2.2860789008629627], "val_loss": [2.2995424797058104, 2.8239550453186033, 3.1268727630615234, 2.4251679626464844, 2.748847509765625, 3.697307194519043, 2.798194986343384, 2.7329416465759278, 2.482379870605469, 2.8616779342651366, 4.282225151443481, 2.6128895202636717], "acc": [0.10834835737179487, 0.11075220352564102, 0.11283052884615384, 0.11468349358974358, 0.11480869391025642, 0.11578525641025642, 0.11470853365384616, 0.11686197916666667, 0.1146083733974359, 0.11353165064102565, 0.11463341346153846, 0.11601061698717949]}, "used_budget": 675.0163996219635, "train_accuracy": 0.11601061698717949, "configs": {"scale_lower": 0.6776625252799857, "rotation_probability": 0.32307703754080697, "horizontal_flip": 0.6052845295041721, "crop_upper": 0.26307950910216316, "pad_probability": 0.6921966783964179, "vertical_flip": 0.885182058312474, "pad_lower": 0.0798588004689498, "crop_probability": 0.23418089306235268, "crop_lower": 0.07630672897782134, "pad_upper": 0.1985174097500973, "rotation_lower": -97, "scale_probability": 0.9059181529495326, "rotation_upper": 146, "scale_upper": 1.02121890452801}, "validation_error": 0.8973, "augment": true}