{"train_accuracy": 0.11728766025641026, "validation_error": 0.8966, "augment": true, "configs": {"crop_probability": 0.8195090328810302, "scale_lower": 0.9713352172449234, "vertical_flip": 0.7631915919663129, "scale_probability": 0.05108657336082145, "rotation_lower": -56, "crop_upper": 0.257447860228285, "pad_upper": 0.26008221066329906, "horizontal_flip": 0.0006301529433454522, "scale_upper": 1.3460654123562725, "pad_probability": 0.5168094529590854, "crop_lower": 0.08281770038830684, "pad_lower": 0.08381517000542427, "rotation_probability": 0.7894133000332981, "rotation_upper": 43}, "used_budget": 735.3745737075806, "train_history": {"acc": [0.10784755608974358, 0.11182892628205128, 0.11090244391025642, 0.11350661057692307, 0.11215444711538461, 0.11110276442307693, 0.1126552483974359, 0.11688701923076923, 0.11490885416666667, 0.11533453525641026, 0.11298076923076923, 0.11728766025641026], "loss": [2.2990205929829526, 2.2942391580496078, 2.294139713813097, 2.2912397262377615, 2.2916100881038566, 2.2922362180856557, 2.2897021778118916, 2.2893146796104236, 2.2896801210366764, 2.2881943178482547, 2.2889893566950774, 2.287865372040333], "val_acc": [0.103, 0.1033, 0.1027, 0.1115, 0.1032, 0.1033, 0.1033, 0.1041, 0.1059, 0.1038, 0.1037, 0.1034], "val_loss": [2.2982512924194336, 2.647919897079468, 2.657149083709717, 2.490919881439209, 2.8538235427856447, 2.5221034381866456, 3.6974901428222657, 2.536103439331055, 2.537695487213135, 2.7827790283203124, 2.5000487571716308, 3.5427849174499513]}}