{"train_history": {"val_acc": [0.0983, 0.0983, 0.0984, 0.1045, 0.0983, 0.0976, 0.0982, 0.0988, 0.0979, 0.0904, 0.098, 0.0962], "val_loss": [2.623243957519531, 2.334954183959961, 2.3119396308898925, 3.3408068458557127, 2.9665392517089844, 3.2185830890655516, 3.306610417175293, 3.9987987991333007, 2.6827841869354248, 2.806823346710205, 3.5653170822143556, 3.392046062850952], "loss": [2.301211341833457, 2.3010573157897363, 2.3001703925621815, 2.299683928489685, 2.298687864572574, 2.298511735903911, 2.2988210778969984, 2.2988331134502706, 2.2991494620457673, 2.2979315786789627, 2.2985779581925807, 2.2980716098577547], "acc": [0.103515625, 0.10424178685897435, 0.10421674679487179, 0.10181290064102565, 0.10339042467948718, 0.10489282852564102, 0.10331530448717949, 0.10632011217948718, 0.10409154647435898, 0.10421674679487179, 0.10807291666666667, 0.1060947516025641]}, "train_accuracy": 0.1060947516025641, "validation_error": 0.9038, "augment": true, "used_budget": 769.6197652816772, "configs": {"scale_lower": 0.5045582737445302, "rotation_upper": 48, "pad_upper": 0.17334386727164525, "crop_probability": 0.7365457594053032, "pad_probability": 0.5682384641167425, "rotation_probability": 0.8327583811803762, "vertical_flip": 0.8376836476273356, "scale_probability": 0.9020668933310075, "pad_lower": 0.06951025753711888, "crop_lower": 0.0933688440556315, "rotation_lower": -160, "crop_upper": 0.2544506872522369, "horizontal_flip": 0.24201375466650865, "scale_upper": 1.6890195946798365}}