{"train_accuracy": 0.12587640224358973, "configs": {"crop_upper": 0.16255587033777474, "scale_lower": 0.6337699624506148, "scale_probability": 0.7132739195751386, "crop_probability": 0.2885940335477557, "pad_lower": 0.06469806604476311, "pad_upper": 0.18446164528360084, "rotation_probability": 0.019423768429291166, "vertical_flip": 0.8253100229460799, "crop_lower": 0.06277130434636947, "pad_probability": 0.20116405591789133, "horizontal_flip": 0.866415959426796, "scale_upper": 1.5341665079079956, "rotation_lower": -109, "rotation_upper": 10}, "used_budget": 734.3259494304657, "validation_error": 0.8987, "augment": true, "train_history": {"val_acc": [0.0998, 0.1001, 0.1006, 0.0999, 0.1001, 0.0998, 0.1, 0.1011, 0.1015, 0.1223, 0.1064, 0.1013], "val_loss": [2.3397165588378908, 2.7935350204467775, 2.56064974937439, 3.301829777145386, 2.958988090515137, 2.847587677383423, 2.826488282775879, 2.9133697353363037, 2.5504683002471924, 2.362698273086548, 3.090353112030029, 3.019172416305542], "acc": [0.11646133814102565, 0.11944110576923077, 0.12131911057692307, 0.1255008012820513, 0.12212039262820513, 0.12755408653846154, 0.1236728766025641, 0.12707832532051283, 0.12507512019230768, 0.1274288862179487, 0.12174479166666667, 0.12587640224358973], "loss": [2.289892777418479, 2.285175398374215, 2.280408875300334, 2.2791120073734183, 2.277911221369719, 2.272425081485357, 2.2753621018849888, 2.2720756828784943, 2.2720011999973884, 2.271412071509239, 2.272343864807716, 2.269139051437378]}}