{"train_history": {"val_loss": [2.285271828842163, 2.4195014526367187, 2.423961685562134, 2.582892346572876, 2.3826506912231444, 3.085631700515747, 2.854441121673584, 2.3802213157653807, 2.7500756317138673, 2.4975511409759523, 2.6512657371521, 3.641026990890503], "acc": [0.11247996794871795, 0.11763822115384616, 0.11588541666666667, 0.11873998397435898, 0.11651141826923077, 0.11821414262820513, 0.12089342948717949, 0.12071814903846154, 0.12412359775641026, 0.12071814903846154, 0.12056790865384616, 0.11866486378205128], "val_acc": [0.1236, 0.0993, 0.0997, 0.0993, 0.0995, 0.0993, 0.0993, 0.0995, 0.0993, 0.0993, 0.0993, 0.0993], "loss": [2.294595777988434, 2.2888638438322606, 2.2868859905463, 2.284850291716747, 2.2852051571393623, 2.2836182721150227, 2.2819720781766453, 2.2814373763707967, 2.281415569476592, 2.2801161966262717, 2.279241817119794, 2.2801916874372044]}, "configs": {"rotation_lower": -122, "scale_upper": 1.3976745196461908, "crop_upper": 0.10465373159967883, "crop_probability": 0.9011881303282977, "scale_lower": 0.5759365874487121, "pad_lower": 0.06629356738015467, "scale_probability": 0.27611905817488536, "pad_probability": 0.4515306789372028, "horizontal_flip": 0.44956049597015824, "rotation_upper": 6, "rotation_probability": 0.5191629148192092, "vertical_flip": 0.7580367893029881, "pad_upper": 0.23843222848122236, "crop_lower": 0.029127168529382463}, "augment": true, "validation_error": 0.9007000000000001, "used_budget": 759.2043070793152, "train_accuracy": 0.11866486378205128}