{"validation_error": 0.8996, "configs": {"vertical_flip": 0.24575639059787813, "pad_lower": 0.0982392384148787, "rotation_upper": 125, "crop_upper": 0.11169135668273272, "scale_upper": 1.255481979752307, "pad_upper": 0.13197353033994677, "scale_probability": 0.4812632664505725, "crop_lower": 0.06938690638444919, "pad_probability": 0.03904544828078693, "scale_lower": 0.8166864591019043, "rotation_probability": 0.5966754061112994, "rotation_lower": -37, "crop_probability": 0.10372285807913317, "horizontal_flip": 0.5889455313865393}, "train_history": {"val_loss": [2.3170987525939943, 2.7149915382385252, 2.460960067367554, 2.469941230392456, 2.4808005161285402, 2.7613056686401367, 3.5191980926513673, 2.3068625465393064, 2.3214991188049314, 2.473938638305664, 2.6772596977233887, 2.5540587036132814], "loss": [2.2931973047745533, 2.286778539419174, 2.2824666247918057, 2.2818072690413547, 2.279975196489921, 2.2780918853405194, 2.277767680394344, 2.279583363196789, 2.2751496143830128, 2.2769114275773368, 2.275804026768758, 2.27469507089028], "acc": [0.11453325320512821, 0.11924078525641026, 0.12219551282051282, 0.12202023237179487, 0.12121895032051282, 0.12422375801282051, 0.12522536057692307, 0.12389823717948718, 0.12389823717948718, 0.1266776842948718, 0.12707832532051283, 0.12565104166666666], "val_acc": [0.1081, 0.0997, 0.0998, 0.1001, 0.0998, 0.0998, 0.0998, 0.103, 0.1174, 0.0996, 0.0995, 0.1004]}, "train_accuracy": 0.12565104166666666, "used_budget": 741.9937191009521, "augment": true}