{"validation_error": 0.8944, "augment": true, "train_accuracy": 0.16882011217948717, "used_budget": 720.26114153862, "configs": {"horizontal_flip": 0.7319138727011124, "scale_probability": 0.32324171386376965, "scale_lower": 0.5887121902565504, "rotation_probability": 0.0891737913284345, "crop_upper": 0.22312178241420144, "crop_lower": 0.0208170036480384, "pad_upper": 0.17541189097173873, "crop_probability": 0.11183328853911478, "scale_upper": 1.7216476826309912, "rotation_upper": 87, "pad_lower": 0.016062735287255703, "rotation_lower": -22, "vertical_flip": 0.9547930715701549, "pad_probability": 0.052271190986821425}, "train_history": {"val_loss": [2.3574403690338133, 2.583732751083374, 2.9019887630462646, 2.918084592819214, 2.375165577697754, 2.6565635009765627, 3.184747229385376, 3.1819613906860353, 2.801392403411865, 2.5786413398742676, 2.8701031726837156, 2.859999472427368], "acc": [0.12655248397435898, 0.1365184294871795, 0.1417518028846154, 0.14798677884615385, 0.15079126602564102, 0.15522335737179488, 0.15549879807692307, 0.15777744391025642, 0.1589793669871795, 0.16361177884615385, 0.16661658653846154, 0.16882011217948717], "val_acc": [0.103, 0.1026, 0.1024, 0.1032, 0.0984, 0.1032, 0.1028, 0.1062, 0.1073, 0.1013, 0.0997, 0.1056], "loss": [2.2781360829487824, 2.2576686908037233, 2.2512666361454206, 2.2417950874719863, 2.2311563820410996, 2.2272561536385465, 2.2229951260945735, 2.214458995904678, 2.2114411233327327, 2.2054856373713565, 2.202249598808778, 2.197908193637163]}}