{"used_budget": 665.8900465965271, "train_history": {"loss": [2.2815432158800273, 2.264586038314379, 2.262818385393192, 2.2601771591565547, 2.2524417409530053, 2.2507098064972806, 2.2523632989479947, 2.2494733050847664, 2.247763286798428, 2.245130343314929, 2.241863857477139, 2.237930264992592], "val_loss": [2.547578030395508, 2.574163470840454, 2.6725785415649415, 3.0285539318084718, 2.6345538955688474, 2.4738695747375488, 2.8006568252563477, 2.977836462020874, 2.4574721965789794, 2.4486183395385743, 2.7539887367248537, 2.917463499832153], "acc": [0.12502504006410256, 0.1344150641025641, 0.13714443108974358, 0.13664362980769232, 0.14095052083333334, 0.14170172275641027, 0.13824619391025642, 0.14543269230769232, 0.1430789262820513, 0.1432041266025641, 0.14575821314102563, 0.14736077724358973], "val_acc": [0.1039, 0.1037, 0.1029, 0.1028, 0.1033, 0.1083, 0.1058, 0.1086, 0.1107, 0.126, 0.1091, 0.11]}, "train_accuracy": 0.14736077724358973, "augment": true, "configs": {"crop_upper": 0.1380724695570165, "rotation_lower": -167, "horizontal_flip": 0.20853804350056038, "scale_lower": 0.5657718215125604, "scale_probability": 0.050636163179587856, "pad_lower": 0.08413238369114813, "crop_probability": 0.24072356388541138, "rotation_upper": 130, "pad_upper": 0.14601555437923136, "vertical_flip": 0.6708522964663098, "crop_lower": 0.030782339354343338, "rotation_probability": 0.2116583510330322, "scale_upper": 1.255026868310082, "pad_probability": 0.4216932289910206}, "validation_error": 0.89}