{"configs": {"crop_lower": 0.04981306864361055, "scale_upper": 1.9141624500930414, "pad_lower": 0.05342334810550747, "crop_probability": 0.629177257218476, "scale_lower": 0.5119459008043483, "pad_probability": 0.8612597487297272, "scale_probability": 0.16316427823939805, "horizontal_flip": 0.2980346968712835, "pad_upper": 0.12279621778967753, "rotation_probability": 0.9275432982662372, "crop_upper": 0.2477790159346314, "vertical_flip": 0.006089911194044673, "rotation_lower": -127, "rotation_upper": 86}, "augment": true, "validation_error": 0.9027000000000001, "train_accuracy": 0.11085236378205128, "used_budget": 746.3631429672241, "train_history": {"val_loss": [2.361071294784546, 3.1880004909515383, 2.683331558227539, 2.7797002288818358, 2.904313363265991, 2.3392248359680177, 2.5004695350646973, 3.5218987106323243, 3.7927982192993164, 2.4893557975769043, 3.0834651329040526, 3.264742044830322], "val_acc": [0.1154, 0.0984, 0.0975, 0.0975, 0.0974, 0.0961, 0.0971, 0.102, 0.0974, 0.0957, 0.0988, 0.0973], "acc": [0.1067958733974359, 0.10722155448717949, 0.10889923878205128, 0.11005108173076923, 0.11085236378205128, 0.11440805288461539, 0.11122796474358974, 0.11205428685897435, 0.11283052884615384, 0.11055188301282051, 0.11150340544871795, 0.11085236378205128], "loss": [2.2985892922450333, 2.2968489099771547, 2.2938777529276333, 2.292383286433342, 2.2940468658239412, 2.292548950666036, 2.293091193987773, 2.2918312648932138, 2.2904607890508113, 2.2911594838668137, 2.2918619513511658, 2.2915095763328748]}}