{"configs": {"vertical_flip": 0.8873361619382367, "scale_lower": 0.8524313550993537, "scale_probability": 0.2729216851078663, "pad_lower": 0.03391263419732254, "rotation_probability": 0.5082658137485437, "horizontal_flip": 0.3914820255463013, "pad_upper": 0.1277308130627452, "pad_probability": 0.6053617854761695, "crop_probability": 0.6064155583679975, "scale_upper": 1.8509518616432004, "rotation_lower": -71, "rotation_upper": 70, "crop_upper": 0.17204046430175127, "crop_lower": 0.0014820914500515148}, "validation_error": 0.8959, "train_history": {"val_acc": [0.1036, 0.1037, 0.1039, 0.1042, 0.106, 0.1042, 0.1077, 0.1038, 0.1041, 0.1065, 0.104, 0.1041], "loss": [2.2944653087701554, 2.287648318669735, 2.284147646946785, 2.2824068879469848, 2.283327411382626, 2.280483149565183, 2.2823235942767215, 2.278787089463992, 2.275011178010549, 2.2783430233979836, 2.279269592120097, 2.277812218818909], "val_loss": [2.5528911628723145, 2.968944592666626, 2.3510537773132323, 2.5260503158569336, 2.4070899368286134, 2.507121183013916, 2.389872437286377, 2.810022282028198, 2.8009613357543945, 2.6368349449157713, 2.9230076412200927, 2.7598491424560545], "acc": [0.11298076923076923, 0.11818910256410256, 0.11996694711538461, 0.12139423076923077, 0.11989182692307693, 0.11853966346153846, 0.11828926282051282, 0.12369791666666667, 0.12417367788461539, 0.1217197516025641, 0.12277143429487179, 0.11944110576923077]}, "augment": true, "used_budget": 671.7150111198425, "train_accuracy": 0.11944110576923077}