{"train_history": {"val_acc": [0.0994, 0.099, 0.1002, 0.1002, 0.1219, 0.0998, 0.0995, 0.0997, 0.1012, 0.1009, 0.0996, 0.0992], "acc": [0.11638621794871795, 0.11941606570512821, 0.12337239583333333, 0.1268028846153846, 0.12545072115384615, 0.12257111378205128, 0.12457431891025642, 0.12487479967948718, 0.1240234375, 0.12382311698717949, 0.12672776442307693, 0.12637720352564102], "loss": [2.2909633746513953, 2.2825840489986615, 2.2804116201706424, 2.2769183356028337, 2.277280969497485, 2.2763828375400643, 2.274680474629769, 2.273294578760098, 2.27562247025661, 2.2745201075688386, 2.2730088570179086, 2.2746504560495033], "val_loss": [2.3659735946655274, 3.156001332092285, 2.3554417976379396, 2.3254808067321777, 2.2928868644714355, 2.3658340240478517, 2.533611479949951, 2.6868186332702635, 2.4472454124450684, 2.480353825378418, 2.9971726627349855, 2.8574926330566406]}, "augment": true, "validation_error": 0.9008, "used_budget": 747.3229377269745, "configs": {"crop_lower": 0.025416042089350943, "scale_upper": 1.3211551476299985, "crop_upper": 0.11900507186023122, "crop_probability": 0.9174285977183129, "pad_upper": 0.2827043627775223, "scale_probability": 0.3774041977780701, "horizontal_flip": 0.7639264064724824, "scale_lower": 0.925461115936159, "pad_lower": 0.05702813297595386, "rotation_probability": 0.06609047192998463, "pad_probability": 0.7369717803709087, "vertical_flip": 0.21853059858750168, "rotation_upper": 8, "rotation_lower": -82}, "train_accuracy": 0.12637720352564102}