{"validation_error": 0.8981, "augment": true, "configs": {"horizontal_flip": 0.790285512854158, "pad_upper": 0.11836464958529036, "pad_lower": 0.052604441752694756, "rotation_upper": 20, "rotation_probability": 0.12969631279261873, "crop_upper": 0.2801919995183535, "crop_probability": 0.31686741173957433, "rotation_lower": -6, "scale_probability": 0.50944788556725, "scale_upper": 1.464035546739588, "crop_lower": 0.015355069115332298, "pad_probability": 0.09758306556452878, "vertical_flip": 0.07826743538099712, "scale_lower": 0.6536061961178655}, "train_history": {"acc": [0.12064302884615384, 0.12787960737179488, 0.1271534455128205, 0.13251201923076922, 0.1325370592948718, 0.13599258814102563, 0.1326622596153846, 0.13346354166666666, 0.13131009615384615, 0.13421474358974358, 0.13724459134615385, 0.13772035256410256], "val_acc": [0.0994, 0.0995, 0.0994, 0.0994, 0.1039, 0.0988, 0.0997, 0.1005, 0.1003, 0.1019, 0.1003, 0.1019], "val_loss": [2.3848315254211427, 2.4489702445983887, 2.6700079509735106, 2.792974188995361, 2.6574823204040525, 2.722862477874756, 2.5029175758361815, 2.4595759834289552, 2.909283055114746, 2.461578584289551, 3.7881921356201174, 2.418154128265381], "loss": [2.2871871162683535, 2.2753324073094587, 2.2704479212944326, 2.268241742482552, 2.264897816456281, 2.262403972637959, 2.2603165614299283, 2.258259511910952, 2.2565732460755568, 2.2582396284127846, 2.2531983172282195, 2.2534015812934975]}, "used_budget": 724.0236158370972, "train_accuracy": 0.13772035256410256}