{"validation_error": 0.892, "augment": true, "configs": {"horizontal_flip": 0.32461928348799174, "rotation_upper": 132, "pad_upper": 0.2351232925579688, "scale_probability": 0.9536920500248209, "pad_probability": 0.31149811984799425, "scale_lower": 0.9190523408878234, "pad_lower": 0.0392025547656957, "rotation_probability": 0.8127784587017602, "scale_upper": 1.1794958516365521, "vertical_flip": 0.4024406173211972, "crop_lower": 0.05101362767802201, "rotation_lower": -82, "crop_probability": 0.14891594412701992, "crop_upper": 0.22829132744902206}, "used_budget": 751.5812981128693, "train_accuracy": 0.11062700320512821, "train_history": {"val_acc": [0.1027, 0.1028, 0.1055, 0.1032, 0.1028, 0.105, 0.1031, 0.1028, 0.1034, 0.1024, 0.1028, 0.108], "loss": [2.2978328451132164, 2.295956409130341, 2.2950308422247567, 2.2928569423846707, 2.2921587244058266, 2.2933334410190582, 2.292541033946551, 2.2929853850450272, 2.2915924512423, 2.291538341687276, 2.2915980487297745, 2.291375933549343], "val_loss": [2.3148378707885744, 2.3638945709228514, 2.358770819091797, 2.355524410247803, 3.1576233306884767, 2.3372312881469726, 2.8357904529571534, 3.000181797027588, 2.9581111381530762, 2.9601610382080077, 2.4680372344970705, 3.0340582790374757], "acc": [0.10464242788461539, 0.10814803685897435, 0.10919971955128205, 0.11250500801282051, 0.11187900641025642, 0.11102764423076923, 0.10887419871794872, 0.10844851762820513, 0.10985076121794872, 0.1132061298076923, 0.11358173076923077, 0.11062700320512821]}}