{"train_history": {"loss": [2.3003509487861242, 2.2981293331354093, 2.2958834316485968, 2.295393495223461, 2.2940170734356613, 2.292228733881926, 2.293701621966484, 2.2929841669706197, 2.293451828070176, 2.29179287644533, 2.292092048969024, 2.2916550621008263], "acc": [0.10461738782051282, 0.10406650641025642, 0.10987580128205128, 0.10814803685897435, 0.10980068108974358, 0.10960036057692307, 0.11258012820512821, 0.11197916666666667, 0.10997596153846154, 0.11305588942307693, 0.11065204326923077, 0.111328125], "val_loss": [2.5018845928192137, 2.402651542663574, 2.5384013874053957, 2.936743583679199, 2.4166433998107912, 2.9206733558654787, 2.7875193634033204, 3.3449219928741454, 2.5922539943695067, 2.5518418724060057, 2.5130445999145508, 2.4853409145355223], "val_acc": [0.1012, 0.1015, 0.1116, 0.104, 0.1006, 0.1004, 0.0953, 0.1008, 0.1048, 0.104, 0.0996, 0.0979]}, "train_accuracy": 0.111328125, "augment": true, "used_budget": 677.9968693256378, "configs": {"scale_lower": 0.7072891689703286, "pad_lower": 0.007089925102644768, "pad_probability": 0.6257068406878018, "rotation_lower": -163, "scale_upper": 1.7991553098336361, "vertical_flip": 0.6196653010721217, "rotation_upper": 55, "crop_lower": 0.09723992548403786, "horizontal_flip": 0.01269649816344709, "pad_upper": 0.26931065005206223, "crop_probability": 0.5338331519679943, "rotation_probability": 0.45738026761182426, "crop_upper": 0.21847409868539974, "scale_probability": 0.6999691471984306}, "validation_error": 0.9021}