{"train_accuracy": 0.11455829326923077, "augment": true, "used_budget": 774.7853558063507, "validation_error": 0.8972, "configs": {"pad_lower": 0.0340027522300155, "vertical_flip": 0.8052906864086148, "crop_lower": 0.03701864886957249, "pad_upper": 0.20278669576468256, "crop_upper": 0.10739730343279207, "rotation_lower": -27, "scale_lower": 0.9584723295500953, "pad_probability": 0.9771502235165002, "scale_probability": 0.6829423364572819, "scale_upper": 1.3894630640031291, "rotation_upper": 16, "crop_probability": 0.4784567366065702, "rotation_probability": 0.91270451334237, "horizontal_flip": 0.9274996065257313}, "train_history": {"acc": [0.10674579326923077, 0.11205428685897435, 0.11005108173076923, 0.11152844551282051, 0.11072716346153846, 0.11030148237179487, 0.11015124198717949, 0.10975060096153846, 0.10907451923076923, 0.11127804487179487, 0.11112780448717949, 0.11455829326923077], "loss": [2.296304879280237, 2.294986378688079, 2.292899335042024, 2.293198804060618, 2.292820867819664, 2.290443800198726, 2.2923703293005624, 2.2903956923729334, 2.2911849984755883, 2.2910173558271847, 2.2886443504920373, 2.2900142868359885], "val_loss": [2.3290775444030762, 2.5187765968322755, 2.5605731811523436, 2.5397803520202635, 2.459030857849121, 2.4957182685852053, 2.769871218109131, 3.11535506401062, 3.481465111923218, 3.2550572593688964, 3.047114239883423, 4.129296412658691], "val_acc": [0.1033, 0.1029, 0.1017, 0.1063, 0.1156, 0.103, 0.1028, 0.1026, 0.1024, 0.1032, 0.1031, 0.1028]}}