{"validation_error": 0.9035, "train_history": {"val_loss": [2.529684188079834, 2.4638614112854005, 2.7630426475524903, 2.5332738735198976, 3.2139542804718015, 3.4297179374694826, 2.991931660079956, 2.734724066543579, 2.8405273735046386, 2.7098042068481445, 3.2059141166687013, 3.591432667160034], "val_acc": [0.0971, 0.0972, 0.0971, 0.0968, 0.0971, 0.0968, 0.0983, 0.091, 0.097, 0.096, 0.0965, 0.0965], "loss": [2.2958199091446705, 2.2923278151414332, 2.289473608518258, 2.288345421736057, 2.2858424148498435, 2.287671847985341, 2.2838916801489315, 2.2842093843680162, 2.2860440405515523, 2.2847439555021434, 2.2851532162764134, 2.2842948467303543], "acc": [0.10934995993589744, 0.11182892628205128, 0.11555989583333333, 0.11503405448717949, 0.11909054487179487, 0.11197916666666667, 0.11608573717948718, 0.11868990384615384, 0.1151592548076923, 0.11232972756410256, 0.11498397435897435, 0.11846454326923077]}, "train_accuracy": 0.11846454326923077, "configs": {"crop_upper": 0.2124817662057995, "horizontal_flip": 0.8429170950763061, "crop_probability": 0.07011005857151642, "rotation_upper": 49, "crop_lower": 0.020444408175903518, "vertical_flip": 0.7173618596139778, "rotation_probability": 0.8904831081785328, "scale_probability": 0.33274406052370864, "pad_lower": 0.09687156554339002, "pad_probability": 0.10262448539691904, "scale_upper": 1.8036153232491579, "rotation_lower": -8, "scale_lower": 0.7301848490465833, "pad_upper": 0.12927105678387266}, "used_budget": 744.5568237304688, "augment": true}