{"train_history": {"val_loss": [5.274682332611084, 2.3814281188964843, 2.521461893463135, 2.524178855895996, 2.5920873100280764, 3.7653442726135253, 3.5728247287750245, 2.5775865966796876, 2.540744541168213, 3.0044644020080566, 2.702025840759277, 3.021438145828247], "loss": [2.2973530284869366, 2.2937757464555593, 2.2942876051633787, 2.293361945794179, 2.2919790882330675, 2.2905748157929153, 2.2901090750327477, 2.2903365202439137, 2.29115016414569, 2.290053505163926, 2.2889424692361784, 2.2915431436819906], "acc": [0.10479266826923077, 0.11032652243589744, 0.11190404647435898, 0.11130308493589744, 0.11215444711538461, 0.11280548878205128, 0.11373197115384616, 0.11340645032051282, 0.11298076923076923, 0.11217948717948718, 0.10987580128205128, 0.11110276442307693], "val_acc": [0.1037, 0.1067, 0.1038, 0.104, 0.1041, 0.1037, 0.1037, 0.104, 0.1037, 0.104, 0.1046, 0.1035]}, "augment": true, "used_budget": 749.2283718585968, "train_accuracy": 0.11110276442307693, "configs": {"crop_probability": 0.4159124644773249, "vertical_flip": 0.6577145152060759, "pad_upper": 0.10426456635533468, "scale_probability": 0.36668272227411136, "crop_upper": 0.24189828442915792, "pad_probability": 0.9925282073716972, "crop_lower": 0.08408537813575506, "pad_lower": 0.06328528003508274, "rotation_lower": -90, "scale_upper": 1.4565265153162006, "rotation_upper": 156, "scale_lower": 0.8007410270373834, "rotation_probability": 0.7567013239710648, "horizontal_flip": 0.36679937472849267}, "validation_error": 0.8965}