{"configs": {"pad_upper": 0.26055325743090396, "pad_lower": 0.08391233701591157, "rotation_lower": -25, "rotation_probability": 0.03577608694344381, "scale_probability": 0.768187130911576, "horizontal_flip": 0.23885388709759736, "rotation_upper": 161, "scale_upper": 1.1603274097970706, "crop_upper": 0.14406119365875508, "pad_probability": 0.3339210064293645, "crop_probability": 0.03003749398472777, "crop_lower": 0.0089100168637687, "vertical_flip": 0.017671317159048683, "scale_lower": 0.5061503609915445}, "used_budget": 736.3381628990173, "validation_error": 0.9006, "train_history": {"val_acc": [0.0975, 0.0986, 0.0985, 0.0987, 0.1376, 0.0998, 0.1032, 0.0982, 0.1, 0.1018, 0.0987, 0.0994], "loss": [2.288136425690773, 2.2801407338717046, 2.2758496701717377, 2.2730824389518838, 2.2721477831021333, 2.269883103095568, 2.2698344817528358, 2.268059340807108, 2.265586535135905, 2.268053193122913, 2.261640346967257, 2.2630000840394926], "val_loss": [2.6067840518951417, 2.407683427429199, 2.730503425216675, 3.391047732925415, 2.282452407836914, 2.956590489196777, 2.824176690673828, 3.0812199916839598, 3.2647375915527346, 2.5764274085998533, 2.8756000495910645, 3.060383037185669], "acc": [0.11791366185897435, 0.1240985576923077, 0.12382311698717949, 0.12222055288461539, 0.12429887820512821, 0.1256260016025641, 0.12650240384615385, 0.12640224358974358, 0.12575120192307693, 0.12637720352564102, 0.13083433493589744, 0.12825520833333334]}, "train_accuracy": 0.12825520833333334, "augment": true}