{"train_history": {"val_acc": [0.0938, 0.0943, 0.0941, 0.1134, 0.0941, 0.094, 0.1007, 0.0942, 0.0938, 0.094, 0.0939, 0.0941], "val_loss": [2.3411654735565186, 2.4978685081481933, 2.86003600692749, 2.2993652717590334, 2.622570313644409, 2.8014293651580813, 3.433940151977539, 3.3716162170410158, 2.7146031585693358, 3.491315069961548, 3.5809913063049317, 3.031583447647095], "acc": [0.10802283653846154, 0.11490885416666667, 0.11255508814102565, 0.11728766025641026, 0.11773838141025642, 0.11315604967948718, 0.12197015224358974, 0.11866486378205128, 0.11693709935897435, 0.11468349358974358, 0.11475861378205128, 0.11631109775641026], "loss": [2.2966721126666436, 2.2909571803533115, 2.2884016640675373, 2.285845471498294, 2.286957453458737, 2.284454258588644, 2.2817808106923714, 2.28511222356405, 2.2836418946584067, 2.282082294042294, 2.2842457470221396, 2.282653163640927]}, "used_budget": 675.9786920547485, "validation_error": 0.9059, "configs": {"crop_lower": 0.002172277101383069, "rotation_lower": -36, "pad_probability": 0.5772606501521292, "scale_probability": 0.7584043164895794, "scale_upper": 1.406368155067109, "crop_upper": 0.1439927404900912, "rotation_probability": 0.2509229230357788, "pad_lower": 0.011326991536727882, "crop_probability": 0.13079001471255158, "horizontal_flip": 0.5140573942739252, "vertical_flip": 0.7624441700667495, "scale_lower": 0.9833112038361186, "rotation_upper": 135, "pad_upper": 0.2662380299161077}, "train_accuracy": 0.11631109775641026, "augment": true}