{"train_history": {"val_acc": [0.0996, 0.0986, 0.0979, 0.0986, 0.0986, 0.0995, 0.0965, 0.0987, 0.0986, 0.0986, 0.0986, 0.0988], "val_loss": [2.3942716323852538, 3.3205586212158202, 2.4043294368743897, 2.6514168991088867, 3.0721856533050538, 3.8637231658935547, 2.937603807449341, 3.562059455871582, 3.6025322372436523, 4.710188395690918, 4.355651912689209, 3.398668084716797], "loss": [2.2983651199401955, 2.2927347161831, 2.2931798895200095, 2.291496854562026, 2.290931668037023, 2.2896259281879816, 2.2908311088879905, 2.290300667285919, 2.2898224408809957, 2.288454668644147, 2.288781156906715, 2.2870316681189413], "acc": [0.10739683493589744, 0.11007612179487179, 0.11052684294871795, 0.11258012820512821, 0.11330629006410256, 0.11508413461538461, 0.11445813301282051, 0.11100260416666667, 0.11528445512820513, 0.11395733173076923, 0.11408253205128205, 0.11385717147435898]}, "validation_error": 0.9012, "augment": true, "configs": {"crop_upper": 0.19727098838501522, "scale_upper": 1.0715491380748512, "crop_lower": 0.021537400449301216, "rotation_upper": 169, "pad_lower": 0.08496854194462627, "scale_probability": 0.8414391537686567, "rotation_probability": 0.46841218942355856, "vertical_flip": 0.6240486411876276, "scale_lower": 0.532678679944534, "rotation_lower": 0, "pad_probability": 0.3989843518106587, "crop_probability": 0.3521709992537637, "horizontal_flip": 0.940439624346361, "pad_upper": 0.20573505150392865}, "train_accuracy": 0.11385717147435898, "used_budget": 690.9403994083405}