{"validation_error": 0.8919, "used_budget": 655.5766580104828, "augment": true, "train_accuracy": 0.15211838942307693, "configs": {"pad_lower": 0.002653703719244538, "scale_probability": 0.044829507569937976, "vertical_flip": 0.8804037824431425, "pad_probability": 0.7616982396148259, "crop_probability": 0.06286573808368534, "crop_upper": 0.12747611641498055, "rotation_probability": 0.10821327733107122, "pad_upper": 0.19279488442286924, "rotation_upper": 132, "scale_upper": 1.9245955603073364, "rotation_lower": -142, "crop_lower": 0.09833171958995508, "horizontal_flip": 0.8897455845426925, "scale_lower": 0.8715710116827403}, "train_history": {"val_loss": [2.3148623931884766, 2.5018159057617186, 2.707510667800903, 2.544999596405029, 2.662590085220337, 3.0566668403625488, 2.363462717437744, 2.906312085342407, 2.4164102241516114, 2.9535369525909423, 2.5207495765686034, 2.6643656059265135], "loss": [2.279722507183368, 2.2575002213319144, 2.2575486478133078, 2.2480605802474876, 2.24443149795899, 2.241385971124356, 2.2416663544300275, 2.2408682107925415, 2.2391364070085378, 2.234360988323505, 2.2319613756277623, 2.2356883776493564], "acc": [0.13090945512820512, 0.14065004006410256, 0.14157652243589744, 0.14443108974358973, 0.14415564903846154, 0.14723557692307693, 0.14706029647435898, 0.1487129407051282, 0.1500400641025641, 0.1477363782051282, 0.15339543269230768, 0.15211838942307693], "val_acc": [0.1056, 0.1055, 0.1056, 0.1055, 0.1064, 0.1063, 0.1075, 0.106, 0.1166, 0.1054, 0.1094, 0.1081]}}