{"validation_error": 0.8954, "configs": {"rotation_probability": 0.17656333827228576, "scale_probability": 0.4379406227694371, "horizontal_flip": 0.6088131257433353, "pad_upper": 0.21580201268130658, "scale_lower": 0.7715826069606841, "rotation_upper": 172, "pad_lower": 0.0932980865870977, "crop_lower": 0.04635587177845725, "crop_upper": 0.2986269512976363, "vertical_flip": 0.4558023380997891, "scale_upper": 1.4629300059880563, "pad_probability": 0.5815605382179271, "crop_probability": 0.12109361633671789, "rotation_lower": -61}, "augment": true, "used_budget": 729.0340201854706, "train_history": {"val_acc": [0.1081, 0.1058, 0.1057, 0.1057, 0.1065, 0.1057, 0.1064, 0.1055, 0.1059, 0.1041, 0.1048, 0.1046], "val_loss": [2.358924140930176, 2.5205511680603028, 2.819011435699463, 3.002710553741455, 2.377102237701416, 2.8395133209228516, 2.535177466583252, 2.591937008666992, 2.583462745666504, 2.522526566696167, 2.694414094161987, 2.898082050704956], "acc": [0.11606069711538461, 0.11939102564102565, 0.12392327724358974, 0.12472455929487179, 0.12364783653846154, 0.12880608974358973, 0.12565104166666666, 0.1261268028846154, 0.12963241185897437, 0.12898137019230768, 0.13181089743589744, 0.12760416666666666], "loss": [2.291435629893572, 2.2819200188685684, 2.2797092344516363, 2.2776880883253536, 2.2750499508319755, 2.2703997561564813, 2.272375823595585, 2.2734256317982307, 2.268910573843198, 2.270116057151403, 2.269620601947491, 2.2704769510489244]}, "train_accuracy": 0.12760416666666666}