{"train_history": {"val_loss": [2.711625386428833, 2.3395306350708007, 2.771134369659424, 3.7905234420776366, 2.513267590332031, 2.7840490951538084, 2.63981877746582, 2.7060163734436036, 2.468747537231445, 2.676259841918945, 2.5825539527893064, 2.529653314971924], "val_acc": [0.1011, 0.103, 0.1011, 0.1011, 0.1023, 0.1011, 0.1014, 0.1027, 0.1034, 0.1064, 0.1057, 0.1065], "loss": [2.290256987015406, 2.2820785549970775, 2.2786863209345403, 2.276036474185112, 2.274349035360874, 2.2758442423282523, 2.273762257435383, 2.271580150494209, 2.273656515738903, 2.270623584588369, 2.271046926577886, 2.269933270338254], "acc": [0.11591045673076923, 0.12039262820512821, 0.12274639423076923, 0.12217047275641026, 0.12489983974358974, 0.1249248798076923, 0.12282151442307693, 0.12677784455128205, 0.12652744391025642, 0.12209535256410256, 0.12802984775641027, 0.12555088141025642]}, "used_budget": 729.4081718921661, "train_accuracy": 0.12555088141025642, "configs": {"scale_probability": 0.5973118539594748, "horizontal_flip": 0.14482587833878224, "scale_lower": 0.877919556209764, "crop_upper": 0.15211109005969461, "crop_lower": 0.02538438724639466, "scale_upper": 1.32642447969829, "pad_upper": 0.24104416327039238, "pad_probability": 0.7921346377781889, "rotation_lower": -5, "rotation_upper": 90, "pad_lower": 0.035973970103285006, "crop_probability": 0.021616391550768, "vertical_flip": 0.042268401072371176, "rotation_probability": 0.20290740539073604}, "augment": true, "validation_error": 0.8935}