{"used_budget": 735.999006986618, "train_accuracy": 0.1139072516025641, "train_history": {"acc": [0.10917467948717949, 0.10982572115384616, 0.11383213141025642, 0.10965044070512821, 0.11796374198717949, 0.1180889423076923, 0.11468349358974358, 0.11563501602564102, 0.11668669871794872, 0.11646133814102565, 0.11984174679487179, 0.1139072516025641], "val_acc": [0.0996, 0.0993, 0.0997, 0.0996, 0.0996, 0.0996, 0.0994, 0.0996, 0.0996, 0.0997, 0.0995, 0.0993], "val_loss": [2.680377962875366, 2.6206664012908933, 2.6580572883605957, 2.7500525829315188, 2.4654146869659423, 3.3631227787017823, 2.692251769256592, 2.6263157432556152, 3.6712488651275637, 2.9043714321136473, 2.724589614105225, 2.847286544799805], "loss": [2.29816963046025, 2.295291984692598, 2.2911356137349057, 2.2917078030415072, 2.2898793587317834, 2.2891496427548237, 2.2888976419583345, 2.2887850999832153, 2.288336854714614, 2.287305182371384, 2.286180318166048, 2.2879555294146905]}, "validation_error": 0.9007000000000001, "augment": true, "configs": {"vertical_flip": 0.7289359623104564, "rotation_lower": -119, "scale_probability": 0.4361535232280469, "rotation_probability": 0.5434141436501099, "pad_lower": 0.07971205438879565, "crop_probability": 0.8676945811997473, "scale_lower": 0.5382708863869725, "horizontal_flip": 0.3259338363447014, "scale_upper": 1.1524664404390044, "rotation_upper": 36, "pad_probability": 0.006827631743753448, "crop_upper": 0.29340834345631445, "pad_upper": 0.23027154651261178, "crop_lower": 0.01608617803084448}}