{"configs": {"pad_lower": 0.06528144336102895, "scale_probability": 0.9844671112239508, "crop_probability": 0.7723064460350149, "crop_lower": 0.006530152019897173, "crop_upper": 0.15942841498313615, "rotation_upper": 170, "rotation_lower": -51, "pad_probability": 0.872565044102714, "pad_upper": 0.14583076869134715, "vertical_flip": 0.4655746884676816, "scale_upper": 1.8515980391878488, "rotation_probability": 0.3871633561775346, "horizontal_flip": 0.21101393990045192, "scale_lower": 0.7105437791772788}, "validation_error": 0.9015, "augment": true, "train_accuracy": 0.10852363782051282, "train_history": {"acc": [0.10236378205128205, 0.1055438701923077, 0.10476762820512821, 0.10704627403846154, 0.10546875, 0.10802283653846154, 0.10596955128205128, 0.10932491987179487, 0.10486778846153846, 0.10627003205128205, 0.10494290865384616, 0.10852363782051282], "val_loss": [2.553197024154663, 2.297452402496338, 2.325338040161133, 2.3493360473632814, 2.87476795425415, 2.5893585754394532, 3.3660475746154783, 2.565192226791382, 2.713290238189697, 2.877086837387085, 2.3969277660369874, 3.2577257095336916], "val_acc": [0.1004, 0.0992, 0.0943, 0.0968, 0.0989, 0.1034, 0.098, 0.1055, 0.0987, 0.0979, 0.0991, 0.0985], "loss": [2.30032963401232, 2.298439708275673, 2.2973502347102532, 2.296581995028716, 2.2961029524986563, 2.296560266843209, 2.295342681499628, 2.2956963166212425, 2.295716465283663, 2.295684115244792, 2.294444766564247, 2.2940883384301114]}, "used_budget": 761.2025306224823}