{"train_history": {"val_loss": [2.3794935897827147, 2.5232313896179197, 2.524935065460205, 2.4571595348358155, 2.5386600704193114, 3.6537679054260255, 2.906146339416504, 2.544859354400635, 2.6291734268188476, 2.9629312561035155, 2.7080339435577394, 3.0194351455688477], "val_acc": [0.1011, 0.1015, 0.1059, 0.1011, 0.1009, 0.1016, 0.1014, 0.1016, 0.1026, 0.1106, 0.102, 0.1032], "acc": [0.10649539262820513, 0.10747195512820513, 0.11310596955128205, 0.1107021233974359, 0.11090244391025642, 0.1141826923076923, 0.11232972756410256, 0.11162860576923077, 0.11185396634615384, 0.11177884615384616, 0.11157852564102565, 0.1126552483974359], "loss": [2.2984853516786528, 2.295016994078954, 2.2920526296664505, 2.292052752696551, 2.292758807157859, 2.291123996178309, 2.292323254621946, 2.2924130451984897, 2.2887263970497327, 2.2902654248934526, 2.290241742745424, 2.2894405088363547]}, "validation_error": 0.8968, "configs": {"scale_upper": 1.0167966894921106, "pad_probability": 0.5822735304798471, "crop_probability": 0.7075993064602943, "rotation_lower": -64, "rotation_probability": 0.5829317863883634, "scale_probability": 0.8127980980317686, "vertical_flip": 0.04711739404221227, "crop_lower": 0.08752287190129816, "scale_lower": 0.7167423473002976, "horizontal_flip": 0.3627992548782035, "pad_upper": 0.2482263615202684, "crop_upper": 0.2200744378062453, "pad_lower": 0.036577844721858675, "rotation_upper": 66}, "used_budget": 755.5512156486511, "augment": true, "train_accuracy": 0.1126552483974359}