{"train_history": {"val_loss": [2.315140866470337, 2.750083840942383, 2.297295952606201, 2.651569271850586, 2.5802376079559326, 2.300245327758789, 2.6225115364074707, 2.664165319824219, 2.9805535694122316, 2.5689109073638914, 4.017675530624389, 4.120500533294678], "val_acc": [0.0981, 0.0973, 0.1102, 0.0973, 0.0971, 0.089, 0.0969, 0.0971, 0.0976, 0.1019, 0.0972, 0.0972], "loss": [2.298801150841591, 2.2968451166764283, 2.2954596342184606, 2.2930449476608863, 2.2944025236826677, 2.292266097588417, 2.2933398607449655, 2.291366140811871, 2.2922204243831144, 2.2915630371142655, 2.290675631700418, 2.291522512069115], "acc": [0.10629507211538461, 0.10817307692307693, 0.1084735576923077, 0.11205428685897435, 0.11015124198717949, 0.11147836538461539, 0.11405749198717949, 0.11007612179487179, 0.11010116185897435, 0.11182892628205128, 0.11225460737179487, 0.11147836538461539]}, "train_accuracy": 0.11147836538461539, "validation_error": 0.9028, "augment": true, "configs": {"pad_lower": 0.02595202159627128, "crop_probability": 0.5376577594528337, "vertical_flip": 0.5845342481033773, "scale_probability": 0.9450261374955256, "pad_upper": 0.23112186775152874, "rotation_probability": 0.6293545049612566, "crop_upper": 0.1807507219822332, "horizontal_flip": 0.9619896353489419, "rotation_upper": 174, "scale_lower": 0.7515755958754802, "scale_upper": 1.1161030269153733, "rotation_lower": -162, "pad_probability": 0.37448432420705635, "crop_lower": 0.024673059559744095}, "used_budget": 681.408754825592}