{"used_budget": 739.471097946167, "train_history": {"val_loss": [2.533326135635376, 2.833127883911133, 2.457095218658447, 2.537483255004883, 2.480828542327881, 2.35734736366272, 2.5449453102111814, 2.5746694347381593, 3.505943909454346, 2.3729660293579102, 3.5642002075195314, 2.364700685119629], "loss": [2.2893258860478034, 2.2829464360689506, 2.2812520326712193, 2.2784779988802395, 2.2758920101019053, 2.2743681378853626, 2.271519634204033, 2.270941149729949, 2.2731504371533027, 2.269598966989762, 2.2690344277100687, 2.2682636181513467], "val_acc": [0.1009, 0.1007, 0.1033, 0.1016, 0.1027, 0.1283, 0.1023, 0.1009, 0.1007, 0.1064, 0.101, 0.1098], "acc": [0.11480869391025642, 0.12049278846153846, 0.12126903044871795, 0.12384815705128205, 0.12484975961538461, 0.12484975961538461, 0.1254757612179487, 0.12770432692307693, 0.12472455929487179, 0.1271033653846154, 0.12697816506410256, 0.12595152243589744]}, "configs": {"crop_lower": 0.028481271817955026, "vertical_flip": 0.18305381045621427, "pad_lower": 0.001621962068036853, "rotation_probability": 0.43274140296832175, "crop_upper": 0.12943276217485203, "pad_probability": 0.11167608296541798, "rotation_upper": 99, "crop_probability": 0.5372815951217322, "horizontal_flip": 0.05358655625887487, "scale_upper": 1.1361585231830418, "scale_probability": 0.42847998952915345, "pad_upper": 0.2649126424841655, "scale_lower": 0.7458658257634754, "rotation_lower": -15}, "augment": true, "train_accuracy": 0.12595152243589744, "validation_error": 0.8902}