{"train_accuracy": 0.10947516025641026, "validation_error": 0.8998, "train_history": {"acc": [0.10346554487179487, 0.10809795673076923, 0.10709635416666667, 0.10659555288461539, 0.10787259615384616, 0.1053936298076923, 0.0996844951923077, 0.10759715544871795, 0.10849859775641026, 0.11052684294871795, 0.10822315705128205, 0.10947516025641026], "val_acc": [0.1022, 0.0927, 0.1012, 0.1119, 0.0974, 0.0965, 0.1018, 0.0972, 0.1015, 0.1061, 0.1019, 0.1002], "val_loss": [2.3643314434051512, 2.308439733886719, 2.3039242935180666, 2.362163800811768, 2.4819738567352294, 2.3032706802368166, 2.3662959690093994, 2.729238608551025, 2.4431522956848144, 2.4343997550964356, 2.92635069732666, 2.434327906036377], "loss": [2.2999753134372907, 2.2981558495607133, 2.2978984469022508, 2.2971869791165376, 2.2964259752860436, 2.2967528058932376, 2.2975163826575646, 2.295606947862185, 2.295024125239788, 2.2954532458231998, 2.2949696389528422, 2.294991597915307]}, "augment": true, "configs": {"rotation_upper": 32, "rotation_lower": -6, "rotation_probability": 0.4608039769596044, "scale_probability": 0.9726412081731364, "pad_upper": 0.2620661228943184, "vertical_flip": 0.49690022050528804, "scale_upper": 1.3923043985820593, "pad_probability": 0.870987812416473, "crop_lower": 0.06245530090338153, "crop_probability": 0.8922063640430098, "pad_lower": 0.05968213330512025, "crop_upper": 0.2468974491481627, "horizontal_flip": 0.768167245781161, "scale_lower": 0.8044860072883828}, "used_budget": 692.7075915336609}