{"configs": {"pad_probability": 0.9790746114523353, "pad_upper": 0.15652176891455094, "scale_upper": 1.8781322407914427, "pad_lower": 0.04592211071848998, "vertical_flip": 0.25968361810361895, "scale_lower": 0.768522798245366, "crop_upper": 0.2846855065979767, "horizontal_flip": 0.025226829927566752, "rotation_upper": 162, "rotation_probability": 0.6582070334743539, "crop_lower": 0.09211560404793018, "rotation_lower": -134, "scale_probability": 0.8684002341971271, "crop_probability": 0.5954985740519702}, "train_accuracy": 0.10611979166666667, "train_history": {"val_loss": [2.3044311653137206, 2.3822897750854493, 2.710196942138672, 2.86729575881958, 2.6775413383483886, 5.477409024810791, 2.5022233222961425, 2.608077305984497, 3.0983149181365968, 4.611627137756348, 3.0558971305847167, 3.3878066925048826], "val_acc": [0.0983, 0.1041, 0.0981, 0.0979, 0.0981, 0.0983, 0.1002, 0.098, 0.0979, 0.0981, 0.0979, 0.0979], "loss": [2.301459939816059, 2.3006775830036554, 2.2999531901799717, 2.2984176109998655, 2.299900553165338, 2.298692994392835, 2.2980732382872167, 2.29833698960451, 2.2974574886835537, 2.2970941196649504, 2.2976142519559617, 2.297120381624271], "acc": [0.10221354166666667, 0.10226362179487179, 0.10474258814102565, 0.10589443108974358, 0.10258914262820513, 0.10421674679487179, 0.10241386217948718, 0.10411658653846154, 0.10434194711538461, 0.10429186698717949, 0.10526842948717949, 0.10611979166666667]}, "validation_error": 0.9021, "used_budget": 769.3721296787262, "augment": true}