{"configs": {"horizontal_flip": 0.24941834020040055, "scale_probability": 0.6639661874465914, "rotation_probability": 0.7734431691401944, "pad_upper": 0.1500662389664619, "scale_lower": 0.981588515197106, "vertical_flip": 0.7952125653118356, "crop_lower": 0.02545832317895145, "crop_probability": 0.7780151710811819, "pad_lower": 0.06737390326381364, "rotation_upper": 89, "rotation_lower": -141, "pad_probability": 0.18513047240756997, "crop_upper": 0.20082139516685169, "scale_upper": 1.8295586394901}, "used_budget": 748.815643787384, "train_accuracy": 0.10697115384615384, "train_history": {"loss": [2.300486467587642, 2.3000687758127847, 2.298242089840082, 2.2981556149629445, 2.2972866128652525, 2.2961040139198303, 2.2953360348175735, 2.2965188156335783, 2.2959280602442913, 2.2962444562178392, 2.2961823611687393, 2.2952064734238844], "acc": [0.10379106570512821, 0.10501802884615384, 0.10897435897435898, 0.10599459134615384, 0.1044921875, 0.10404146634615384, 0.10914963942307693, 0.10599459134615384, 0.11012620192307693, 0.10732171474358974, 0.1080478766025641, 0.10697115384615384], "val_loss": [2.8305637260437013, 2.2965580169677735, 2.3309772651672365, 2.3619532806396486, 2.3912414058685303, 2.406817742919922, 2.9590864448547363, 2.4058824352264403, 3.045988693237305, 2.8444588890075684, 2.3187389266967773, 2.903606150817871], "val_acc": [0.1051, 0.1016, 0.1077, 0.1005, 0.1006, 0.1002, 0.1, 0.0962, 0.1031, 0.1008, 0.1022, 0.1109]}, "augment": true, "validation_error": 0.8891}