{"train_history": {"loss": [2.295913586249718, 2.2933045961917977, 2.2928687058962307, 2.2909706960885954, 2.2888705829779306, 2.287286501664382, 2.288654129474591, 2.287187105570084, 2.286964490627631, 2.2875385185082755, 2.285398317453189, 2.2868998654377766], "val_loss": [2.385214284515381, 2.6632655578613282, 2.6452067665100096, 2.450227797698975, 2.3804189613342284, 2.3671827507019043, 3.286242569732666, 2.4303708770751955, 2.559782006454468, 2.7234671920776368, 2.8292852951049805, 2.384726575088501], "val_acc": [0.1004, 0.0973, 0.0957, 0.096, 0.0964, 0.0977, 0.096, 0.0968, 0.0956, 0.0966, 0.0957, 0.0964], "acc": [0.10779747596153846, 0.11010116185897435, 0.1122295673076923, 0.11092748397435898, 0.11250500801282051, 0.1132061298076923, 0.11641125801282051, 0.11741286057692307, 0.11498397435897435, 0.11190404647435898, 0.11545973557692307, 0.11493389423076923]}, "configs": {"scale_probability": 0.4134556441675691, "pad_probability": 0.42764932969980074, "rotation_lower": -83, "rotation_upper": 158, "horizontal_flip": 0.7880204245587497, "scale_lower": 0.5938234551680757, "rotation_probability": 0.49946163107534713, "pad_lower": 0.057310753567351304, "crop_probability": 0.6998202769096634, "pad_upper": 0.12964604951752906, "crop_lower": 0.04461441625404462, "vertical_flip": 0.9139719348994725, "scale_upper": 1.9290259125204845, "crop_upper": 0.28489304935184345}, "augment": true, "train_accuracy": 0.11493389423076923, "used_budget": 743.7760744094849, "validation_error": 0.9036}