{"validation_error": 0.8996, "train_history": {"loss": [2.2999650828349285, 2.3002802477433133, 2.298962191129342, 2.2993130057285995, 2.2986545845484123, 2.298240209237123, 2.298071637367591, 2.298632099842414, 2.2975795972041593, 2.2985615875476446, 2.2977904180685678, 2.2972010496335153], "val_loss": [2.638217963409424, 2.2911138000488283, 2.300143349838257, 2.423668357849121, 3.315984204864502, 3.5044151519775393, 4.321299650192261, 2.4805732986450195, 3.3064128135681154, 3.1848544509887695, 3.636017681884766, 5.865569345092774], "val_acc": [0.1005, 0.1045, 0.1003, 0.101, 0.1004, 0.1002, 0.1004, 0.1013, 0.103, 0.101, 0.101, 0.1004], "acc": [0.10579427083333333, 0.10601963141025642, 0.10479266826923077, 0.10489282852564102, 0.10491786858974358, 0.10599459134615384, 0.10604467147435898, 0.10704627403846154, 0.10356570512820513, 0.10664563301282051, 0.10591947115384616, 0.10829827724358974]}, "configs": {"rotation_upper": 132, "scale_lower": 0.5633727728758521, "rotation_lower": -58, "crop_upper": 0.23334416633289895, "pad_probability": 0.7136298771941547, "scale_upper": 1.7406820726405559, "pad_lower": 0.05424146217585192, "pad_upper": 0.2893267960292778, "vertical_flip": 0.8503512978179607, "crop_lower": 0.07560282784526211, "horizontal_flip": 0.42918680177849067, "rotation_probability": 0.8636529608316028, "scale_probability": 0.9001429477323604, "crop_probability": 0.6242434864097987}, "augment": true, "train_accuracy": 0.10829827724358974, "used_budget": 743.398276090622}