{"train_accuracy": 0.11318108974358974, "used_budget": 812.7068419456482, "augment": true, "train_history": {"val_loss": [2.3531691467285154, 2.2832423347473143, 2.993976497268677, 2.6620727657318115, 2.2843204917907713, 2.660927604675293, 2.977700838851929, 2.526804814910889, 3.2209696701049806, 2.988036598968506, 2.9550372783660888, 3.1186992790222168], "val_acc": [0.099, 0.128, 0.0991, 0.0995, 0.1092, 0.0992, 0.0991, 0.1017, 0.099, 0.0992, 0.1015, 0.1035], "loss": [2.2975737781096726, 2.2956983141410046, 2.2925097797161493, 2.290990669757892, 2.290443243888708, 2.290144852338693, 2.2895057598749795, 2.2904840318056254, 2.2885907124250364, 2.288377493619919, 2.2891479019935312, 2.289630828759609], "acc": [0.10642027243589744, 0.11290564903846154, 0.10927483974358974, 0.11403245192307693, 0.11323116987179487, 0.11806390224358974, 0.11641125801282051, 0.11280548878205128, 0.11415765224358974, 0.11413261217948718, 0.11283052884615384, 0.11318108974358974]}, "validation_error": 0.8965, "configs": {"vertical_flip": 0.011975501105075281, "scale_upper": 1.5613628050517463, "rotation_probability": 0.8608224418295185, "crop_probability": 0.6178609571945156, "horizontal_flip": 0.6175918769356419, "rotation_lower": -89, "pad_probability": 0.489373302478176, "crop_lower": 0.08336014437223288, "scale_lower": 0.5440973696694723, "pad_upper": 0.11145714488727743, "scale_probability": 0.20742913813882835, "rotation_upper": 120, "crop_upper": 0.19095791252819982, "pad_lower": 0.015398734015401094}}