{"used_budget": 689.4900860786438, "train_accuracy": 0.10624499198717949, "configs": {"crop_upper": 0.15308854226285978, "crop_probability": 0.892244028363693, "horizontal_flip": 0.4706093316606299, "rotation_upper": 102, "rotation_lower": -147, "scale_upper": 1.4799044001483974, "pad_upper": 0.14839954162940305, "scale_probability": 0.9130684462092356, "scale_lower": 0.633181738314704, "crop_lower": 0.08731358764412307, "pad_probability": 0.5027799805691732, "pad_lower": 0.05780820585377283, "rotation_probability": 0.6774599727261025, "vertical_flip": 0.3840182207806946}, "validation_error": 0.8913, "augment": true, "train_history": {"val_loss": [2.843155152130127, 2.3791298259735107, 2.3031761642456057, 2.743316256713867, 2.4185304641723633, 2.334044416809082, 2.8378656299591065, 2.4548786697387697, 2.396782551574707, 2.7068266120910645, 2.747984815979004, 2.508602261734009], "acc": [0.10136217948717949, 0.10664563301282051, 0.10737179487179487, 0.10782251602564102, 0.10531850961538461, 0.1058193108974359, 0.10837339743589744, 0.1070713141025641, 0.11022636217948718, 0.10662059294871795, 0.10654547275641026, 0.10624499198717949], "loss": [2.300589632529479, 2.2996900326166396, 2.298051206729351, 2.295667047684009, 2.296915582357309, 2.298002547178513, 2.296274966154343, 2.297148586847843, 2.2961335961635294, 2.2960906517811313, 2.2962661370252953, 2.2972327990409656], "val_acc": [0.097, 0.0963, 0.0896, 0.097, 0.097, 0.0963, 0.0969, 0.0968, 0.1023, 0.1036, 0.1055, 0.1087]}}