{"configs": {"vertical_flip": 0.48754119109160143, "scale_upper": 1.3724908335600317, "rotation_probability": 0.6822389682524325, "pad_probability": 0.3302762046969939, "crop_probability": 0.3044861319910549, "rotation_upper": 93, "rotation_lower": -101, "crop_lower": 0.0201551475067557, "crop_upper": 0.15113562180193457, "pad_upper": 0.19304670151929088, "horizontal_flip": 0.5323814103293568, "pad_lower": 0.035399010495333616, "scale_probability": 0.7795658452318164, "scale_lower": 0.5943723098457087}, "train_accuracy": 0.11380709134615384, "train_history": {"val_acc": [0.1056, 0.1052, 0.1055, 0.1055, 0.1054, 0.1056, 0.1056, 0.1061, 0.1054, 0.1056, 0.1059, 0.1051], "loss": [2.298311327512448, 2.2965241922782016, 2.2925348663941407, 2.2927490847233014, 2.2922855401650453, 2.2923351915983052, 2.2912666453764987, 2.2910229724187117, 2.290517120789259, 2.2886467025830197, 2.289113523868414, 2.289677715454346], "val_loss": [2.621142981338501, 2.3968110145568846, 2.907842506790161, 2.9161331478118897, 2.6914706840515135, 2.6550045497894286, 3.133177141571045, 2.552301301574707, 2.722342847442627, 4.497485122680664, 2.442784701919556, 3.1091210147857664], "acc": [0.10684595352564102, 0.10854867788461539, 0.10907451923076923, 0.11050180288461539, 0.10919971955128205, 0.11323116987179487, 0.1123046875, 0.11220452724358974, 0.11505909455128205, 0.11380709134615384, 0.11540965544871795, 0.11380709134615384]}, "augment": true, "used_budget": 781.7279407978058, "validation_error": 0.8949}