{"used_budget": 690.2540979385376, "configs": {"vertical_flip": 0.7728439748520611, "scale_upper": 1.9128578226275377, "scale_lower": 0.746074919727349, "rotation_upper": 129, "pad_probability": 0.4627139504837522, "horizontal_flip": 0.807909868774846, "crop_lower": 0.024164515534324273, "rotation_probability": 0.33142402389085435, "scale_probability": 0.9419634832903444, "crop_upper": 0.1351918851745803, "rotation_lower": -1, "pad_upper": 0.15791547945555545, "crop_probability": 0.5199859018703967, "pad_lower": 0.0052698716923610285}, "validation_error": 0.8943, "train_history": {"val_loss": [2.3008462715148927, 2.55411890335083, 2.9927590774536132, 2.4030338500976565, 2.700894291687012, 3.4925272705078125, 2.994483246612549, 2.4756188697814943, 2.5802097438812255, 4.06371531829834, 2.3112672775268557, 2.306127741241455], "val_acc": [0.096, 0.096, 0.096, 0.0957, 0.1031, 0.0961, 0.0956, 0.0954, 0.1001, 0.105, 0.0995, 0.1057], "acc": [0.10411658653846154, 0.10724659455128205, 0.1116786858974359, 0.10632011217948718, 0.10724659455128205, 0.109375, 0.10769731570512821, 0.10917467948717949, 0.1055438701923077, 0.1063701923076923, 0.10952524038461539, 0.10980068108974358], "loss": [2.3004512870923066, 2.297038530692076, 2.2961470912664366, 2.295808507845952, 2.2950704281146708, 2.2948347941423073, 2.2949432126986675, 2.2945816929523764, 2.2937427904361334, 2.293234693698394, 2.2937167554329605, 2.294536014397939]}, "augment": true, "train_accuracy": 0.10980068108974358}