{"configs": {"crop_upper": 0.29763171203664907, "pad_lower": 0.0019137865986454173, "rotation_probability": 0.22093577829984867, "scale_lower": 0.8970596319367999, "scale_upper": 1.994270836092086, "pad_probability": 0.21094700073064654, "horizontal_flip": 0.9701190168782272, "scale_probability": 0.3988980398424813, "pad_upper": 0.14945576623280638, "crop_probability": 0.32471905570040316, "crop_lower": 0.0091583282809655, "rotation_upper": 96, "vertical_flip": 0.3494528294168727, "rotation_lower": -38}, "validation_error": 0.9056, "train_accuracy": 0.13176081730769232, "augment": true, "train_history": {"val_loss": [2.5001817665100097, 3.083135203552246, 2.4083439346313478, 2.772196836090088, 2.4697929290771485, 2.6228654262542723, 2.9440714710235594, 2.6631580066680907, 3.1304589378356935, 2.761479734802246, 2.708048003387451, 3.4720717922210693], "loss": [2.2921519554578342, 2.2827331584233503, 2.280230326530261, 2.276903292307487, 2.2737707595030465, 2.272292884496542, 2.2718129387268653, 2.2695104143558402, 2.268633798146859, 2.2663210936081715, 2.266066313554079, 2.263093877297181], "val_acc": [0.0983, 0.0985, 0.0983, 0.0983, 0.1018, 0.1012, 0.0962, 0.1053, 0.099, 0.0976, 0.1125, 0.0944], "acc": [0.11648637820512821, 0.12232071314102565, 0.12447415865384616, 0.12510016025641027, 0.12893129006410256, 0.12735376602564102, 0.1272285657051282, 0.13010817307692307, 0.13158553685897437, 0.13110977564102563, 0.13013321314102563, 0.13176081730769232]}, "used_budget": 725.7140142917633}