{"used_budget": 694.7867031097412, "augment": true, "configs": {"scale_lower": 0.8098127630866756, "rotation_probability": 0.806188317381832, "pad_upper": 0.28349839163325563, "rotation_lower": -120, "crop_probability": 0.5715248013316491, "pad_probability": 0.629251772851624, "pad_lower": 0.09614652762733789, "rotation_upper": 74, "horizontal_flip": 0.7006525953624781, "scale_probability": 0.8671852523483962, "crop_upper": 0.24061758819369597, "crop_lower": 0.027906229711816832, "vertical_flip": 0.4938902331292563, "scale_upper": 1.4270185909137103}, "train_history": {"val_acc": [0.082, 0.0989, 0.0986, 0.0987, 0.0989, 0.0988, 0.0985, 0.0988, 0.0988, 0.0973, 0.0985, 0.0984], "acc": [0.10206330128205128, 0.10764723557692307, 0.10576923076923077, 0.10639523237179487, 0.11055188301282051, 0.11002604166666667, 0.107421875, 0.10747195512820513, 0.10877403846153846, 0.10784755608974358, 0.11055188301282051, 0.10782251602564102], "val_loss": [2.395749831390381, 2.7630493103027343, 2.9245919704437258, 2.5566448322296145, 3.9017006042480467, 2.9047874656677246, 2.7095428550720215, 4.091340369415283, 3.569266442871094, 2.5578561027526856, 3.787877770233154, 4.200918887710571], "loss": [2.3015714249549766, 2.3006380315010366, 2.298172522813846, 2.2967274769758568, 2.29651789023326, 2.296961698012474, 2.2972882076715813, 2.2958343693843255, 2.296753611320104, 2.295443432453351, 2.2950164713920693, 2.296046492380974]}, "validation_error": 0.9016, "train_accuracy": 0.10782251602564102}