{"configs": {"crop_probability": 0.64037047316653, "horizontal_flip": 0.8367756998039704, "rotation_lower": -157, "scale_upper": 1.235872320824526, "pad_lower": 0.06132304769567887, "pad_probability": 0.4332581410679983, "rotation_probability": 0.585120387997848, "pad_upper": 0.18093507788631916, "vertical_flip": 0.5363795931746668, "crop_upper": 0.16856612015230954, "scale_probability": 0.5129367710844692, "scale_lower": 0.7562969367588085, "crop_lower": 0.0969154385152205, "rotation_upper": 107}, "validation_error": 0.9022, "train_accuracy": 0.11576021634615384, "train_history": {"val_acc": [0.0979, 0.0982, 0.0979, 0.0979, 0.0979, 0.0979, 0.098, 0.0979, 0.0979, 0.098, 0.0978, 0.0978], "acc": [0.10614483173076923, 0.11205428685897435, 0.11831430288461539, 0.11393229166666667, 0.1136318108974359, 0.11413261217948718, 0.11623597756410256, 0.11686197916666667, 0.11838942307692307, 0.11528445512820513, 0.11756310096153846, 0.11576021634615384], "loss": [2.2982424084956827, 2.2949020809087997, 2.2911348151854978, 2.2894400304708724, 2.29153559758113, 2.289229311240025, 2.289306245553188, 2.288978391732925, 2.287308637912457, 2.287731259297102, 2.2856422120179887, 2.287283812577908], "val_loss": [2.893422448730469, 2.509060076904297, 2.4198653121948244, 2.466419664001465, 2.813110150527954, 3.3103050567626955, 2.4285740577697754, 2.596073840713501, 2.8706734004974366, 2.4888392665863037, 2.576548377609253, 2.8750017890930177]}, "augment": true, "used_budget": 753.154581785202}