{"train_history": {"loss": [2.2974688005753054, 2.29294929596094, 2.290026815273823, 2.289543222158383, 2.289004860780178, 2.288931463009272, 2.286735393297978, 2.287329472028292, 2.2863787848215837, 2.2869442059443545, 2.2861209099109354, 2.2858108366147065], "val_acc": [0.1009, 0.1007, 0.1009, 0.1009, 0.1007, 0.1007, 0.1007, 0.1009, 0.1007, 0.1006, 0.101, 0.0994], "val_loss": [2.4636435165405275, 2.491238404083252, 4.633441317749023, 2.7067296203613282, 2.654320497894287, 2.819811394882202, 3.319046240234375, 3.6699571254730223, 3.4393390495300293, 3.821540909194946, 2.7604560302734376, 2.6934116775512695], "acc": [0.10664563301282051, 0.11438301282051282, 0.1139072516025641, 0.11505909455128205, 0.11916566506410256, 0.11463341346153846, 0.11618589743589744, 0.1171875, 0.11483373397435898, 0.11706229967948718, 0.11618589743589744, 0.11653645833333333]}, "configs": {"pad_lower": 0.019744847197867565, "crop_upper": 0.27779015590500866, "scale_probability": 0.2873049516877145, "scale_lower": 0.699762518568785, "pad_upper": 0.21014719275073568, "horizontal_flip": 0.09683415936640316, "scale_upper": 1.1060049960748748, "rotation_upper": 54, "rotation_lower": -3, "rotation_probability": 0.7686760037657285, "pad_probability": 0.4433311913759491, "vertical_flip": 0.6730762741650089, "crop_probability": 0.36881351170109955, "crop_lower": 0.07813563771797148}, "train_accuracy": 0.11653645833333333, "validation_error": 0.9006, "used_budget": 741.8570592403412, "augment": true}