{"used_budget": 753.3973224163055, "augment": true, "train_accuracy": 0.11773838141025642, "train_history": {"val_loss": [2.2997149505615235, 2.3456421977996826, 2.5763845237731933, 2.6944797523498534, 2.991566416168213, 3.793349821472168, 3.0053599212646485, 3.1592296520233156, 3.2107428169250487, 3.7030885704040526, 2.5446827613830565, 2.984152205657959], "acc": [0.11298076923076923, 0.11360677083333333, 0.1162109375, 0.11989182692307693, 0.11929086538461539, 0.11889022435897435, 0.12044270833333333, 0.11668669871794872, 0.11871494391025642, 0.11798878205128205, 0.11959134615384616, 0.11773838141025642], "loss": [2.295339138079912, 2.289178274380855, 2.286607179122093, 2.2838232196294346, 2.2841721903055143, 2.2830845568424616, 2.2822839373197312, 2.281711080135443, 2.282277477093232, 2.280760176670857, 2.279815117518107, 2.281075899417584], "val_acc": [0.0938, 0.1007, 0.1006, 0.1104, 0.1007, 0.1009, 0.1099, 0.095, 0.0981, 0.1103, 0.1043, 0.0963]}, "validation_error": 0.9037, "configs": {"crop_upper": 0.15706866473737055, "scale_probability": 0.6645661832223093, "pad_probability": 0.4933245255486072, "pad_upper": 0.22873988933742884, "scale_upper": 1.0584812891002768, "vertical_flip": 0.8272950758577021, "scale_lower": 0.8752648544343405, "crop_lower": 0.07457966006873654, "rotation_probability": 0.573916742301449, "horizontal_flip": 0.644385655603493, "pad_lower": 0.039124685253363434, "crop_probability": 0.3592086209960855, "rotation_lower": -5, "rotation_upper": 7}}