{"configs": {"horizontal_flip": 0.8366037225256459, "rotation_upper": 7, "pad_probability": 0.47773269759194303, "scale_upper": 1.6508513054158644, "scale_lower": 0.5299298900879224, "crop_upper": 0.17911992773517316, "rotation_probability": 0.1025941048855149, "crop_probability": 0.6717915226016035, "pad_upper": 0.2328402579470922, "scale_probability": 0.883977499950072, "crop_lower": 0.07262365137987269, "vertical_flip": 0.3664080759097038, "rotation_lower": -128, "pad_lower": 0.008480623774529395}, "validation_error": 0.9001, "used_budget": 745.0386388301849, "train_accuracy": 0.11408253205128205, "augment": true, "train_history": {"val_acc": [0.0998, 0.1001, 0.1003, 0.0999, 0.1001, 0.1073, 0.1001, 0.1002, 0.0999, 0.1015, 0.1001, 0.0999], "acc": [0.10589443108974358, 0.10722155448717949, 0.10844851762820513, 0.11067708333333333, 0.10892427884615384, 0.11117788461538461, 0.11012620192307693, 0.11187900641025642, 0.11300580929487179, 0.11232972756410256, 0.11453325320512821, 0.11408253205128205], "loss": [2.298498836847452, 2.2943591475486755, 2.29331651253578, 2.292763207967465, 2.2926333202765536, 2.2919251246330066, 2.2907419074804354, 2.291762554492706, 2.290868483292751, 2.2916970428748007, 2.289577986949529, 2.289298652074276], "val_loss": [2.318681294250488, 3.05767308883667, 2.6374419551849364, 2.4893645851135253, 2.8836150463104246, 2.3264264514923094, 4.1398411460876465, 2.64451877784729, 3.4484708335876464, 3.3501070377349853, 3.563755337524414, 3.184678087615967]}}