{"train_accuracy": 0.11803886217948718, "validation_error": 0.8956, "train_history": {"loss": [2.298649719892404, 2.294069121281306, 2.2904066626842203, 2.2900482897575083, 2.2894476430538373, 2.289708129106424, 2.287201248682462, 2.2873796912340016, 2.2870277571372495, 2.2864425021868486, 2.2856765580482974, 2.2850018518093305], "val_loss": [2.4736567848205566, 2.301654848098755, 3.0131764251708986, 2.6834478702545166, 2.6034069602966308, 2.500700699996948, 3.084930445098877, 2.3593765209198, 2.656790310668945, 2.557697859954834, 2.812910654449463, 2.619623500061035], "acc": [0.10849859775641026, 0.11180388621794872, 0.1119541266025641, 0.11298076923076923, 0.1172626201923077, 0.11360677083333333, 0.11686197916666667, 0.11811398237179487, 0.11793870192307693, 0.11242988782051282, 0.11768830128205128, 0.11803886217948718], "val_acc": [0.1179, 0.1149, 0.1024, 0.1116, 0.0979, 0.1079, 0.1031, 0.111, 0.105, 0.1054, 0.1004, 0.1044]}, "used_budget": 740.056788444519, "augment": true, "configs": {"scale_lower": 0.9647551530361875, "scale_probability": 0.5228998971312793, "scale_upper": 1.7130478586472457, "pad_probability": 0.17488691396202138, "crop_lower": 0.04866462289983042, "crop_upper": 0.12527748159702232, "rotation_lower": -20, "horizontal_flip": 0.8914235861113934, "pad_upper": 0.12436765968515183, "vertical_flip": 0.338192005795531, "pad_lower": 0.06968057916481656, "crop_probability": 0.1454464907738542, "rotation_probability": 0.709324531892521, "rotation_upper": 154}}