{"train_history": {"val_acc": [0.1052, 0.1031, 0.1031, 0.103, 0.103, 0.1032, 0.103, 0.1036, 0.103, 0.103, 0.1035, 0.1047], "acc": [0.1014873798076923, 0.10914963942307693, 0.11295572916666667, 0.10940004006410256, 0.10987580128205128, 0.10912459935897435, 0.11393229166666667, 0.11182892628205128, 0.11338141025641026, 0.11298076923076923, 0.11330629006410256, 0.1107021233974359], "loss": [2.2984473292644205, 2.2935759944793506, 2.294166239408346, 2.290756344031065, 2.291743720953281, 2.2914470243148313, 2.2887102411343503, 2.288031131793291, 2.2900129640713716, 2.289423717138095, 2.288782169421514, 2.288975098958382], "val_loss": [2.3785079223632812, 2.606388259124756, 2.5999357822418214, 2.8873629173278808, 3.0340455406188966, 2.6757222358703614, 2.5153952720642088, 2.5104595016479494, 2.549935803604126, 2.4407388347625734, 2.9424520095825195, 2.4646456016540528]}, "validation_error": 0.8953, "configs": {"rotation_lower": -155, "crop_lower": 0.0031709997890679853, "pad_lower": 0.0634107304320667, "pad_upper": 0.23224775999542965, "scale_probability": 0.9725289379882645, "crop_probability": 0.8714901346097446, "crop_upper": 0.16507886129204452, "pad_probability": 0.42474471709400907, "scale_upper": 1.2357520966645765, "rotation_upper": 98, "rotation_probability": 0.327953617187581, "scale_lower": 0.726504773763155, "vertical_flip": 0.1925130740550064, "horizontal_flip": 0.9940102199607462}, "used_budget": 749.8324580192566, "train_accuracy": 0.1107021233974359, "augment": true}