{"configs": {"crop_lower": 0.09270845302161539, "pad_lower": 0.039291754664267924, "pad_upper": 0.19297597985432752, "scale_lower": 0.7605000863809509, "scale_upper": 1.7075412571161874, "vertical_flip": 0.9184043183418353, "rotation_lower": -126, "scale_probability": 0.315171465842522, "horizontal_flip": 0.6403093155702102, "rotation_probability": 0.04895764732916763, "crop_probability": 0.6337136536141587, "pad_probability": 0.49005177839742675, "rotation_upper": 167, "crop_upper": 0.10448332110926872}, "validation_error": 0.8908, "used_budget": 658.8581852912903, "train_accuracy": 0.1360927483974359, "train_history": {"val_loss": [2.4584823715209962, 2.417254573059082, 2.756969952392578, 3.2157480575561523, 2.524277006530762, 2.8580423103332517, 3.21010767288208, 2.7684398788452147, 3.1186829689025877, 3.1271395736694334, 2.9060508865356445, 3.2615140434265135], "loss": [2.2874828424209204, 2.274424917422808, 2.2707969829058037, 2.266775075441752, 2.2633063953656416, 2.2647362916897507, 2.260911817734058, 2.2647721270720163, 2.261398888551272, 2.257120214975797, 2.257608656699841, 2.2554744955820913], "val_acc": [0.1025, 0.1061, 0.1077, 0.1036, 0.1019, 0.1027, 0.1019, 0.1056, 0.1028, 0.1152, 0.1171, 0.1092], "acc": [0.12024238782051282, 0.12873096955128205, 0.1306590544871795, 0.1313601762820513, 0.1334385016025641, 0.13313802083333334, 0.13386418269230768, 0.13293770032051283, 0.13446514423076922, 0.13834635416666666, 0.1371945112179487, 0.1360927483974359]}, "augment": true}