{"configs": {"crop_lower": 0.09713999681357752, "crop_probability": 0.3371419154893701, "pad_upper": 0.22696709693705783, "pad_probability": 0.6612272833304661, "horizontal_flip": 0.6708532260274837, "rotation_probability": 0.9482221523442702, "scale_lower": 0.8446442832811243, "scale_probability": 0.9082720626628231, "pad_lower": 0.07086976129382008, "rotation_lower": -32, "crop_upper": 0.2525704395775791, "vertical_flip": 0.5217515528208456, "scale_upper": 1.6334611514261872, "rotation_upper": 1}, "train_accuracy": 0.10719651442307693, "validation_error": 0.8955, "train_history": {"val_loss": [2.3095791355133057, 2.4728688991546632, 3.1446278186798096, 2.6259735298156737, 2.9040797290802, 2.5871999198913573, 2.699698410797119, 3.4691108779907225, 3.823000651550293, 2.6408256145477296, 5.033790529632569, 3.523915492248535], "val_acc": [0.1025, 0.0997, 0.1023, 0.1036, 0.098, 0.09, 0.1072, 0.101, 0.1068, 0.0999, 0.0968, 0.1045], "acc": [0.1038661858974359, 0.10717147435897435, 0.1067958733974359, 0.10409154647435898, 0.1044170673076923, 0.10579427083333333, 0.10521834935897435, 0.10627003205128205, 0.10687099358974358, 0.11100260416666667, 0.10394130608974358, 0.10719651442307693], "loss": [2.3008060187865524, 2.298903552385477, 2.2990808884302774, 2.2982525726159415, 2.2972870805324654, 2.29719611008962, 2.2982402581434984, 2.2959275513123245, 2.2962924860990963, 2.2946659380044694, 2.296272390928024, 2.2954056843733177]}, "augment": true, "used_budget": 756.3808810710907}