{"augment": true, "configs": {"crop_upper": 0.1193464838740948, "pad_lower": 0.0739468405123929, "crop_probability": 0.9198006524542448, "rotation_upper": 118, "vertical_flip": 0.006512224316222892, "scale_lower": 0.7885939445302996, "scale_probability": 0.28101661656319876, "rotation_lower": -169, "crop_lower": 0.05189856643531598, "pad_probability": 0.263109432885116, "rotation_probability": 0.3778707528335574, "horizontal_flip": 0.4391803183040497, "scale_upper": 1.4665975059706167, "pad_upper": 0.14546768802033794}, "validation_error": 0.8905, "train_accuracy": 0.1264523237179487, "train_history": {"acc": [0.11550981570512821, 0.12392327724358974, 0.12785456730769232, 0.1258263221153846, 0.12900641025641027, 0.12717848557692307, 0.12830528846153846, 0.12702824519230768, 0.12895633012820512, 0.1291065705128205, 0.12873096955128205, 0.1264523237179487], "val_loss": [2.4021848472595213, 2.4743960437774657, 2.632512084197998, 2.6358913520812988, 2.639332475280762, 2.568337498092651, 2.7841234340667724, 2.5390809925079347, 2.4910748344421387, 2.61508041305542, 2.9525850410461425, 2.58985760307312], "loss": [2.288787910571465, 2.2808846609714704, 2.276083296690232, 2.2762455283067164, 2.2726930303451343, 2.2731582759282527, 2.269619446534377, 2.2715073502980747, 2.27056147196354, 2.2699859203436437, 2.2709527604090862, 2.2700059574383955], "val_acc": [0.0999, 0.0997, 0.1106, 0.1001, 0.103, 0.0997, 0.0985, 0.1054, 0.1149, 0.1002, 0.0996, 0.1095]}, "used_budget": 664.285740852356}