{"train_accuracy": 0.10965044070512821, "train_history": {"val_loss": [2.660945991516113, 2.693461668777466, 3.1704510314941405, 2.748018328857422, 3.270530178833008, 2.938706066894531, 2.8202040748596193, 3.229652320098877, 2.7635738254547118, 3.076264126586914, 3.191839518737793, 3.0379328353881836], "loss": [2.3000222131227837, 2.2971469171536274, 2.2972112068763146, 2.2953284107721768, 2.294794501402439, 2.2945049840670366, 2.2941906589728136, 2.2942186242494826, 2.293197445380382, 2.2926097282996545, 2.2922670581401925, 2.2920923233032227], "acc": [0.10293970352564102, 0.10812299679487179, 0.10809795673076923, 0.10962540064102565, 0.10739683493589744, 0.10932491987179487, 0.10784755608974358, 0.10887419871794872, 0.10822315705128205, 0.10914963942307693, 0.1109775641025641, 0.10965044070512821], "val_acc": [0.1004, 0.1003, 0.1003, 0.1002, 0.1, 0.1, 0.1002, 0.1002, 0.1002, 0.1001, 0.1, 0.1]}, "augment": true, "configs": {"pad_upper": 0.1989628199357213, "pad_lower": 0.07866833946402288, "rotation_upper": 0, "crop_upper": 0.18378576968384291, "crop_lower": 0.0050148150419455535, "vertical_flip": 0.5580745753255716, "scale_probability": 0.7435606267155322, "crop_probability": 0.3480395879609953, "rotation_lower": -76, "scale_upper": 1.6550331785643968, "pad_probability": 0.9594787346138707, "scale_lower": 0.5398557843692227, "horizontal_flip": 0.2576915661402813, "rotation_probability": 0.6982495356932472}, "used_budget": 703.2209203243256, "validation_error": 0.9}