{"train_accuracy": 0.10924979967948718, "configs": {"scale_probability": 0.6498690713344433, "scale_upper": 1.4787208019003666, "pad_upper": 0.20862023284426778, "pad_probability": 0.3285701147849699, "vertical_flip": 0.3465962331917345, "scale_lower": 0.6146875448843228, "rotation_upper": 100, "rotation_probability": 0.8646073252736782, "horizontal_flip": 0.687778678236134, "crop_lower": 0.010189858161542543, "pad_lower": 0.03550331197687292, "crop_upper": 0.2887970500421625, "crop_probability": 0.8856387256896123, "rotation_lower": -5}, "used_budget": 752.6744639873505, "augment": true, "validation_error": 0.9047000000000001, "train_history": {"val_loss": [2.3486993900299074, 2.412817594909668, 2.317320014953613, 2.628425704956055, 2.5518073875427247, 2.6446210899353026, 2.6363231437683106, 2.4325048530578615, 3.490692428588867, 3.435285089111328, 4.608095011138916, 2.866774719619751], "val_acc": [0.0957, 0.0957, 0.0953, 0.0957, 0.0956, 0.0957, 0.0958, 0.0954, 0.0958, 0.0957, 0.0957, 0.0953], "acc": [0.10466746794871795, 0.10909955929487179, 0.10709635416666667, 0.10732171474358974, 0.10727163461538461, 0.10809795673076923, 0.1087489983974359, 0.10629507211538461, 0.10884915865384616, 0.10714643429487179, 0.10965044070512821, 0.10924979967948718], "loss": [2.3013172967311664, 2.299343990973937, 2.299086871055456, 2.297649857325432, 2.296834808129531, 2.295941721934539, 2.29717880487442, 2.296640639121716, 2.2963592402445965, 2.296953022480011, 2.294618535500306, 2.2958360811074576]}}