{"augment": true, "train_accuracy": 0.1141826923076923, "used_budget": 688.9607930183411, "configs": {"pad_probability": 0.9964488114145277, "horizontal_flip": 0.6249283533095866, "crop_upper": 0.17914764338308417, "rotation_upper": 114, "vertical_flip": 0.3796961989566925, "crop_probability": 0.5282113841223971, "pad_lower": 0.007843802342016482, "scale_lower": 0.6033746669692779, "pad_upper": 0.2887842625868806, "rotation_probability": 0.7576575315280664, "rotation_lower": 0, "scale_upper": 1.7846897537791024, "scale_probability": 0.4049596311137733, "crop_lower": 0.05679778522337447}, "validation_error": 0.8976, "train_history": {"val_acc": [0.1044, 0.1024, 0.1025, 0.1022, 0.1024, 0.1024, 0.1031, 0.1027, 0.1024, 0.1024, 0.1024, 0.1024], "val_loss": [2.4381430072784425, 2.4691460742950437, 2.4971483013153075, 2.3540172760009765, 3.336479517364502, 3.533656322860718, 3.015267807769775, 3.0971585510253905, 5.338037442779541, 5.127247543334961, 5.105845864868164, 3.3747100002288817], "acc": [0.10769731570512821, 0.11135316506410256, 0.11150340544871795, 0.11200420673076923, 0.11408253205128205, 0.11313100961538461, 0.10992588141025642, 0.11165364583333333, 0.11120292467948718, 0.10970052083333333, 0.11130308493589744, 0.1141826923076923], "loss": [2.2989089603607473, 2.296546982649045, 2.295326809852551, 2.294077131228569, 2.2922116617361703, 2.2942190773976154, 2.2931011831149077, 2.293261324748015, 2.29226758541205, 2.293096206891231, 2.291715913094007, 2.2917802211565848]}}