{"used_budget": 699.0026819705963, "validation_error": 0.9031, "augment": true, "train_history": {"val_acc": [0.0983, 0.1388, 0.0969, 0.0977, 0.0969, 0.0969, 0.0969, 0.0969, 0.1046, 0.0969, 0.0969, 0.0969], "loss": [2.3011168577732186, 2.2984031721567497, 2.2961739561496635, 2.295126748390687, 2.2944111121006503, 2.293926945863626, 2.2941408447730236, 2.292871723572413, 2.293252707291872, 2.293793634726451, 2.293271546180432, 2.2942768854972644], "acc": [0.10657051282051282, 0.10724659455128205, 0.10947516025641026, 0.11030148237179487, 0.10782251602564102, 0.11032652243589744, 0.10822315705128205, 0.10799779647435898, 0.11067708333333333, 0.10649539262820513, 0.10960036057692307, 0.10907451923076923], "val_loss": [2.2969629333496093, 2.300307450866699, 2.70048853225708, 2.304870811080933, 2.47214115486145, 3.0598135620117186, 3.050064111328125, 2.5128507461547853, 2.312431561279297, 3.189939220428467, 2.6232230430603027, 3.0341576126098633]}, "configs": {"pad_lower": 0.0430360687012077, "crop_probability": 0.31704805782543544, "scale_probability": 0.8922218783801921, "pad_upper": 0.28539833312061036, "crop_lower": 0.03515408403956952, "rotation_probability": 0.8964844406913698, "rotation_lower": -176, "scale_lower": 0.7014289315060094, "crop_upper": 0.13550975003216467, "horizontal_flip": 0.47768786267030283, "vertical_flip": 0.990051201292836, "scale_upper": 1.2249016622830733, "pad_probability": 0.4180389007631322, "rotation_upper": 119}, "train_accuracy": 0.10907451923076923}