{"train_accuracy": 0.12066806891025642, "train_history": {"acc": [0.10827323717948718, 0.11566005608974358, 0.11646133814102565, 0.11686197916666667, 0.11941606570512821, 0.12049278846153846, 0.1165614983974359, 0.12061798878205128, 0.12279647435897435, 0.11926582532051282, 0.1172626201923077, 0.12066806891025642], "val_acc": [0.1033, 0.1016, 0.1016, 0.1015, 0.1015, 0.1015, 0.0987, 0.1008, 0.0992, 0.1004, 0.103, 0.1042], "val_loss": [2.3092818084716797, 2.3620903491973877, 3.3663265579223633, 2.9027284744262696, 3.7484545650482177, 3.725468962097168, 2.4298692993164064, 3.463289917755127, 2.5193402778625487, 2.6482343544006346, 2.5390424968719483, 2.697000818634033], "loss": [2.2969732116430235, 2.2902545073093514, 2.287556537450888, 2.2858334000294027, 2.2825875794276214, 2.282436337226476, 2.2822990860694494, 2.2820013677462554, 2.2818385584232135, 2.2823432248372297, 2.282457541196774, 2.281503759897672]}, "configs": {"scale_upper": 1.5660894467904714, "pad_probability": 0.9561507765253336, "rotation_upper": 113, "rotation_lower": -45, "crop_upper": 0.1351744991193323, "crop_probability": 0.3403909448325896, "rotation_probability": 0.08623910443457605, "crop_lower": 0.07464168148461563, "scale_lower": 0.6069401828425416, "horizontal_flip": 0.07819787604908857, "pad_upper": 0.17125984876785008, "scale_probability": 0.7437413053945191, "vertical_flip": 0.19651228019587397, "pad_lower": 0.048942153865592135}, "augment": true, "used_budget": 675.2862024307251, "validation_error": 0.8958}