{"validation_error": 0.8918, "train_accuracy": 0.13248697916666666, "used_budget": 745.2312951087952, "configs": {"pad_probability": 0.26752968529997434, "scale_probability": 0.18364215244814242, "crop_upper": 0.13009139030555844, "rotation_upper": 1, "scale_lower": 0.5734612126147612, "crop_probability": 0.23498058381390763, "rotation_lower": -6, "rotation_probability": 0.6301438577884311, "vertical_flip": 0.7579232065122209, "horizontal_flip": 0.06832384648706125, "pad_upper": 0.10160091418603219, "pad_lower": 0.07800357113878778, "crop_lower": 0.04357719384451621, "scale_upper": 1.0825320016146303}, "train_history": {"val_acc": [0.106, 0.1027, 0.1041, 0.1035, 0.1101, 0.1079, 0.1055, 0.1069, 0.103, 0.105, 0.1064, 0.1082], "loss": [2.2887282837659884, 2.277409030076785, 2.274554138764357, 2.2704176008701324, 2.267019992455458, 2.267638141528154, 2.2637180296274333, 2.2670008402604322, 2.2625198173217282, 2.261779772929656, 2.259851329601728, 2.259433314586297], "val_loss": [2.415390333557129, 2.499971690750122, 2.4571348869323733, 2.4508052577972412, 2.4941830238342284, 2.568978102874756, 2.8731219146728515, 2.556293102645874, 3.1198702602386477, 2.6437265277862547, 2.514333993148804, 2.449297060394287], "acc": [0.11828926282051282, 0.12284655448717949, 0.12282151442307693, 0.12775440705128205, 0.1293820112179487, 0.12943209134615385, 0.12797976762820512, 0.12835536858974358, 0.1312099358974359, 0.13544170673076922, 0.1341396233974359, 0.13248697916666666]}, "augment": true}