{"train_accuracy": 0.1143329326923077, "used_budget": 738.3846595287323, "configs": {"pad_lower": 0.09892920505816433, "rotation_lower": -125, "scale_upper": 1.8758485806679674, "horizontal_flip": 0.8909275718125759, "pad_upper": 0.19065155359215236, "crop_upper": 0.14539515998398578, "crop_lower": 0.09185032096179535, "pad_probability": 0.3539802808605098, "crop_probability": 0.5501920353705904, "scale_lower": 0.8905451278521537, "scale_probability": 0.8164315465098267, "rotation_probability": 0.1258892947102389, "rotation_upper": 145, "vertical_flip": 0.13979945233414637}, "train_history": {"loss": [2.2989456928693333, 2.2945314920865574, 2.2931489852758555, 2.290069898733726, 2.2901577154795327, 2.288596350413102, 2.2878091770869036, 2.2877784165052266, 2.2871155326183024, 2.2868404946266074, 2.2866377784655643, 2.285939342700518], "val_acc": [0.1065, 0.0988, 0.099, 0.0994, 0.0984, 0.0987, 0.0989, 0.1002, 0.0967, 0.1027, 0.0985, 0.0991], "acc": [0.10606971153846154, 0.11197916666666667, 0.11273036858974358, 0.11403245192307693, 0.11325620993589744, 0.11253004807692307, 0.11273036858974358, 0.11428285256410256, 0.11370693108974358, 0.11681189903846154, 0.11606069711538461, 0.1143329326923077], "val_loss": [2.2974227321624756, 2.3283535804748534, 2.406140342712402, 2.5752525733947755, 2.8154056980133055, 2.6965768051147463, 3.056074914932251, 2.714345529937744, 3.539680609512329, 3.9818834495544433, 3.4748844860076904, 4.140801876068116]}, "validation_error": 0.9009, "augment": true}