{"validation_error": 0.9006, "used_budget": 741.6195964813232, "train_accuracy": 0.12602664262820512, "augment": true, "train_history": {"val_loss": [2.378500461578369, 2.3351690898895265, 2.5163728275299073, 2.733126477050781, 2.4729987018585207, 3.368379862976074, 2.8696613845825194, 2.6373399131774904, 2.4379331108093263, 2.737314211273193, 2.890591397857666, 2.6664825366973877], "acc": [0.1116786858974359, 0.11673677884615384, 0.12001702724358974, 0.12257111378205128, 0.12114383012820513, 0.1255008012820513, 0.12507512019230768, 0.11979166666666667, 0.12322215544871795, 0.12690304487179488, 0.12349759615384616, 0.12602664262820512], "val_acc": [0.0987, 0.0988, 0.0987, 0.0987, 0.099, 0.0987, 0.099, 0.099, 0.0992, 0.0988, 0.0992, 0.0994], "loss": [2.2936883836220474, 2.2877767307636065, 2.28446432413199, 2.2827318478853273, 2.2820462660911756, 2.27787015071282, 2.2777170890416856, 2.2812769298370066, 2.278611183930666, 2.2774027563058414, 2.277085706209525, 2.2772002831483498]}, "configs": {"rotation_probability": 0.4271322921028351, "pad_probability": 0.7893560784969665, "vertical_flip": 0.1991903857166748, "pad_lower": 0.0797609804123588, "horizontal_flip": 0.7615597079584695, "rotation_lower": -94, "crop_lower": 0.09806347960093521, "crop_upper": 0.12622950002586708, "rotation_upper": 39, "crop_probability": 0.6929384731608264, "scale_lower": 0.7038310728784668, "pad_upper": 0.12201120192466404, "scale_upper": 1.5949339414534358, "scale_probability": 0.2404056456340884}}