{"train_accuracy": 0.12252103365384616, "configs": {"scale_probability": 0.6533374406567829, "horizontal_flip": 0.8786762208384857, "pad_probability": 0.0017981844986307838, "rotation_probability": 0.4056110107598505, "pad_upper": 0.18862328561306382, "rotation_upper": 148, "scale_upper": 1.95032047062026, "scale_lower": 0.676705486658316, "crop_upper": 0.10218201246240553, "rotation_lower": -163, "vertical_flip": 0.1761779211388924, "pad_lower": 0.051929079363669306, "crop_lower": 0.005058274285838271, "crop_probability": 0.6178472505400456}, "validation_error": 0.8858, "used_budget": 737.1489584445953, "augment": true, "train_history": {"val_acc": [0.1001, 0.1049, 0.11, 0.1008, 0.1017, 0.1081, 0.1025, 0.1022, 0.1046, 0.1015, 0.1063, 0.1142], "acc": [0.11263020833333333, 0.11343149038461539, 0.11493389423076923, 0.11896534455128205, 0.11954126602564102, 0.1194911858974359, 0.11623597756410256, 0.11894030448717949, 0.1180889423076923, 0.1185146233974359, 0.12124399038461539, 0.12252103365384616], "val_loss": [2.7198578773498534, 2.3943997283935547, 2.3664227603912353, 3.1592188972473143, 2.9329964294433593, 3.171360707473755, 2.7795267501831056, 4.271372145080567, 3.5416507541656492, 2.4976965602874754, 3.264228829193115, 2.6590235321044924], "loss": [2.296544543443582, 2.292058451053424, 2.288188562179223, 2.28685867251494, 2.2849073975514145, 2.2845578759144516, 2.287437154696538, 2.2850217406566324, 2.2839512954919767, 2.2836287166827764, 2.28196803575907, 2.2816829131199765]}}