{"configs": {"scale_probability": 0.811081195618248, "crop_probability": 0.26735227863008904, "pad_upper": 0.1454087529845206, "pad_lower": 0.08068825338338169, "crop_lower": 0.04963291512316801, "pad_probability": 0.15723850049313248, "vertical_flip": 0.5571792724151955, "rotation_upper": 142, "scale_lower": 0.6613502124367335, "crop_upper": 0.21240378229898893, "rotation_lower": -31, "scale_upper": 1.0106328964887972, "rotation_probability": 0.664011163527031, "horizontal_flip": 0.31984650254844527}, "train_history": {"acc": [0.11015124198717949, 0.10892427884615384, 0.11165364583333333, 0.10955028044871795, 0.11217948717948718, 0.1123798076923077, 0.11448317307692307, 0.1146083733974359, 0.11616085737179487, 0.11904046474358974, 0.1181640625, 0.11728766025641026], "val_loss": [2.3404133144378663, 2.8058469913482664, 2.57873433303833, 3.4406095584869383, 2.524959833908081, 2.700209022140503, 2.9589728713989256, 2.505374244308472, 2.6566055278778076, 2.94230633392334, 3.4190269966125486, 2.5440417327880858], "val_acc": [0.103, 0.1015, 0.1015, 0.1015, 0.1015, 0.1016, 0.1015, 0.1014, 0.1015, 0.1015, 0.1015, 0.1015], "loss": [2.2976892926754098, 2.293556061310646, 2.2924965688815484, 2.2921273708343506, 2.2911025010622463, 2.2902476084537997, 2.289452102703926, 2.288698729032125, 2.286654679439007, 2.2867760757605233, 2.2877438305280147, 2.2871995789882464]}, "augment": true, "used_budget": 684.892332315445, "validation_error": 0.8985, "train_accuracy": 0.11728766025641026}