{"train_accuracy": 0.12374799679487179, "augment": true, "used_budget": 736.216459274292, "configs": {"pad_lower": 0.07534648821467232, "pad_probability": 0.5091399805102618, "crop_upper": 0.27702404046358475, "pad_upper": 0.2617695616687641, "scale_probability": 0.24714666024537668, "vertical_flip": 0.09984329768180644, "crop_probability": 0.3838201636697357, "rotation_probability": 0.4393441785255129, "scale_lower": 0.6273770283137357, "crop_lower": 0.06405473623296454, "rotation_upper": 83, "scale_upper": 1.7881248843964335, "rotation_lower": -24, "horizontal_flip": 0.052049871678210624}, "train_history": {"val_acc": [0.0977, 0.0976, 0.0976, 0.0976, 0.0976, 0.0981, 0.0976, 0.0975, 0.1104, 0.1011, 0.0971, 0.1115], "val_loss": [2.3700157836914064, 2.337498062133789, 2.549035354614258, 3.2977105697631837, 3.07913359375, 2.458244178771973, 3.129443337249756, 2.6638176357269288, 2.465633214569092, 2.8534517280578613, 2.929217106628418, 3.404104930114746], "loss": [2.2909282377133002, 2.2871148700897512, 2.283012236540134, 2.2780684056954508, 2.2785497391835237, 2.2765649541830406, 2.2779057843562884, 2.2763949686136002, 2.274775218505126, 2.2732653342760525, 2.2757035463284225, 2.2726691227692823], "acc": [0.1153094951923077, 0.11866486378205128, 0.12001702724358974, 0.12232071314102565, 0.11791366185897435, 0.12677784455128205, 0.1221454326923077, 0.12227063301282051, 0.12474959935897435, 0.12392327724358974, 0.12071814903846154, 0.12374799679487179]}, "validation_error": 0.8885}