{"augment": true, "train_accuracy": 0.13151041666666666, "validation_error": 0.8835, "configs": {"crop_probability": 0.30224595295189527, "rotation_upper": 177, "pad_probability": 0.029892660390587578, "pad_lower": 0.04737010137745554, "rotation_lower": -123, "pad_upper": 0.1671489417527088, "vertical_flip": 0.6716335945127949, "scale_upper": 1.1645479686273124, "horizontal_flip": 0.5003891992325752, "rotation_probability": 0.18285795819790962, "scale_probability": 0.5845234994605591, "crop_lower": 0.06615120997119006, "crop_upper": 0.2318776223486555, "scale_lower": 0.8299318145217676}, "train_history": {"val_loss": [2.4048319499969484, 2.395113558959961, 2.409569371795654, 2.5517106716156004, 2.478895697021484, 2.3699428588867186, 3.269481517791748, 2.4991395317077636, 2.3669775875091554, 2.6262959014892577, 2.4207192707061767, 2.556843394470215], "val_acc": [0.1068, 0.1061, 0.1076, 0.1084, 0.1009, 0.1183, 0.1083, 0.1147, 0.1162, 0.1142, 0.1201, 0.1165], "loss": [2.288528071764188, 2.281347380998807, 2.27857053738374, 2.277923617607508, 2.274346520503362, 2.273457725078632, 2.2721095100427284, 2.270210420474028, 2.267442063643382, 2.270412591787485, 2.2700118391941757, 2.2679869738908915], "acc": [0.12151943108974358, 0.12737880608974358, 0.12665264423076922, 0.12352263621794872, 0.1264773637820513, 0.12602664262820512, 0.13078425480769232, 0.12983273237179488, 0.1310596955128205, 0.12943209134615385, 0.12950721153846154, 0.13151041666666666]}, "used_budget": 736.4960548877716}