{"validation_error": 0.9012, "augment": true, "train_accuracy": 0.11355669070512821, "used_budget": 756.089478969574, "train_history": {"loss": [2.2995462891383047, 2.297722195203488, 2.2964424521495133, 2.2955618584767365, 2.2961563689586444, 2.294288707085145, 2.294332246749829, 2.293379681232648, 2.2940603081996622, 2.2946446599104466, 2.2942120050772643, 2.2942584187556534], "val_acc": [0.0989, 0.0953, 0.1029, 0.098, 0.0976, 0.0988, 0.0988, 0.0968, 0.0965, 0.0949, 0.0986, 0.0988], "val_loss": [2.3736580081939698, 2.553273843383789, 2.3682476104736327, 2.442561837005615, 2.4173877407073974, 3.8922705097198484, 3.2687148849487304, 4.176709689331055, 3.1985781036376952, 2.8344676292419435, 2.7809503242492677, 3.519852241516113], "acc": [0.10584435096153846, 0.10669571314102565, 0.10899939903846154, 0.11202924679487179, 0.10697115384615384, 0.109375, 0.10807291666666667, 0.11095252403846154, 0.11067708333333333, 0.10857371794871795, 0.10952524038461539, 0.11355669070512821]}, "configs": {"scale_probability": 0.19499566958512082, "vertical_flip": 0.4465848882393765, "rotation_lower": -47, "rotation_upper": 75, "crop_probability": 0.9552205370898359, "scale_lower": 0.829097654664315, "pad_lower": 0.010902047248620218, "rotation_probability": 0.8992083734815349, "scale_upper": 1.2703864462614907, "crop_lower": 0.07342722563991402, "horizontal_flip": 0.684011431769004, "crop_upper": 0.2041184524497492, "pad_upper": 0.19752802571999506, "pad_probability": 0.6730983188098473}}