{"validation_error": 0.8988, "train_accuracy": 0.12096854967948718, "used_budget": 669.3524944782257, "augment": true, "configs": {"pad_probability": 0.7887848969476425, "scale_upper": 1.5421306171607663, "rotation_probability": 0.4535638533835009, "pad_lower": 0.008369870452465211, "rotation_upper": 77, "crop_lower": 0.0398642464585828, "vertical_flip": 0.9024617097135545, "scale_probability": 0.5205813434424028, "horizontal_flip": 0.9162943664346579, "crop_upper": 0.2654089915631406, "rotation_lower": -107, "crop_probability": 0.02931210134531781, "pad_upper": 0.1938241260813067, "scale_lower": 0.798188811140136}, "train_history": {"val_loss": [2.3384039554595946, 2.52517767868042, 2.44726799659729, 2.812569303894043, 2.6959687702178954, 2.575924892425537, 2.6496484649658205, 2.400778215789795, 2.589727074432373, 2.875995878982544, 2.7274349296569826, 3.0124845127105715], "loss": [2.2930621787523613, 2.28693067186918, 2.284628513531807, 2.283620854218801, 2.282930679810353, 2.279889180110051, 2.2800529431074095, 2.2830455127434854, 2.2817842914507938, 2.280680463100091, 2.278277853360543, 2.280617247789334], "acc": [0.11227964743589744, 0.11828926282051282, 0.11420773237179487, 0.1178135016025641, 0.1201171875, 0.12141927083333333, 0.11896534455128205, 0.11728766025641026, 0.11773838141025642, 0.1201171875, 0.12204527243589744, 0.12096854967948718], "val_acc": [0.1129, 0.0997, 0.0995, 0.0997, 0.0992, 0.0997, 0.1094, 0.1216, 0.1246, 0.0996, 0.1088, 0.1012]}}