{"train_history": {"val_acc": [0.1065, 0.1012, 0.1028, 0.1018, 0.1017, 0.1117, 0.1174, 0.1184, 0.1043, 0.1327, 0.1116, 0.117], "val_loss": [2.295508221054077, 2.45430678024292, 2.386272967529297, 2.583870708465576, 3.0516304653167725, 2.791425374221802, 2.4467119659423826, 3.106287211608887, 3.0931073993682863, 2.7866097133636476, 2.7390164878845216, 2.892412126159668], "loss": [2.2874826605503378, 2.275231348398404, 2.2700839004455466, 2.2670721732653103, 2.2662942233758097, 2.263914710436112, 2.2645436769876723, 2.2666624058515596, 2.2633098386801205, 2.262891378158178, 2.2588346119110403, 2.258871611112203], "acc": [0.11954126602564102, 0.12497495993589744, 0.13018329326923078, 0.13519130608974358, 0.13283754006410256, 0.13366386217948717, 0.12930689102564102, 0.13271233974358973, 0.13326322115384615, 0.1352664262820513, 0.1358924278846154, 0.13451522435897437]}, "validation_error": 0.883, "augment": true, "configs": {"scale_probability": 0.1350340322267145, "scale_lower": 0.7997999716722146, "vertical_flip": 0.02611738768079619, "crop_upper": 0.17634321652748713, "pad_lower": 0.06306383872779696, "crop_lower": 0.09130652752394164, "crop_probability": 0.6065401345789168, "rotation_probability": 0.18942094222497596, "horizontal_flip": 0.4020675558972131, "pad_probability": 0.7630092014309988, "rotation_upper": 42, "scale_upper": 1.0629638916534656, "rotation_lower": -110, "pad_upper": 0.22307566280276614}, "train_accuracy": 0.13451522435897437, "used_budget": 738.9016938209534}