{"train_accuracy": 0.11766326121794872, "train_history": {"loss": [2.297261920494911, 2.2911279063958387, 2.2892679358140016, 2.2875860134760537, 2.2887323093719973, 2.2861314813296, 2.2854926204070067, 2.2864423203162656, 2.2843999350682282, 2.283880673157863, 2.283534064506873, 2.284166374267676], "acc": [0.10877403846153846, 0.11843950320512821, 0.11833934294871795, 0.11373197115384616, 0.11468349358974358, 0.1210186298076923, 0.1194911858974359, 0.11413261217948718, 0.11846454326923077, 0.11856470352564102, 0.11786358173076923, 0.11766326121794872], "val_acc": [0.1018, 0.1019, 0.1019, 0.1018, 0.1019, 0.1018, 0.1014, 0.0999, 0.1014, 0.0995, 0.1015, 0.1013], "val_loss": [2.326682723236084, 2.7079579826354983, 3.2956190505981446, 2.7594197120666504, 3.4173577030181885, 2.9655465435028074, 3.401368572998047, 2.611125011444092, 2.881008134841919, 2.652416394805908, 3.348489258956909, 2.787270844268799]}, "augment": true, "validation_error": 0.8987, "configs": {"crop_probability": 0.6422609719819737, "vertical_flip": 0.2707669584511304, "scale_upper": 1.7032709147357725, "pad_upper": 0.2696243658061789, "scale_probability": 0.1372969716645377, "pad_probability": 0.45942830429229, "horizontal_flip": 0.427805539690727, "rotation_upper": 173, "crop_upper": 0.14406939825349127, "crop_lower": 0.0676218467173848, "rotation_probability": 0.6933094151393114, "scale_lower": 0.9679573774419876, "pad_lower": 0.0748695984438513, "rotation_lower": -114}, "used_budget": 747.0902547836304}