{"validation_error": 0.9008, "used_budget": 731.5101718902588, "train_history": {"val_acc": [0.0998, 0.099, 0.0989, 0.099, 0.099, 0.0991, 0.0999, 0.099, 0.099, 0.0993, 0.0992, 0.0992], "loss": [2.292301744222641, 2.281360462690011, 2.2780357736807604, 2.278434945986821, 2.2777550915877023, 2.2751063864964705, 2.2739305717822833, 2.2776564367306538, 2.2723624538152647, 2.271745803264471, 2.271696090698242, 2.271226331973687], "val_loss": [2.326423778915405, 2.7198773063659667, 2.9258204708099367, 2.917656308746338, 3.0048856868743896, 2.6467989311218263, 2.7027678371429444, 3.0200310806274415, 3.0137203132629393, 2.8084111991882326, 3.839266675567627, 2.919721106338501], "acc": [0.11310596955128205, 0.12029246794871795, 0.12487479967948718, 0.12419871794871795, 0.12414863782051282, 0.1275791266025641, 0.12354767628205128, 0.12267127403846154, 0.12302183493589744, 0.12224559294871795, 0.12540064102564102, 0.1258263221153846]}, "train_accuracy": 0.1258263221153846, "augment": true, "configs": {"pad_lower": 0.09070509160299166, "scale_probability": 0.21937162566223833, "vertical_flip": 0.9286510823559939, "scale_lower": 0.6547222540081032, "rotation_upper": 125, "pad_upper": 0.267144591645594, "rotation_probability": 0.24430117287618058, "rotation_lower": -165, "pad_probability": 0.7874902322372005, "crop_lower": 0.09405279089575758, "crop_upper": 0.24120642072744683, "horizontal_flip": 0.6373660629936766, "crop_probability": 0.5114677228034508, "scale_upper": 1.7795157742434502}}