{"augment": true, "used_budget": 737.0434656143188, "validation_error": 0.898, "train_history": {"val_loss": [2.3181594566345214, 2.797303772735596, 2.3905663810729982, 2.28930073928833, 2.675330260467529, 3.4900799224853514, 3.007248276901245, 2.4213945808410644, 2.5613651916503906, 2.8404583225250244, 3.0206685371398927, 2.772713945388794], "val_acc": [0.1163, 0.1021, 0.102, 0.1318, 0.1021, 0.1019, 0.1023, 0.1026, 0.1019, 0.1019, 0.1092, 0.102], "acc": [0.11100260416666667, 0.11478365384615384, 0.11608573717948718, 0.1146083733974359, 0.11105268429487179, 0.11355669070512821, 0.10975060096153846, 0.11463341346153846, 0.1171123798076923, 0.11736278044871795, 0.11651141826923077, 0.11608573717948718], "loss": [2.295904923708011, 2.2938051903859162, 2.290805471249116, 2.290382510576493, 2.2904181075401797, 2.2888984863574686, 2.2888713746498794, 2.2855217319268446, 2.2869314146347537, 2.2855941913066764, 2.286023951493777, 2.286323975294064]}, "train_accuracy": 0.11608573717948718, "configs": {"pad_lower": 0.061094909956730975, "rotation_lower": -104, "scale_probability": 0.5219683309496287, "scale_upper": 1.4826173037013333, "crop_lower": 0.0759973892009641, "pad_upper": 0.1691676488114552, "crop_probability": 0.4903637829089246, "vertical_flip": 0.3543983737870866, "rotation_probability": 0.5042714740750043, "horizontal_flip": 0.3380243960306971, "pad_probability": 0.23228491893864778, "crop_upper": 0.2621759314297616, "rotation_upper": 13, "scale_lower": 0.9717327252264457}}