{"train_accuracy": 0.11375701121794872, "used_budget": 742.4695117473602, "configs": {"crop_lower": 0.018897090844283204, "crop_upper": 0.19460137989098875, "pad_probability": 0.30783170322691045, "scale_lower": 0.6648641432511664, "horizontal_flip": 0.9014737645943327, "crop_probability": 0.24170835166967164, "rotation_lower": -51, "scale_probability": 0.8178573350478296, "scale_upper": 1.7613437871448023, "rotation_probability": 0.21622406076581524, "vertical_flip": 0.35611671497636266, "pad_lower": 0.05130532194242088, "rotation_upper": 45, "pad_upper": 0.11734773358099265}, "validation_error": 0.8916, "augment": true, "train_history": {"val_loss": [2.3786919090270997, 2.8627393714904783, 3.7602550727844237, 2.6979359535217284, 3.052744917678833, 2.7472193954467774, 2.927345309448242, 3.1113991710662843, 3.8324198554992677, 3.3715067630767823, 2.8869566665649415, 2.460347310638428], "val_acc": [0.0999, 0.1003, 0.1007, 0.1003, 0.1002, 0.0986, 0.0999, 0.0993, 0.0991, 0.1006, 0.1105, 0.1084], "loss": [2.297209072571534, 2.2931365019235854, 2.2906804298743224, 2.29109865350601, 2.2873438749557886, 2.2880602188599415, 2.287383409646841, 2.2869880153582645, 2.285230835278829, 2.2860995722122683, 2.2849031755557427, 2.286001992531312], "acc": [0.10782251602564102, 0.11127804487179487, 0.11300580929487179, 0.11275540865384616, 0.11661157852564102, 0.11593549679487179, 0.11548477564102565, 0.11348157051282051, 0.11843950320512821, 0.11435797275641026, 0.11996694711538461, 0.11375701121794872]}}