{"used_budget": 669.065672159195, "train_history": {"val_acc": [0.0996, 0.0997, 0.0993, 0.1003, 0.0996, 0.0996, 0.0999, 0.0996, 0.1035, 0.1004, 0.1003, 0.103], "loss": [2.294216352395522, 2.2875382877313175, 2.282739967871935, 2.2833773707732177, 2.2815958230923385, 2.2800617890480237, 2.2776728631594243, 2.2792640794546175, 2.2785210013389587, 2.2766316693562727, 2.279201123958979, 2.276454660372856], "val_loss": [2.3523734375, 2.507459617614746, 2.544061248779297, 2.657457043838501, 2.3453672035217283, 3.0557357406616212, 2.5599575004577635, 2.644231812286377, 2.316440534210205, 2.7919969276428223, 2.3792267204284667, 2.4525636569976808], "acc": [0.1103515625, 0.11811398237179487, 0.12146935096153846, 0.12169471153846154, 0.12146935096153846, 0.12212039262820513, 0.1229717548076923, 0.12287159455128205, 0.12354767628205128, 0.12479967948717949, 0.123046875, 0.12106870993589744]}, "augment": true, "configs": {"pad_lower": 0.02695795226646295, "rotation_lower": -180, "crop_lower": 0.006931324376786119, "rotation_upper": 110, "vertical_flip": 0.7476520020037529, "rotation_probability": 0.7423224246218251, "horizontal_flip": 0.748301078840794, "scale_probability": 0.0036881477127708173, "scale_upper": 1.1992822122743474, "crop_upper": 0.10246834070430988, "scale_lower": 0.8740769140171072, "pad_upper": 0.11436629825525442, "pad_probability": 0.4500625669133985, "crop_probability": 0.42885707026452635}, "train_accuracy": 0.12106870993589744, "validation_error": 0.897}