{"train_history": {"loss": [2.3004757089492602, 2.2984385650891523, 2.297130089539748, 2.297579052356573, 2.296287862154154, 2.295949881657576, 2.29502678834475, 2.2956099586609082, 2.295244968854464, 2.295097148571259, 2.293834074185445, 2.2954807931031938], "acc": [0.10391626602564102, 0.10634515224358974, 0.10687099358974358, 0.10922475961538461, 0.10714643429487179, 0.10752203525641026, 0.10934995993589744, 0.10894931891025642, 0.11037660256410256, 0.11055188301282051, 0.10864883814102565, 0.11002604166666667], "val_acc": [0.1517, 0.1007, 0.0975, 0.1069, 0.1017, 0.1159, 0.1009, 0.1015, 0.1048, 0.1007, 0.1009, 0.1008], "val_loss": [2.287131641769409, 2.305474633026123, 2.312186618804932, 2.3038833171844484, 2.303264771270752, 2.2968165504455564, 2.480711240386963, 3.091599652862549, 2.346994118499756, 2.5014710594177245, 4.132324670410156, 2.773002237701416]}, "validation_error": 0.8992, "augment": true, "configs": {"vertical_flip": 0.9339494320418916, "pad_upper": 0.2774012172511149, "scale_probability": 0.42304940874214036, "pad_probability": 0.8112135813507584, "crop_upper": 0.19930951642033187, "rotation_upper": 116, "horizontal_flip": 0.6193751139452136, "rotation_lower": -153, "scale_upper": 1.9258241461203747, "rotation_probability": 0.9187205679457793, "pad_lower": 0.028837851834878938, "scale_lower": 0.5751528617335864, "crop_lower": 0.08750827099699965, "crop_probability": 0.7032367763004106}, "train_accuracy": 0.11002604166666667, "used_budget": 760.7590298652649}