{"configs": {"rotation_probability": 0.19533555409134384, "horizontal_flip": 0.8890099071143057, "scale_upper": 1.4538283151485785, "crop_lower": 0.011657533175349089, "pad_upper": 0.1544453683169668, "pad_probability": 0.3177401890390017, "scale_probability": 0.32175697830730665, "vertical_flip": 0.616617415358179, "rotation_lower": -146, "crop_upper": 0.10380384805677288, "pad_lower": 0.01858163457467529, "crop_probability": 0.5474682908192906, "rotation_upper": 107, "scale_lower": 0.9673516285082843}, "validation_error": 0.9004, "train_history": {"val_acc": [0.1, 0.0989, 0.0998, 0.0996, 0.1001, 0.0966, 0.1186, 0.1074, 0.1113, 0.0989, 0.1027, 0.0996], "val_loss": [2.6433121856689454, 2.445765432357788, 2.5083295051574708, 2.4611550285339354, 2.71031427154541, 2.5435881439208985, 2.4279163146972658, 3.260128718185425, 2.5198996284484863, 2.999904175186157, 2.5341864501953126, 2.550864274978638], "loss": [2.2894510550376697, 2.2782614735456614, 2.273756727958337, 2.2721194357444077, 2.2645728572821007, 2.2676728681111946, 2.2642246996745086, 2.263606290786694, 2.2641027638545403, 2.261637330819399, 2.2609475606527085, 2.2593514376725907], "acc": [0.11951622596153846, 0.12572616185897437, 0.1296824919871795, 0.12640224358974358, 0.13153545673076922, 0.13336338141025642, 0.13123497596153846, 0.13356370192307693, 0.13444010416666666, 0.1350410657051282, 0.13401442307692307, 0.13857171474358973]}, "train_accuracy": 0.13857171474358973, "used_budget": 738.0228540897369, "augment": true}