{"train_accuracy": 0.1264773637820513, "train_history": {"acc": [0.11528445512820513, 0.12166967147435898, 0.12029246794871795, 0.12044270833333333, 0.12387319711538461, 0.1239483173076923, 0.12392327724358974, 0.12114383012820513, 0.1266776842948718, 0.12512520032051283, 0.1275791266025641, 0.1264773637820513], "val_acc": [0.1336, 0.097, 0.1128, 0.0986, 0.0985, 0.0974, 0.1031, 0.097, 0.0996, 0.0991, 0.0988, 0.1122], "loss": [2.289394151705962, 2.2817725921288514, 2.280704214786872, 2.279529083233613, 2.2771787582299647, 2.2739520279260783, 2.273528355054366, 2.276067364674348, 2.2727726896603904, 2.2725221659892645, 2.2728762275133376, 2.271234521499047], "val_loss": [2.332472289276123, 2.435220550918579, 2.2858858375549316, 2.3149519851684572, 2.482889392089844, 2.7016734760284424, 2.4649577667236326, 2.7590010486602785, 2.7659126907348632, 2.829475382232666, 2.776671322631836, 2.4458124977111817]}, "augment": true, "validation_error": 0.8878, "configs": {"horizontal_flip": 0.46716925676625354, "vertical_flip": 0.9558553254790111, "crop_lower": 0.05041423587709359, "scale_probability": 0.3099212887994772, "pad_lower": 0.048638160570682876, "rotation_upper": 86, "crop_probability": 0.797738262286824, "pad_probability": 0.2105928512909221, "rotation_probability": 0.49026861491274465, "crop_upper": 0.108176462940701, "scale_lower": 0.8332828343111989, "pad_upper": 0.1404793078048247, "rotation_lower": -172, "scale_upper": 1.0341543877494752}, "used_budget": 742.4785990715027}