{"augment": true, "train_accuracy": 0.13248697916666666, "configs": {"rotation_probability": 0.38342167018176976, "scale_probability": 0.0963087660630082, "pad_upper": 0.16045534119203794, "rotation_lower": -131, "crop_lower": 0.04058842511089727, "scale_upper": 1.4066416095306238, "pad_probability": 0.10369944023439326, "rotation_upper": 105, "scale_lower": 0.8737232200784251, "vertical_flip": 0.789343862698478, "crop_probability": 0.6793087236502098, "pad_lower": 0.05618871770000962, "crop_upper": 0.28023699072223124, "horizontal_flip": 0.22498350269427136}, "used_budget": 720.3150010108948, "validation_error": 0.8889, "train_history": {"val_loss": [2.301840741729736, 2.378722102737427, 2.335035775756836, 2.478723380279541, 2.3294407836914064, 2.601608380126953, 2.5689178176879883, 2.5579216064453125, 2.538487214279175, 2.5186340007781984, 2.492353199005127, 2.7145794719696044], "acc": [0.11966646634615384, 0.12858072916666666, 0.12382311698717949, 0.1280799278846154, 0.12990785256410256, 0.13118489583333334, 0.1313601762820513, 0.13131009615384615, 0.1321864983974359, 0.13479066506410256, 0.13631810897435898, 0.13248697916666666], "val_acc": [0.1533, 0.1055, 0.1321, 0.1123, 0.1145, 0.1081, 0.1127, 0.1078, 0.1128, 0.1113, 0.1312, 0.1111], "loss": [2.2901475100945206, 2.28162794923171, 2.278160876188523, 2.276974373138868, 2.27741721425301, 2.2734937568505607, 2.2711244974380884, 2.274145866051698, 2.2715971210064034, 2.266918563689941, 2.268963192517941, 2.268858330372052]}}