{"augment": true, "validation_error": 0.9009, "train_history": {"acc": [0.1109775641025641, 0.11653645833333333, 0.11783854166666667, 0.11756310096153846, 0.1180889423076923, 0.11746294070512821, 0.11791366185897435, 0.11941606570512821, 0.11991686698717949, 0.1187900641025641, 0.11786358173076923, 0.11954126602564102], "val_loss": [2.378555587005615, 2.4003799617767334, 2.8628219245910644, 2.4153830947875976, 3.0380132831573485, 2.4800313037872312, 2.5556226936340334, 2.7309998142242433, 2.5829696308135985, 3.2131064193725587, 2.536633237075806, 2.820687688446045], "loss": [2.2936117626153507, 2.2878500612882466, 2.285793600174097, 2.284080520654336, 2.282491696950717, 2.2813233396945853, 2.281954289246828, 2.2827718670551596, 2.2804827094078064, 2.277539978424708, 2.2796781689692764, 2.2789711371446266], "val_acc": [0.1053, 0.1064, 0.1053, 0.1098, 0.1052, 0.1042, 0.1026, 0.1039, 0.1074, 0.1032, 0.1017, 0.0991]}, "train_accuracy": 0.11954126602564102, "configs": {"crop_upper": 0.209097889155758, "crop_lower": 0.04046254914899512, "scale_probability": 0.8491686344939018, "pad_upper": 0.12855206475468167, "pad_probability": 0.19006295736983092, "scale_upper": 1.0288095331488125, "vertical_flip": 0.12482485203970106, "horizontal_flip": 0.31245548118351285, "crop_probability": 0.46357454842196666, "scale_lower": 0.8173561988782461, "rotation_upper": 136, "rotation_lower": -154, "rotation_probability": 0.23258713064249348, "pad_lower": 0.06554013906241854}, "used_budget": 744.6234438419342}