{"configs": {"scale_upper": 1.944887363300671, "crop_upper": 0.17432280091742028, "rotation_upper": 155, "vertical_flip": 0.06529647796667093, "scale_probability": 0.1416462433589447, "rotation_probability": 0.5247664970806843, "pad_lower": 0.037315910018824186, "rotation_lower": -112, "pad_probability": 0.018116522827495207, "crop_lower": 0.058125093681956876, "pad_upper": 0.25904481097517174, "scale_lower": 0.6099542073396211, "horizontal_flip": 0.853774901723835, "crop_probability": 0.12070932949035207}, "validation_error": 0.8889, "augment": true, "used_budget": 729.6808407306671, "train_history": {"val_acc": [0.1079, 0.1058, 0.1051, 0.1051, 0.1069, 0.1054, 0.1051, 0.1061, 0.1157, 0.1137, 0.1115, 0.1111], "loss": [2.2825133747015243, 2.2723899353773165, 2.265318846091246, 2.259181818136802, 2.259248675444187, 2.25210833014586, 2.2527603193735466, 2.250124210730577, 2.2445946840139537, 2.2404361558266177, 2.2365151070631466, 2.236222646939449], "val_loss": [2.320363008117676, 2.3610070728302004, 3.28626516418457, 2.6164844539642336, 2.6503633739471435, 3.132604040527344, 3.987904891586304, 3.802530520248413, 2.8312909057617186, 2.5363537868499755, 2.736133027648926, 3.4986231269836425], "acc": [0.1240985576923077, 0.12885616987179488, 0.13126001602564102, 0.13423978365384615, 0.13226161858974358, 0.1383213141025641, 0.1379707532051282, 0.14032451923076922, 0.14152644230769232, 0.14250300480769232, 0.14393028846153846, 0.14548277243589744]}, "train_accuracy": 0.14548277243589744}