{"validation_error": 0.9003, "used_budget": 689.5312120914459, "augment": true, "train_history": {"val_acc": [0.1089, 0.0998, 0.1, 0.1099, 0.101, 0.0997, 0.1008, 0.1039, 0.0997, 0.1035, 0.0996, 0.0997], "loss": [2.2987670638622384, 2.2947917045691075, 2.293091980310587, 2.291025685958373, 2.29137869599538, 2.2902457928046203, 2.2906829240994577, 2.2901496291160583, 2.289832293987274, 2.288125149714641, 2.2881813439039083, 2.289504647254944], "val_loss": [2.32830652923584, 2.3512390815734863, 2.355100936126709, 2.2994384273529054, 2.297426256942749, 4.107486470794678, 2.3327908710479734, 2.2919341506958006, 2.6981824283599853, 2.558064401626587, 3.508794007873535, 3.8389317977905275], "acc": [0.10544370993589744, 0.11190404647435898, 0.11072716346153846, 0.11568509615384616, 0.10917467948717949, 0.11495893429487179, 0.11263020833333333, 0.11295572916666667, 0.11020132211538461, 0.11741286057692307, 0.11508413461538461, 0.11420773237179487]}, "configs": {"horizontal_flip": 0.789257274684228, "rotation_upper": 40, "vertical_flip": 0.5130036810586069, "crop_upper": 0.13521249125917262, "pad_lower": 0.027356769927690608, "pad_upper": 0.10900513963958341, "rotation_probability": 0.9411037471495565, "rotation_lower": -112, "scale_lower": 0.7102766394401374, "crop_probability": 0.018833328354352474, "crop_lower": 0.039331973077110116, "scale_upper": 1.780729131889107, "scale_probability": 0.2814678573993036, "pad_probability": 0.6933478298544591}, "train_accuracy": 0.11420773237179487}