{"train_accuracy": 0.12104366987179487, "used_budget": 741.7259037494659, "train_history": {"loss": [2.298104905929321, 2.292978450273856, 2.288492663548543, 2.2890187425491137, 2.2843608344212556, 2.2847686295325937, 2.2847227033896322, 2.2840908605318804, 2.28252512216568, 2.281769640934773, 2.283010641733805, 2.2807313983257], "val_acc": [0.1094, 0.0983, 0.098, 0.098, 0.098, 0.0981, 0.0985, 0.0982, 0.0982, 0.098, 0.1016, 0.1012], "val_loss": [2.4127356605529786, 2.3902504192352296, 2.5359368850708006, 3.4037940551757813, 3.415694981765747, 2.639330651855469, 2.367258793640137, 2.4144175788879396, 2.4304706661224365, 2.6930912223815917, 2.6086534965515136, 2.5013335227966307], "acc": [0.10564403044871795, 0.11566005608974358, 0.11508413461538461, 0.11889022435897435, 0.11989182692307693, 0.11671173878205128, 0.12059294871794872, 0.1190655048076923, 0.12006710737179487, 0.12146935096153846, 0.11806390224358974, 0.12104366987179487]}, "augment": true, "validation_error": 0.8988, "configs": {"pad_probability": 0.1869124049234906, "crop_probability": 0.10680761946993012, "pad_upper": 0.1850884512567944, "scale_probability": 0.3569028676033674, "scale_lower": 0.643215539651403, "crop_upper": 0.22730274920095875, "scale_upper": 1.2436326651280547, "rotation_upper": 139, "crop_lower": 0.05863128619598319, "pad_lower": 0.09745761666560826, "horizontal_flip": 0.6653701330580183, "rotation_lower": -39, "rotation_probability": 0.7479627793034672, "vertical_flip": 0.45822041625999277}}