{"validation_error": 0.8989, "train_history": {"val_acc": [0.101, 0.1012, 0.1185, 0.1022, 0.1011, 0.101, 0.1014, 0.1019, 0.1051, 0.1011, 0.1034, 0.1011], "val_loss": [2.3141709629058838, 2.3629578804016114, 2.3571609474182127, 2.5005158504486085, 3.0261876289367677, 2.6950227951049803, 2.7690238479614258, 2.4741814960479735, 2.6307235855102538, 2.519944931793213, 2.472263042831421, 2.791410424041748], "loss": [2.2905317758902526, 2.281002966257242, 2.2764619986216226, 2.273140985232133, 2.271107466557087, 2.270251316137803, 2.2696505884329476, 2.268199439996328, 2.2671647048913517, 2.268893070710011, 2.267436465391746, 2.266442910983012], "acc": [0.11465845352564102, 0.12434895833333333, 0.12302183493589744, 0.12472455929487179, 0.12830528846153846, 0.12600160256410256, 0.1280799278846154, 0.1310096153846154, 0.13291266025641027, 0.130859375, 0.12860576923076922, 0.13206129807692307]}, "used_budget": 746.7948884963989, "configs": {"rotation_probability": 0.24708906590513124, "scale_upper": 1.4565590228434329, "crop_probability": 0.29773750077669636, "crop_upper": 0.24844925356924244, "scale_lower": 0.8492636743486894, "rotation_upper": 172, "pad_lower": 0.008365755443179157, "crop_lower": 0.09021981519285954, "scale_probability": 0.2890104557004689, "vertical_flip": 0.7075943224916548, "pad_upper": 0.23570510480161697, "pad_probability": 0.4660115028529852, "rotation_lower": -59, "horizontal_flip": 0.7691235494034654}, "augment": true, "train_accuracy": 0.13206129807692307}