{"configs": {"pad_probability": 0.44510000999091737, "vertical_flip": 0.08139352898216867, "crop_probability": 0.6356908405148829, "scale_upper": 1.0886512698139792, "rotation_probability": 0.4979888528426639, "scale_probability": 0.21952530581922947, "horizontal_flip": 0.9320012116275811, "pad_upper": 0.20283286599016864, "scale_lower": 0.8756831942310987, "crop_lower": 0.020393527259504596, "rotation_upper": 168, "pad_lower": 0.0015957529711880915, "crop_upper": 0.15401827279164104, "rotation_lower": -130}, "train_accuracy": 0.12234575320512821, "augment": true, "validation_error": 0.8974, "train_history": {"loss": [2.29126816147413, 2.283502844663767, 2.281954139471054, 2.2811020009028606, 2.2801619263795705, 2.278171737224628, 2.276428376252835, 2.2753710723840275, 2.2759113754981604, 2.2742279852047944, 2.272601068784029, 2.274337332218121], "val_acc": [0.0976, 0.0999, 0.0997, 0.1008, 0.0999, 0.1001, 0.0998, 0.1011, 0.0998, 0.0996, 0.0996, 0.1026], "val_loss": [2.454829573059082, 3.5229667846679686, 3.115359590148926, 2.8238599166870118, 2.9488443046569826, 2.4054484268188476, 2.7694918434143068, 3.1195828002929686, 2.5441732368469236, 3.1429999740600585, 3.0684983688354492, 2.606319610595703], "acc": [0.11403245192307693, 0.11969150641025642, 0.12089342948717949, 0.11904046474358974, 0.12049278846153846, 0.12009214743589744, 0.12432391826923077, 0.1255008012820513, 0.12407351762820513, 0.12379807692307693, 0.12131911057692307, 0.12234575320512821]}, "used_budget": 744.2836048603058}