{"train_history": {"val_loss": [2.324005857849121, 2.6469003547668457, 2.510453676605225, 3.114441128921509, 2.746169147109985, 2.8696482261657716, 2.5223990753173826, 2.4244955017089844, 2.368280020523071, 2.758278150939941, 2.946713102340698, 3.364257694244385], "loss": [2.2944954328047924, 2.2880698144435883, 2.285446436741413, 2.28453546609634, 2.2851494497213607, 2.2810240250367384, 2.2817598971036763, 2.283443739016851, 2.2829557412709947, 2.280015617609024, 2.2819715654238677, 2.2792019087534685], "val_acc": [0.0977, 0.0955, 0.0958, 0.096, 0.0959, 0.0994, 0.096, 0.0963, 0.0961, 0.0963, 0.0961, 0.0963], "acc": [0.1087489983974359, 0.11593549679487179, 0.12141927083333333, 0.11766326121794872, 0.11979166666666667, 0.12136919070512821, 0.12317207532051282, 0.11956630608974358, 0.11936598557692307, 0.12099358974358974, 0.12089342948717949, 0.12627704326923078]}, "augment": true, "configs": {"vertical_flip": 0.8470897381335191, "crop_probability": 0.8107118583714769, "rotation_upper": 119, "scale_probability": 0.43528725755669484, "scale_lower": 0.7215454785272752, "rotation_lower": -54, "pad_upper": 0.2628525178701955, "scale_upper": 1.2742758151037772, "crop_lower": 0.03576734899685883, "pad_probability": 0.41185148806728766, "pad_lower": 0.01916916770374401, "crop_upper": 0.2672503972599424, "rotation_probability": 0.2722102709266153, "horizontal_flip": 0.8827946863013384}, "train_accuracy": 0.12627704326923078, "validation_error": 0.9037, "used_budget": 737.775358915329}