{"configs": {"scale_lower": 0.6580012491518065, "crop_probability": 0.3299432369500789, "horizontal_flip": 0.1679212218528049, "crop_upper": 0.1201606713374474, "pad_upper": 0.2460254057596614, "pad_probability": 0.8415325516335987, "rotation_probability": 0.4020582408880058, "scale_probability": 0.7184791903997532, "crop_lower": 0.042090954157570776, "pad_lower": 0.09773170779986895, "rotation_upper": 141, "rotation_lower": -49, "vertical_flip": 0.6373379262626673, "scale_upper": 1.685328144169005}, "validation_error": 0.8911, "used_budget": 680.1942563056946, "train_history": {"loss": [2.2976115307746787, 2.2933854995629726, 2.291662382773864, 2.290440118465668, 2.2902872875714912, 2.2894304593404136, 2.2883763840565314, 2.2868707883052335, 2.289173035285412, 2.2876488665739694, 2.2881639019036903, 2.2867806316950383], "val_loss": [2.3820262634277345, 2.4175062519073487, 2.650201033782959, 2.702567839050293, 2.9378998371124267, 2.52883034362793, 2.6888547248840333, 3.1904643894195557, 3.076282766723633, 3.3855774978637694, 3.711459827423096, 3.0840281799316407], "val_acc": [0.0977, 0.1356, 0.0994, 0.101, 0.0994, 0.0994, 0.1022, 0.1096, 0.1038, 0.0983, 0.0992, 0.1089], "acc": [0.11107772435897435, 0.11087740384615384, 0.11528445512820513, 0.11631109775641026, 0.11528445512820513, 0.11861478365384616, 0.11618589743589744, 0.11931590544871795, 0.1132061298076923, 0.11818910256410256, 0.11648637820512821, 0.11468349358974358]}, "augment": true, "train_accuracy": 0.11468349358974358}