{"validation_error": 0.8981, "augment": true, "train_accuracy": 0.11964142628205128, "used_budget": 672.7311978340149, "configs": {"scale_upper": 1.6436380729852988, "scale_lower": 0.9439378523682483, "pad_probability": 0.7568542101966721, "crop_probability": 0.3801044767971927, "vertical_flip": 0.5142153291788966, "rotation_upper": 167, "crop_upper": 0.1370497225140676, "horizontal_flip": 0.6638718039930752, "rotation_probability": 0.4801518780948366, "pad_lower": 0.006591904603132637, "pad_upper": 0.2248750346855016, "rotation_lower": -71, "crop_lower": 0.03318134654616916, "scale_probability": 0.3479388450289346}, "train_history": {"loss": [2.2959025502204895, 2.291697229330356, 2.2871807592037396, 2.2860575440602426, 2.284152607123057, 2.2831452313141947, 2.2807550040575175, 2.282189530439866, 2.2848522708966184, 2.2829468731696787, 2.2810043769005017, 2.27913152330961], "val_acc": [0.1022, 0.1022, 0.1022, 0.1022, 0.1021, 0.1012, 0.0991, 0.1022, 0.1022, 0.1024, 0.1022, 0.1019], "acc": [0.11180388621794872, 0.11350661057692307, 0.1207431891025641, 0.11901542467948718, 0.11741286057692307, 0.11648637820512821, 0.12056790865384616, 0.12021734775641026, 0.11994190705128205, 0.1194911858974359, 0.11863982371794872, 0.11964142628205128], "val_loss": [2.4129804344177246, 2.446690295791626, 4.402957241821289, 2.850801324081421, 4.052678597640991, 2.508996435546875, 2.678401290130615, 3.6368433910369875, 3.0039026176452635, 2.771564443206787, 4.030982376098633, 3.4681278579711914]}}