{"train_history": {"loss": [2.3005362917215395, 2.3001204836062894, 2.298185121554595, 2.299049300261033, 2.298359669171847, 2.297357452221406, 2.295926814660048, 2.296674852951979, 2.2963283291229835, 2.296695201060711, 2.296864446157064, 2.295343590852542], "acc": [0.10281450320512821, 0.10314002403846154, 0.1065204326923077, 0.10329026442307693, 0.10664563301282051, 0.10424178685897435, 0.1090244391025641, 0.10521834935897435, 0.10499298878205128, 0.10704627403846154, 0.10627003205128205, 0.10616987179487179], "val_acc": [0.0945, 0.102, 0.0944, 0.0968, 0.0906, 0.1023, 0.0879, 0.1087, 0.0949, 0.1009, 0.0995, 0.1009], "val_loss": [2.383347989654541, 2.377637644958496, 2.63906536026001, 2.2957207691192627, 2.346387933349609, 2.3246593437194822, 3.1279052490234376, 2.584020162963867, 2.411420291900635, 2.721836967086792, 2.435176042556763, 5.698055647277832]}, "train_accuracy": 0.10616987179487179, "configs": {"horizontal_flip": 0.6002127871644858, "pad_lower": 0.04996678795984453, "rotation_upper": 34, "rotation_lower": -22, "scale_lower": 0.7326705982518404, "pad_probability": 0.3282671535907177, "rotation_probability": 0.8112928235045929, "scale_upper": 1.9881229865401628, "crop_upper": 0.18924714748675525, "crop_lower": 0.05375731785723636, "crop_probability": 0.8368145186974572, "scale_probability": 0.878144826545543, "vertical_flip": 0.18111487257162928, "pad_upper": 0.14434434073078456}, "validation_error": 0.8991, "used_budget": 776.5832948684692, "augment": true}