{"configs": {"crop_lower": 0.07548163129663336, "crop_upper": 0.21807907145958494, "rotation_probability": 0.7892016728609691, "pad_upper": 0.24323371593600088, "pad_probability": 0.7012424215754264, "horizontal_flip": 0.5749164464075665, "scale_lower": 0.7310802335516731, "vertical_flip": 0.8583797829799209, "rotation_lower": -120, "rotation_upper": 83, "pad_lower": 0.01360049312881575, "scale_upper": 1.0885739899228097, "crop_probability": 0.13006857399073724, "scale_probability": 0.3851949827368244}, "validation_error": 0.8848, "train_accuracy": 0.11866486378205128, "augment": true, "used_budget": 747.5802977085114, "train_history": {"acc": [0.10772235576923077, 0.11207932692307693, 0.11065204326923077, 0.1139072516025641, 0.11485877403846154, 0.11300580929487179, 0.11383213141025642, 0.11388221153846154, 0.11956630608974358, 0.11721254006410256, 0.1141826923076923, 0.11866486378205128], "val_loss": [2.5137484020233156, 2.858293113327026, 2.4796650924682617, 2.438431761932373, 2.6840049041748046, 3.154746136474609, 3.0249614547729493, 2.938044958114624, 2.4790779159545897, 3.4602697998046876, 4.008495937347412, 3.1217664222717287], "val_acc": [0.1022, 0.1022, 0.1023, 0.1052, 0.1024, 0.1024, 0.0996, 0.1026, 0.105, 0.1124, 0.1075, 0.1152], "loss": [2.296419145205082, 2.2915192055396543, 2.292941600848467, 2.2886220744022956, 2.2912071339595013, 2.288490117360384, 2.2869933530306206, 2.286849848735027, 2.2865082124869027, 2.285739759604136, 2.2871051247303305, 2.2855450694377604]}}