{"train_history": {"loss": [2.2985884906389775, 2.2954699649260593, 2.2938268849482903, 2.2941340536643295, 2.295332622833741, 2.2939052879810333, 2.2914983286307407, 2.2926444502977223, 2.291306585837633, 2.2914702670696454, 2.290757932724097, 2.2925317050554814], "val_loss": [2.3306000350952147, 2.484760450744629, 2.512759461212158, 2.3936628475189208, 3.117657548904419, 2.706871322631836, 2.4056124744415284, 2.422667039871216, 2.702037483215332, 2.6318052562713623, 2.6722501274108885, 2.4704678062438963], "acc": [0.1083233173076923, 0.10960036057692307, 0.11020132211538461, 0.11295572916666667, 0.10897435897435898, 0.10992588141025642, 0.11130308493589744, 0.10917467948717949, 0.11232972756410256, 0.11255508814102565, 0.1122295673076923, 0.1116786858974359], "val_acc": [0.1002, 0.1007, 0.1, 0.1001, 0.1001, 0.1001, 0.1002, 0.1006, 0.1001, 0.1001, 0.1001, 0.1001]}, "validation_error": 0.8999, "used_budget": 677.6276366710663, "augment": true, "configs": {"pad_lower": 0.06908218520522363, "scale_upper": 1.268398427718485, "scale_lower": 0.5131724474128163, "crop_probability": 0.41228264593063646, "scale_probability": 0.17750555292553605, "rotation_probability": 0.9588922108180856, "horizontal_flip": 0.616169588311452, "crop_upper": 0.23390617450533674, "pad_probability": 0.8364352197269755, "vertical_flip": 0.3814244797448153, "pad_upper": 0.23176548802378574, "crop_lower": 0.02807237125632045, "rotation_upper": 28, "rotation_lower": -152}, "train_accuracy": 0.1116786858974359}