{"train_accuracy": 0.11020132211538461, "augment": true, "train_history": {"val_acc": [0.0993, 0.0997, 0.0996, 0.0996, 0.0988, 0.0996, 0.0918, 0.096, 0.0995, 0.1004, 0.0969, 0.1049], "loss": [2.2990050468689356, 2.2965259498510604, 2.2951687711935778, 2.293934587484751, 2.293866765040618, 2.2928739816714554, 2.2930827866762113, 2.2927018174758325, 2.2906914185255003, 2.291483787389902, 2.2913188437620797, 2.291744899291259], "acc": [0.10446714743589744, 0.10987580128205128, 0.11060196314102565, 0.10877403846153846, 0.10774739583333333, 0.1123798076923077, 0.10879907852564102, 0.11037660256410256, 0.11207932692307693, 0.1129306891025641, 0.11135316506410256, 0.11020132211538461], "val_loss": [2.3462003044128417, 2.361125495147705, 2.5749089012145996, 2.5820204242706297, 2.5656266983032228, 2.6466929290771484, 2.8349176879882814, 2.769881630706787, 3.4697000762939454, 3.436768285369873, 3.760626019668579, 2.475001889038086]}, "configs": {"crop_probability": 0.37113978224093314, "rotation_lower": -87, "scale_upper": 1.2312283497852028, "pad_probability": 0.3081121660228332, "scale_lower": 0.9216374646051279, "vertical_flip": 0.2758934074052456, "crop_lower": 0.06589110900278901, "crop_upper": 0.29248778465713454, "scale_probability": 0.6210873230973726, "pad_lower": 0.036893061906316575, "horizontal_flip": 0.39494743734956606, "rotation_probability": 0.7991578111897693, "pad_upper": 0.2907126411578261, "rotation_upper": 79}, "validation_error": 0.8951, "used_budget": 750.1329205036163}