{"validation_error": 0.8916, "configs": {"crop_upper": 0.2891389774101475, "pad_probability": 0.7408931640608875, "scale_upper": 1.2137368633237162, "crop_lower": 0.021395868915308137, "pad_upper": 0.131995924763733, "scale_lower": 0.7232756113319336, "vertical_flip": 0.2293987917454533, "rotation_probability": 0.04093216577093828, "crop_probability": 0.23130242602183326, "horizontal_flip": 0.17520976605313732, "pad_lower": 0.035894535152527086, "rotation_upper": 27, "rotation_lower": -3, "scale_probability": 0.08411924767301782}, "train_history": {"val_acc": [0.1011, 0.1216, 0.1, 0.1131, 0.1015, 0.101, 0.099, 0.1022, 0.1006, 0.1007, 0.1109, 0.1084], "val_loss": [2.592480292892456, 2.470328430175781, 2.6543325126647948, 2.4832122047424314, 2.705673519897461, 2.7760980373382567, 3.090116272354126, 2.527991024017334, 2.934750728225708, 2.820480771636963, 2.732400207519531, 2.445487705230713], "loss": [2.2829050704454765, 2.266683810796493, 2.262282255368355, 2.2576328118642173, 2.2539331156473894, 2.25167078543932, 2.2541645574264035, 2.2462269572111278, 2.2451672745056643, 2.24267838933529, 2.2465433294956503, 2.2440227201351752], "acc": [0.12650240384615385, 0.13646834935897437, 0.13616786858974358, 0.13531650641025642, 0.1416015625, 0.1456580528846154, 0.1394981971153846, 0.14295372596153846, 0.14533253205128205, 0.1456580528846154, 0.14182692307692307, 0.14463141025641027]}, "augment": true, "train_accuracy": 0.14463141025641027, "used_budget": 641.2817158699036}