{"validation_error": 0.9085, "used_budget": 698.4755024909973, "train_history": {"val_loss": [2.3142502643585203, 2.352070127105713, 3.4971057693481447, 2.3649789192199706, 2.3049623809814452, 2.584659313583374, 3.2887764934539794, 3.135866326904297, 4.037935366821289, 3.127968311691284, 3.2731058109283446, 2.6067951629638673], "acc": [0.10374098557692307, 0.10744691506410256, 0.1097255608974359, 0.11197916666666667, 0.11090244391025642, 0.11310596955128205, 0.11047676282051282, 0.11202924679487179, 0.1074969951923077, 0.11107772435897435, 0.10837339743589744, 0.11220452724358974], "val_acc": [0.0838, 0.1049, 0.0937, 0.08, 0.0892, 0.108, 0.094, 0.1076, 0.1057, 0.096, 0.1099, 0.0915], "loss": [2.2987152681900906, 2.294401669349426, 2.2933173217834573, 2.2921962974927363, 2.2923198533363833, 2.2912917473377328, 2.290542545226904, 2.291526646186144, 2.291965697056208, 2.291125855384729, 2.291164972843268, 2.2899374793737364]}, "train_accuracy": 0.11220452724358974, "augment": true, "configs": {"crop_probability": 0.31994551705762864, "pad_lower": 0.05816597337410378, "scale_lower": 0.5482970653003874, "pad_probability": 0.4326273288667217, "scale_probability": 0.9072777969933411, "vertical_flip": 0.7259159475039424, "crop_lower": 0.046851770499912286, "scale_upper": 1.4611758538330073, "rotation_lower": -1, "crop_upper": 0.21056785816265222, "horizontal_flip": 0.650974987007035, "rotation_upper": 11, "rotation_probability": 0.6648220642174316, "pad_upper": 0.2796276794567899}}