{"train_accuracy": 0.11701221955128205, "used_budget": 738.3663914203644, "configs": {"horizontal_flip": 0.36369965760854484, "rotation_upper": 168, "rotation_lower": -49, "pad_upper": 0.22725913542516168, "crop_probability": 0.1941051996189136, "scale_upper": 1.9420910090564412, "crop_lower": 0.00010782623831605554, "crop_upper": 0.14372262010962333, "vertical_flip": 0.4956539375677691, "pad_lower": 0.034738688550857814, "scale_probability": 0.26589904835088374, "scale_lower": 0.5109741533892331, "rotation_probability": 0.8541109640275569, "pad_probability": 0.2652530495197919}, "train_history": {"loss": [2.2987203231224647, 2.293473550906548, 2.289692392716041, 2.2907232688023496, 2.2906870941321054, 2.2879033577747836, 2.2877975534170103, 2.2869314459654, 2.288095834163519, 2.2863415594284353, 2.2864773197051806, 2.285274143402393], "val_loss": [2.3053346790313722, 2.3238556659698486, 2.7179889877319336, 2.6485265769958497, 2.369261639404297, 3.3181495597839357, 2.6194604736328126, 2.3906722328186034, 2.7961523708343505, 3.386505353927612, 4.097487588882446, 2.6871012908935548], "val_acc": [0.1014, 0.1025, 0.1012, 0.1012, 0.1013, 0.1013, 0.1019, 0.105, 0.1014, 0.1011, 0.1013, 0.1018], "acc": [0.10784755608974358, 0.11115284455128205, 0.11588541666666667, 0.11358173076923077, 0.1109775641025641, 0.11405749198717949, 0.11355669070512821, 0.11555989583333333, 0.11638621794871795, 0.11766326121794872, 0.11751302083333333, 0.11701221955128205]}, "validation_error": 0.8982, "augment": true}