{"validation_error": 0.8992, "augment": true, "used_budget": 684.2885932922363, "configs": {"vertical_flip": 0.4422050780442993, "rotation_probability": 0.9743952458378654, "scale_probability": 0.42485193164712176, "pad_upper": 0.28063667343035914, "crop_lower": 0.0665067505987367, "rotation_lower": -39, "scale_lower": 0.7626509199101013, "rotation_upper": 87, "scale_upper": 1.589695610387401, "crop_probability": 0.03530984165006801, "pad_probability": 0.5597354177385495, "pad_lower": 0.02585081509904127, "crop_upper": 0.182159258529282, "horizontal_flip": 0.49213229844752127}, "train_accuracy": 0.11520933493589744, "train_history": {"val_loss": [2.3124013671875, 2.7000242263793943, 2.35384196434021, 2.3516801666259766, 2.696495473098755, 2.4437975299835206, 2.777566473388672, 2.466854381561279, 2.3558421966552734, 2.2706641551971436, 2.846987268447876, 2.7373751930236816], "val_acc": [0.1008, 0.1008, 0.1013, 0.1007, 0.1008, 0.1008, 0.1008, 0.1009, 0.1009, 0.1677, 0.1009, 0.1008], "loss": [2.298955173064501, 2.2957414449789586, 2.2946461538473764, 2.2929524878660836, 2.29327430556982, 2.2925550784820166, 2.292424118671662, 2.291336197883655, 2.291299181106763, 2.290791924947347, 2.2896330119707646, 2.2886393719758744], "acc": [0.10621995192307693, 0.11037660256410256, 0.10817307692307693, 0.10857371794871795, 0.10990084134615384, 0.11102764423076923, 0.11087740384615384, 0.11245492788461539, 0.11032652243589744, 0.11295572916666667, 0.11182892628205128, 0.11520933493589744]}}