{"validation_error": 0.8936, "train_history": {"val_acc": [0.1, 0.0968, 0.1165, 0.1055, 0.105, 0.1001, 0.1295, 0.1092, 0.115, 0.1238, 0.1074, 0.1064], "loss": [2.2857199632204495, 2.2666377295286226, 2.260247297011889, 2.257958555068725, 2.2487989900968013, 2.248382651653045, 2.245119103254416, 2.2442089968766923, 2.2429414842373285, 2.2417790377751374, 2.238976241686405, 2.2367363449854727], "val_loss": [2.3013041000366212, 2.4388081588745116, 2.4106090267181397, 2.7080461406707763, 2.320501742553711, 2.4543917125701906, 2.3230930316925047, 2.442342903137207, 2.3657632751464845, 2.400475020599365, 2.944719610977173, 3.162814687347412], "acc": [0.12224559294871795, 0.13371394230769232, 0.13854667467948717, 0.1414012419871795, 0.14791165865384615, 0.1466846955128205, 0.14580829326923078, 0.14768629807692307, 0.1466346153846154, 0.14841245993589744, 0.14923878205128205, 0.15211838942307693]}, "used_budget": 720.2435493469238, "configs": {"pad_probability": 0.0403190473984224, "rotation_probability": 0.07281115573175245, "vertical_flip": 0.2807629168825805, "pad_lower": 0.08597772001012974, "horizontal_flip": 0.7479604430284272, "rotation_lower": -20, "crop_probability": 0.3955491690796442, "scale_upper": 1.0988144262397852, "rotation_upper": 74, "scale_lower": 0.9960143622530446, "pad_upper": 0.12574997093730123, "crop_upper": 0.24544412183264355, "scale_probability": 0.2270524981028771, "crop_lower": 0.03199459729865713}, "train_accuracy": 0.15211838942307693, "augment": true}