{"configs": {"pad_upper": 0.24534509003265523, "vertical_flip": 0.5266802989608891, "crop_lower": 0.07215213140889348, "crop_probability": 0.8183918374667013, "pad_probability": 0.3398447076103164, "scale_lower": 0.7083958500977334, "crop_upper": 0.13631250959948737, "rotation_probability": 0.21763784772014771, "scale_upper": 1.8006048907305432, "pad_lower": 0.038672409325998996, "rotation_upper": 77, "horizontal_flip": 0.6743954777876213, "scale_probability": 0.5456847524166643, "rotation_lower": -38}, "train_accuracy": 0.11999198717948718, "validation_error": 0.9038, "used_budget": 737.299111366272, "train_history": {"val_acc": [0.0966, 0.0963, 0.0967, 0.0962, 0.1142, 0.0937, 0.0941, 0.096, 0.0932, 0.0914, 0.096, 0.0962], "val_loss": [2.3297166816711425, 2.318705276107788, 2.48871862487793, 2.4197092239379883, 2.7076223022460937, 2.663349542236328, 2.4804896797180174, 2.416709292602539, 2.6570019786834718, 2.7598448852539064, 3.1237317291259767, 3.2272421447753907], "acc": [0.11278044871794872, 0.1168369391025641, 0.1165614983974359, 0.11581029647435898, 0.11838942307692307, 0.11926582532051282, 0.11981670673076923, 0.11631109775641026, 0.11803886217948718, 0.11886518429487179, 0.11986678685897435, 0.11999198717948718], "loss": [2.295757478628403, 2.2912497176573825, 2.288155356278786, 2.2866859627075686, 2.284743778216533, 2.2832795075881176, 2.2845795444953136, 2.285495409598717, 2.2817061436481967, 2.283239632844925, 2.2822452852359185, 2.2823804112581105]}, "augment": true}