{"used_budget": 733.7120690345764, "train_history": {"val_loss": [2.648617854309082, 3.1624678993225097, 2.720366996765137, 2.6923239192962645, 3.156379214096069, 3.290477799606323, 2.7744788208007813, 2.6673073219299317, 2.8879607772827147, 3.4831374801635744, 3.022909214782715, 3.701214749908447], "loss": [2.295619907287451, 2.2902465539100842, 2.2896073231330285, 2.2877366672723722, 2.286736559409362, 2.2876101235548654, 2.2865414436046896, 2.2865737095857277, 2.2858340801336827, 2.2834120171192365, 2.2863449591856737, 2.2870149199779215], "val_acc": [0.0994, 0.1003, 0.0994, 0.1002, 0.0994, 0.0998, 0.0996, 0.0997, 0.0995, 0.0994, 0.0994, 0.0994], "acc": [0.10914963942307693, 0.11611077724358974, 0.11583533653846154, 0.11593549679487179, 0.11641125801282051, 0.11503405448717949, 0.11638621794871795, 0.12179487179487179, 0.11420773237179487, 0.11786358173076923, 0.11353165064102565, 0.11591045673076923]}, "validation_error": 0.9006, "configs": {"crop_lower": 0.017489751252061935, "rotation_upper": 91, "pad_upper": 0.2968169354979626, "crop_probability": 0.3489849476024801, "scale_probability": 0.40856714382693404, "horizontal_flip": 0.04657914009122177, "scale_upper": 1.043430327258148, "scale_lower": 0.8935112423981044, "vertical_flip": 0.5815669531408632, "pad_probability": 0.9813451041218024, "crop_upper": 0.2693446912385623, "rotation_lower": -124, "rotation_probability": 0.5000307922252432, "pad_lower": 0.006476324610643214}, "augment": true, "train_accuracy": 0.11591045673076923}