{"used_budget": 734.1889638900757, "validation_error": 0.8781, "train_accuracy": 0.1331630608974359, "train_history": {"val_loss": [2.3590006843566895, 2.968701260757446, 2.437564796447754, 2.6427781757354736, 2.5621137889862062, 2.382570552062988, 2.5460931701660154, 3.2877587715148926, 3.149023279571533, 2.82905771446228, 2.790664596939087, 2.5336008296966552], "loss": [2.290974741562819, 2.2792422702679267, 2.2765431037315955, 2.274108968484096, 2.268802824692848, 2.268556678142303, 2.268606220300381, 2.266862214375765, 2.265508382748335, 2.260896468009704, 2.260854206024072, 2.2616313718832455], "val_acc": [0.0988, 0.0987, 0.0994, 0.0988, 0.0997, 0.0988, 0.0987, 0.1013, 0.1094, 0.1058, 0.1159, 0.1219], "acc": [0.11478365384615384, 0.13090945512820512, 0.12885616987179488, 0.12474959935897435, 0.12978265224358973, 0.13080929487179488, 0.12712840544871795, 0.12760416666666666, 0.13173577724358973, 0.1323116987179487, 0.1339893830128205, 0.1331630608974359]}, "augment": true, "configs": {"rotation_probability": 0.16398163053260018, "scale_upper": 1.9905549414223107, "crop_upper": 0.10956214213029028, "crop_lower": 0.04483760059564149, "vertical_flip": 0.6807485662321098, "horizontal_flip": 0.013370987436388204, "scale_probability": 0.36624446606813565, "pad_probability": 0.0648269806134596, "crop_probability": 0.8405011828515363, "pad_lower": 0.04606254269961492, "rotation_upper": 49, "pad_upper": 0.15002097133889467, "rotation_lower": -53, "scale_lower": 0.8535929756776628}}