{"train_accuracy": 0.11548477564102565, "train_history": {"val_loss": [2.3710805015563965, 2.318777378845215, 2.4837229141235353, 2.3472152946472167, 2.4211864700317385, 2.6693123001098633, 2.545421809387207, 2.305106918334961, 2.43978883934021, 2.8468949691772463, 2.309672438812256, 2.9907674938201905], "loss": [2.297931650510201, 2.2929424926256523, 2.2911518659347143, 2.29192699606602, 2.288464053319051, 2.2878389289745917, 2.2870184007363443, 2.287623833387326, 2.2863771464580145, 2.2870910801948647, 2.2862151035895715, 2.2883240450651217], "val_acc": [0.1, 0.0993, 0.0997, 0.0988, 0.0998, 0.0997, 0.0991, 0.1157, 0.1005, 0.0999, 0.105, 0.1], "acc": [0.1103515625, 0.11192908653846154, 0.11668669871794872, 0.11075220352564102, 0.115234375, 0.11518429487179487, 0.11761318108974358, 0.11485877403846154, 0.11468349358974358, 0.11688701923076923, 0.11535957532051282, 0.11548477564102565]}, "augment": true, "validation_error": 0.9, "configs": {"crop_probability": 0.09502174137372799, "rotation_lower": -62, "scale_lower": 0.9032167358552617, "scale_probability": 0.28508267672121124, "pad_upper": 0.22798527472585497, "rotation_upper": 66, "crop_upper": 0.2838342057794989, "scale_upper": 1.211608132163964, "crop_lower": 0.045243906760190244, "horizontal_flip": 0.020536535285836766, "pad_probability": 0.014284825494340958, "vertical_flip": 0.5044417557969356, "rotation_probability": 0.9998025400829692, "pad_lower": 0.07509393794298595}, "used_budget": 690.182076215744}