{"configs": {"crop_lower": 0.0018157709048455706, "crop_upper": 0.14270870631735882, "pad_lower": 0.0004638194424362197, "crop_probability": 0.27926221296583476, "scale_probability": 0.1491048555366815, "pad_probability": 0.16406634035507428, "rotation_upper": 135, "rotation_lower": -13, "scale_lower": 0.8667272558640958, "scale_upper": 1.5975552190525968, "vertical_flip": 0.9480737745444617, "pad_upper": 0.2532929242267483, "horizontal_flip": 0.8694166534554533, "rotation_probability": 0.8674139172072398}, "used_budget": 746.5279290676117, "validation_error": 0.8992, "augment": true, "train_history": {"val_acc": [0.1008, 0.101, 0.1032, 0.101, 0.1004, 0.1017, 0.1007, 0.1019, 0.1008, 0.1009, 0.1011, 0.1008], "loss": [2.295327122394855, 2.2902237421427016, 2.2874588943444767, 2.285342182104404, 2.2850113732692523, 2.2863838580938487, 2.2839747759012075, 2.2808368702729545, 2.2824026178091, 2.2830918714022026, 2.2813010055285234, 2.2819867607874746], "val_loss": [2.4282044151306152, 2.4236734615325926, 2.652315370941162, 2.4681075721740724, 3.1943321613311766, 2.499009806060791, 3.3212340145111083, 2.8998984149932863, 4.040866652679443, 3.0366388793945314, 2.7529675506591795, 3.0282755409240725], "acc": [0.10980068108974358, 0.1139072516025641, 0.11520933493589744, 0.11540965544871795, 0.11831430288461539, 0.11571013621794872, 0.11553485576923077, 0.11939102564102565, 0.1219951923076923, 0.11776342147435898, 0.1171875, 0.11686197916666667]}, "train_accuracy": 0.11686197916666667}