{"train_history": {"acc": [0.11493389423076923, 0.11946614583333333, 0.12232071314102565, 0.1224208733974359, 0.12109375, 0.1211688701923077, 0.12567608173076922, 0.12767928685897437, 0.12319711538461539, 0.12980769230769232, 0.12775440705128205, 0.12605168269230768], "val_acc": [0.1036, 0.1034, 0.1032, 0.1034, 0.1037, 0.1032, 0.1033, 0.1044, 0.1037, 0.1048, 0.1038, 0.1035], "val_loss": [2.32432225189209, 2.3408079010009764, 2.3940936500549315, 2.712475042724609, 2.4557576736450195, 3.4307666343688963, 2.754634541320801, 2.902387939071655, 2.704859789657593, 2.3446459056854247, 2.8043360107421873, 2.9564760459899904], "loss": [2.293560709708776, 2.286317664843339, 2.2832571306289773, 2.280807456909082, 2.2805892687577467, 2.2790708304979863, 2.2773242707435903, 2.2750764817763596, 2.2761253401254997, 2.271834317690287, 2.273890048265457, 2.274607798227897]}, "augment": true, "configs": {"crop_upper": 0.2136415158060695, "rotation_upper": 2, "pad_probability": 0.30711000722871806, "vertical_flip": 0.6195815915772328, "crop_lower": 0.04500283723498703, "scale_upper": 1.9561592789926001, "rotation_lower": -165, "scale_probability": 0.02091091754588348, "crop_probability": 0.3973698501698161, "horizontal_flip": 0.9885117448320494, "scale_lower": 0.6705773285760863, "rotation_probability": 0.6447489660609138, "pad_lower": 0.0014397424923846436, "pad_upper": 0.1418810217386494}, "validation_error": 0.8965, "train_accuracy": 0.12605168269230768, "used_budget": 674.8458964824677}