{"train_history": {"val_loss": [2.6074789855957032, 2.4444407695770263, 2.498593874359131, 2.5281050018310545, 2.6825170944213865, 2.8327649421691894, 3.026372570800781, 3.0825985542297363, 3.203318916320801, 2.5718428184509277, 2.4798997371673583, 2.9863747817993165], "loss": [2.297536950844985, 2.293225584886013, 2.2899623864736314, 2.2881560012316093, 2.288379353590501, 2.2866428907100973, 2.2856317185438595, 2.28670823879731, 2.2844054874701376, 2.283822877284808, 2.2854345631905093, 2.284272168691342], "val_acc": [0.1127, 0.1015, 0.1009, 0.1009, 0.1008, 0.1012, 0.1011, 0.1007, 0.1012, 0.1012, 0.1019, 0.1007], "acc": [0.1087489983974359, 0.11192908653846154, 0.11508413461538461, 0.11498397435897435, 0.11313100961538461, 0.11510917467948718, 0.11598557692307693, 0.11478365384615384, 0.11738782051282051, 0.11500901442307693, 0.11691205929487179, 0.11608573717948718]}, "configs": {"crop_lower": 0.024490597102906454, "rotation_upper": 47, "pad_lower": 0.06698717193087365, "pad_probability": 0.26581786748751957, "scale_lower": 0.8396130705695384, "crop_probability": 0.45050890868665516, "horizontal_flip": 0.4880186272788182, "scale_probability": 0.8048745278847335, "rotation_lower": -65, "rotation_probability": 0.18321021462426035, "pad_upper": 0.15129584880170022, "vertical_flip": 0.48612046746145654, "scale_upper": 1.4266639694981755, "crop_upper": 0.23511840977081397}, "train_accuracy": 0.11608573717948718, "used_budget": 670.7399759292603, "augment": true, "validation_error": 0.8993}