{"train_accuracy": 0.11873998397435898, "configs": {"pad_lower": 0.0579729885054954, "rotation_upper": 169, "scale_upper": 1.9204408502919992, "vertical_flip": 0.47197474993316346, "horizontal_flip": 0.959786872192633, "crop_lower": 0.041227640700598256, "crop_upper": 0.26450039723550056, "rotation_lower": -18, "pad_upper": 0.29858666929746924, "crop_probability": 0.7367732977550004, "scale_lower": 0.5239156951728021, "pad_probability": 0.22132402672356588, "scale_probability": 0.5221005409441705, "rotation_probability": 0.37813773387366445}, "augment": true, "validation_error": 0.8958, "used_budget": 814.1057033538818, "train_history": {"val_loss": [2.519250897216797, 2.601098974609375, 2.490794979095459, 2.4988390502929687, 2.441208186340332, 2.4768894290924073, 2.548598430252075, 2.522125675201416, 3.069087600708008, 2.421206938934326, 2.4020086009979247, 2.4136380126953125], "loss": [2.298434942196577, 2.295459631161812, 2.2913951927270646, 2.2924371537489767, 2.2928758500478206, 2.2899102362302632, 2.2895063200058083, 2.2874810046110396, 2.288441988902214, 2.2880203227202096, 2.2876821618813734, 2.285780510841272], "acc": [0.10827323717948718, 0.11503405448717949, 0.11355669070512821, 0.11403245192307693, 0.11310596955128205, 0.11646133814102565, 0.11623597756410256, 0.11984174679487179, 0.11285556891025642, 0.11828926282051282, 0.11648637820512821, 0.11873998397435898], "val_acc": [0.1077, 0.1031, 0.1031, 0.1029, 0.1031, 0.11, 0.1032, 0.1022, 0.1023, 0.122, 0.1047, 0.1042]}}