{"validation_error": 0.8994, "augment": true, "train_accuracy": 0.11025140224358974, "used_budget": 760.9633138179779, "configs": {"crop_lower": 0.04095803549112129, "scale_probability": 0.5556263325380467, "pad_lower": 0.0596572708741204, "pad_upper": 0.2115083379743957, "rotation_probability": 0.9776684831435424, "pad_probability": 0.41348820671077735, "vertical_flip": 0.7377809952889226, "crop_probability": 0.4505672279719938, "scale_upper": 1.5464944697949887, "scale_lower": 0.6212156814896275, "rotation_lower": -45, "rotation_upper": 103, "horizontal_flip": 0.38718575800440636, "crop_upper": 0.26607285607515707}, "train_history": {"acc": [0.10682091346153846, 0.10551883012820513, 0.10594451121794872, 0.10774739583333333, 0.11240484775641026, 0.11150340544871795, 0.10940004006410256, 0.10877403846153846, 0.10872395833333333, 0.1097255608974359, 0.10764723557692307, 0.11025140224358974], "val_loss": [2.9627387786865236, 2.3717285358428954, 3.050681523132324, 2.6572735145568847, 2.5805415073394777, 2.3906501220703125, 2.365154761505127, 2.6982502967834474, 2.699300469207764, 3.785122605895996, 3.157148876571655, 2.6693929107666015], "val_acc": [0.1008, 0.1008, 0.1008, 0.1005, 0.1006, 0.1006, 0.1007, 0.1008, 0.1006, 0.1008, 0.1006, 0.1006], "loss": [2.3004916868148704, 2.2984228990016837, 2.296696358002149, 2.2960475897177672, 2.2969030623252573, 2.295357192938144, 2.2957550898576393, 2.294089355529883, 2.2946544870352135, 2.2938174230930133, 2.294069011241962, 2.2936174212357936]}}