{"train_accuracy": 0.11047676282051282, "augment": true, "used_budget": 764.7210743427277, "validation_error": 0.8946000000000001, "configs": {"crop_probability": 0.3145235855529248, "scale_lower": 0.6600036655616206, "rotation_probability": 0.9763423531528828, "horizontal_flip": 0.3922724560810017, "scale_probability": 0.7636757544961713, "vertical_flip": 0.9621414145859517, "pad_lower": 0.048053714869764036, "pad_probability": 0.019251498305088988, "rotation_lower": -99, "scale_upper": 1.7161211615416292, "crop_upper": 0.2659605920175445, "crop_lower": 0.06861204063688721, "rotation_upper": 114, "pad_upper": 0.2682058591228291}, "train_history": {"val_loss": [2.4739533515930177, 2.3734672397613523, 2.3755550746917726, 2.342534949493408, 2.3126758178710936, 2.6053366630554198, 2.373819462585449, 2.6091646121978758, 3.057531513595581, 2.39024979019165, 3.135111611175537, 3.8454953224182127], "val_acc": [0.0999, 0.1052, 0.1083, 0.1105, 0.0955, 0.0986, 0.1085, 0.1064, 0.1024, 0.0972, 0.0984, 0.1054], "loss": [2.2996589503227134, 2.2976077779745445, 2.296061573884426, 2.296882240436016, 2.296023217531351, 2.2962956634851603, 2.2949828849389005, 2.2962750020699625, 2.2947115034629135, 2.2955550131125326, 2.294023255507151, 2.2951585413553777], "acc": [0.10379106570512821, 0.10486778846153846, 0.10882411858974358, 0.1094501201923077, 0.1103515625, 0.10752203525641026, 0.10809795673076923, 0.10779747596153846, 0.11227964743589744, 0.10792267628205128, 0.10632011217948718, 0.11047676282051282]}}