{"train_accuracy": 0.1252003205128205, "used_budget": 730.6334962844849, "configs": {"crop_upper": 0.1851844472175756, "horizontal_flip": 0.8077031275771338, "crop_lower": 0.08472360131928236, "scale_upper": 1.9702131934912437, "crop_probability": 0.7924024111736043, "scale_lower": 0.8039097633192754, "scale_probability": 0.1417011096267674, "vertical_flip": 0.8210504808523331, "rotation_upper": 147, "pad_lower": 0.07604689773214202, "rotation_lower": -15, "pad_probability": 0.7824774921468973, "rotation_probability": 0.2726669814685492, "pad_upper": 0.10890637919790168}, "augment": true, "validation_error": 0.8973, "train_history": {"val_loss": [2.319820975112915, 2.441148748779297, 2.742602240753174, 2.4273178009033205, 2.449186824417114, 3.05407120552063, 2.8977495307922365, 2.8432781089782715, 3.348862213134766, 3.3845309062957765, 2.7845457386016848, 2.9772386276245117], "acc": [0.11255508814102565, 0.1217197516025641, 0.12247095352564102, 0.12319711538461539, 0.12219551282051282, 0.12512520032051283, 0.12717848557692307, 0.12407351762820513, 0.12607672275641027, 0.12737880608974358, 0.12510016025641027, 0.1252003205128205], "loss": [2.2930260040821175, 2.2831805722835736, 2.2807683730736756, 2.2783542428261194, 2.278556681596316, 2.276041499315164, 2.2740280353105984, 2.274798782972189, 2.2738434343765945, 2.2734390008143888, 2.2735672188110843, 2.270875810048519], "val_acc": [0.102, 0.0995, 0.1, 0.0986, 0.1081, 0.1188, 0.0987, 0.1083, 0.1004, 0.0981, 0.1068, 0.1027]}}