{"train_history": {"val_loss": [2.3189429290771484, 2.3151347652435303, 2.5590411529541015, 2.3924601264953615, 2.3771554161071777, 3.133365915679932, 2.7120534912109373, 2.881412647628784, 2.9958560287475584, 2.932188771057129, 2.515940559387207, 2.6615574798583985], "val_acc": [0.1061, 0.1125, 0.107, 0.1134, 0.1007, 0.1109, 0.1071, 0.1028, 0.1025, 0.1051, 0.1219, 0.1175], "acc": [0.11300580929487179, 0.12417367788461539, 0.12071814903846154, 0.12317207532051282, 0.12382311698717949, 0.12384815705128205, 0.12324719551282051, 0.12176983173076923, 0.12510016025641027, 0.12700320512820512, 0.1274539262820513, 0.12419871794871795], "loss": [2.292225170593995, 2.2845224623496714, 2.280896008778841, 2.28142662690236, 2.277803424077156, 2.275728104970394, 2.275888728789794, 2.27578111183949, 2.275200742941636, 2.2743556254949326, 2.271610674949793, 2.2722972493905287]}, "used_budget": 664.8787133693695, "validation_error": 0.8825000000000001, "configs": {"horizontal_flip": 0.30684080054060214, "crop_lower": 0.060280630665712646, "pad_probability": 0.32889181695769143, "crop_probability": 0.8343288957349277, "vertical_flip": 0.4393090522700346, "scale_probability": 0.5460895036256741, "rotation_lower": -98, "pad_upper": 0.11362113512578531, "pad_lower": 0.05827009170578723, "scale_lower": 0.8657529670086199, "scale_upper": 1.4154671728149308, "rotation_upper": 9, "crop_upper": 0.11184829309879084, "rotation_probability": 0.06180910961031716}, "train_accuracy": 0.12419871794871795, "augment": true}