{"augment": true, "train_accuracy": 0.11205428685897435, "configs": {"vertical_flip": 0.12096644487883146, "rotation_lower": -143, "pad_probability": 0.536553110539146, "horizontal_flip": 0.838003666073916, "pad_lower": 0.05511923035780175, "scale_lower": 0.8925332751089676, "crop_lower": 0.049441950694228035, "rotation_probability": 0.3143661822414169, "crop_upper": 0.17676972245307734, "scale_upper": 1.7157664744452368, "scale_probability": 0.7765534372639191, "crop_probability": 0.7423650427397075, "rotation_upper": 118, "pad_upper": 0.24773302579350734}, "used_budget": 811.470317363739, "train_history": {"acc": [0.10659555288461539, 0.10619491185897435, 0.1112530048076923, 0.10970052083333333, 0.11235476762820513, 0.11197916666666667, 0.11578525641025642, 0.11052684294871795, 0.11060196314102565, 0.11358173076923077, 0.1132061298076923, 0.11205428685897435], "val_acc": [0.1189, 0.1057, 0.1054, 0.1039, 0.1065, 0.1074, 0.1047, 0.1048, 0.11, 0.1179, 0.1062, 0.1061], "loss": [2.299081890246807, 2.2958139204061947, 2.2937004566192627, 2.2923035132579312, 2.2901814526472335, 2.292375909212308, 2.2902873563460813, 2.2906557138149557, 2.2900304603270993, 2.290438549640851, 2.2896230717500052, 2.289911668270062], "val_loss": [2.323256024169922, 2.7636914375305177, 2.721343728637695, 2.4607405097961426, 3.2212678413391114, 2.8708439014434814, 3.3451459800720214, 2.304197045516968, 2.851670329284668, 2.867966038131714, 2.9828532455444337, 3.8493593521118163]}, "validation_error": 0.8939}