{"configs": {"scale_lower": 0.5513805182941176, "crop_probability": 0.3304188523818966, "vertical_flip": 0.519459910242246, "scale_upper": 1.1813564298034798, "rotation_upper": 180, "crop_lower": 0.03238957366745147, "scale_probability": 0.15825672146498437, "pad_probability": 0.4394496124309908, "crop_upper": 0.1311194677621297, "rotation_probability": 0.5379161820445467, "pad_lower": 0.0529424228441982, "pad_upper": 0.1858207932790486, "rotation_lower": -165, "horizontal_flip": 0.9373135754174138}, "validation_error": 0.8915, "train_history": {"val_loss": [2.534261080169678, 3.1706625015258787, 4.728096333312989, 2.816018086242676, 3.05739701461792, 2.439654553222656, 2.7720914199829103, 2.9152558380126954, 2.428068585968018, 5.015317634963989, 2.6284415412902833, 2.403920078277588], "val_acc": [0.1019, 0.102, 0.1018, 0.1028, 0.1017, 0.1018, 0.1018, 0.101, 0.1046, 0.1016, 0.104, 0.1085], "acc": [0.11295572916666667, 0.12009214743589744, 0.12382311698717949, 0.12687800480769232, 0.1266776842948718, 0.12720352564102563, 0.12197015224358974, 0.12590144230769232, 0.12770432692307693, 0.13055889423076922, 0.12565104166666666, 0.1311348157051282], "loss": [2.292047162850698, 2.287218694503491, 2.282221026145495, 2.279190418047783, 2.275898962448805, 2.2762986834232626, 2.2770219437586956, 2.2728666197030973, 2.272976843210367, 2.2706026266782713, 2.2717875998753767, 2.2702272221063957]}, "train_accuracy": 0.1311348157051282, "augment": true, "used_budget": 679.8723056316376}