{"validation_error": 0.9005, "train_history": {"val_loss": [2.336410503387451, 2.5271028987884523, 2.475851615524292, 2.6374606246948242, 2.435171696472168, 2.876991269683838, 2.9783894470214842, 2.8310211158752443, 2.4810099308013918, 3.3355567127227785, 2.883664001464844, 2.619556170272827], "acc": [0.11062700320512821, 0.11894030448717949, 0.1204677483974359, 0.1217197516025641, 0.1224208733974359, 0.12482471955128205, 0.12039262820512821, 0.12392327724358974, 0.12279647435897435, 0.12334735576923077, 0.12489983974358974, 0.12895633012820512], "val_acc": [0.096, 0.0959, 0.0962, 0.0959, 0.0931, 0.096, 0.0958, 0.0959, 0.0968, 0.0952, 0.0956, 0.0995], "loss": [2.2907041494662943, 2.2815112471580505, 2.2809422268317294, 2.279709728100361, 2.2760321291593404, 2.2736497039978323, 2.274736224076687, 2.2753467575097694, 2.2742527035566478, 2.2728969095609126, 2.2714511148440533, 2.2700398854720287]}, "used_budget": 728.5037333965302, "configs": {"crop_probability": 0.8300920057770099, "rotation_upper": 69, "pad_probability": 0.5617772846593057, "vertical_flip": 0.9309607871866337, "scale_upper": 1.081336764542143, "pad_upper": 0.19762884202426012, "rotation_lower": -107, "crop_lower": 0.02529037078543347, "horizontal_flip": 0.4021803084758607, "pad_lower": 0.07596338335560243, "scale_lower": 0.6866009631671877, "rotation_probability": 0.050966136484273616, "crop_upper": 0.2161778125493032, "scale_probability": 0.48350483207555417}, "augment": true, "train_accuracy": 0.12895633012820512}