{"configs": {"crop_upper": 0.20370608643951954, "scale_upper": 1.815917105745581, "pad_lower": 0.09604587475305586, "rotation_upper": 81, "horizontal_flip": 0.6698482426824534, "scale_lower": 0.6965215414064225, "rotation_probability": 0.07773951700927817, "crop_lower": 0.05029343547766481, "rotation_lower": -31, "pad_upper": 0.16707935202581978, "pad_probability": 0.0015326484249124084, "vertical_flip": 0.4652025915500171, "crop_probability": 0.31886807102217807, "scale_probability": 0.01259755293139353}, "train_history": {"val_loss": [2.462734343338013, 2.612056610107422, 2.3221681289672853, 2.4345235031127928, 2.41800040473938, 2.759813103866577, 2.6471670581817626, 2.350451645278931, 2.448636298751831, 3.1778560539245606, 2.6437050941467284, 2.5399646804809572], "acc": [0.1287560096153846, 0.1437550080128205, 0.1466846955128205, 0.14721053685897437, 0.1510917467948718, 0.1544971955128205, 0.15534855769230768, 0.1560496794871795, 0.15599959935897437, 0.16178385416666666, 0.1584034455128205, 0.16268529647435898], "loss": [2.2783727240868106, 2.2555469480844645, 2.24425976169415, 2.2416555476494326, 2.2386026680469513, 2.2315633640839505, 2.227588877463952, 2.226823995510737, 2.22271098005466, 2.217130021407054, 2.217739318425839, 2.2142334473438754], "val_acc": [0.1044, 0.1057, 0.1061, 0.108, 0.1001, 0.1148, 0.1027, 0.1224, 0.1199, 0.107, 0.1049, 0.1113]}, "used_budget": 648.440093755722, "validation_error": 0.8887, "augment": true, "train_accuracy": 0.16268529647435898}