{"configs": {"scale_probability": 0.8986937666904546, "pad_lower": 0.0057654121527269675, "scale_lower": 0.9448040283838912, "crop_lower": 0.02549430015778914, "pad_probability": 0.07086059592350591, "horizontal_flip": 0.4438709535529395, "crop_upper": 0.14331497719672018, "crop_probability": 0.2665071519707235, "rotation_lower": -103, "rotation_upper": 94, "rotation_probability": 0.39327324782851525, "scale_upper": 1.1041926236930837, "pad_upper": 0.11695633444885162, "vertical_flip": 0.6046629501827939}, "validation_error": 0.8988, "augment": true, "train_accuracy": 0.11473357371794872, "train_history": {"val_acc": [0.1007, 0.1007, 0.1007, 0.1008, 0.1001, 0.1001, 0.1, 0.0984, 0.1005, 0.1008, 0.1008, 0.1012], "val_loss": [2.6148863109588625, 2.7147167724609376, 2.9725551483154296, 2.3248210121154784, 2.7544767604827882, 2.70538547706604, 3.1435598289489746, 2.5639902210235594, 3.6283413261413573, 2.5337084655761717, 3.4171403129577635, 3.251982962036133], "acc": [0.1103515625, 0.1171875, 0.11578525641025642, 0.1153094951923077, 0.11365685096153846, 0.11881510416666667, 0.11841446314102565, 0.11440805288461539, 0.11315604967948718, 0.11616085737179487, 0.11641125801282051, 0.11473357371794872], "loss": [2.294885504704255, 2.2892113564870296, 2.287156750758489, 2.2847855526667376, 2.285410152795987, 2.2835139288352084, 2.282445232073466, 2.283642191153306, 2.282940597870411, 2.2827146580586066, 2.281713774571052, 2.283492474219738]}, "used_budget": 742.5125515460968}