{"augment": true, "train_accuracy": 0.11360677083333333, "train_history": {"val_loss": [2.292245673370361, 2.3094455520629884, 2.29161944770813, 2.40417493019104, 2.7066382541656493, 2.295290338897705, 2.285846179199219, 2.3358241851806643, 3.1800657051086425, 2.6526246715545656, 2.4912494602203368, 2.583749900817871], "val_acc": [0.1258, 0.0998, 0.1151, 0.1002, 0.0987, 0.0994, 0.1037, 0.1017, 0.0989, 0.0991, 0.0981, 0.0984], "acc": [0.10611979166666667, 0.11388221153846154, 0.10975060096153846, 0.11285556891025642, 0.11115284455128205, 0.11207932692307693, 0.11280548878205128, 0.11225460737179487, 0.11067708333333333, 0.11373197115384616, 0.11052684294871795, 0.11360677083333333], "loss": [2.2991713476486697, 2.2943572860497694, 2.2946155858345523, 2.2934838204811783, 2.2920463513105345, 2.292750691756224, 2.2919129010958548, 2.2925998064187856, 2.2920630322052884, 2.290435241583066, 2.289161743261875, 2.2900167856460962]}, "used_budget": 751.2871026992798, "validation_error": 0.9016, "configs": {"vertical_flip": 0.6594825710333049, "crop_upper": 0.22752487623502957, "pad_probability": 0.23813351522762516, "scale_probability": 0.7414339373910883, "rotation_probability": 0.6255594785332479, "pad_lower": 0.021750876756473903, "crop_probability": 0.5362239054147747, "rotation_upper": 4, "crop_lower": 0.06639042401118454, "scale_upper": 1.0980719869563582, "pad_upper": 0.19674172069690044, "scale_lower": 0.5362186976699952, "horizontal_flip": 0.3557317520846647, "rotation_lower": -89}}