{"augment": true, "configs": {"crop_lower": 0.06757338290888662, "rotation_lower": -126, "scale_lower": 0.7096899615704662, "rotation_upper": 130, "horizontal_flip": 0.7260022435810951, "pad_lower": 0.04302503039468261, "pad_upper": 0.10934847371672217, "scale_upper": 1.4926182171706577, "rotation_probability": 0.8254594400070377, "crop_probability": 0.9260301723007212, "scale_probability": 0.6227642453075966, "crop_upper": 0.25902331302571946, "pad_probability": 0.11231544434957186, "vertical_flip": 0.23291663389398332}, "train_history": {"val_acc": [0.1035, 0.1002, 0.0998, 0.0826, 0.0952, 0.0999, 0.0995, 0.1, 0.1001, 0.1002, 0.0998, 0.1002], "val_loss": [3.31200991897583, 2.3090390731811525, 3.5934305431365967, 2.318943465042114, 2.3012442832946776, 2.3092621612548827, 2.316452033996582, 2.4526869438171386, 2.5761538299560547, 2.8703346450805665, 2.860832706832886, 2.999051858139038], "loss": [2.3012999250338626, 2.2988634262329493, 2.2969142955083113, 2.2974690282956147, 2.2970770872556248, 2.297597124790534, 2.2965555084057345, 2.2958206694859724, 2.29575665638997, 2.296012085217696, 2.2946528861155877, 2.2949490615954766], "acc": [0.10411658653846154, 0.1058193108974359, 0.10757211538461539, 0.10434194711538461, 0.10549379006410256, 0.10346554487179487, 0.10621995192307693, 0.10829827724358974, 0.10729667467948718, 0.11010116185897435, 0.11020132211538461, 0.10699619391025642]}, "validation_error": 0.8998, "train_accuracy": 0.10699619391025642, "used_budget": 761.275559425354}