{"configs": {"scale_upper": 1.13048425488596, "rotation_probability": 0.9511877661041838, "pad_probability": 0.28418347388940435, "scale_probability": 0.5268582416060532, "pad_upper": 0.24884388994236098, "rotation_upper": 98, "scale_lower": 0.5613611741137463, "horizontal_flip": 0.32692208463222405, "rotation_lower": -21, "crop_upper": 0.17332556823413356, "crop_lower": 0.05983330044498374, "pad_lower": 0.0742766585169549, "vertical_flip": 0.5017810409386326, "crop_probability": 0.03293503455848301}, "train_accuracy": 0.11105268429487179, "validation_error": 0.8994, "augment": true, "used_budget": 750.9382412433624, "train_history": {"loss": [2.2982795391327295, 2.297143585406817, 2.295136040601975, 2.293716385578498, 2.2917968393900456, 2.28997449309398, 2.2904406701907134, 2.291773563776261, 2.289530629530931, 2.291251696073092, 2.2905004009222374, 2.290113179347454], "val_loss": [3.725683284378052, 2.3324339572906494, 2.7191643215179444, 2.355613673400879, 2.690857264328003, 2.589979263305664, 2.8325624996185303, 3.877487068939209, 3.259202444076538, 3.0561151321411133, 3.7432437423706055, 3.6410411376953125], "acc": [0.10504306891025642, 0.10932491987179487, 0.11082732371794872, 0.11127804487179487, 0.11137820512820513, 0.11290564903846154, 0.11370693108974358, 0.11012620192307693, 0.11107772435897435, 0.11355669070512821, 0.11275540865384616, 0.11105268429487179], "val_acc": [0.1009, 0.1007, 0.1006, 0.1022, 0.1006, 0.1005, 0.1006, 0.1006, 0.1007, 0.1007, 0.1006, 0.1006]}}