{"configs": {"pad_lower": 0.09462992397866468, "pad_probability": 0.2218317708669003, "horizontal_flip": 0.9991015291581078, "crop_upper": 0.17055522219970265, "vertical_flip": 0.36546590258524125, "rotation_probability": 0.44565240088971436, "pad_upper": 0.12104047677000984, "scale_probability": 0.3672751089381977, "crop_probability": 0.6896214228405915, "rotation_upper": 65, "scale_lower": 0.9460018715336599, "crop_lower": 0.0398583992685856, "scale_upper": 1.1376948316323228, "rotation_lower": -72}, "validation_error": 0.8976999999999999, "train_history": {"loss": [2.2941548977142725, 2.288880948836987, 2.2873786305769896, 2.2829472430241413, 2.2809860660479617, 2.2797616697274723, 2.281899625674272, 2.2790464552549214, 2.2805738296264257, 2.2791061110985584, 2.2779260889077797, 2.278435085828488], "val_acc": [0.098, 0.0981, 0.0995, 0.0979, 0.0995, 0.0988, 0.099, 0.0989, 0.0994, 0.099, 0.1059, 0.1023], "acc": [0.11135316506410256, 0.11929086538461539, 0.11703725961538461, 0.11981670673076923, 0.12121895032051282, 0.12136919070512821, 0.11954126602564102, 0.12001702724358974, 0.12179487179487179, 0.12292167467948718, 0.1224208733974359, 0.12354767628205128], "val_loss": [2.4025619407653807, 2.6736832290649413, 2.3060775230407713, 2.669146945953369, 2.494746895599365, 2.4766810035705564, 2.429974176025391, 2.877579536437988, 2.3944149379730226, 2.4556571212768556, 2.3262364875793455, 2.683257886505127]}, "augment": true, "used_budget": 743.007405757904, "train_accuracy": 0.12354767628205128}