{"train_history": {"val_loss": [2.2979186012268067, 2.3052254154205323, 2.3265940628051758, 2.3591835441589355, 2.5321085494995117, 2.5597165405273437, 2.691650127029419, 2.5440324089050295, 3.1973726760864256, 2.6284160301208495, 3.6426763984680175, 2.4213930183410644], "loss": [2.299280571631896, 2.295516366377855, 2.296297609806061, 2.294185681984975, 2.2946951870734873, 2.2919061818184, 2.2925887940785823, 2.291874517232944, 2.2913313538600235, 2.291986706165167, 2.2913673306122804, 2.2924976020287247], "val_acc": [0.1114, 0.1062, 0.1068, 0.1026, 0.1026, 0.1026, 0.1026, 0.1034, 0.1025, 0.1021, 0.1024, 0.1027], "acc": [0.10589443108974358, 0.10927483974358974, 0.1100010016025641, 0.11077724358974358, 0.10722155448717949, 0.11280548878205128, 0.11240484775641026, 0.1119541266025641, 0.11137820512820513, 0.11290564903846154, 0.11313100961538461, 0.11005108173076923]}, "train_accuracy": 0.11005108173076923, "configs": {"rotation_probability": 0.8510567431390932, "scale_probability": 0.4322770020776655, "pad_probability": 0.213060686984061, "vertical_flip": 0.4243950114398972, "rotation_upper": 21, "crop_upper": 0.18981976030148867, "pad_lower": 0.012973267932562838, "crop_lower": 0.0692606549602051, "rotation_lower": -136, "crop_probability": 0.6803256014045602, "scale_lower": 0.7092992782187125, "horizontal_flip": 0.2712829945333095, "scale_upper": 1.5554797672499943, "pad_upper": 0.17048371304952215}, "used_budget": 750.9675199985504, "validation_error": 0.8973, "augment": true}