{"train_history": {"loss": [2.296020601040278, 2.287951884361414, 2.2840894208504605, 2.284796354098198, 2.2851668359377446, 2.2822890961781526, 2.281771020247386, 2.282403821364427, 2.2807307640711465, 2.2818032740018306, 2.2813694171416454, 2.281230390836031], "val_loss": [2.345203981781006, 2.5316940368652343, 3.195529119491577, 2.571476052093506, 2.559403884887695, 2.4588563972473145, 2.693535986328125, 2.8522187408447266, 2.418868946838379, 2.886879598236084, 2.5759558319091798, 2.5504980201721192], "acc": [0.11122796474358974, 0.11954126602564102, 0.11936598557692307, 0.11803886217948718, 0.11863982371794872, 0.12049278846153846, 0.12439903846153846, 0.11951622596153846, 0.1226963141025641, 0.12009214743589744, 0.11901542467948718, 0.12407351762820513], "val_acc": [0.0994, 0.0991, 0.0991, 0.0987, 0.0989, 0.0993, 0.099, 0.0994, 0.1002, 0.0991, 0.0989, 0.0989]}, "configs": {"crop_probability": 0.7816589082266965, "crop_upper": 0.10356010376045388, "rotation_lower": -170, "scale_probability": 0.47228227213846474, "rotation_upper": 35, "pad_lower": 0.037111693518345444, "scale_lower": 0.8854368700601872, "horizontal_flip": 0.2889898776014349, "rotation_probability": 0.22313084605339217, "crop_lower": 0.03603364844781413, "vertical_flip": 0.3268599488516116, "pad_probability": 0.7326152181959805, "pad_upper": 0.20224868991054762, "scale_upper": 1.7932178839408999}, "used_budget": 657.2917273044586, "validation_error": 0.9011, "augment": true, "train_accuracy": 0.12407351762820513}