{"validation_error": 0.9019, "configs": {"crop_probability": 0.6988306664754416, "scale_upper": 1.7067840412944986, "crop_upper": 0.2669062029059389, "rotation_probability": 0.506029435333467, "horizontal_flip": 0.9458872422692344, "pad_probability": 0.35232195191389704, "pad_lower": 0.02960231990412775, "crop_lower": 0.001216893220399873, "pad_upper": 0.14572024510618398, "scale_lower": 0.9315507930885505, "rotation_lower": -172, "rotation_upper": 173, "vertical_flip": 0.059598528851990906, "scale_probability": 0.7794617181734582}, "used_budget": 747.8953063488007, "augment": true, "train_history": {"acc": [0.10509314903846154, 0.10864883814102565, 0.10822315705128205, 0.10864883814102565, 0.10499298878205128, 0.10819811698717949, 0.1112530048076923, 0.10997596153846154, 0.10940004006410256, 0.11105268429487179, 0.1116786858974359, 0.10919971955128205], "val_loss": [2.328137119293213, 2.3333421127319336, 2.3533053211212156, 2.3045696754455567, 2.309118622589111, 2.328431819152832, 2.6222009685516356, 2.321962951660156, 2.513564923095703, 2.3917132095336915, 2.670480860519409, 3.297947621154785], "val_acc": [0.0988, 0.0989, 0.099, 0.0997, 0.1003, 0.1114, 0.0986, 0.0975, 0.0977, 0.0982, 0.098, 0.0981], "loss": [2.299272981973795, 2.297024421966993, 2.2964430703566623, 2.2947315780016093, 2.2953280141720405, 2.2945797588580694, 2.293050135557468, 2.294273261076365, 2.292706141869227, 2.29213262674136, 2.2915044243519125, 2.292627433171639]}, "train_accuracy": 0.10919971955128205}