{"configs": {"scale_probability": 0.20685105149222183, "rotation_upper": 6, "pad_probability": 0.7758020256178161, "vertical_flip": 0.9624955193696793, "crop_upper": 0.1874718643848728, "pad_lower": 0.07500911141659924, "scale_lower": 0.5757767319652003, "horizontal_flip": 0.7870472430457867, "pad_upper": 0.29987074270950076, "crop_probability": 0.9633217828907851, "scale_upper": 1.1595477512088777, "rotation_probability": 0.03521389258008689, "rotation_lower": -41, "crop_lower": 0.03957883300242199}, "train_accuracy": 0.13166065705128205, "augment": true, "validation_error": 0.8981, "used_budget": 655.5272305011749, "train_history": {"acc": [0.1162860576923077, 0.12382311698717949, 0.12605168269230768, 0.1282051282051282, 0.13268729967948717, 0.1319861778846154, 0.12975761217948717, 0.13073417467948717, 0.13353866185897437, 0.13273737980769232, 0.13401442307692307, 0.13166065705128205], "val_acc": [0.1107, 0.1017, 0.1013, 0.1017, 0.1015, 0.1013, 0.1046, 0.1059, 0.1011, 0.1026, 0.1027, 0.1019], "loss": [2.2861813131051187, 2.2770395401196604, 2.27374636897674, 2.272356446736898, 2.2703560155171614, 2.2705806463192673, 2.2654551282907143, 2.267136642566094, 2.265676091878842, 2.2656229505172143, 2.266536194544572, 2.263031306939247], "val_loss": [2.35589167175293, 2.3943324798583983, 3.0853778587341307, 2.920782639312744, 2.8833931690216064, 3.0303625034332273, 2.5008929901123045, 2.6086017929077148, 4.076246003723145, 2.6347938659667967, 2.8122629245758057, 2.9660091678619387]}}