{"configs": {"scale_probability": 0.6954069127218401, "rotation_lower": -135, "rotation_upper": 34, "crop_probability": 0.5320383216339768, "scale_upper": 1.3364009115169941, "pad_lower": 0.09501162578965991, "scale_lower": 0.5914888259079917, "vertical_flip": 0.7493317141908326, "crop_upper": 0.10021786646866018, "crop_lower": 0.00565974519173611, "rotation_probability": 0.660119348518263, "pad_upper": 0.12666304661757558, "horizontal_flip": 0.8873570238909797, "pad_probability": 0.4980661128998908}, "train_history": {"val_acc": [0.1006, 0.1327, 0.102, 0.1002, 0.1001, 0.1001, 0.1001, 0.1001, 0.1002, 0.1003, 0.1004, 0.1], "acc": [0.11005108173076923, 0.10889923878205128, 0.11358173076923077, 0.11308092948717949, 0.11162860576923077, 0.11285556891025642, 0.11253004807692307, 0.11303084935897435, 0.11092748397435898, 0.11087740384615384, 0.1162109375, 0.11601061698717949], "loss": [2.2970816592375436, 2.29529560987766, 2.292051559075331, 2.2910000597819304, 2.292326202759376, 2.289857663405247, 2.2898625227121205, 2.288295493676112, 2.288848782197023, 2.2886447402147145, 2.2886750591106906, 2.2868746717770896], "val_loss": [2.37207509803772, 2.301109260559082, 2.3332915969848633, 2.446821556854248, 2.386632467651367, 2.4775070041656493, 2.81800590133667, 3.7038625961303713, 2.609087727355957, 2.481184075927734, 2.4880364479064943, 3.603192826843262]}, "train_accuracy": 0.11601061698717949, "augment": true, "used_budget": 752.4490256309509, "validation_error": 0.9}