{"train_history": {"acc": [0.11152844551282051, 0.11736278044871795, 0.12512520032051283, 0.12096854967948718, 0.12317207532051282, 0.12507512019230768, 0.12176983173076923, 0.12600160256410256, 0.12169471153846154, 0.1261268028846154, 0.12732872596153846, 0.12580128205128205], "val_acc": [0.1, 0.0999, 0.1001, 0.1002, 0.1034, 0.1016, 0.1025, 0.1012, 0.1006, 0.1038, 0.1122, 0.108], "loss": [2.292188457189462, 2.2852076460153627, 2.2796350503579164, 2.2792168114429865, 2.2760681234873257, 2.27489359332965, 2.277072175190999, 2.273021553571408, 2.271942607867412, 2.2719216537781253, 2.2691443807039504, 2.2716339964133043], "val_loss": [2.7836681831359864, 2.3817934326171875, 2.525622378540039, 2.536884465789795, 2.4178511619567873, 2.3665300384521486, 2.460645640563965, 2.581824959182739, 2.4208756271362306, 2.7608286613464355, 2.8269511375427245, 2.7081061096191408]}, "train_accuracy": 0.12580128205128205, "augment": true, "configs": {"scale_probability": 0.5901141104860954, "rotation_lower": -101, "pad_lower": 0.047043653378956135, "scale_lower": 0.982320200152557, "horizontal_flip": 0.4678362117364737, "vertical_flip": 0.015216878698555703, "pad_probability": 0.2652866312950686, "crop_lower": 0.001393036305804285, "crop_upper": 0.2641209599384085, "rotation_probability": 0.4280380146111966, "pad_upper": 0.11780323572894079, "crop_probability": 0.10750570698563555, "rotation_upper": 8, "scale_upper": 1.2913052439723742}, "used_budget": 737.5340387821198, "validation_error": 0.892}