{"train_history": {"acc": [0.10842347756410256, 0.11278044871794872, 0.1083233173076923, 0.11040164262820513, 0.10977564102564102, 0.11032652243589744, 0.11235476762820513, 0.10814803685897435, 0.11270532852564102, 0.11268028846153846, 0.11127804487179487, 0.11197916666666667], "val_loss": [2.4095885704040527, 2.289998553466797, 2.7818111518859863, 2.781909889984131, 2.6882649917602537, 2.567220510864258, 2.8982886779785155, 3.2714723838806155, 2.4496327049255373, 2.4121332649230958, 2.4572843643188476, 2.562295568084717], "val_acc": [0.096, 0.1297, 0.1009, 0.0958, 0.0958, 0.0958, 0.0957, 0.0958, 0.0958, 0.0964, 0.0957, 0.0968], "loss": [2.2984655094452395, 2.2963616221379013, 2.295645337838393, 2.2946494259895425, 2.2935834733339457, 2.2929002948296375, 2.2912454024339333, 2.292928474071698, 2.2921084394821754, 2.2931938094970508, 2.2938881715138755, 2.2913509905338287]}, "used_budget": 718.1441490650177, "configs": {"pad_lower": 0.031624360184355584, "rotation_lower": -144, "crop_upper": 0.26622047720244485, "vertical_flip": 0.8834674371845229, "horizontal_flip": 0.373033532960106, "crop_lower": 0.08184495753191154, "scale_probability": 0.06454744270426638, "scale_lower": 0.5020914346375625, "pad_probability": 0.806298410197226, "rotation_probability": 0.7865470364377949, "crop_probability": 0.9064899324808361, "rotation_upper": 81, "scale_upper": 1.6013541550060735, "pad_upper": 0.28292626534982485}, "train_accuracy": 0.11197916666666667, "validation_error": 0.9032, "augment": true}