{"validation_error": 0.9018, "used_budget": 747.2290563583374, "augment": true, "configs": {"crop_lower": 0.05703461177613725, "pad_lower": 0.005946466084696922, "crop_upper": 0.240004840151319, "pad_upper": 0.10976886212417325, "rotation_lower": -40, "rotation_upper": 27, "crop_probability": 0.40036204678375953, "vertical_flip": 0.9259275251756587, "pad_probability": 0.9155502007593623, "scale_lower": 0.897498120701546, "scale_upper": 1.6494432355326683, "horizontal_flip": 0.5489205019528292, "rotation_probability": 0.7259279810829056, "scale_probability": 0.5084298101381851}, "train_history": {"val_acc": [0.0949, 0.0965, 0.0967, 0.0967, 0.1044, 0.0969, 0.0967, 0.0971, 0.1, 0.0968, 0.0997, 0.0982], "acc": [0.10366586538461539, 0.11285556891025642, 0.1122295673076923, 0.10894931891025642, 0.10987580128205128, 0.1097255608974359, 0.11247996794871795, 0.10934995993589744, 0.11122796474358974, 0.11258012820512821, 0.11323116987179487, 0.11453325320512821], "val_loss": [2.6052123916625978, 2.409227492141724, 2.336762594985962, 2.533318304824829, 2.8754112899780275, 2.636226369476318, 2.9415929672241212, 3.0654701049804687, 2.565492808151245, 2.8558611156463622, 3.58801332321167, 2.5386201011657716], "loss": [2.2982592491003184, 2.293702464073132, 2.2923288635718517, 2.29155662885079, 2.2917407949765525, 2.290802996128033, 2.289748374468241, 2.289160735332049, 2.2897429099449744, 2.288333995984151, 2.2861497150017667, 2.2862901229124803]}, "train_accuracy": 0.11453325320512821}