{"used_budget": 739.595428943634, "augment": true, "configs": {"scale_lower": 0.824294656142808, "horizontal_flip": 0.22257019880229056, "pad_upper": 0.1178450626284088, "pad_probability": 0.8300404712165501, "crop_upper": 0.11876329555976164, "vertical_flip": 0.4850840495203299, "scale_probability": 0.027569841281544494, "rotation_lower": -111, "scale_upper": 1.4109852104813427, "rotation_upper": 61, "crop_probability": 0.21045597750455403, "crop_lower": 0.01639169279783146, "rotation_probability": 0.9245295792075952, "pad_lower": 0.0675513287710335}, "train_history": {"val_acc": [0.103, 0.1009, 0.1007, 0.1009, 0.1008, 0.1009, 0.1008, 0.1016, 0.1009, 0.101, 0.101, 0.1015], "acc": [0.10904947916666667, 0.11455829326923077, 0.11646133814102565, 0.11468349358974358, 0.11495893429487179, 0.11826422275641026, 0.11651141826923077, 0.11603565705128205, 0.11448317307692307, 0.11591045673076923, 0.11563501602564102, 0.1197666266025641], "val_loss": [2.322889057159424, 2.395605765914917, 2.4724446662902833, 3.2210647052764894, 3.4391747604370115, 3.3858756958007814, 3.265793260192871, 3.10560118560791, 2.479082925796509, 2.369728551483154, 3.216529066467285, 2.622526696777344], "loss": [2.29746236709448, 2.291791423008992, 2.289005908446434, 2.2891326554310627, 2.287877393074525, 2.2879190169847927, 2.2873647251190286, 2.286014210719329, 2.28542872881278, 2.2868648255482698, 2.286313531490473, 2.283943828099813]}, "train_accuracy": 0.1197666266025641, "validation_error": 0.8985}