{"used_budget": 756.5667743682861, "train_history": {"val_loss": [2.302247232055664, 2.2934517700195314, 3.036177980041504, 3.0216099716186524, 2.419378402328491, 3.0354753089904785, 2.3697848777770996, 2.5126993537902833, 3.3338647888183592, 3.425630131530762, 2.4560775592803954, 2.4213800834655763], "acc": [0.1024639423076923, 0.10601963141025642, 0.103515625, 0.1065204326923077, 0.107421875, 0.10521834935897435, 0.107421875, 0.1053936298076923, 0.10223858173076923, 0.10717147435897435, 0.10682091346153846, 0.1100010016025641], "loss": [2.301171567195501, 2.2994681413357076, 2.2991105998173738, 2.2988183330266905, 2.2981974344987135, 2.2976559973680057, 2.2981010041175742, 2.297438075145086, 2.2976642770644946, 2.2966213723023734, 2.296084008155725, 2.297122619090936], "val_acc": [0.0992, 0.0987, 0.0986, 0.0984, 0.0989, 0.0986, 0.0977, 0.099, 0.0984, 0.0985, 0.0979, 0.0987]}, "configs": {"pad_upper": 0.2369691527821054, "pad_probability": 0.11723511030227118, "scale_upper": 1.4073451240963837, "crop_lower": 0.05495855943130978, "pad_lower": 0.08109474388728707, "crop_upper": 0.2944593031065915, "crop_probability": 0.951018600863508, "scale_probability": 0.37871955453754746, "horizontal_flip": 0.6351323740519406, "rotation_lower": -156, "scale_lower": 0.8965588639646809, "rotation_probability": 0.9752167040492453, "rotation_upper": 25, "vertical_flip": 0.3907723989051135}, "validation_error": 0.9013, "train_accuracy": 0.1100010016025641, "augment": true}