{"augment": true, "train_accuracy": 0.10208834134615384, "validation_error": 0.9081, "train_history": {"val_loss": [2.4874623458862306, 2.301316860961914, 2.327128790283203, 2.3664195289611816, 2.316839824295044, 2.5009998085021974, 2.9701372116088867, 3.0855204990386964, 2.452611030960083, 2.966543647003174, 5.666968586730957, 2.9669597053527834], "loss": [2.3015194290723557, 2.299801603341714, 2.3007813096046448, 2.2993278205394745, 2.2995185745068087, 2.2989879640249105, 2.298278797131318, 2.2992234917787404, 2.2987447258753653, 2.298229211416, 2.298688906125533, 2.298780464973205], "val_acc": [0.092, 0.0894, 0.0886, 0.0917, 0.0962, 0.0918, 0.092, 0.092, 0.0925, 0.092, 0.092, 0.0919], "acc": [0.10098657852564102, 0.1021885016025641, 0.10616987179487179, 0.10814803685897435, 0.10692107371794872, 0.10286458333333333, 0.10596955128205128, 0.10273938301282051, 0.10584435096153846, 0.10664563301282051, 0.10176282051282051, 0.10208834134615384]}, "configs": {"scale_lower": 0.9408683776775848, "pad_upper": 0.11828189070669677, "crop_lower": 0.005859525025591739, "rotation_probability": 0.8751501998606872, "rotation_upper": 167, "crop_probability": 0.39132991721553345, "pad_probability": 0.882232651671944, "horizontal_flip": 0.25577985574872586, "scale_probability": 0.9395245614747781, "pad_lower": 0.03819391074600769, "vertical_flip": 0.5621466070233376, "scale_upper": 1.9630670583018368, "rotation_lower": -166, "crop_upper": 0.17102983584153097}, "used_budget": 703.6584103107452}