{"configs": {"pad_probability": 0.2749244871100901, "crop_upper": 0.1926448514929282, "scale_lower": 0.8871257213800301, "rotation_lower": -83, "crop_probability": 0.10084038522925387, "scale_upper": 1.384452975262286, "rotation_probability": 0.3228756843919248, "rotation_upper": 76, "scale_probability": 0.4734744777535107, "pad_upper": 0.11732121804933254, "pad_lower": 0.0865048716398766, "horizontal_flip": 0.8173059656747012, "vertical_flip": 0.9967506722274752, "crop_lower": 0.08579046666615962}, "train_accuracy": 0.13376402243589744, "train_history": {"acc": [0.11783854166666667, 0.12369791666666667, 0.12557592147435898, 0.12767928685897437, 0.13115985576923078, 0.13090945512820512, 0.13178585737179488, 0.1310596955128205, 0.13436498397435898, 0.13276241987179488, 0.13444010416666666, 0.13376402243589744], "val_loss": [2.5964452239990234, 2.6794968631744385, 2.9131564361572266, 3.2271793571472167, 2.4766356887817382, 3.322338525390625, 2.8605707847595214, 2.540252183532715, 3.0372823570251466, 2.965728325653076, 2.8847747802734376, 2.933730997467041], "val_acc": [0.0979, 0.0975, 0.0974, 0.0976, 0.0982, 0.0979, 0.0987, 0.1035, 0.1123, 0.1095, 0.1169, 0.1235], "loss": [2.2869104880553026, 2.2746497767093854, 2.2729770159110045, 2.268197467693916, 2.265635833526269, 2.263454875884912, 2.2599793634353538, 2.2601436781577573, 2.2575578490893045, 2.2565506245845404, 2.2540649389609313, 2.2534163831136165]}, "validation_error": 0.8765000000000001, "augment": true, "used_budget": 669.3713929653168}