{"validation_error": 0.8868, "augment": true, "configs": {"horizontal_flip": 0.9732976164893024, "scale_upper": 1.5208214773492266, "pad_probability": 0.35983739903436207, "rotation_lower": -128, "vertical_flip": 0.7448278523884552, "pad_lower": 0.015448693889943889, "crop_lower": 0.002752672022890135, "scale_probability": 0.020135829172624575, "crop_upper": 0.18530250569900664, "pad_upper": 0.26572652738102837, "rotation_upper": 174, "rotation_probability": 0.6321959847718875, "crop_probability": 0.36729682171437505, "scale_lower": 0.7594421746602935}, "used_budget": 737.6081004142761, "train_accuracy": 0.12782952724358973, "train_history": {"val_loss": [3.3826050369262695, 2.6483042442321776, 2.6046174869537353, 2.861378003692627, 2.5531106456756594, 2.657098314666748, 2.4872044319152833, 3.222334867095947, 2.6812548274993895, 2.856640245819092, 2.347284943008423, 2.363412774658203], "val_acc": [0.1061, 0.106, 0.1061, 0.1064, 0.1078, 0.106, 0.1065, 0.1064, 0.1062, 0.1067, 0.1138, 0.1132], "acc": [0.1146083733974359, 0.1257762419871795, 0.11881510416666667, 0.12417367788461539, 0.12369791666666667, 0.12630208333333334, 0.12287159455128205, 0.12324719551282051, 0.11986678685897435, 0.12868088942307693, 0.12525040064102563, 0.12782952724358973], "loss": [2.2919698319373984, 2.283570769505623, 2.280911467778377, 2.2773643181874204, 2.279037648286575, 2.2784226062970285, 2.276153271779036, 2.275697028789765, 2.275280160781665, 2.271568876810563, 2.272777286859659, 2.272535224755605]}}