{"train_accuracy": 0.1103515625, "train_history": {"val_acc": [0.1014, 0.1051, 0.1014, 0.1015, 0.1014, 0.1015, 0.1009, 0.1011, 0.1012, 0.101, 0.1004, 0.1011], "val_loss": [2.7000414237976074, 2.300141864776611, 2.4282970001220705, 2.462347646713257, 3.7335933959960936, 2.8674987995147707, 2.7787471584320067, 2.6672897857666014, 4.100760010528565, 2.9399128086090087, 3.4107972801208497, 5.110383972167969], "loss": [2.3001967615041976, 2.298148797872739, 2.2962802052497864, 2.2957743704319, 2.2964624770176716, 2.2952413856983185, 2.295005740263523, 2.2932896598791466, 2.293703963359197, 2.294475033497199, 2.294991460366127, 2.293831849709535], "acc": [0.10717147435897435, 0.10561899038461539, 0.10819811698717949, 0.10980068108974358, 0.10677083333333333, 0.11135316506410256, 0.10561899038461539, 0.10857371794871795, 0.10992588141025642, 0.10897435897435898, 0.1084735576923077, 0.1103515625]}, "used_budget": 698.4102573394775, "configs": {"pad_probability": 0.9925839002063682, "pad_upper": 0.1644096036560409, "vertical_flip": 0.30022069774619453, "crop_upper": 0.1857573012246024, "scale_lower": 0.7194527410049836, "rotation_upper": 139, "rotation_probability": 0.7372883500413254, "rotation_lower": -44, "horizontal_flip": 0.6783762339547785, "crop_lower": 0.02071819410078958, "scale_probability": 0.9628614627962119, "scale_upper": 1.3929070198059235, "crop_probability": 0.3886954538242541, "pad_lower": 0.07201285698510994}, "validation_error": 0.8989, "augment": true}