{"validation_error": 0.9022, "used_budget": 742.9939789772034, "train_history": {"val_loss": [2.3885640029907225, 2.3509833503723145, 2.9176452079772948, 2.6599815704345704, 2.484366278076172, 2.622305500793457, 2.5698192909240722, 2.69513172454834, 2.4890751998901366, 2.5069803321838378, 2.5079822689056397, 2.4249713287353516], "val_acc": [0.0944, 0.0952, 0.0947, 0.095, 0.0953, 0.0951, 0.0958, 0.0948, 0.094, 0.0964, 0.0973, 0.0978], "loss": [2.29503549520786, 2.2882985938818026, 2.287377825150123, 2.2825602216598315, 2.284552043829209, 2.280613702077132, 2.279667712174929, 2.28034941584636, 2.2772609346952195, 2.277830196496768, 2.278517742951711, 2.2785911712891016], "acc": [0.11117788461538461, 0.12091846955128205, 0.11783854166666667, 0.12222055288461539, 0.11791366185897435, 0.12136919070512821, 0.12294671474358974, 0.12174479166666667, 0.12307191506410256, 0.12444911858974358, 0.12272135416666667, 0.12377303685897435]}, "configs": {"pad_probability": 0.27048707128439176, "pad_upper": 0.1634825452671615, "scale_probability": 0.08802396048764516, "crop_probability": 0.6257125438133064, "horizontal_flip": 0.3930911976231223, "rotation_upper": 3, "scale_lower": 0.9868186267302499, "rotation_probability": 0.6555572735127381, "pad_lower": 0.02032818067751411, "crop_upper": 0.13237403123257574, "rotation_lower": -136, "crop_lower": 0.08432713410382603, "scale_upper": 1.1023591913713653, "vertical_flip": 0.35099648413190887}, "train_accuracy": 0.12377303685897435, "augment": true}