{"augment": true, "used_budget": 681.5726013183594, "train_history": {"loss": [2.295462729075016, 2.2918403270917063, 2.2905334417636576, 2.2861088751218257, 2.2874466524674344, 2.2870144500182223, 2.285495800849719, 2.285945196946462, 2.285487393538157, 2.285612399761493, 2.286609959143859, 2.2858691269006486], "val_loss": [2.352570119857788, 2.448964562225342, 2.559111686706543, 2.516026803588867, 2.9060117694854735, 2.503318251800537, 3.2279428298950195, 2.886688877487183, 2.725728817367554, 2.8439344860076905, 2.6124534061431883, 3.072969403076172], "acc": [0.10869891826923077, 0.11273036858974358, 0.11215444711538461, 0.11964142628205128, 0.11240484775641026, 0.11596053685897435, 0.11691205929487179, 0.11868990384615384, 0.11588541666666667, 0.11588541666666667, 0.11676181891025642, 0.11323116987179487], "val_acc": [0.104, 0.1025, 0.1024, 0.1023, 0.1031, 0.1022, 0.1017, 0.1024, 0.1025, 0.1024, 0.103, 0.1028]}, "train_accuracy": 0.11323116987179487, "configs": {"pad_lower": 0.09056099774687021, "scale_upper": 1.2513846565687547, "crop_probability": 0.34133838165852726, "rotation_probability": 0.44987822023590507, "horizontal_flip": 0.3844431102605973, "pad_upper": 0.14543815469859014, "rotation_lower": -7, "scale_lower": 0.6414061432229059, "vertical_flip": 0.6058311100726109, "rotation_upper": 179, "crop_lower": 0.04750434019155772, "crop_upper": 0.1007832229477834, "pad_probability": 0.8155309619206906, "scale_probability": 0.660692432959794}, "validation_error": 0.8972}