{"used_budget": 656.712316274643, "validation_error": 0.9056, "augment": true, "train_history": {"val_loss": [2.9683270450592043, 2.4675198108673095, 3.1726656044006347, 2.4923439514160157, 2.9651349197387695, 2.7937651096343994, 2.483202782058716, 2.6649614501953125, 2.7852510383605957, 2.7205331512451174, 2.611147255706787, 3.411917724609375], "val_acc": [0.0948, 0.095, 0.0948, 0.0947, 0.0947, 0.0947, 0.0948, 0.0939, 0.0947, 0.0946, 0.0947, 0.0944], "loss": [2.2892282215448527, 2.2782263595324297, 2.2756252930714536, 2.2736903039308696, 2.269662763827886, 2.2676423772787437, 2.2686181366443634, 2.2699463894734015, 2.266324811256849, 2.266273259352415, 2.2673675479033055, 2.2646078696617713], "acc": [0.11400741185897435, 0.12332231570512821, 0.12532552083333334, 0.12845552884615385, 0.12717848557692307, 0.13095953525641027, 0.1318359375, 0.12735376602564102, 0.13110977564102563, 0.12750400641025642, 0.1316356169871795, 0.1312099358974359]}, "configs": {"scale_probability": 0.32775365855918537, "pad_lower": 0.03226480902623874, "rotation_lower": -104, "rotation_upper": 100, "horizontal_flip": 0.4160626239614199, "crop_probability": 0.20538350158814522, "scale_upper": 1.1641871877743246, "crop_lower": 0.053859872256960366, "scale_lower": 0.6459486820258461, "pad_upper": 0.23538262681209268, "vertical_flip": 0.9570881403483372, "crop_upper": 0.1458473732845303, "pad_probability": 0.502055481155581, "rotation_probability": 0.38311640166509797}, "train_accuracy": 0.1312099358974359}