{"augment": true, "train_history": {"val_acc": [0.0981, 0.0971, 0.1026, 0.1022, 0.0982, 0.0999, 0.1136, 0.1015, 0.1004, 0.1023, 0.102, 0.1021], "acc": [0.10551883012820513, 0.10859875801282051, 0.1119541266025641, 0.10799779647435898, 0.10792267628205128, 0.10809795673076923, 0.11155348557692307, 0.10967548076923077, 0.1103515625, 0.10965044070512821, 0.1136318108974359, 0.11445813301282051], "loss": [2.2979358235994973, 2.294966529577206, 2.293082592579035, 2.293181401032668, 2.2911829818517733, 2.292162157786198, 2.2898794343838325, 2.2914263032949886, 2.2896084670837107, 2.2901465319670162, 2.2910837531089783, 2.2900098997813005], "val_loss": [2.422138398361206, 2.371486724472046, 3.712728300857544, 3.0901707481384277, 3.91289612197876, 2.9241343486785887, 3.213894246673584, 3.182190092468262, 3.247091149139404, 3.741971630859375, 3.387973666381836, 3.365023077774048]}, "used_budget": 687.9846272468567, "validation_error": 0.8979, "train_accuracy": 0.11445813301282051, "configs": {"vertical_flip": 0.8812857234450334, "pad_upper": 0.27037278388959307, "crop_upper": 0.16873705618105017, "rotation_upper": 3, "scale_lower": 0.7456883829258967, "pad_probability": 0.20715382168098506, "horizontal_flip": 0.672359271676571, "scale_probability": 0.8611860400472499, "rotation_lower": -10, "rotation_probability": 0.6899724042122162, "pad_lower": 0.017622246226988526, "crop_lower": 0.06666753528789293, "crop_probability": 0.7592979394986467, "scale_upper": 1.4997173495748468}}