{"used_budget": 739.4815814495087, "train_accuracy": 0.11553485576923077, "augment": true, "configs": {"pad_lower": 0.004971744358943076, "crop_upper": 0.2646477798663487, "scale_lower": 0.5429664759940045, "rotation_upper": 87, "vertical_flip": 0.3792910171104614, "rotation_probability": 0.2804934844822774, "pad_upper": 0.14081282703643244, "scale_upper": 1.6957196545501514, "crop_probability": 0.6406842360570437, "crop_lower": 0.0027981769318827124, "pad_probability": 0.4612530120652776, "rotation_lower": -56, "horizontal_flip": 0.22733525917619202, "scale_probability": 0.6292502167967192}, "train_history": {"val_loss": [2.382651872253418, 2.2890676712036133, 2.392214865875244, 2.2985435798645018, 2.5884915176391603, 2.3224082359313964, 2.4767619346618654, 2.939237055206299, 2.503515305328369, 2.485828338623047, 2.558156101226807, 2.6515968856811525], "val_acc": [0.1063, 0.1096, 0.1046, 0.1084, 0.1047, 0.1091, 0.105, 0.1056, 0.1045, 0.1056, 0.1094, 0.1076], "acc": [0.1116786858974359, 0.1123046875, 0.11368189102564102, 0.11500901442307693, 0.11588541666666667, 0.11616085737179487, 0.11811398237179487, 0.1171875, 0.11676181891025642, 0.11873998397435898, 0.11470853365384616, 0.11553485576923077], "loss": [2.297768670014846, 2.2955250717126408, 2.2913000682989755, 2.2891783744860916, 2.2891163260508804, 2.287712959142832, 2.2870585842010303, 2.2867704859146705, 2.286702966842896, 2.2878757952115474, 2.2863139464304996, 2.2862109343210855]}, "validation_error": 0.8924}