{"augment": true, "train_accuracy": 0.1168369391025641, "configs": {"vertical_flip": 0.4961809692840964, "pad_probability": 0.20601977775230962, "pad_upper": 0.2016413004692562, "rotation_lower": -8, "scale_probability": 0.34137297687795887, "rotation_probability": 0.662845141096987, "crop_lower": 0.009543131021437879, "crop_upper": 0.2659979848322064, "pad_lower": 0.07364505933428393, "rotation_upper": 76, "scale_lower": 0.80654652974689, "horizontal_flip": 0.9840171852148893, "scale_upper": 1.5625361839524456, "crop_probability": 0.46986071289361286}, "train_history": {"loss": [2.298746328323315, 2.293609946202009, 2.291915054504688, 2.2896512708602805, 2.289280978532938, 2.2877138600899625, 2.284641098517638, 2.2863849172225366, 2.2856387343162146, 2.2861144290520596, 2.2850083097433433, 2.2859219236251636], "val_loss": [2.423589751815796, 2.4521443790435793, 3.3915084659576418, 2.5196223457336426, 2.459944980239868, 3.2535626625061034, 4.139352202606201, 3.3078497261047364, 2.705953401565552, 2.876959395599365, 2.825502758026123, 2.7535805130004882], "acc": [0.10822315705128205, 0.11250500801282051, 0.11062700320512821, 0.11368189102564102, 0.1162109375, 0.11398237179487179, 0.11811398237179487, 0.11741286057692307, 0.1171123798076923, 0.11748798076923077, 0.11701221955128205, 0.1168369391025641], "val_acc": [0.1105, 0.0993, 0.0993, 0.1012, 0.0989, 0.0992, 0.0993, 0.0993, 0.0997, 0.0991, 0.097, 0.0999]}, "validation_error": 0.9001, "used_budget": 737.6902148723602}