{"train_history": {"val_acc": [0.1032, 0.1027, 0.1027, 0.1026, 0.1028, 0.1026, 0.1027, 0.1027, 0.1026, 0.103, 0.1005, 0.1001], "val_loss": [2.3190838829040525, 2.451790142059326, 2.5296843883514404, 2.4409269805908202, 2.8168873523712157, 2.545373843383789, 2.9426192520141603, 3.413721228027344, 4.527263571166992, 2.7813337520599366, 3.2584411735534666, 2.6996082931518557], "acc": [0.11258012820512821, 0.11440805288461539, 0.11368189102564102, 0.11596053685897435, 0.11638621794871795, 0.11843950320512821, 0.11994190705128205, 0.1181640625, 0.11618589743589744, 0.11533453525641026, 0.11428285256410256, 0.11588541666666667], "loss": [2.296258193560136, 2.2918282128297367, 2.2908112513713346, 2.2874028789691434, 2.2870313364725847, 2.286652432802396, 2.2852699901813116, 2.284388167735858, 2.283817804012543, 2.284964865598923, 2.286023951493777, 2.283238200040964]}, "configs": {"pad_probability": 0.267716149506667, "rotation_lower": -88, "crop_probability": 0.2819295870928201, "crop_upper": 0.2054639150316545, "scale_upper": 1.0854184863535674, "crop_lower": 0.08273765366566294, "vertical_flip": 0.0637615797652844, "pad_lower": 0.02605528926822538, "horizontal_flip": 0.385105060994241, "pad_upper": 0.1589650445341804, "rotation_probability": 0.5611298185288635, "scale_lower": 0.5429103442875869, "scale_probability": 0.7276519463891616, "rotation_upper": 90}, "validation_error": 0.8999, "train_accuracy": 0.11588541666666667, "augment": true, "used_budget": 744.2608711719513}