{"configs": {"pad_lower": 0.08775257898760797, "pad_probability": 0.741924459755395, "crop_probability": 0.3385491927977833, "pad_upper": 0.2442249596837919, "scale_upper": 1.1534114770253416, "rotation_probability": 0.28644974214361796, "rotation_lower": -47, "scale_probability": 0.2599514219070067, "scale_lower": 0.6627801372743989, "vertical_flip": 0.018585517814236785, "horizontal_flip": 0.745469901253691, "rotation_upper": 127, "crop_upper": 0.2645090753967758, "crop_lower": 0.005016176482685097}, "train_accuracy": 0.13283754006410256, "train_history": {"loss": [2.2876501006957812, 2.2794894530222964, 2.275227659023725, 2.272619075500048, 2.271700619122921, 2.2695879943859882, 2.2706300639189205, 2.2697202425736647, 2.264860164660674, 2.2659124632676444, 2.2690474528532762, 2.2640007566183042], "val_acc": [0.0998, 0.0998, 0.0999, 0.0983, 0.0993, 0.0997, 0.0996, 0.0995, 0.0991, 0.0996, 0.0996, 0.1042], "val_loss": [2.479445980834961, 2.576307402420044, 2.4513421142578125, 2.818488414001465, 2.488546388244629, 2.9842234741210936, 2.3628659755706787, 2.787459033584595, 3.469680167770386, 2.9055183113098146, 2.6226124725341795, 2.3081082374572754], "acc": [0.11811398237179487, 0.12299679487179487, 0.12444911858974358, 0.12878104967948717, 0.12725360576923078, 0.12885616987179488, 0.12823016826923078, 0.12815504807692307, 0.13196113782051283, 0.13336338141025642, 0.12760416666666666, 0.13283754006410256]}, "augment": true, "validation_error": 0.8958, "used_budget": 756.2414917945862}