{"train_history": {"val_acc": [0.1014, 0.0976, 0.0971, 0.0969, 0.0969, 0.0969, 0.0986, 0.0969, 0.097, 0.0969, 0.0983, 0.0969], "val_loss": [2.310226110076904, 2.299217644119263, 2.4592988670349123, 3.2900655548095705, 2.831852476501465, 2.547894694519043, 2.6276194229125975, 2.625997987365723, 2.82603942489624, 3.5471846694946287, 2.325942190551758, 2.7107439792633055], "loss": [2.2995195786158242, 2.297196855911842, 2.2951888098166537, 2.2945093695934, 2.2946980931820016, 2.2930497160324683, 2.293276159427105, 2.2930109730133643, 2.291708849943601, 2.2928713712936792, 2.2922676442525325, 2.2908033308310385], "acc": [0.10266426282051282, 0.10747195512820513, 0.11275540865384616, 0.10950020032051282, 0.10759715544871795, 0.1133563701923077, 0.11430789262820513, 0.10889923878205128, 0.10842347756410256, 0.11165364583333333, 0.11215444711538461, 0.11405749198717949]}, "augment": true, "validation_error": 0.9031, "train_accuracy": 0.11405749198717949, "used_budget": 763.4532585144043, "configs": {"crop_lower": 0.09440263650959677, "crop_probability": 0.4976483440986901, "pad_probability": 0.8178171711239923, "rotation_probability": 0.7342273455132265, "crop_upper": 0.2120671176581978, "scale_probability": 0.705266050355292, "rotation_upper": 161, "horizontal_flip": 0.9092419749760089, "pad_lower": 0.027603474739172518, "scale_lower": 0.7684346836763454, "pad_upper": 0.20597722119576123, "scale_upper": 1.0946922049444658, "rotation_lower": -120, "vertical_flip": 0.32082741653167524}}