{"train_history": {"acc": [0.10559395032051282, 0.10702123397435898, 0.11298076923076923, 0.11025140224358974, 0.11105268429487179, 0.11122796474358974, 0.1114032451923077, 0.11438301282051282, 0.11283052884615384, 0.1143329326923077, 0.11210436698717949, 0.11162860576923077], "val_acc": [0.104, 0.105, 0.0989, 0.1044, 0.1113, 0.1216, 0.1269, 0.1101, 0.1045, 0.1265, 0.1283, 0.1224], "val_loss": [2.3913874660491943, 2.57838539352417, 2.816826290512085, 3.20368712348938, 2.9158993602752687, 3.059185808944702, 2.857572666168213, 3.244881516647339, 4.743099869537353, 2.499060523223877, 3.049950933074951, 3.4791734088897703], "loss": [2.2979112229286094, 2.2956074277559915, 2.2910536435934215, 2.2922368294153457, 2.2907535288578424, 2.2901852910335245, 2.289497969242243, 2.288092192931053, 2.287671070832473, 2.2876364573454246, 2.287485209030983, 2.286096677566186]}, "augment": true, "used_budget": 734.1530935764313, "train_accuracy": 0.11162860576923077, "validation_error": 0.8776, "configs": {"pad_lower": 0.03125706546705527, "rotation_lower": -42, "horizontal_flip": 0.20056508226698166, "vertical_flip": 0.023550625613090514, "pad_probability": 0.06519785260621624, "rotation_upper": 143, "crop_upper": 0.1658190374146135, "crop_lower": 0.09605775384840506, "scale_upper": 1.9018368043442047, "scale_probability": 0.996155727905619, "rotation_probability": 0.2960894902725638, "crop_probability": 0.0010452883143190483, "pad_upper": 0.2824789140664482, "scale_lower": 0.899683342893921}}