{"configs": {"crop_lower": 0.0668848788847754, "vertical_flip": 0.7591321872547644, "crop_probability": 0.8825179120954498, "pad_probability": 0.06823393714609682, "crop_upper": 0.10683350856174403, "scale_probability": 0.017162987307892563, "pad_upper": 0.19126368832095514, "scale_upper": 1.4401033002264922, "rotation_upper": 47, "rotation_probability": 0.28770708300248193, "scale_lower": 0.8794863985098427, "horizontal_flip": 0.04717199279971229, "pad_lower": 0.036269145560817444, "rotation_lower": -36}, "train_history": {"val_acc": [0.1085, 0.0998, 0.1038, 0.101, 0.1004, 0.0996, 0.1084, 0.0991, 0.1027, 0.0989, 0.1031, 0.1058], "loss": [2.2852893762099438, 2.2680739485300503, 2.2648248832959395, 2.263111329995669, 2.2563944160938263, 2.2565028759149404, 2.2577748871766605, 2.2518217907502103, 2.2498153226497846, 2.2501531633046956, 2.2482547729443283, 2.245055988048896], "val_loss": [2.383193695068359, 2.5836659255981447, 2.437696920776367, 2.454564709854126, 3.290144046783447, 2.5490856967926026, 2.4017898818969727, 2.6086305526733398, 2.540614475250244, 3.561547218322754, 2.7786363739013673, 2.4707662002563477], "acc": [0.12414863782051282, 0.1355919471153846, 0.13439002403846154, 0.13772035256410256, 0.14367988782051283, 0.1402744391025641, 0.13844651442307693, 0.14352964743589744, 0.14197716346153846, 0.1409004407051282, 0.1438301282051282, 0.14177684294871795]}, "augment": true, "validation_error": 0.8942, "used_budget": 650.0566759109497, "train_accuracy": 0.14177684294871795}