{"configs": {"scale_lower": 0.7677457818677892, "pad_upper": 0.12237728851569292, "crop_lower": 0.0754497529439135, "crop_upper": 0.24783951522896783, "scale_probability": 0.5281526740719353, "pad_lower": 0.06397287096385909, "horizontal_flip": 0.7561285271361379, "rotation_probability": 0.052845001176183404, "pad_probability": 0.23958355765735095, "rotation_upper": 77, "crop_probability": 0.36095618744430724, "rotation_lower": -31, "vertical_flip": 0.22710022789798, "scale_upper": 1.3106454454246825}, "validation_error": 0.8932, "used_budget": 732.3462889194489, "train_accuracy": 0.13696915064102563, "augment": true, "train_history": {"loss": [2.290652570052025, 2.280234593611497, 2.275703495129561, 2.2745535664069347, 2.2722363013487596, 2.268104042762365, 2.2682365629917536, 2.2668625521354184, 2.265964285685466, 2.2656680872807136, 2.262292054983286, 2.260620336502026], "acc": [0.1158603766025641, 0.12447415865384616, 0.12620192307692307, 0.12823016826923078, 0.12858072916666666, 0.12963241185897437, 0.13020833333333334, 0.13273737980769232, 0.13396434294871795, 0.1306590544871795, 0.1314853766025641, 0.13696915064102563], "val_acc": [0.1034, 0.1044, 0.1039, 0.1041, 0.1038, 0.1038, 0.104, 0.1038, 0.1112, 0.1139, 0.1072, 0.1068], "val_loss": [2.3309346321105955, 2.6979666912078857, 2.5301713371276855, 2.3612837242126465, 2.395679668045044, 2.645018072128296, 2.747406449508667, 2.500880352783203, 2.561826163482666, 3.128456941986084, 2.8604700469970705, 2.5311916366577147]}}