{"train_history": {"loss": [2.2924162508585515, 2.284931775086965, 2.279749341500111, 2.2799918957245655, 2.276341581955934, 2.278768804592964, 2.2764690533662453, 2.276293403827227, 2.274277774951397, 2.2747278893605256, 2.274118654238872, 2.273252005760486], "val_acc": [0.1086, 0.099, 0.0981, 0.1061, 0.0989, 0.0984, 0.0971, 0.0967, 0.0937, 0.0935, 0.0988, 0.0988], "val_loss": [2.5090484420776367, 2.8452445762634277, 2.7298782543182374, 2.310520927810669, 3.3772650329589844, 3.1316065254211427, 3.2288479961395264, 3.573497329711914, 3.1521263710021974, 4.2273997631073, 3.5078823097229006, 3.9339108963012697], "acc": [0.11055188301282051, 0.11761318108974358, 0.1210186298076923, 0.12099358974358974, 0.12169471153846154, 0.11588541666666667, 0.11939102564102565, 0.1180889423076923, 0.1211688701923077, 0.12044270833333333, 0.12029246794871795, 0.12192007211538461]}, "augment": true, "configs": {"vertical_flip": 0.08540904588200038, "horizontal_flip": 0.9019027369789312, "scale_upper": 1.028658625011797, "crop_lower": 0.025737472399747465, "pad_probability": 0.33210855744364076, "rotation_lower": -19, "scale_lower": 0.6273091163424214, "pad_upper": 0.15517469886643287, "rotation_upper": 36, "pad_lower": 0.05310662808697597, "crop_probability": 0.0070472398783986145, "scale_probability": 0.9002878962243183, "rotation_probability": 0.2720371367507741, "crop_upper": 0.10417722444126715}, "validation_error": 0.9012, "used_budget": 674.8653907775879, "train_accuracy": 0.12192007211538461}