{"train_accuracy": 0.11813902243589744, "validation_error": 0.901, "augment": true, "used_budget": 743.6540746688843, "train_history": {"acc": [0.1084735576923077, 0.11110276442307693, 0.11232972756410256, 0.11368189102564102, 0.11535957532051282, 0.11160356570512821, 0.11518429487179487, 0.11493389423076923, 0.11553485576923077, 0.11601061698717949, 0.11944110576923077, 0.11813902243589744], "loss": [2.2973408752526994, 2.29383040085817, 2.29132971014732, 2.2895313715323424, 2.2883187402517366, 2.2901633954965153, 2.286412624976574, 2.2868771721155214, 2.2894131418986197, 2.286921642529659, 2.2842428531402197, 2.282554404093669], "val_loss": [2.372197196960449, 2.4967828170776367, 2.6745744247436525, 2.77554482383728, 2.5118072132110596, 2.496623179626465, 3.013651634597778, 3.466583109283447, 2.562332250213623, 2.6461895248413088, 2.564483895111084, 2.983680950164795], "val_acc": [0.1086, 0.1097, 0.1, 0.0989, 0.0958, 0.0979, 0.1054, 0.1067, 0.106, 0.1038, 0.1108, 0.099]}, "configs": {"crop_probability": 0.4817858013337818, "horizontal_flip": 0.8470537744165855, "crop_upper": 0.11035615303799867, "rotation_lower": -163, "vertical_flip": 0.427607987023663, "scale_probability": 0.7174540681745802, "pad_upper": 0.17561093294107938, "scale_upper": 1.512993927287277, "scale_lower": 0.9750230718155669, "pad_lower": 0.09567916501855767, "rotation_upper": 123, "crop_lower": 0.041398303220125623, "pad_probability": 0.662592996471895, "rotation_probability": 0.3580492962554226}}