{"augment": true, "configs": {"crop_lower": 0.06189007283278253, "pad_upper": 0.24579643677052668, "scale_probability": 0.4284482671227925, "rotation_upper": 118, "rotation_probability": 0.36880715035715506, "pad_lower": 0.018124807656809506, "crop_upper": 0.20984969500036632, "vertical_flip": 0.958622293921026, "pad_probability": 0.9570617886198086, "scale_lower": 0.9177791767644516, "scale_upper": 1.598269624962441, "crop_probability": 0.7486048981402644, "horizontal_flip": 0.43324784336555033, "rotation_lower": -133}, "validation_error": 0.9021, "used_budget": 689.6394062042236, "train_history": {"val_loss": [2.327729100036621, 2.492950177001953, 2.666652850341797, 2.571895839691162, 3.59403819732666, 4.150621599578858, 2.7544946369171144, 3.1837183906555175, 2.570191661071777, 3.1059296592712404, 3.7386721504211424, 3.0775564670562745], "loss": [2.296809936945255, 2.291825607036933, 2.289631221538935, 2.2873643384529996, 2.285976847777, 2.2853334958736715, 2.2859236231217017, 2.284531932610732, 2.28428105589671, 2.2847798076959758, 2.2851972587597675, 2.284380774467419], "val_acc": [0.0997, 0.0995, 0.1055, 0.1005, 0.0997, 0.0997, 0.0992, 0.0994, 0.0996, 0.0994, 0.099, 0.0979], "acc": [0.10995092147435898, 0.11343149038461539, 0.11270532852564102, 0.11633613782051282, 0.11891526442307693, 0.11207932692307693, 0.11403245192307693, 0.11428285256410256, 0.11591045673076923, 0.11806390224358974, 0.11708733974358974, 0.1155849358974359]}, "train_accuracy": 0.1155849358974359}