{"augment": true, "configs": {"pad_upper": 0.1586137220532114, "rotation_upper": 91, "horizontal_flip": 0.5024313296935637, "scale_probability": 0.4011460625555312, "scale_lower": 0.961632623792116, "pad_lower": 0.04852238550570375, "rotation_lower": -169, "crop_probability": 0.1798719752660186, "crop_upper": 0.16677063727489383, "vertical_flip": 0.4290584734212527, "scale_upper": 1.5783273710844985, "rotation_probability": 0.12138982939883192, "pad_probability": 0.44233138149000084, "crop_lower": 0.002983203750105712}, "validation_error": 0.8811, "train_history": {"loss": [2.288654088973999, 2.2776663983479524, 2.2731129244351997, 2.271887154915394, 2.2675086710697565, 2.2686434342310977, 2.268836341607265, 2.2642752833855457, 2.2643655798374076, 2.2642289193776937, 2.26389096562679, 2.2620797547010274], "val_acc": [0.1023, 0.102, 0.1013, 0.1032, 0.1155, 0.1058, 0.1012, 0.1057, 0.1244, 0.1162, 0.1135, 0.1189], "acc": [0.11788862179487179, 0.13075921474358973, 0.13030849358974358, 0.12975761217948717, 0.13040865384615385, 0.13123497596153846, 0.1298828125, 0.1315604967948718, 0.1330128205128205, 0.1320362580128205, 0.13341346153846154, 0.13566706730769232], "val_loss": [2.474233243560791, 2.5801921463012696, 2.396230089569092, 2.4134603492736817, 2.6320018196105956, 2.6158202350616455, 2.8415247142791746, 2.3514260261535647, 2.530038584136963, 2.6370109512329103, 2.574936357498169, 2.5059979782104493]}, "used_budget": 724.9790074825287, "train_accuracy": 0.13566706730769232}