{"configs": {"scale_lower": 0.9302650352116189, "crop_lower": 0.07546433450787042, "horizontal_flip": 0.5263558320707127, "scale_upper": 1.5171245312309267, "pad_probability": 0.7254875667939105, "pad_lower": 0.029495598367394807, "vertical_flip": 0.18359761486405302, "scale_probability": 0.04732584489185632, "crop_upper": 0.28331620439380834, "rotation_lower": -158, "rotation_upper": 54, "pad_upper": 0.21485010177515185, "crop_probability": 0.7669266456640972, "rotation_probability": 0.46966081879978616}, "validation_error": 0.9035, "augment": true, "used_budget": 662.7327411174774, "train_accuracy": 0.11858974358974358, "train_history": {"val_loss": [2.3473622619628904, 2.4073149574279786, 2.644716572189331, 3.094614683532715, 2.3997131240844727, 2.428478212738037, 2.570092809677124, 2.7760029388427734, 2.5218839920043945, 2.350966554260254, 3.0044605583190918, 2.5510195045471193], "acc": [0.1092998798076923, 0.11475861378205128, 0.11538461538461539, 0.1171123798076923, 0.11771334134615384, 0.12139423076923077, 0.12239583333333333, 0.11999198717948718, 0.11858974358974358, 0.11833934294871795, 0.11991686698717949, 0.11858974358974358], "val_acc": [0.0968, 0.0964, 0.0965, 0.0964, 0.0964, 0.0966, 0.0964, 0.0968, 0.0978, 0.0967, 0.0965, 0.0965], "loss": [2.297230539413599, 2.2917981973061194, 2.2896841145478763, 2.286924904737717, 2.2855348648169103, 2.2859593499929476, 2.2837325433890023, 2.282483216279592, 2.2838155191678267, 2.283895410788365, 2.2813247465170345, 2.2840453737821336]}}