{"configs": {"scale_lower": 0.6176028631565796, "pad_upper": 0.2619663970195344, "crop_probability": 0.7395530135494988, "rotation_lower": -169, "crop_upper": 0.2666473940134474, "rotation_probability": 0.4707243816170278, "crop_lower": 0.001988050009023634, "horizontal_flip": 0.6843647311080125, "pad_lower": 0.07902974153026623, "rotation_upper": 51, "vertical_flip": 0.1776617301918596, "pad_probability": 0.938166946926618, "scale_upper": 1.2902740211354184, "scale_probability": 0.5972300327164971}, "used_budget": 756.338125705719, "train_history": {"val_loss": [2.3307331115722656, 2.5572133769989014, 2.7430508491516115, 2.728235417938232, 3.905471025466919, 3.6174546993255614, 3.023287840270996, 4.571184893798828, 3.81945588760376, 3.2684104843139647, 3.8551995597839355, 2.957592448806763], "val_acc": [0.1026, 0.0995, 0.0995, 0.0997, 0.0995, 0.0995, 0.0995, 0.0995, 0.0995, 0.0996, 0.0995, 0.0993], "loss": [2.298138910379165, 2.293791161897855, 2.2936636094863596, 2.2919512276466074, 2.2917946661129975, 2.2902881602446237, 2.2905737230410943, 2.2904349832962723, 2.2890514647349334, 2.2892658481231103, 2.288570763208927, 2.287639870857581], "acc": [0.10662059294871795, 0.11147836538461539, 0.10912459935897435, 0.11303084935897435, 0.11072716346153846, 0.11152844551282051, 0.11308092948717949, 0.11428285256410256, 0.1104266826923077, 0.11225460737179487, 0.11343149038461539, 0.11260516826923077]}, "train_accuracy": 0.11260516826923077, "augment": true, "validation_error": 0.9007000000000001}