{"augment": true, "used_budget": 742.9593923091888, "configs": {"pad_upper": 0.17186466187527463, "vertical_flip": 0.9382952246222559, "rotation_lower": -169, "rotation_upper": 168, "crop_lower": 0.006556046881152799, "scale_lower": 0.5617213296787837, "crop_upper": 0.11037761975556902, "scale_probability": 0.5651191541871756, "scale_upper": 1.5459329787258813, "pad_lower": 0.0857802600202808, "crop_probability": 0.04218552847591672, "rotation_probability": 0.34032943948213634, "horizontal_flip": 0.5772067954067789, "pad_probability": 0.8079318920104926}, "train_history": {"val_acc": [0.0978, 0.0976, 0.1045, 0.0976, 0.0975, 0.0975, 0.0975, 0.0984, 0.1022, 0.0976, 0.108, 0.0992], "val_loss": [3.0265365997314455, 2.4999183441162107, 2.313723839569092, 2.725571519470215, 2.416785350036621, 3.1181011119842528, 3.659770945739746, 2.614380274963379, 2.5241479270935057, 2.830927509307861, 2.4657475830078126, 2.6322922298431397], "loss": [2.291782381442877, 2.2867798469005485, 2.283345583921824, 2.2823986197129273, 2.2797871530056, 2.27894740150525, 2.278414790446942, 2.2784664073051553, 2.274914271556414, 2.2777237938000607, 2.2767125841898794, 2.275859514872233], "acc": [0.11162860576923077, 0.11643629807692307, 0.11818910256410256, 0.12006710737179487, 0.12224559294871795, 0.12334735576923077, 0.12154447115384616, 0.12069310897435898, 0.1243739983974359, 0.12119391025641026, 0.1252754407051282, 0.12134415064102565]}, "validation_error": 0.9008, "train_accuracy": 0.12134415064102565}