{"augment": true, "configs": {"crop_lower": 0.08924277476128578, "scale_lower": 0.7795127232476715, "vertical_flip": 0.914187128720222, "rotation_lower": -116, "pad_lower": 0.05773093566448463, "horizontal_flip": 0.7185538682197731, "pad_probability": 0.3065879050346577, "scale_probability": 0.16432275784088946, "rotation_upper": 158, "crop_upper": 0.25381421729678466, "scale_upper": 1.3847977875619022, "crop_probability": 0.40894361813550495, "rotation_probability": 0.6387868205106031, "pad_upper": 0.29333100785035815}, "train_accuracy": 0.11919070512820513, "used_budget": 740.3756575584412, "train_history": {"acc": [0.109375, 0.11328125, 0.11871494391025642, 0.11788862179487179, 0.11919070512820513, 0.12056790865384616, 0.11871494391025642, 0.12192007211538461, 0.1148838141025641, 0.12164463141025642, 0.11773838141025642, 0.11919070512820513], "val_loss": [2.3765044357299803, 2.745068123626709, 4.691192784500122, 3.7434448181152344, 2.6536882148742675, 3.198797668838501, 3.379470299530029, 2.5618785415649414, 2.902386946105957, 2.7194508605957033, 3.7888735725402833, 2.6748087718963625], "loss": [2.295066990149327, 2.2893205674795003, 2.2860540548960366, 2.285778658512311, 2.284859216366059, 2.2814630407553453, 2.28077293970646, 2.2814468259994802, 2.2818202750805097, 2.2798240222992043, 2.279612878958384, 2.280022149666762], "val_acc": [0.1004, 0.0983, 0.1004, 0.1003, 0.1006, 0.0992, 0.0997, 0.098, 0.1007, 0.1007, 0.1002, 0.097]}, "validation_error": 0.903}