{"used_budget": 676.7870683670044, "augment": true, "train_history": {"loss": [2.293842537280841, 2.2882375113475018, 2.2848675021758447, 2.2844050305011945, 2.2840810112464123, 2.282826386201076, 2.281361696811823, 2.280596286822588, 2.2786486859504995, 2.2772034131563625, 2.2798878290714364, 2.2775100064583316], "acc": [0.11215444711538461, 0.11618589743589744, 0.11758814102564102, 0.11771334134615384, 0.1180889423076923, 0.11868990384615384, 0.12334735576923077, 0.12001702724358974, 0.12257111378205128, 0.12176983173076923, 0.12129407051282051, 0.12212039262820513], "val_loss": [2.304354454803467, 3.029643787384033, 3.0226822425842284, 2.5238902717590332, 2.6117857917785643, 2.5082452270507813, 2.8582348278045653, 2.6689406902313233, 2.9165898094177245, 3.055840686035156, 2.473025495529175, 2.882252381134033], "val_acc": [0.0942, 0.0939, 0.0939, 0.0947, 0.0941, 0.094, 0.0944, 0.0939, 0.0939, 0.0939, 0.0942, 0.0941]}, "train_accuracy": 0.12212039262820513, "configs": {"pad_probability": 0.7232534290397313, "rotation_lower": -97, "scale_probability": 0.045720817278457115, "vertical_flip": 0.8746845795253129, "crop_upper": 0.23206646078362952, "rotation_probability": 0.7807462188733797, "scale_lower": 0.7334363695201114, "crop_probability": 0.029602838166601808, "crop_lower": 0.008724331173534161, "horizontal_flip": 0.4708326885468843, "pad_upper": 0.23850510836027097, "rotation_upper": 5, "pad_lower": 5.180589677301617e-05, "scale_upper": 1.0214105495477048}, "validation_error": 0.9059}