{"configs": {"pad_probability": 0.3378713643848348, "rotation_probability": 0.43119024803603345, "scale_probability": 0.546922315783544, "vertical_flip": 0.9644676705198852, "horizontal_flip": 0.6678414557784715, "rotation_upper": 21, "scale_lower": 0.5649222104839926, "pad_lower": 0.002395957694343909, "crop_upper": 0.23342839681322816, "scale_upper": 1.7328123126909305, "crop_lower": 0.05867757789408447, "rotation_lower": -8, "crop_probability": 0.5747149978816928, "pad_upper": 0.10434133007450541}, "used_budget": 678.6164259910583, "augment": true, "train_accuracy": 0.12244591346153846, "validation_error": 0.9036, "train_history": {"loss": [2.2950371091182413, 2.287567743124106, 2.2838375576031513, 2.2823031819783726, 2.283388137817383, 2.2820753141855583, 2.280837291326278, 2.2817865442007017, 2.278583063529088, 2.2796017833245106, 2.278188857512596, 2.279315548829543], "val_loss": [2.314238748931885, 2.5365838939666747, 2.58201946144104, 2.5456958229064943, 2.353229740905762, 2.7803426177978516, 2.73133956451416, 2.602022719192505, 3.8398349143981934, 2.8731225479125975, 2.5033261428833007, 4.099959047698975], "val_acc": [0.102, 0.1019, 0.1015, 0.1028, 0.0962, 0.1035, 0.1099, 0.1131, 0.1011, 0.1079, 0.1164, 0.0964], "acc": [0.11235476762820513, 0.11583533653846154, 0.11533453525641026, 0.11555989583333333, 0.11876502403846154, 0.11796374198717949, 0.1187900641025641, 0.11934094551282051, 0.12272135416666667, 0.1194911858974359, 0.12001702724358974, 0.12244591346153846]}}