{"validation_error": 0.8966, "used_budget": 777.0774097442627, "augment": true, "train_accuracy": 0.1026141826923077, "configs": {"scale_probability": 0.9923736600072001, "rotation_upper": 89, "crop_lower": 0.06159011722299745, "pad_upper": 0.20296423887571324, "rotation_lower": -62, "scale_lower": 0.8813407775636588, "crop_upper": 0.24043220975935356, "pad_probability": 0.8873373867704725, "rotation_probability": 0.881896090288793, "horizontal_flip": 0.06088681367324633, "vertical_flip": 0.8993331786756706, "scale_upper": 1.2334579710453124, "crop_probability": 0.65292702992061, "pad_lower": 0.07335830770273961}, "train_history": {"loss": [2.3010904567363935, 2.299562136332194, 2.2984132705590663, 2.298101257819396, 2.2971290189486284, 2.2966674054280305, 2.2956714935791798, 2.2969250289293437, 2.295584512062562, 2.295631690667226, 2.2964934148849587, 2.2967766531002827], "val_loss": [2.2968389198303223, 2.2998447845458982, 2.304322080993652, 2.34638099899292, 2.328699523162842, 2.2958758163452146, 2.5338152961730955, 3.8440587760925293, 3.0091878356933592, 2.5584036239624024, 3.3417800952911376, 3.162784046173096], "val_acc": [0.1032, 0.1068, 0.087, 0.1065, 0.1097, 0.1114, 0.1041, 0.1042, 0.1044, 0.1047, 0.1051, 0.1034], "acc": [0.10401642628205128, 0.10276442307692307, 0.10544370993589744, 0.10481770833333333, 0.10772235576923077, 0.10792267628205128, 0.10529346955128205, 0.10514322916666667, 0.10349058493589744, 0.10769731570512821, 0.10664563301282051, 0.1026141826923077]}}