{"train_accuracy": 0.14543269230769232, "validation_error": 0.8982, "augment": true, "used_budget": 717.7258541584015, "train_history": {"val_acc": [0.1037, 0.103, 0.1032, 0.0989, 0.1025, 0.104, 0.1033, 0.103, 0.1038, 0.1022, 0.1019, 0.1018], "loss": [2.2838191382395916, 2.2661746786190915, 2.261538027952879, 2.260794080984898, 2.255014628936083, 2.255814002110408, 2.249706583145337, 2.2521583086405044, 2.249268318598087, 2.247332352094161, 2.250428911202993, 2.247293327099238], "val_loss": [2.3759749355316164, 2.791308087158203, 2.4193339561462404, 3.0098972103118897, 2.6810226333618163, 2.6831463012695314, 2.6426880184173585, 2.9655535316467283, 2.5523392295837404, 2.641656422805786, 3.1735776348114015, 3.168586532211304], "acc": [0.12484975961538461, 0.1342898637820513, 0.1364433092948718, 0.1378455528846154, 0.14037459935897437, 0.13989883814102563, 0.14205228365384615, 0.14232772435897437, 0.14352964743589744, 0.14215244391025642, 0.1424278846153846, 0.14543269230769232]}, "configs": {"crop_probability": 0.2963040805132753, "scale_probability": 0.07110971105343922, "horizontal_flip": 0.06835623735444352, "pad_probability": 0.6959485322617358, "crop_upper": 0.2903891025353955, "vertical_flip": 0.5614780832723119, "rotation_lower": -165, "rotation_upper": 161, "pad_upper": 0.11535786021786852, "crop_lower": 0.09086430803517731, "scale_upper": 1.6377513106196773, "pad_lower": 0.024781530916334105, "scale_lower": 0.8886763783108249, "rotation_probability": 0.0354839581019748}}