{"augment": true, "used_budget": 740.6156370639801, "train_accuracy": 0.11791366185897435, "validation_error": 0.8956999999999999, "configs": {"pad_lower": 0.08868094463865034, "crop_lower": 0.07172335058589649, "pad_upper": 0.1833577636300826, "scale_probability": 0.28465437485451994, "horizontal_flip": 0.4088404387183959, "vertical_flip": 0.03370926908724747, "scale_upper": 1.3005606721589178, "crop_probability": 0.20453719596213393, "rotation_lower": -170, "crop_upper": 0.20291044204529168, "rotation_probability": 0.8221213216856155, "scale_lower": 0.5779138596144633, "pad_probability": 0.6040838137445191, "rotation_upper": 99}, "train_history": {"acc": [0.10649539262820513, 0.11165364583333333, 0.11761318108974358, 0.11596053685897435, 0.1151592548076923, 0.11187900641025642, 0.11498397435897435, 0.11591045673076923, 0.11388221153846154, 0.11550981570512821, 0.11673677884615384, 0.11791366185897435], "val_loss": [2.29947414932251, 2.316949779510498, 2.4768582824707033, 2.681495518875122, 2.473728987121582, 2.4137313610076903, 2.439023442077637, 3.225945467376709, 2.54502234954834, 2.406072838973999, 3.237254954147339, 2.7632086135864258], "val_acc": [0.1048, 0.1046, 0.1044, 0.1043, 0.1044, 0.1043, 0.1043, 0.1043, 0.1043, 0.1047, 0.1044, 0.1043], "loss": [2.2974872497411876, 2.2937491803597183, 2.2902668798581147, 2.288386678848511, 2.2891510396431656, 2.287977784107893, 2.2875235699690304, 2.285445103278527, 2.287408872292592, 2.288028502311462, 2.285162118000862, 2.2865099058701444]}}