{"train_accuracy": 0.11263020833333333, "augment": true, "validation_error": 0.902, "train_history": {"val_loss": [2.457091771697998, 2.7422899726867676, 3.081758151245117, 2.4938006801605224, 2.609191686630249, 2.5654929565429687, 2.658806561279297, 3.518755365753174, 2.765590328979492, 2.6790560958862306, 2.575841006851196, 2.670091206359863], "val_acc": [0.0978, 0.0982, 0.0978, 0.0977, 0.0978, 0.0976, 0.0977, 0.0978, 0.0978, 0.0979, 0.0985, 0.098], "loss": [2.2984094321727753, 2.2943357053475504, 2.2927502309664702, 2.292827993631363, 2.292157246516301, 2.290252129236857, 2.2901552006220207, 2.2888829715740986, 2.289596296273745, 2.290109273714897, 2.2888194146828775, 2.289644721990977], "acc": [0.10962540064102565, 0.11017628205128205, 0.11255508814102565, 0.11172876602564102, 0.11072716346153846, 0.11288060897435898, 0.11500901442307693, 0.1136318108974359, 0.11192908653846154, 0.1133563701923077, 0.1107021233974359, 0.11263020833333333]}, "configs": {"horizontal_flip": 0.8193058460026696, "rotation_upper": 62, "scale_probability": 0.5992957382253447, "crop_probability": 0.47467917619785327, "rotation_probability": 0.6002732933334082, "crop_lower": 0.09658424625740433, "scale_upper": 1.8262982677955244, "scale_lower": 0.7533988564555727, "vertical_flip": 0.7652423344229808, "rotation_lower": -115, "pad_lower": 0.08530326383244106, "crop_upper": 0.13433193943333388, "pad_upper": 0.2052524750176806, "pad_probability": 0.5533882180194248}, "used_budget": 743.0729804039001}