{"configs": {"pad_upper": 0.14817658722352928, "horizontal_flip": 0.036595659704601435, "scale_upper": 1.9735825867917365, "vertical_flip": 0.4813636633594376, "rotation_lower": -27, "rotation_upper": 162, "rotation_probability": 0.7507111694967963, "crop_upper": 0.2570118907206697, "pad_probability": 0.9473920093802758, "pad_lower": 0.08424119636298856, "crop_probability": 0.9931138706564995, "crop_lower": 0.03661339514593789, "scale_probability": 0.7807354186353109, "scale_lower": 0.9573767384367735}, "train_history": {"val_acc": [0.1019, 0.1184, 0.1039, 0.0971, 0.0995, 0.102, 0.1028, 0.1091, 0.113, 0.1179, 0.1019, 0.0851], "val_loss": [2.6122548988342285, 2.320346820449829, 2.515312212371826, 2.29978328704834, 2.5125843936920167, 3.212795706176758, 2.445268843460083, 3.657434799194336, 2.438926519012451, 2.2573298751831055, 2.601098434448242, 2.303630046081543], "loss": [2.301074374944736, 2.3003884890140633, 2.299957763690215, 2.299640174859609, 2.3002793483245068, 2.2991809844970703, 2.299205255814088, 2.2977781135302324, 2.2986777868026342, 2.2984215456705828, 2.2984576523303986, 2.2986965018969316], "acc": [0.10541866987179487, 0.10702123397435898, 0.10549379006410256, 0.10694611378205128, 0.10627003205128205, 0.10324018429487179, 0.1073467548076923, 0.10491786858974358, 0.10667067307692307, 0.10654547275641026, 0.10461738782051282, 0.10579427083333333]}, "train_accuracy": 0.10579427083333333, "used_budget": 761.8472318649292, "validation_error": 0.9149, "augment": true}