{"configs": {"pad_probability": 0.732295362274295, "scale_lower": 0.576254902643896, "vertical_flip": 0.13105887669263094, "pad_upper": 0.15650221867535508, "rotation_probability": 0.383520878585458, "horizontal_flip": 0.4276128875035977, "scale_probability": 0.18237337982933477, "scale_upper": 1.7756896897082295, "rotation_lower": -161, "rotation_upper": 68, "pad_lower": 0.08408392777445808, "crop_lower": 0.09789146797825786, "crop_upper": 0.17566685556992762, "crop_probability": 0.9589850319692221}, "validation_error": 0.8996999999999999, "used_budget": 734.1854915618896, "train_accuracy": 0.12229567307692307, "augment": true, "train_history": {"acc": [0.11255508814102565, 0.11738782051282051, 0.12114383012820513, 0.1192157451923077, 0.12184495192307693, 0.11723758012820513, 0.11901542467948718, 0.11951622596153846, 0.12417367788461539, 0.12179487179487179, 0.12066806891025642, 0.12229567307692307], "val_acc": [0.1001, 0.1177, 0.1, 0.1046, 0.1056, 0.1006, 0.1183, 0.129, 0.1007, 0.1077, 0.113, 0.1003], "loss": [2.2930970069689627, 2.287888798958216, 2.2843970373654976, 2.2846146394044924, 2.2814357578754425, 2.2799468399622502, 2.2809562728955197, 2.2798492358281064, 2.277507315843533, 2.2779293663990803, 2.2787142105591602, 2.2779349860472555], "val_loss": [2.3213267833709716, 2.2929162197113038, 2.7839950046539306, 2.3460101661682127, 3.1478801261901856, 2.8204621086120607, 2.4846897747039796, 2.652699435043335, 2.5346544006347655, 2.9738665939331055, 2.801066032409668, 2.801440776824951]}}