{"used_budget": 690.6785168647766, "configs": {"horizontal_flip": 0.8396698679978785, "crop_lower": 0.028875709091870063, "rotation_probability": 0.6191464129920344, "rotation_lower": -178, "scale_probability": 0.6667070662539785, "pad_probability": 0.9452556592910163, "rotation_upper": 98, "vertical_flip": 0.04112941301986495, "crop_probability": 0.8487853691867172, "crop_upper": 0.28168748503772245, "pad_upper": 0.13265820872475922, "pad_lower": 0.044479453371856485, "scale_upper": 1.1054695751277541, "scale_lower": 0.5579509732183936}, "train_accuracy": 0.11323116987179487, "validation_error": 0.8865, "augment": true, "train_history": {"loss": [2.3005689634726596, 2.295744293775314, 2.2965532564199886, 2.296088335605768, 2.2949298368050504, 2.2944041666312094, 2.2934669989805956, 2.292374148582801, 2.293761899073919, 2.294224133858314, 2.293109790636943, 2.2923262677131553], "acc": [0.10647035256410256, 0.10950020032051282, 0.1065204326923077, 0.10849859775641026, 0.11122796474358974, 0.11102764423076923, 0.11187900641025642, 0.11310596955128205, 0.11100260416666667, 0.10892427884615384, 0.11162860576923077, 0.11323116987179487], "val_loss": [2.283582480621338, 2.2985063987731933, 2.2987571315765383, 2.8062108448028567, 2.423628394317627, 3.4141793716430664, 2.691070993041992, 3.1691228702545167, 2.6713921787261965, 2.3829597938537597, 2.9957863929748534, 3.1543910381317137], "val_acc": [0.1035, 0.1012, 0.1157, 0.0988, 0.0991, 0.0994, 0.1017, 0.0997, 0.101, 0.1097, 0.102, 0.1135]}}