{"configs": {"crop_probability": 0.9139885608280361, "pad_probability": 0.6690529769490347, "pad_upper": 0.2657744197534609, "vertical_flip": 0.8249236818222195, "horizontal_flip": 0.8393574413288545, "rotation_lower": -79, "rotation_probability": 0.11366246951485481, "scale_probability": 0.00551828061290871, "crop_upper": 0.10613129691423916, "scale_upper": 1.42480827031003, "rotation_upper": 58, "scale_lower": 0.9832494615004721, "crop_lower": 0.020269225141557913, "pad_lower": 0.06619600581987665}, "augment": true, "train_history": {"val_acc": [0.1031, 0.1232, 0.1151, 0.106, 0.1305, 0.1266, 0.1117, 0.1246, 0.1221, 0.1183, 0.1099, 0.1198], "val_loss": [2.382924171447754, 2.312717353820801, 2.635767469024658, 2.606095364379883, 2.5177785682678224, 2.520847522354126, 2.4891951217651367, 2.3569367946624755, 2.453873728561401, 2.836537065124512, 2.649535479736328, 2.3856237606048585], "loss": [2.2846827636926603, 2.2753593019950085, 2.2720728325538144, 2.268843964124337, 2.2647258868584266, 2.2653167874385147, 2.2608371506898832, 2.2618190386356454, 2.263307973360404, 2.257215087994551, 2.2594335484199033, 2.2617638309796653], "acc": [0.12557592147435898, 0.1305839342948718, 0.13080929487179488, 0.13238681891025642, 0.134765625, 0.1365184294871795, 0.13952323717948717, 0.13701923076923078, 0.13669370993589744, 0.13812099358974358, 0.140625, 0.13777043269230768]}, "validation_error": 0.8802, "train_accuracy": 0.13777043269230768, "used_budget": 732.2504005432129}