{"used_budget": 747.1072974205017, "configs": {"crop_probability": 0.2582203909241195, "scale_probability": 0.6514272175269828, "scale_lower": 0.9394577562165548, "scale_upper": 1.3594842879982547, "rotation_lower": -62, "pad_upper": 0.13579698934684764, "rotation_upper": 178, "pad_probability": 0.14625425451641927, "pad_lower": 0.08805813439397334, "rotation_probability": 0.39975117478388067, "crop_lower": 0.027382429797336006, "horizontal_flip": 0.8841713137590774, "crop_upper": 0.14818544786197163, "vertical_flip": 0.0365563866161116}, "augment": true, "train_history": {"acc": [0.115234375, 0.11458333333333333, 0.11771334134615384, 0.12279647435897435, 0.11856470352564102, 0.12419871794871795, 0.12224559294871795, 0.11959134615384616, 0.12384815705128205, 0.1258263221153846, 0.12059294871794872, 0.12264623397435898], "val_acc": [0.1003, 0.1007, 0.1003, 0.101, 0.1107, 0.1092, 0.1073, 0.1091, 0.1023, 0.1188, 0.1012, 0.1028], "loss": [2.2905613825871396, 2.2847346304318843, 2.281877060731252, 2.280266053401507, 2.279394187988379, 2.2765602469444275, 2.276216295285103, 2.2777380416026483, 2.2726816481504684, 2.2738156685462365, 2.27331226452803, 2.2729403338371177], "val_loss": [2.3508260925292968, 2.328499745941162, 2.768601810836792, 2.385375473022461, 2.5278424880981447, 2.661874103164673, 3.054196473312378, 2.683727537155151, 2.9006361545562744, 2.5137926555633543, 2.8677271732330323, 3.25415528717041]}, "train_accuracy": 0.12264623397435898, "validation_error": 0.8972}