{"used_budget": 741.5752325057983, "train_accuracy": 0.11761318108974358, "train_history": {"acc": [0.1067958733974359, 0.10992588141025642, 0.11405749198717949, 0.11881510416666667, 0.11668669871794872, 0.11733774038461539, 0.11470853365384616, 0.11713741987179487, 0.11503405448717949, 0.11871494391025642, 0.11611077724358974, 0.11761318108974358], "val_acc": [0.1006, 0.1014, 0.1012, 0.1004, 0.101, 0.1008, 0.1014, 0.1012, 0.101, 0.1005, 0.1019, 0.101], "val_loss": [2.3096530811309814, 2.4434296264648436, 2.4966072681427, 2.4813252838134767, 2.671913326263428, 2.999201998901367, 2.3703161170959475, 2.8981683349609373, 3.3392478225708007, 2.7518743061065676, 2.5510971015930175, 3.0134541931152343], "loss": [2.298646474495912, 2.2940690998847666, 2.290016139929111, 2.29057366725726, 2.287657532172325, 2.2884540450878634, 2.2876014847021837, 2.2853102569396677, 2.2864260513048906, 2.285848324879622, 2.285978290515068, 2.2846403290063906]}, "configs": {"scale_lower": 0.5838180315201922, "crop_upper": 0.2919589724556936, "crop_probability": 0.6329387969066702, "scale_upper": 1.3819469350028122, "pad_upper": 0.2301040884617607, "vertical_flip": 0.5139565763957242, "rotation_lower": -161, "pad_lower": 0.010260583440410831, "rotation_probability": 0.020319628979213356, "pad_probability": 0.20543561005503674, "horizontal_flip": 0.5519691875847847, "rotation_upper": 110, "scale_probability": 0.7850200272672186, "crop_lower": 0.017469358965499927}, "validation_error": 0.899, "augment": true}