{"configs": {"scale_probability": 0.2385347255039738, "pad_lower": 0.07346291953187088, "crop_lower": 0.06719002963344094, "scale_lower": 0.6221603860676843, "pad_probability": 0.4301305811238919, "crop_probability": 0.34551348529060044, "pad_upper": 0.13789175831042083, "horizontal_flip": 0.08717791721292256, "rotation_upper": 146, "rotation_probability": 0.012858846262868928, "vertical_flip": 0.20358845463253017, "crop_upper": 0.13666353016996813, "rotation_lower": -69, "scale_upper": 1.2364487967411524}, "train_accuracy": 0.1459835737179487, "train_history": {"val_acc": [0.1033, 0.1034, 0.1033, 0.1031, 0.1033, 0.1034, 0.1083, 0.1046, 0.104, 0.1088, 0.1054, 0.1069], "acc": [0.12825520833333334, 0.13479066506410256, 0.13739483173076922, 0.14127604166666666, 0.14352964743589744, 0.14325420673076922, 0.1462840544871795, 0.14623397435897437, 0.14826221955128205, 0.14806189903846154, 0.14575821314102563, 0.1459835737179487], "loss": [2.2775983015696206, 2.262829384742639, 2.258945814309976, 2.2563726710967527, 2.2477798026341658, 2.2456913582789593, 2.2452563162033377, 2.2422003723107853, 2.2393770729884124, 2.2422593396443586, 2.2361011061912928, 2.2355567721220164], "val_loss": [2.5959603614807127, 2.367297018432617, 2.5681059440612795, 2.7699238044738768, 2.6744754623413085, 2.5710877182006837, 2.4114178649902342, 2.4217295265197754, 2.804824654006958, 2.4198546966552734, 2.665126591491699, 2.7334459114074705]}, "validation_error": 0.8931, "used_budget": 727.8653733730316, "augment": true}