{"train_history": {"val_loss": [2.4885234298706056, 2.511977522277832, 2.476758176422119, 2.4516205764770507, 3.0114903621673585, 2.6730375720977784, 2.9185524955749513, 3.086053356933594, 3.5576351860046387, 3.501480605316162, 3.707338454437256, 2.7468282382965086], "acc": [0.11105268429487179, 0.1103515625, 0.11671173878205128, 0.11475861378205128, 0.11643629807692307, 0.11721254006410256, 0.11901542467948718, 0.11338141025641026, 0.11678685897435898, 0.12094350961538461, 0.11611077724358974, 0.12126903044871795], "loss": [2.294803586525795, 2.290796983700532, 2.2875284453233085, 2.2862818088286962, 2.284907272228828, 2.284224945001113, 2.2844752195553903, 2.284704823524524, 2.283732825364822, 2.2793593261486444, 2.2829328882388578, 2.282233387995989], "val_acc": [0.0992, 0.1003, 0.1, 0.0995, 0.0986, 0.0979, 0.0978, 0.0975, 0.0991, 0.1043, 0.0981, 0.0983]}, "augment": true, "used_budget": 681.7490720748901, "configs": {"pad_probability": 0.5130946192241137, "pad_lower": 0.011836676337513986, "vertical_flip": 0.7625354019724678, "rotation_lower": -31, "crop_probability": 0.364779336252923, "rotation_probability": 0.14825810144528495, "crop_upper": 0.21766063432346913, "rotation_upper": 146, "crop_lower": 0.0935305620374849, "pad_upper": 0.20236769206849956, "scale_probability": 0.6594709900822833, "scale_upper": 1.745953209212895, "horizontal_flip": 0.6152576627273338, "scale_lower": 0.9564990315730393}, "validation_error": 0.9017, "train_accuracy": 0.12126903044871795}