{"used_budget": 734.7386894226074, "augment": true, "train_accuracy": 0.12462439903846154, "configs": {"scale_upper": 1.6586166657326806, "horizontal_flip": 0.2363919049106058, "pad_upper": 0.13342080489433708, "scale_probability": 0.3670436268774425, "pad_probability": 0.5402683455148863, "rotation_probability": 0.2205250654787988, "rotation_lower": -127, "pad_lower": 0.03573490892641656, "crop_probability": 0.9914454382875121, "scale_lower": 0.8893642205801093, "crop_lower": 0.015626398891442284, "vertical_flip": 0.03443472689263394, "crop_upper": 0.14952802580136615, "rotation_upper": 73}, "validation_error": 0.8924, "train_history": {"acc": [0.11673677884615384, 0.11931590544871795, 0.11994190705128205, 0.12064302884615384, 0.12600160256410256, 0.1240234375, 0.12069310897435898, 0.12264623397435898, 0.12347255608974358, 0.12507512019230768, 0.1293820112179487, 0.12462439903846154], "val_loss": [2.4557318943023683, 3.3828650108337404, 2.3818672046661375, 2.7594779220581054, 2.768117181777954, 3.4683249591827394, 2.672380367279053, 2.511889430618286, 2.460100354385376, 2.7853968757629395, 2.335120783615112, 2.6203546211242674], "val_acc": [0.1047, 0.1047, 0.1044, 0.1045, 0.1045, 0.1044, 0.1045, 0.1061, 0.1052, 0.1061, 0.107, 0.1076], "loss": [2.2918601494569044, 2.2828522553810706, 2.2816110803530765, 2.2771904109380183, 2.2758729473138466, 2.2742506380264578, 2.275590948569469, 2.2748592709883666, 2.273166183477793, 2.273426380677101, 2.269795488852721, 2.2730516080672922]}}