{"configs": {"crop_upper": 0.2832048704115976, "rotation_lower": -11, "horizontal_flip": 0.8873997699198422, "pad_upper": 0.2870182762540776, "rotation_probability": 0.5429398808301176, "pad_lower": 0.07534456794167035, "scale_lower": 0.72006988748089, "rotation_upper": 156, "pad_probability": 0.44475302108901316, "scale_upper": 1.9269558426689954, "scale_probability": 0.3732614019777637, "crop_probability": 0.008405870281705585, "crop_lower": 0.08716343074740568, "vertical_flip": 0.5448246619776301}, "train_history": {"loss": [2.2943939490196033, 2.2891344940051055, 2.2851341435542474, 2.284041167833866, 2.283564182428213, 2.283147462667563, 2.2820039215760355, 2.2807421546715956, 2.279294945490666, 2.2789768675963082, 2.2786278273814764, 2.2768118549615908], "val_loss": [2.299368060302734, 2.3696343086242675, 2.6298791934967043, 2.513625845718384, 2.443723767089844, 2.4224540084838866, 2.767423378753662, 2.5211333866119383, 2.5455328994750976, 2.9407001377105715, 2.674241262435913, 2.3672386489868162], "val_acc": [0.0966, 0.097, 0.097, 0.0968, 0.0973, 0.0993, 0.0968, 0.1017, 0.0979, 0.0985, 0.1018, 0.1101], "acc": [0.11268028846153846, 0.11793870192307693, 0.11924078525641026, 0.12034254807692307, 0.12217047275641026, 0.12034254807692307, 0.11848958333333333, 0.12156951121794872, 0.12334735576923077, 0.12477463942307693, 0.12342247596153846, 0.1251502403846154]}, "augment": true, "train_accuracy": 0.1251502403846154, "used_budget": 680.457897901535, "validation_error": 0.8899}