{"configs": {"pad_upper": 0.15697774567821127, "scale_upper": 1.1443708760253655, "scale_lower": 0.8469747149337046, "crop_probability": 0.41120687046943716, "pad_lower": 0.014452699161032367, "rotation_probability": 0.0741216734958483, "rotation_lower": -9, "pad_probability": 0.5789846447277501, "scale_probability": 0.48279456352260997, "horizontal_flip": 0.013558506961610095, "rotation_upper": 45, "vertical_flip": 0.9450418810926985, "crop_lower": 0.015227179052967832, "crop_upper": 0.2352678012600186}, "augment": true, "used_budget": 732.3343317508698, "train_accuracy": 0.1392978766025641, "validation_error": 0.9107, "train_history": {"val_loss": [3.000110048675537, 2.4484460834503174, 3.4488900882720945, 2.7112276317596438, 3.2140793975830078, 2.7567722351074218, 2.616849464035034, 4.159469114685058, 3.4081591888427734, 2.5284547981262206, 2.7582313262939455, 3.090696572494507], "val_acc": [0.1059, 0.107, 0.1059, 0.1088, 0.1033, 0.1073, 0.0986, 0.1048, 0.1068, 0.1103, 0.1083, 0.0893], "loss": [2.286310817186649, 2.274121132416603, 2.267611312560546, 2.2673558653929295, 2.2669203082720437, 2.2623697450527778, 2.261916980529443, 2.260555406411489, 2.2585961856903176, 2.2576181964996533, 2.257180949052175, 2.2561196256906557], "acc": [0.11796374198717949, 0.12830528846153846, 0.13010817307692307, 0.13055889423076922, 0.13010817307692307, 0.13273737980769232, 0.1305839342948718, 0.12975761217948717, 0.13489082532051283, 0.1368689903846154, 0.13671875, 0.1392978766025641]}}