{"validation_error": 0.8842, "augment": true, "train_history": {"loss": [2.299745655212647, 2.2979352802802353, 2.296042854969318, 2.2967988359622464, 2.2944530118734408, 2.295185759281501, 2.2950587509534297, 2.293538918097814, 2.2950797080993652, 2.2926597144359198, 2.292450560209079, 2.2918210381116624], "acc": [0.10479266826923077, 0.1065204326923077, 0.1094501201923077, 0.10744691506410256, 0.10894931891025642, 0.11295572916666667, 0.10927483974358974, 0.10909955929487179, 0.10942508012820513, 0.11067708333333333, 0.10784755608974358, 0.1094501201923077], "val_acc": [0.0976, 0.1036, 0.0976, 0.0884, 0.0658, 0.0798, 0.0974, 0.0991, 0.1156, 0.0953, 0.1019, 0.1158], "val_loss": [2.3520664009094236, 2.3034619163513184, 2.7768315719604493, 2.551825452041626, 2.3979973850250245, 2.318448317718506, 2.299210401535034, 2.3056098094940185, 2.2965147956848146, 2.3043609756469725, 2.311744134521484, 2.302149383544922]}, "train_accuracy": 0.1094501201923077, "configs": {"pad_lower": 0.005119112427528838, "scale_probability": 0.7273346175777397, "vertical_flip": 0.005668695052275408, "pad_upper": 0.18405780924012083, "horizontal_flip": 0.015214851759982495, "scale_upper": 1.431623162127775, "rotation_probability": 0.893351679387667, "crop_probability": 0.35392403392988825, "crop_upper": 0.271674386820916, "rotation_upper": 141, "scale_lower": 0.9293936127797839, "pad_probability": 0.23591726159061333, "crop_lower": 0.03257969492664231, "rotation_lower": -70}, "used_budget": 693.1210227012634}