{"used_budget": 741.5300877094269, "train_accuracy": 0.1330879407051282, "configs": {"pad_upper": 0.19515858330381658, "horizontal_flip": 0.9733153090867263, "crop_probability": 0.24255226231223392, "scale_upper": 1.3328105532167502, "scale_probability": 0.5493014607702976, "vertical_flip": 0.11344125870588195, "rotation_probability": 0.3487962375799699, "crop_lower": 0.0039053845520709233, "rotation_upper": 87, "rotation_lower": -9, "pad_lower": 0.043016876216251956, "crop_upper": 0.24974752383684298, "pad_probability": 0.12167974714046959, "scale_lower": 0.9757839987376727}, "augment": true, "train_history": {"acc": [0.11931590544871795, 0.11791366185897435, 0.12289663461538461, 0.12344751602564102, 0.1273036858974359, 0.12414863782051282, 0.1262520032051282, 0.12657752403846154, 0.12810496794871795, 0.12600160256410256, 0.12873096955128205, 0.1330879407051282], "val_acc": [0.097, 0.097, 0.0972, 0.1003, 0.0974, 0.0981, 0.1068, 0.1031, 0.1069, 0.0997, 0.1115, 0.106], "val_loss": [2.674275469970703, 2.884645372772217, 2.42363458404541, 2.378942431640625, 2.7419313972473143, 3.710449659729004, 2.6483648044586183, 2.622882018280029, 2.8422325523376464, 3.5798914733886718, 2.5307187423706057, 3.28014202041626], "loss": [2.290862648915022, 2.282797853916119, 2.2799995067792063, 2.277781748618835, 2.2749299162473435, 2.274326351972727, 2.27149145419781, 2.268681974747242, 2.267101083046351, 2.269012455756848, 2.266038266512064, 2.2634666860103607]}, "validation_error": 0.894}