{"configs": {"scale_upper": 1.5377900663230677, "rotation_lower": -179, "scale_probability": 0.12470294301537421, "horizontal_flip": 0.9334235770908623, "crop_probability": 0.6407988016194239, "crop_lower": 0.0004490248095128657, "crop_upper": 0.188462249116843, "vertical_flip": 0.9347606084830733, "scale_lower": 0.7027753063357678, "pad_upper": 0.1118865373568238, "rotation_upper": 70, "rotation_probability": 0.3517471295833027, "pad_lower": 0.028910184643286686, "pad_probability": 0.8672127437699726}, "train_accuracy": 0.13053385416666666, "used_budget": 732.0037140846252, "augment": true, "validation_error": 0.9006, "train_history": {"loss": [2.287771613934101, 2.2809958297472734, 2.276427063422325, 2.2720468907784195, 2.273221099223846, 2.270325181575922, 2.2716586964252667, 2.271211800666956, 2.271791873834072, 2.271060655514399, 2.2689349949359894, 2.2673891935593042], "acc": [0.11403245192307693, 0.12094350961538461, 0.12384815705128205, 0.12419871794871795, 0.12457431891025642, 0.12685296474358973, 0.1251502403846154, 0.12605168269230768, 0.12670272435897437, 0.12890625, 0.1259765625, 0.13053385416666666], "val_loss": [2.4148048084259033, 2.719589769744873, 2.6243439849853516, 2.8567591995239257, 3.4927451652526855, 2.559598806762695, 2.8987946601867676, 2.4397446075439455, 2.5669804035186767, 2.771319189453125, 2.6740418914794923, 2.9578452728271483], "val_acc": [0.099, 0.1059, 0.0991, 0.0992, 0.0989, 0.0988, 0.0984, 0.0953, 0.0959, 0.0986, 0.0983, 0.0994]}}