{"train_accuracy": 0.1277794471153846, "used_budget": 660.1907737255096, "validation_error": 0.8964, "configs": {"crop_probability": 0.6011884402390326, "scale_probability": 0.04463715234801047, "crop_lower": 0.08759318770578171, "scale_lower": 0.9243816053355656, "vertical_flip": 0.6974923996660074, "horizontal_flip": 0.20732569607924756, "rotation_lower": -129, "rotation_probability": 0.4401373952892357, "crop_upper": 0.12435390915495162, "pad_probability": 0.6517750070369784, "pad_lower": 0.07743738628136902, "pad_upper": 0.16173940869432707, "scale_upper": 1.957296770985143, "rotation_upper": 153}, "train_history": {"val_loss": [2.442371083068848, 2.429504721450806, 2.317240191268921, 3.4869777759552, 2.8667963409423827, 2.886480470275879, 3.3602793220520017, 4.070486448669434, 2.9875789684295655, 3.0213114151000977, 2.690935474014282, 2.907806143951416], "val_acc": [0.1021, 0.102, 0.1106, 0.102, 0.102, 0.1021, 0.103, 0.102, 0.1016, 0.1019, 0.1021, 0.1036], "acc": [0.11688701923076923, 0.12640224358974358, 0.12344751602564102, 0.13075921474358973, 0.12943209134615385, 0.12775440705128205, 0.1233974358974359, 0.1257762419871795, 0.12810496794871795, 0.12682792467948717, 0.1298828125, 0.1277794471153846], "loss": [2.290420182240315, 2.2807849913071365, 2.2787551979223886, 2.274507395732097, 2.276279023824594, 2.274005936506467, 2.275132860892858, 2.273643340819921, 2.2739275013789153, 2.2730181904939504, 2.270214330691558, 2.271317279491669]}, "augment": true}