{"configs": {"scale_upper": 1.485778856028845, "scale_lower": 0.750273202458495, "rotation_lower": -155, "rotation_probability": 0.9346738888893923, "crop_lower": 0.03447760248649136, "horizontal_flip": 0.18398819151374646, "pad_upper": 0.2569563555938237, "vertical_flip": 0.8610078714885149, "pad_lower": 0.06835541937991908, "pad_probability": 0.23644683688131385, "scale_probability": 0.2269333774212473, "crop_probability": 0.6233704706708822, "rotation_upper": 70, "crop_upper": 0.26018222642229294}, "train_history": {"val_acc": [0.1076, 0.0997, 0.1009, 0.0989, 0.0981, 0.0988, 0.1153, 0.0988, 0.0991, 0.1086, 0.0989, 0.1007], "val_loss": [2.301102149963379, 2.30189951171875, 2.301154991912842, 2.4823923797607423, 2.420064533996582, 3.2646293106079103, 2.3464055278778075, 2.612143812942505, 2.535624941635132, 2.3111468769073484, 2.9728977947235107, 2.375501664733887], "acc": [0.10419170673076923, 0.10782251602564102, 0.10574419070512821, 0.11268028846153846, 0.11303084935897435, 0.11157852564102565, 0.11187900641025642, 0.11220452724358974, 0.10962540064102565, 0.11100260416666667, 0.11145332532051282, 0.11177884615384616], "loss": [2.299963747079556, 2.297242140922791, 2.296366675541951, 2.2949823171664505, 2.293820931361272, 2.293329406243104, 2.2922997826184983, 2.292714747862938, 2.2926416847950373, 2.292859223408577, 2.292928683452117, 2.2916568234944954]}, "used_budget": 743.7534515857697, "train_accuracy": 0.11177884615384616, "augment": true, "validation_error": 0.8993}