{"used_budget": 740.4206357002258, "augment": true, "train_accuracy": 0.1204677483974359, "configs": {"crop_probability": 0.8188395372125391, "pad_lower": 0.02800143972785545, "scale_probability": 0.5929191626353434, "rotation_upper": 55, "vertical_flip": 0.6742414718508868, "horizontal_flip": 0.7648573923971665, "scale_upper": 1.1876061191176626, "crop_lower": 0.05451468777083349, "pad_upper": 0.20171717800217798, "pad_probability": 0.46196065050193813, "rotation_lower": -2, "rotation_probability": 0.2417655698180704, "scale_lower": 0.5834389635985886, "crop_upper": 0.15416160794833683}, "train_history": {"loss": [2.2958719562261534, 2.2900142723169084, 2.2862911277856584, 2.2857549549677434, 2.2830928480013823, 2.2840802608392177, 2.2821860351623635, 2.2814874351024628, 2.2797570946889048, 2.2813805647385426, 2.279401128872847, 2.27911177277565], "val_acc": [0.0998, 0.0998, 0.0998, 0.1, 0.0996, 0.0999, 0.0997, 0.1002, 0.0998, 0.099, 0.0979, 0.1085], "acc": [0.11130308493589744, 0.11420773237179487, 0.12121895032051282, 0.11793870192307693, 0.12119391025641026, 0.11631109775641026, 0.12086838942307693, 0.11873998397435898, 0.12292167467948718, 0.12282151442307693, 0.1219951923076923, 0.1204677483974359], "val_loss": [2.3991659832000733, 2.7635042083740236, 3.301244648361206, 2.8797706962585448, 2.649796704483032, 2.620693970489502, 2.993568768310547, 2.4099091896057128, 2.400714628601074, 2.8556673412322997, 2.500504054260254, 2.7032940521240234]}, "validation_error": 0.8915}