{"train_accuracy": 0.11017628205128205, "configs": {"crop_probability": 0.8925727907009491, "vertical_flip": 0.4937866761859814, "scale_lower": 0.5456459541095164, "scale_probability": 0.9814149168007816, "pad_probability": 0.8347706470725986, "rotation_lower": -166, "crop_lower": 0.02494365000396447, "rotation_upper": 48, "crop_upper": 0.14835612866173514, "horizontal_flip": 0.9742963434364451, "pad_upper": 0.10181655993894052, "scale_upper": 1.3811757474429378, "rotation_probability": 0.23649968152649892, "pad_lower": 0.04158595094596303}, "train_history": {"val_acc": [0.1226, 0.1138, 0.125, 0.1436, 0.1035, 0.1033, 0.1141, 0.1123, 0.1042, 0.1137, 0.1075, 0.1036], "acc": [0.10754707532051282, 0.10970052083333333, 0.10859875801282051, 0.10837339743589744, 0.10882411858974358, 0.11175380608974358, 0.11060196314102565, 0.11333133012820513, 0.11142828525641026, 0.11105268429487179, 0.11205428685897435, 0.11017628205128205], "loss": [2.298536243347021, 2.2959470596068945, 2.295155018568039, 2.2941464414963355, 2.2924764026433992, 2.2928537176205563, 2.291817315878012, 2.291269173224767, 2.290750455397826, 2.29074460038772, 2.2895196852011557, 2.290684090210841], "val_loss": [2.292084880447388, 2.2964636947631836, 2.296590524291992, 2.2823776901245116, 2.681337940597534, 3.543554761505127, 2.3331984306335447, 2.5139305553436277, 2.9615728103637697, 2.6791856746673584, 2.5038766525268557, 3.3361132278442382]}, "validation_error": 0.8964, "augment": true, "used_budget": 754.1133687496185}