{"train_accuracy": 0.11445813301282051, "configs": {"crop_probability": 0.7142451681025116, "scale_upper": 1.024364288089811, "rotation_upper": 114, "crop_upper": 0.26224262889552735, "scale_probability": 0.7778741732600367, "pad_lower": 0.07891725653468831, "scale_lower": 0.6240373956308503, "rotation_lower": -125, "pad_upper": 0.10315311386867639, "crop_lower": 0.03723780401299205, "pad_probability": 0.0007770311204687852, "vertical_flip": 0.13630392283949544, "horizontal_flip": 0.7183113663714052, "rotation_probability": 0.2793834441154608}, "used_budget": 739.0788538455963, "validation_error": 0.8968, "train_history": {"acc": [0.10659555288461539, 0.11127804487179487, 0.11175380608974358, 0.11490885416666667, 0.11811398237179487, 0.11841446314102565, 0.11591045673076923, 0.1162109375, 0.11981670673076923, 0.11543469551282051, 0.12086838942307693, 0.11445813301282051], "val_loss": [2.45494665222168, 2.465201148986816, 2.3178817348480223, 2.3192049156188963, 2.3721804138183593, 2.4933233070373535, 2.474967242050171, 2.8005879222869874, 2.7969268928527833, 2.601252864074707, 2.7660072368621824, 2.3674185554504397], "loss": [2.296377798685661, 2.292166619728773, 2.288956953929021, 2.288337146624541, 2.2871164847642946, 2.284975298704245, 2.284378997790508, 2.2843792881721106, 2.284487213843908, 2.284282150176855, 2.2839410931636124, 2.284708394454076], "val_acc": [0.1015, 0.1015, 0.1021, 0.1047, 0.103, 0.101, 0.1041, 0.1086, 0.101, 0.1018, 0.1007, 0.1032]}, "augment": true}