{"augment": true, "configs": {"scale_lower": 0.6312099491765311, "crop_probability": 0.821611727299565, "rotation_upper": 83, "crop_lower": 0.0611686085929598, "rotation_lower": -30, "vertical_flip": 0.593673657266867, "pad_upper": 0.21777294366095173, "scale_probability": 0.005530709854049243, "crop_upper": 0.27261303800048087, "rotation_probability": 0.0010812142565836957, "pad_probability": 0.38938182781624897, "horizontal_flip": 0.20485950046271006, "scale_upper": 1.4600675513768162, "pad_lower": 0.006284006809760512}, "train_history": {"val_loss": [2.377062159729004, 2.621418815612793, 2.6255163124084473, 2.3875937431335448, 2.5934498783111573, 2.555814049530029, 2.61076660118103, 2.556600476837158, 2.4184883884429933, 2.500000602722168, 2.385084720993042, 2.39607572555542], "val_acc": [0.0963, 0.0969, 0.0964, 0.097, 0.0967, 0.0964, 0.096, 0.0971, 0.0993, 0.1011, 0.1102, 0.1073], "loss": [2.2898983848400607, 2.277129353621067, 2.273260778341538, 2.2727804619532366, 2.2664585342774024, 2.2661889172517338, 2.2654790037717576, 2.264406457925454, 2.2629311168805146, 2.260547928321056, 2.260140124039772, 2.259793451199165], "acc": [0.11768830128205128, 0.13216145833333334, 0.1329627403846154, 0.13486578525641027, 0.13371394230769232, 0.1352664262820513, 0.13556690705128205, 0.13444010416666666, 0.1329627403846154, 0.13599258814102563, 0.13924779647435898, 0.1408253205128205]}, "validation_error": 0.8927, "used_budget": 641.6717109680176, "train_accuracy": 0.1408253205128205}