{"train_history": {"val_loss": [2.5307766651153565, 2.3528479904174806, 2.37152261390686, 2.7444684288024903, 2.507541773223877, 2.9380018562316894, 3.140045582580566, 2.6028747035980224, 3.245817088317871, 2.6893724834442136, 5.3351738723754885, 3.036023767089844], "val_acc": [0.0999, 0.0998, 0.0998, 0.0998, 0.0999, 0.0999, 0.0999, 0.0998, 0.0998, 0.0995, 0.0998, 0.0997], "acc": [0.10481770833333333, 0.1051181891025641, 0.10940004006410256, 0.10952524038461539, 0.10992588141025642, 0.11010116185897435, 0.10965044070512821, 0.11147836538461539, 0.10616987179487179, 0.10864883814102565, 0.10957532051282051, 0.1073467548076923], "loss": [2.2990047885821414, 2.297365258137385, 2.2957805563242006, 2.2941688925792008, 2.2949607020769363, 2.2935548699819126, 2.2935705276635976, 2.2935730578043523, 2.2956850765607295, 2.2953194983494587, 2.2936137333894386, 2.2937509684990616]}, "used_budget": 762.9578120708466, "configs": {"scale_lower": 0.7142742660298246, "rotation_probability": 0.8358197885809053, "rotation_upper": 53, "crop_probability": 0.29471351247825994, "scale_probability": 0.8856230602026344, "pad_lower": 0.03864021882653458, "crop_upper": 0.22439158390609193, "pad_probability": 0.8662606966683253, "crop_lower": 0.08329000283032295, "vertical_flip": 0.5244867301312841, "scale_upper": 1.1867097660776462, "pad_upper": 0.11170762435658864, "rotation_lower": -151, "horizontal_flip": 0.6975221668947389}, "train_accuracy": 0.1073467548076923, "augment": true, "validation_error": 0.9003}