{"train_accuracy": 0.11353165064102565, "configs": {"rotation_probability": 0.9886005222852874, "pad_upper": 0.22259802562862485, "pad_probability": 0.7287877936867805, "horizontal_flip": 0.0009076107797513222, "rotation_upper": 44, "crop_upper": 0.20299345831987942, "scale_lower": 0.6508782492165808, "scale_probability": 0.5459302047620817, "crop_lower": 0.0650759715385274, "scale_upper": 1.2421453457655538, "pad_lower": 0.06909651667350204, "crop_probability": 0.06747772014921061, "vertical_flip": 0.9829497157295091, "rotation_lower": -13}, "augment": true, "validation_error": 0.8958, "used_budget": 689.2052712440491, "train_history": {"loss": [2.297742086343276, 2.293577771156262, 2.2922528783480325, 2.290189572633841, 2.2896412993088746, 2.288494129975637, 2.2859165844244833, 2.2877763509750366, 2.2862843236862083, 2.2858486496485195, 2.285936795748197, 2.285965622235567], "val_acc": [0.1075, 0.0902, 0.104, 0.0971, 0.0967, 0.1036, 0.0991, 0.1035, 0.1043, 0.1024, 0.1029, 0.1042], "val_loss": [2.3207501949310303, 2.3042243114471437, 2.350900937652588, 2.351722721481323, 2.3176917098999024, 2.4171109603881837, 2.309502328491211, 2.3700472553253173, 2.4428090675354004, 2.4436489463806153, 2.7633910011291505, 3.8036551513671877], "acc": [0.10904947916666667, 0.10782251602564102, 0.10919971955128205, 0.11202924679487179, 0.11127804487179487, 0.11513421474358974, 0.11283052884615384, 0.11147836538461539, 0.1116786858974359, 0.11393229166666667, 0.11375701121794872, 0.11353165064102565]}}