{"configs": {"rotation_lower": -47, "vertical_flip": 0.5643656580712663, "crop_probability": 0.8167702561756149, "pad_probability": 0.05343032300255135, "scale_lower": 0.6902464308988933, "rotation_probability": 0.8806086977065214, "scale_upper": 1.7868465957315225, "horizontal_flip": 0.5090624908082008, "crop_lower": 0.0007238464731389783, "pad_upper": 0.14766280734073692, "scale_probability": 0.6986547178754633, "rotation_upper": 179, "crop_upper": 0.24441556650897786, "pad_lower": 0.057946123452744185}, "train_accuracy": 0.10556891025641026, "validation_error": 0.9015, "train_history": {"acc": [0.10046073717948718, 0.10384114583333333, 0.10657051282051282, 0.10404146634615384, 0.10616987179487179, 0.10752203525641026, 0.10917467948717949, 0.10702123397435898, 0.10719651442307693, 0.10697115384615384, 0.10579427083333333, 0.10556891025641026], "val_loss": [3.299370792388916, 2.333559178161621, 3.3698215744018554, 2.4249816623687743, 2.2639737442016603, 2.291860125732422, 2.3864980438232424, 2.262547301864624, 2.281059418487549, 2.702684074020386, 2.28075311088562, 2.5407449325561524], "loss": [2.3008020657759447, 2.299824643593568, 2.299533330477201, 2.2991783932233467, 2.2979714335539403, 2.2974890799094467, 2.2971073985099792, 2.2968320961181936, 2.298407193941948, 2.2969086521711106, 2.29666681931569, 2.2959229258390574], "val_acc": [0.0986, 0.099, 0.0985, 0.0986, 0.1067, 0.1004, 0.099, 0.1232, 0.0877, 0.0986, 0.109, 0.0985]}, "augment": true, "used_budget": 686.5515336990356}