{"augment": true, "used_budget": 699.3718974590302, "train_history": {"val_acc": [0.1019, 0.0994, 0.1019, 0.1019, 0.1013, 0.1011, 0.1021, 0.1017, 0.1018, 0.1018, 0.1017, 0.1013], "val_loss": [2.3556326759338377, 2.3216552326202393, 3.4105477401733397, 2.927730810546875, 2.7220935012817384, 2.8694771007537843, 4.096099853515625, 3.485357473754883, 3.26274603805542, 3.159528397369385, 4.370912913513184, 3.51267589302063], "loss": [2.299574230725949, 2.298913674476819, 2.2972161173820496, 2.296046557334753, 2.296200699531115, 2.294936551497533, 2.296495094513282, 2.2964467452122617, 2.295392388716722, 2.2948445769456716, 2.294332281901286, 2.2958296277584176], "acc": [0.10654547275641026, 0.10834835737179487, 0.10098657852564102, 0.10534354967948718, 0.10494290865384616, 0.10732171474358974, 0.10431690705128205, 0.10862379807692307, 0.10774739583333333, 0.10762219551282051, 0.10556891025641026, 0.1073467548076923]}, "validation_error": 0.8987, "configs": {"pad_upper": 0.2557977337786762, "crop_lower": 0.06158476455854276, "horizontal_flip": 0.9010983540735356, "vertical_flip": 0.0009381077309585928, "crop_probability": 0.8651230016850493, "scale_probability": 0.6921430577655697, "scale_upper": 1.7806421942042863, "rotation_upper": 52, "pad_probability": 0.7269092111783505, "rotation_lower": -22, "pad_lower": 0.08789568690405675, "crop_upper": 0.1994633772721813, "scale_lower": 0.5081033549352809, "rotation_probability": 0.9564498476915766}, "train_accuracy": 0.1073467548076923}