{"configs": {"pad_upper": 0.1897762482544782, "rotation_lower": -93, "scale_lower": 0.6346128265347794, "vertical_flip": 0.07553668317122897, "rotation_upper": 36, "pad_lower": 0.017707306956484148, "crop_probability": 0.5295286674794845, "crop_lower": 0.030490497072851466, "scale_upper": 1.999699409186296, "pad_probability": 0.29945425374687673, "crop_upper": 0.10792542655102313, "scale_probability": 0.45705902533622655, "horizontal_flip": 0.7232274940246677, "rotation_probability": 0.7330528304875621}, "used_budget": 676.3562951087952, "validation_error": 0.8991, "train_accuracy": 0.11378205128205128, "augment": true, "train_history": {"val_acc": [0.1008, 0.1218, 0.1009, 0.1018, 0.1049, 0.1007, 0.1064, 0.1028, 0.1136, 0.1007, 0.1007, 0.1009], "val_loss": [2.9255284969329836, 2.4015721801757812, 2.6009065261840822, 2.642062281036377, 2.5227825775146484, 2.5521995651245115, 3.7188525466918945, 2.454191883468628, 3.664323261260986, 3.725701387786865, 3.6928797794342043, 3.103990980911255], "acc": [0.10672075320512821, 0.11197916666666667, 0.11308092948717949, 0.11403245192307693, 0.11413261217948718, 0.1133563701923077, 0.11325620993589744, 0.1112530048076923, 0.11340645032051282, 0.11458333333333333, 0.11813902243589744, 0.11378205128205128], "loss": [2.297082617496833, 2.2930340598791075, 2.2906645100850325, 2.2892623971670103, 2.2894689853374777, 2.2886777818202972, 2.287828172628696, 2.2873291098154507, 2.2872651181159873, 2.2862375393891945, 2.285389453936846, 2.2874930508625813]}}