{"configs": {"rotation_upper": 109, "rotation_lower": -165, "scale_probability": 0.056034776483677606, "crop_lower": 0.025329913046853936, "crop_upper": 0.2575217604557749, "horizontal_flip": 0.49114201962219173, "pad_upper": 0.24552835802267353, "pad_probability": 0.12147133004011113, "rotation_probability": 0.715761134122466, "vertical_flip": 0.1062932741807111, "scale_lower": 0.5121560322565638, "pad_lower": 0.042875893055990266, "crop_probability": 0.4738686616835798, "scale_upper": 1.8975949426025915}, "train_accuracy": 0.12542568108974358, "augment": true, "used_budget": 736.6801736354828, "validation_error": 0.8956, "train_history": {"loss": [2.2938519303615275, 2.287662908816949, 2.2827811585022855, 2.2848455753081884, 2.28238100424791, 2.2807692136519995, 2.279497062548613, 2.280397307414275, 2.2800602049399643, 2.2784448082630453, 2.2794737800573692, 2.2775947879522276], "val_loss": [2.4581575744628905, 2.308783215713501, 2.922735838317871, 3.183990670776367, 2.5698729270935057, 3.183734321594238, 2.4294489803314208, 2.437007703399658, 2.7363856773376467, 3.034471002960205, 2.7258895668029783, 2.3135508407592775], "val_acc": [0.1, 0.1003, 0.1001, 0.1, 0.1, 0.0998, 0.1011, 0.1126, 0.0994, 0.0997, 0.1, 0.1044], "acc": [0.10985076121794872, 0.11748798076923077, 0.12302183493589744, 0.1201923076923077, 0.11986678685897435, 0.12234575320512821, 0.12397335737179487, 0.11961638621794872, 0.11951622596153846, 0.12384815705128205, 0.12607672275641027, 0.12542568108974358]}}