{"train_accuracy": 0.10827323717948718, "configs": {"scale_probability": 0.9142551870992118, "rotation_probability": 0.8400864133299172, "vertical_flip": 0.6585113121587662, "pad_probability": 0.1880343275656685, "crop_lower": 0.08252330190592137, "crop_upper": 0.18847119854362743, "crop_probability": 0.002736991094358321, "rotation_upper": 98, "scale_upper": 1.8834455978980937, "rotation_lower": -24, "pad_lower": 0.08663887652664187, "horizontal_flip": 0.8077454386566052, "pad_upper": 0.24230662363277355, "scale_lower": 0.8317952716624578}, "used_budget": 757.5164754390717, "augment": true, "validation_error": 0.9009, "train_history": {"loss": [2.29983428808359, 2.2986289744193735, 2.2969803848327737, 2.2964034401453457, 2.2974131451203275, 2.296376707462164, 2.296670288611681, 2.296642140700267, 2.2968993484973907, 2.29597432185442, 2.295649069241988, 2.295203480965052], "val_loss": [2.295714507675171, 2.747298625946045, 2.3012545806884765, 2.428826277923584, 4.589001884460449, 3.102157696533203, 4.601203285217285, 2.5459584899902343, 2.4473178932189943, 3.1462996807098387, 2.8860460372924805, 3.55867096786499], "acc": [0.10544370993589744, 0.10849859775641026, 0.10579427083333333, 0.10624499198717949, 0.10496794871794872, 0.1064453125, 0.10857371794871795, 0.11025140224358974, 0.10789763621794872, 0.10967548076923077, 0.10586939102564102, 0.10827323717948718], "val_acc": [0.1356, 0.099, 0.0961, 0.1008, 0.099, 0.1068, 0.0927, 0.0986, 0.0991, 0.0992, 0.0994, 0.0991]}}