{"validation_error": 0.8972, "augment": true, "train_accuracy": 0.11545973557692307, "configs": {"vertical_flip": 0.30702886923272243, "rotation_probability": 0.628356615859959, "crop_probability": 0.6926521055193399, "crop_lower": 0.024263649651624676, "pad_lower": 0.08696807131540377, "crop_upper": 0.2165051365869097, "scale_upper": 1.863423397566859, "scale_lower": 0.9096677300352618, "pad_upper": 0.11277329785649957, "scale_probability": 0.35315111478081274, "rotation_lower": -14, "pad_probability": 0.3591643327155868, "horizontal_flip": 0.9318253720741304, "rotation_upper": 100}, "train_history": {"val_loss": [2.760788422393799, 2.4156917877197266, 2.427493634033203, 2.439408681869507, 2.4360363243103027, 2.8500343601226805, 2.6037772674560546, 2.3323536079406737, 3.1843622673034666, 2.496473037338257, 2.732044008255005, 2.6704575092315674], "loss": [2.29734389598553, 2.294070746654119, 2.2912417161159024, 2.289922292415912, 2.2880566387604446, 2.2888391445844603, 2.2881980056946096, 2.2883881085958238, 2.2892130055488686, 2.2887714894918294, 2.286831647157669, 2.287448682846167], "acc": [0.10867387820512821, 0.11260516826923077, 0.11358173076923077, 0.11157852564102565, 0.11378205128205128, 0.11360677083333333, 0.1133563701923077, 0.11473357371794872, 0.11338141025641026, 0.11463341346153846, 0.11648637820512821, 0.11545973557692307], "val_acc": [0.0997, 0.0997, 0.0997, 0.1184, 0.0996, 0.1088, 0.1126, 0.1046, 0.0996, 0.1015, 0.1092, 0.1028]}, "used_budget": 747.948536157608}