{"used_budget": 719.9251129627228, "train_history": {"loss": [2.297365809098268, 2.2909211279490056, 2.2903419389174533, 2.2878588682565932, 2.2875322149350095, 2.28656304646761, 2.286361053203925, 2.2857914521143985, 2.2851264010637236, 2.2855543799889393, 2.284482988791588, 2.2842184458023462], "val_acc": [0.0998, 0.1039, 0.0981, 0.1031, 0.0956, 0.1044, 0.0844, 0.0951, 0.0998, 0.1067, 0.0994, 0.1083], "val_loss": [2.370325475692749, 2.600032024383545, 2.713835163497925, 2.6284198799133303, 3.057306247329712, 2.5739004230499267, 2.4955656677246094, 2.9502985427856445, 2.746120269393921, 2.453546109008789, 2.6562331790924074, 3.051202611541748], "acc": [0.11092748397435898, 0.11490885416666667, 0.11310596955128205, 0.1168369391025641, 0.11430789262820513, 0.11548477564102565, 0.11187900641025642, 0.11553485576923077, 0.11929086538461539, 0.11576021634615384, 0.11190404647435898, 0.11606069711538461]}, "validation_error": 0.8917, "train_accuracy": 0.11606069711538461, "augment": true, "configs": {"vertical_flip": 0.7493229845089974, "scale_lower": 0.6418045885605252, "crop_probability": 0.15916295492823396, "pad_probability": 0.005917264071070627, "pad_lower": 0.09179677613162132, "scale_upper": 1.414818365345409, "rotation_probability": 0.2726121530981085, "crop_upper": 0.15252595864963114, "rotation_lower": -132, "scale_probability": 0.9250721324512026, "rotation_upper": 96, "crop_lower": 0.09385128204443081, "pad_upper": 0.2597514892201533, "horizontal_flip": 0.33621371395349153}}