{"configs": {"rotation_upper": 57, "crop_probability": 0.8976398283357327, "crop_upper": 0.21237563085412642, "rotation_probability": 0.03344609997663639, "horizontal_flip": 0.43308820169186923, "vertical_flip": 0.7175867334940782, "scale_probability": 0.018689734886947806, "pad_lower": 0.088914884022229, "pad_upper": 0.1632839722127926, "pad_probability": 0.11899493606369715, "crop_lower": 0.020166141689570472, "scale_upper": 1.8795641752056291, "scale_lower": 0.6972894741624267, "rotation_lower": -150}, "used_budget": 722.8707752227783, "augment": true, "train_history": {"acc": [0.1292568108974359, 0.1330128205128205, 0.13726963141025642, 0.13711939102564102, 0.13869691506410256, 0.14052483974358973, 0.1394981971153846, 0.14458133012820512, 0.14085036057692307, 0.14360476762820512, 0.1442558092948718, 0.14385516826923078], "val_loss": [2.480359536743164, 2.6038421676635743, 2.4987498832702637, 2.400040655517578, 2.479997116470337, 2.6494864517211916, 2.412879863739014, 2.6840488109588625, 2.8792695579528806, 2.5431961563110352, 2.789588878250122, 2.48816396484375], "val_acc": [0.1097, 0.1051, 0.1051, 0.1066, 0.106, 0.1048, 0.1075, 0.1048, 0.1086, 0.1062, 0.1075, 0.1099], "loss": [2.286111457225604, 2.269126057624817, 2.263587173743126, 2.2622050176828337, 2.2571896826609588, 2.2573036475059314, 2.257249420269942, 2.2545733872132425, 2.2532685551887903, 2.2523119029326315, 2.250518039250985, 2.2498456629422994]}, "validation_error": 0.8901, "train_accuracy": 0.14385516826923078}