{"validation_error": 0.8993, "used_budget": 753.0688774585724, "augment": true, "train_history": {"val_acc": [0.0968, 0.0972, 0.0977, 0.0968, 0.1175, 0.0969, 0.0962, 0.0966, 0.0966, 0.0964, 0.096, 0.1007], "acc": [0.10474258814102565, 0.10616987179487179, 0.1051181891025641, 0.10714643429487179, 0.10834835737179487, 0.107421875, 0.10759715544871795, 0.10852363782051282, 0.10739683493589744, 0.10258914262820513, 0.10659555288461539, 0.10909955929487179], "val_loss": [2.432202756881714, 2.377822772216797, 2.301315605545044, 2.5420378021240233, 2.2998859481811524, 2.508248041534424, 2.678374610900879, 3.1527498817443846, 2.7313339443206788, 3.2265500106811524, 2.5042770629882813, 2.335917529296875], "loss": [2.299832198100212, 2.298067088310535, 2.2974989987336674, 2.2966415752203035, 2.296521302217092, 2.295278508693744, 2.295246102106877, 2.2948415760810557, 2.294952601958544, 2.2939773324208383, 2.294777507201219, 2.294499948238715]}, "configs": {"vertical_flip": 0.8641452474980315, "rotation_probability": 0.9412808667425492, "crop_upper": 0.27893771231312536, "pad_lower": 0.09760508806325886, "scale_probability": 0.9125498785051802, "crop_probability": 0.13819520527888007, "scale_lower": 0.8204028619487229, "pad_upper": 0.13370012021824335, "crop_lower": 0.08449817319527671, "rotation_upper": 7, "scale_upper": 1.4977938952007062, "horizontal_flip": 0.19658122438678127, "pad_probability": 0.06791269175924541, "rotation_lower": -168}, "train_accuracy": 0.10909955929487179}