{"used_budget": 751.1026592254639, "augment": true, "train_history": {"val_acc": [0.1006, 0.1006, 0.1011, 0.1004, 0.1006, 0.1005, 0.1006, 0.1006, 0.1006, 0.1006, 0.1006, 0.1005], "val_loss": [2.3068317169189454, 2.4174925888061525, 2.564371925354004, 3.0809726390838623, 3.9329969089508054, 3.2911536518096924, 3.862885661315918, 3.983868243408203, 3.041207186126709, 3.085144738006592, 4.434392749023438, 3.341089817047119], "loss": [2.2998998157488995, 2.298164198031792, 2.296534240245819, 2.2956788516961613, 2.2950947017241745, 2.2945949045511393, 2.294733392122464, 2.2929222927643704, 2.293191849421232, 2.2934858416899657, 2.293344666560491, 2.2929153327758494], "acc": [0.10516826923076923, 0.10772235576923077, 0.10864883814102565, 0.10882411858974358, 0.1109775641025641, 0.11190404647435898, 0.11107772435897435, 0.11420773237179487, 0.11232972756410256, 0.11012620192307693, 0.10912459935897435, 0.11328125]}, "validation_error": 0.8995, "train_accuracy": 0.11328125, "configs": {"rotation_probability": 0.9138829191748892, "rotation_upper": 68, "pad_lower": 0.035087081394845177, "scale_probability": 0.4318344145586539, "crop_probability": 0.3763259470990463, "pad_upper": 0.2363809792371818, "rotation_lower": -106, "crop_upper": 0.27901677230165334, "scale_upper": 1.3541569894249146, "scale_lower": 0.5224097386377915, "pad_probability": 0.8585470769412972, "crop_lower": 0.061970953586531353, "vertical_flip": 0.5507303318027013, "horizontal_flip": 0.2270415056241697}}