{"configs": {"horizontal_flip": 0.7448566470095096, "pad_upper": 0.2002471711912719, "pad_lower": 0.04269224429491835, "rotation_lower": -112, "rotation_upper": 149, "scale_lower": 0.830381967767593, "rotation_probability": 0.5596645251379745, "scale_probability": 0.6650640402344976, "scale_upper": 1.089210297667683, "pad_probability": 0.09073116162986472, "crop_lower": 0.026821295486913012, "crop_upper": 0.24641945728157372, "vertical_flip": 0.01579125366689571, "crop_probability": 0.19307221415378895}, "train_accuracy": 0.12244591346153846, "train_history": {"acc": [0.11520933493589744, 0.11818910256410256, 0.1142578125, 0.11861478365384616, 0.12146935096153846, 0.11861478365384616, 0.12079326923076923, 0.11793870192307693, 0.12257111378205128, 0.12379807692307693, 0.11939102564102565, 0.12244591346153846], "val_loss": [2.372333587646484, 2.655436614990234, 2.595079097747803, 2.4468391643524168, 2.7788519500732423, 2.975158005142212, 2.532238450622559, 2.728242081451416, 2.5406160648345946, 3.360963750457764, 2.451072911834717, 2.278969786453247], "val_acc": [0.1055, 0.1057, 0.1056, 0.1058, 0.1057, 0.1059, 0.1238, 0.106, 0.1059, 0.1059, 0.1136, 0.1439], "loss": [2.292363681854346, 2.286562199775989, 2.2858920968495884, 2.2815772554813285, 2.282311513637885, 2.2813322146733603, 2.2814886455352488, 2.27965024801401, 2.2785206047388225, 2.276437132786482, 2.277783520710774, 2.2783753734368544]}, "used_budget": 778.8701343536377, "validation_error": 0.8561, "augment": true}