{"configs": {"pad_lower": 0.03832163942458017, "pad_probability": 0.5642856859823621, "rotation_lower": -143, "pad_upper": 0.1061614860121158, "horizontal_flip": 0.8701792813823205, "vertical_flip": 0.13282306438597546, "rotation_probability": 0.004114301268434817, "crop_probability": 0.03148562567923041, "scale_probability": 0.359649426707939, "rotation_upper": 117, "crop_upper": 0.2664774937378632, "crop_lower": 0.08156815716537166, "scale_upper": 1.6529563889035228, "scale_lower": 0.8873443714661096}, "used_budget": 726.2993466854095, "train_accuracy": 0.15342047275641027, "train_history": {"acc": [0.12359775641025642, 0.13381410256410256, 0.13947315705128205, 0.13401442307692307, 0.14347956730769232, 0.14092548076923078, 0.14428084935897437, 0.14610877403846154, 0.1482371794871795, 0.14803685897435898, 0.14978966346153846, 0.15342047275641027], "loss": [2.2829039708161964, 2.265258791354986, 2.259470889965693, 2.2539670283977804, 2.2491959593234916, 2.2448019033823257, 2.2452149658631058, 2.2415957022935915, 2.2389019422042065, 2.23501531741558, 2.234732815852532, 2.2305860290160546], "val_acc": [0.1002, 0.1018, 0.0973, 0.0994, 0.0998, 0.0987, 0.1163, 0.0981, 0.1013, 0.1106, 0.1004, 0.1139], "val_loss": [2.789158772659302, 2.6603274040222167, 3.564942910003662, 2.9324593170166016, 3.0591632789611816, 3.2907473281860353, 3.1944338745117187, 3.9627263278961182, 3.4223759986877442, 3.664085582733154, 3.5480697593688966, 3.46889940032959]}, "validation_error": 0.8861, "augment": true}