{"augment": true, "train_accuracy": 0.11338141025641026, "train_history": {"val_acc": [0.0994, 0.0982, 0.0985, 0.0985, 0.0984, 0.0985, 0.0985, 0.0986, 0.0985, 0.0982, 0.0985, 0.0984], "loss": [2.297075649866691, 2.2917995842603536, 2.289697819795364, 2.2889365072433767, 2.2890797089307737, 2.288667318912653, 2.2868435573883548, 2.2878841115878177, 2.28665406581683, 2.2860840482589526, 2.284369808741105, 2.2842117708462935], "val_loss": [2.3318775955200195, 2.4297613204956057, 2.6386352981567383, 2.860336866760254, 2.583152042007446, 3.134803839111328, 2.9115310810089112, 2.4402206409454346, 2.845053581237793, 2.9332315605163575, 3.52065786819458, 2.71927261428833], "acc": [0.10952524038461539, 0.11305588942307693, 0.11676181891025642, 0.11528445512820513, 0.11611077724358974, 0.11538461538461539, 0.11498397435897435, 0.1180889423076923, 0.11448317307692307, 0.11505909455128205, 0.11666165865384616, 0.11338141025641026]}, "configs": {"scale_upper": 1.1059308422758938, "scale_probability": 0.5368620871229587, "crop_upper": 0.14084852489737051, "pad_probability": 0.21619607455065126, "pad_upper": 0.26368825440471355, "horizontal_flip": 0.21061580233854926, "rotation_probability": 0.7335308862993599, "pad_lower": 0.0313696033439866, "rotation_upper": 148, "rotation_lower": -70, "vertical_flip": 0.5040390868935355, "crop_lower": 0.06827739971272444, "scale_lower": 0.924413461376748, "crop_probability": 0.13559814715622076}, "used_budget": 668.9106440544128, "validation_error": 0.9016}