{"train_accuracy": 0.10980068108974358, "configs": {"horizontal_flip": 0.8587346451816685, "crop_lower": 0.04879959350221191, "scale_upper": 1.4995664075553439, "crop_probability": 0.9113453204736299, "vertical_flip": 0.6696054995645417, "rotation_probability": 0.8933107983395095, "pad_probability": 0.8442906814165015, "rotation_lower": -16, "scale_lower": 0.885273373724764, "pad_lower": 0.000529455307782989, "scale_probability": 0.3360653829760889, "rotation_upper": 163, "pad_upper": 0.24578984283114405, "crop_upper": 0.2503514218643903}, "train_history": {"val_loss": [2.2944427154541014, 2.428270901489258, 2.4444615436553954, 2.411309299468994, 3.6043130138397217, 2.5918511222839355, 2.850000764465332, 2.7091938209533692, 3.1887874572753905, 3.9436930389404297, 3.3419461086273192, 3.091415481567383], "val_acc": [0.1233, 0.1021, 0.102, 0.1037, 0.1021, 0.1021, 0.1022, 0.1023, 0.1021, 0.1021, 0.1022, 0.1021], "acc": [0.10564403044871795, 0.1067958733974359, 0.10499298878205128, 0.10784755608974358, 0.10724659455128205, 0.10709635416666667, 0.10894931891025642, 0.10904947916666667, 0.10534354967948718, 0.10632011217948718, 0.11060196314102565, 0.10980068108974358], "loss": [2.3003896956260386, 2.2980597607600384, 2.2985621568484182, 2.2967421389543095, 2.2972182769041796, 2.2962357860345106, 2.2963039607573776, 2.2958612579565782, 2.2959843621804166, 2.2960544312611604, 2.294386000205309, 2.294885923465093]}, "used_budget": 765.9528133869171, "validation_error": 0.8979, "augment": true}