{"train_history": {"val_acc": [0.1021, 0.0967, 0.0967, 0.0968, 0.0973, 0.1014, 0.0991, 0.0976, 0.0981, 0.0996, 0.1006, 0.1179], "val_loss": [2.3646342140197754, 3.152659122848511, 3.489406800842285, 3.0606367721557617, 2.4149264835357664, 2.310005735015869, 2.5212585510253906, 2.894741548919678, 2.6973543060302734, 2.6487982482910155, 2.4287473670959474, 2.3672043014526367], "loss": [2.278665589216428, 2.2623936518644676, 2.2623210748036704, 2.2539984377530904, 2.2499598394601774, 2.2531883410918407, 2.2494463523228965, 2.246865758529076, 2.245200659984197, 2.2420390798495364, 2.242616492968339, 2.2408744303079753], "acc": [0.12489983974358974, 0.13619290865384615, 0.1365184294871795, 0.1383964342948718, 0.14075020032051283, 0.13759515224358973, 0.14137620192307693, 0.1428535657051282, 0.14217748397435898, 0.1453575721153846, 0.14495693108974358, 0.14593349358974358]}, "used_budget": 732.9118359088898, "configs": {"crop_probability": 0.09003600980587045, "pad_upper": 0.15988962643865878, "rotation_lower": -136, "crop_lower": 0.07115032129872462, "vertical_flip": 0.892674026632056, "pad_probability": 0.7387863016695921, "crop_upper": 0.12552599153187674, "rotation_probability": 0.2106227977675038, "scale_probability": 0.05680610345655357, "pad_lower": 0.08221264850969161, "scale_upper": 1.4347993399381664, "rotation_upper": 30, "scale_lower": 0.828973267301971, "horizontal_flip": 0.342774112295834}, "train_accuracy": 0.14593349358974358, "validation_error": 0.8821, "augment": true}