{"configs": {"pad_lower": 0.020180441084504876, "crop_probability": 0.8222725334082782, "horizontal_flip": 0.7772545450465375, "rotation_upper": 23, "pad_upper": 0.1424727787142383, "pad_probability": 0.9573881093791199, "vertical_flip": 0.9055024925137285, "crop_upper": 0.18547965674937605, "rotation_probability": 0.7626777647383719, "crop_lower": 0.017154186849955268, "scale_probability": 0.30546120622057005, "scale_upper": 1.040272451170269, "scale_lower": 0.6527664640864184, "rotation_lower": -59}, "augment": true, "validation_error": 0.9003, "train_history": {"val_acc": [0.1003, 0.1009, 0.1, 0.0989, 0.0991, 0.0994, 0.0985, 0.1001, 0.1, 0.0995, 0.1, 0.0997], "loss": [2.29749871752201, 2.292091299325992, 2.2897892724245024, 2.2885262026236606, 2.288774387958722, 2.289407270076947, 2.2889275627258496, 2.2874464385020428, 2.2853405613165636, 2.2883341243633857, 2.2882496256094713, 2.2868471244970956], "val_loss": [2.3284392608642577, 2.7275769603729247, 2.538246917724609, 3.1930780277252198, 3.1526494514465333, 3.3551873474121092, 2.903124071884155, 3.3017382404327393, 3.452458742523193, 3.384529621887207, 3.7807422576904295, 2.6523489597320555], "acc": [0.109375, 0.11283052884615384, 0.11343149038461539, 0.11525941506410256, 0.11380709134615384, 0.11458333333333333, 0.11330629006410256, 0.11566005608974358, 0.11192908653846154, 0.11245492788461539, 0.11353165064102565, 0.11450821314102565]}, "train_accuracy": 0.11450821314102565, "used_budget": 678.2393972873688}