{"used_budget": 724.3664133548737, "augment": true, "train_history": {"val_acc": [0.1014, 0.0996, 0.0997, 0.0991, 0.099, 0.0991, 0.1005, 0.0993, 0.0997, 0.0983, 0.0967, 0.0997], "acc": [0.11508413461538461, 0.1266776842948718, 0.1274288862179487, 0.12898137019230768, 0.13221153846153846, 0.12802984775641027, 0.13143529647435898, 0.1284304887820513, 0.13321314102564102, 0.1319861778846154, 0.13341346153846154, 0.12933193108974358], "val_loss": [2.5740964664459227, 2.3162326248168945, 2.8339440975189207, 2.569431742095947, 2.903805144882202, 2.561949660491943, 2.3466907871246336, 2.559230249786377, 2.4775767059326173, 2.589462417602539, 2.4432853782653807, 2.372428186798096], "loss": [2.2917962815517035, 2.282683328940318, 2.2750809223223953, 2.273029679671312, 2.2714943198057322, 2.2696955723640246, 2.270841035323265, 2.268474277013387, 2.2633610574098735, 2.2667963604132333, 2.264317572881014, 2.2650776635377836]}, "configs": {"pad_probability": 0.11471761944613557, "crop_upper": 0.17386809688054986, "scale_upper": 1.364142906499751, "rotation_upper": 133, "rotation_probability": 0.2067459515168235, "scale_lower": 0.5711617919230487, "crop_lower": 0.010267346744851191, "horizontal_flip": 0.5971574554111297, "crop_probability": 0.5724717311269159, "rotation_lower": -157, "pad_upper": 0.10399841644260038, "vertical_flip": 0.6011943157421146, "pad_lower": 0.02865997442873938, "scale_probability": 0.36734462944935364}, "train_accuracy": 0.12933193108974358, "validation_error": 0.9003}