{"augment": true, "train_history": {"loss": [2.2950347035359115, 2.2910373959785852, 2.2865962103391304, 2.283482258900618, 2.2844233887317853, 2.2828770027710843, 2.2818001944285173, 2.281271919226035, 2.2822281206265473, 2.2813588747611413, 2.28097589352192, 2.281222919623057], "val_loss": [2.3982278984069825, 3.126858309173584, 2.858564863204956, 2.7493350425720213, 2.482419730758667, 2.857831987762451, 3.655086557006836, 2.7811198051452637, 2.8319400344848633, 2.736359819793701, 2.8388339157104494, 2.8545729625701903], "val_acc": [0.0995, 0.0881, 0.1011, 0.1006, 0.0991, 0.0997, 0.0976, 0.0953, 0.106, 0.1031, 0.1068, 0.1001], "acc": [0.11030148237179487, 0.11242988782051282, 0.11478365384615384, 0.11606069711538461, 0.11663661858974358, 0.11641125801282051, 0.11889022435897435, 0.12021734775641026, 0.11658653846153846, 0.11896534455128205, 0.11653645833333333, 0.11698717948717949]}, "used_budget": 737.3181517124176, "configs": {"scale_upper": 1.379009077068754, "scale_probability": 0.8571526336401822, "vertical_flip": 0.8153102574552293, "crop_lower": 0.06506579712601172, "rotation_lower": -158, "scale_lower": 0.9435680644063373, "rotation_probability": 0.05648991719367136, "rotation_upper": 180, "crop_probability": 0.381467430013823, "pad_lower": 0.08288195734617226, "crop_upper": 0.1496566312773435, "pad_probability": 0.31428877956258083, "horizontal_flip": 0.5557505721321276, "pad_upper": 0.1279097679859694}, "validation_error": 0.8999, "train_accuracy": 0.11698717948717949}