{"train_accuracy": 0.11631109775641026, "train_history": {"val_loss": [2.394503889465332, 2.775009420013428, 2.3414057929992675, 2.6626157356262206, 2.459153235626221, 2.8072467472076417, 3.1604315681457518, 2.891001675415039, 2.5586773628234862, 2.539844137573242, 2.6524204010009766, 2.7766885368347167], "loss": [2.297092761748876, 2.2933359084985194, 2.2927409265285883, 2.2899267245561647, 2.2877956598232956, 2.288250541839844, 2.2882637228721228, 2.2846805162918873, 2.286938895017673, 2.283255886573058, 2.283064609154677, 2.283527006705602], "val_acc": [0.0992, 0.1007, 0.1074, 0.0998, 0.1282, 0.0997, 0.0995, 0.0993, 0.1008, 0.1048, 0.1054, 0.109], "acc": [0.10754707532051282, 0.11190404647435898, 0.11338141025641026, 0.1155849358974359, 0.11743790064102565, 0.11581029647435898, 0.11513421474358974, 0.1175380608974359, 0.1162109375, 0.11929086538461539, 0.11728766025641026, 0.11631109775641026]}, "configs": {"pad_upper": 0.24626467545791006, "scale_upper": 1.3962998216982214, "pad_lower": 0.0391937188184495, "scale_lower": 0.8916278359084047, "crop_lower": 0.03171487697841892, "rotation_upper": 43, "scale_probability": 0.7423861488960357, "horizontal_flip": 0.5828431912459612, "rotation_probability": 0.12536521873388162, "rotation_lower": -160, "crop_probability": 0.6378366592249286, "pad_probability": 0.15513585956530807, "crop_upper": 0.26275243838621853, "vertical_flip": 0.5786319204657037}, "augment": true, "validation_error": 0.891, "used_budget": 741.2851238250732}