{"train_accuracy": 0.10479266826923077, "used_budget": 754.8642206192017, "augment": true, "train_history": {"val_loss": [2.5409657180786134, 2.3391035888671876, 2.5590872631073, 2.3303684436798098, 2.526373469924927, 2.3374896629333497, 2.3157331745147705, 2.3703706005096437, 2.9220649730682373, 2.96832424659729, 3.254919426727295, 3.0470545219421385], "val_acc": [0.0978, 0.0972, 0.0931, 0.1001, 0.0993, 0.1206, 0.1042, 0.1221, 0.0932, 0.104, 0.0991, 0.0972], "loss": [2.301324310211035, 2.3003173073132834, 2.3000590808880634, 2.2987343936394424, 2.2993893233629374, 2.298739473789166, 2.2982440010095253, 2.297222998661873, 2.298161412660892, 2.298620058175845, 2.2969033343669696, 2.2982251865741534], "acc": [0.10744691506410256, 0.1048427483974359, 0.10198818108974358, 0.10611979166666667, 0.10354066506410256, 0.10499298878205128, 0.10794771634615384, 0.10604467147435898, 0.10421674679487179, 0.10208834134615384, 0.10824819711538461, 0.10479266826923077]}, "configs": {"rotation_probability": 0.9462257847837351, "rotation_upper": 157, "pad_probability": 0.1294271902356362, "scale_lower": 0.9402668950035309, "scale_upper": 1.9614944661708258, "crop_lower": 0.02947944729834198, "crop_upper": 0.25528522249252195, "pad_lower": 0.01902984695938268, "crop_probability": 0.8553036826499645, "vertical_flip": 0.6198700236465017, "horizontal_flip": 0.038247677503730926, "scale_probability": 0.6323258510623003, "pad_upper": 0.11613578454004617, "rotation_lower": -15}, "validation_error": 0.9028}