{"used_budget": 727.5577518939972, "validation_error": 0.8872, "configs": {"pad_probability": 0.4594925624673134, "horizontal_flip": 0.12395236424647071, "rotation_upper": 120, "pad_upper": 0.19611864977471138, "scale_probability": 0.16402452521545985, "pad_lower": 0.02568629062641993, "crop_upper": 0.21593440333769964, "scale_upper": 1.7162551009003382, "crop_lower": 0.045218045691544674, "rotation_probability": 0.07891820684808593, "rotation_lower": -104, "vertical_flip": 0.8276546610790019, "crop_probability": 0.05948546020859813, "scale_lower": 0.5048410361687686}, "train_accuracy": 0.15905448717948717, "augment": true, "train_history": {"val_acc": [0.0967, 0.097, 0.0995, 0.0976, 0.1077, 0.0953, 0.1052, 0.1215, 0.1015, 0.1245, 0.112, 0.1128], "loss": [2.275908527465967, 2.259782620729544, 2.2526597678661346, 2.2488528222609787, 2.239384353160858, 2.2390057872503233, 2.2357722505545006, 2.230625038727736, 2.232577831317217, 2.22963654765716, 2.2228650404856753, 2.224861218379094], "acc": [0.12592648237179488, 0.13939803685897437, 0.1427283653846154, 0.14543269230769232, 0.1516426282051282, 0.14996494391025642, 0.1466846955128205, 0.14928886217948717, 0.1507411858974359, 0.15266927083333334, 0.1549228766025641, 0.15905448717948717], "val_loss": [2.4539334449768067, 2.431062526321411, 2.531972480392456, 2.850189903640747, 2.448187670135498, 2.874126594543457, 3.8042860794067384, 3.3349990173339843, 3.663218226623535, 2.547794104003906, 3.167597277069092, 2.81635163269043]}}