{"train_accuracy": 0.12016726762820513, "used_budget": 742.3460218906403, "validation_error": 0.8979, "augment": true, "train_history": {"val_loss": [2.333904616546631, 2.3541223178863526, 2.4254729942321775, 2.421300556182861, 2.5738044101715087, 2.4250430656433104, 2.7953888206481934, 3.0319089572906495, 2.91469702835083, 2.5882047576904297, 2.7662713638305663, 3.3979374603271486], "val_acc": [0.1029, 0.1117, 0.1043, 0.1023, 0.1027, 0.1027, 0.1027, 0.1026, 0.1025, 0.1029, 0.1031, 0.1021], "loss": [2.2961906783091717, 2.291028597416022, 2.287033336284833, 2.2852346148246374, 2.284607149851628, 2.2868550488582025, 2.284014182213025, 2.2842861215273538, 2.2817089763971476, 2.28173015667842, 2.283772946932377, 2.281579369153732], "acc": [0.115234375, 0.11738782051282051, 0.11608573717948718, 0.11783854166666667, 0.11916566506410256, 0.11701221955128205, 0.12252103365384616, 0.12039262820512821, 0.12054286858974358, 0.12069310897435898, 0.11994190705128205, 0.12016726762820513]}, "configs": {"scale_lower": 0.9072178764460146, "scale_probability": 0.03643539895625203, "pad_lower": 0.030868291471584243, "pad_upper": 0.29456839707928134, "horizontal_flip": 0.7099122123905922, "crop_upper": 0.10997655417103498, "rotation_upper": 85, "scale_upper": 1.8436804816067656, "crop_lower": 0.02489098392966288, "pad_probability": 0.8199504483527082, "rotation_probability": 0.7509581088712513, "crop_probability": 0.0539238546446853, "rotation_lower": -84, "vertical_flip": 0.44968109712984505}}