{"train_history": {"val_acc": [0.1184, 0.1025, 0.1169, 0.1026, 0.1026, 0.1027, 0.1017, 0.1024, 0.1005, 0.1028, 0.1023, 0.1002], "val_loss": [2.2799713119506837, 2.9750420108795166, 2.293085157775879, 2.4140283920288086, 3.5643149894714354, 2.569877235412598, 3.0151484882354738, 2.577255020904541, 2.6846108982086183, 2.509692039489746, 2.703764794921875, 2.4746098678588866], "loss": [2.2976087010823765, 2.2920619631424928, 2.291582708939528, 2.289393493762383, 2.287547991825984, 2.2863436555251098, 2.28688493065345, 2.285804656071541, 2.285670919296069, 2.284207046796114, 2.2844135348613444, 2.2854073208111982], "acc": [0.107421875, 0.11493389423076923, 0.11315604967948718, 0.1155849358974359, 0.11503405448717949, 0.11964142628205128, 0.11583533653846154, 0.1153094951923077, 0.11393229166666667, 0.11828926282051282, 0.115234375, 0.11723758012820513]}, "train_accuracy": 0.11723758012820513, "used_budget": 754.4916098117828, "augment": true, "configs": {"scale_lower": 0.8979944764245629, "vertical_flip": 0.4867429196517382, "scale_probability": 0.6221341626592569, "crop_upper": 0.1212178957398943, "pad_upper": 0.23068618719208556, "pad_lower": 0.06288061540446781, "pad_probability": 0.30875567115513214, "crop_probability": 0.8617877245753075, "rotation_lower": -37, "crop_lower": 0.06578314944219638, "rotation_upper": 62, "horizontal_flip": 0.9287768421278143, "rotation_probability": 0.4515066163027668, "scale_upper": 1.3721622536397016}, "validation_error": 0.8998}