{"train_accuracy": 0.11941606570512821, "configs": {"scale_upper": 1.4531984538450935, "rotation_probability": 0.3785796875402324, "rotation_upper": 144, "crop_lower": 0.07751615871669706, "pad_upper": 0.20151010732615837, "horizontal_flip": 0.6641229559015137, "scale_lower": 0.5878748147175883, "rotation_lower": -38, "vertical_flip": 0.6553192896660586, "crop_upper": 0.142588539404433, "pad_lower": 0.08451078448765552, "pad_probability": 0.06721256977422063, "crop_probability": 0.33230549302212276, "scale_probability": 0.7164869846066415}, "train_history": {"val_acc": [0.1048, 0.1111, 0.1046, 0.1057, 0.1054, 0.1045, 0.1054, 0.1054, 0.1043, 0.1045, 0.1047, 0.1044], "val_loss": [2.3685779403686524, 2.5213894760131836, 2.4019768295288086, 2.369736847305298, 2.3120223571777343, 2.5218544998168944, 2.564502112579346, 2.5740494941711427, 2.670698771286011, 2.9030882904052735, 2.547370359802246, 3.0881268562316895], "loss": [2.2974338432153067, 2.2916528383890786, 2.288064878720504, 2.2874836845275683, 2.2856423488030067, 2.2842067571786733, 2.2835085147466416, 2.2828378539818983, 2.284194458753635, 2.2827854599708166, 2.281935052229808, 2.281389606304658], "acc": [0.10992588141025642, 0.11212940705128205, 0.11563501602564102, 0.11671173878205128, 0.1201171875, 0.11761318108974358, 0.11876502403846154, 0.12412359775641026, 0.11668669871794872, 0.11616085737179487, 0.11966646634615384, 0.11941606570512821]}, "validation_error": 0.8956, "augment": true, "used_budget": 670.6495628356934}