{"train_accuracy": 0.14623397435897437, "configs": {"vertical_flip": 0.848601342713604, "crop_probability": 0.2781448480145361, "rotation_lower": -77, "rotation_probability": 0.06730294683305116, "crop_upper": 0.16651219783896878, "crop_lower": 0.055909996965875154, "scale_lower": 0.9664767656549837, "rotation_upper": 76, "horizontal_flip": 0.8729412216803382, "pad_lower": 0.09529461392760435, "pad_upper": 0.2454963882815693, "scale_upper": 1.211957569469043, "scale_probability": 0.1175501102675548, "pad_probability": 0.5354807052197547}, "used_budget": 726.6810345649719, "augment": true, "train_history": {"loss": [2.278210303722284, 2.2624702896827307, 2.255689345873319, 2.253656107645768, 2.250895258707878, 2.2520134296172705, 2.2481751969227424, 2.246039107823983, 2.2422740360101066, 2.2434922487307816, 2.242467474478942, 2.2380666450048103], "val_acc": [0.1011, 0.101, 0.1012, 0.0985, 0.1004, 0.1009, 0.1009, 0.1017, 0.1005, 0.1022, 0.1027, 0.1007], "val_loss": [2.9813775131225584, 3.1325645359039305, 2.5624081634521483, 2.9350350067138673, 2.8595935287475585, 2.6277780838012696, 3.3778678268432616, 3.8362161544799807, 3.327762319946289, 3.2717823661804197, 2.7516383113861083, 3.1997040599822997], "acc": [0.12575120192307693, 0.13746995192307693, 0.13864683493589744, 0.14152644230769232, 0.14200220352564102, 0.1432041266025641, 0.14295372596153846, 0.14563301282051283, 0.14946414262820512, 0.14317908653846154, 0.14528245192307693, 0.14623397435897437]}, "validation_error": 0.8993}