{"train_history": {"val_acc": [0.102, 0.1016, 0.1015, 0.1016, 0.1015, 0.1015, 0.1015, 0.102, 0.1016, 0.1024, 0.1014, 0.1018], "loss": [2.2912891247333627, 2.2814733324906764, 2.2789736474171662, 2.276926258435616, 2.272571628674483, 2.272296898640119, 2.2720612776585116, 2.269981091603255, 2.2705324108784017, 2.268136251431245, 2.26780532567929, 2.2646965185801187], "acc": [0.11738782051282051, 0.12161959134615384, 0.12732872596153846, 0.12457431891025642, 0.12780448717948717, 0.1286308092948718, 0.12650240384615385, 0.13083433493589744, 0.12838040865384615, 0.13173577724358973, 0.1303836137820513, 0.13063401442307693], "val_loss": [2.3307888607025147, 2.6074845752716063, 2.4704435050964357, 2.815895723724365, 2.530588604736328, 2.7496479377746583, 2.863148944091797, 2.512089040374756, 2.43537836227417, 2.4010077850341798, 2.9148773334503173, 2.8640071136474607]}, "configs": {"crop_upper": 0.1754007481164773, "crop_lower": 0.006367534266700826, "pad_probability": 0.07088280679717296, "horizontal_flip": 0.3551628177607231, "scale_lower": 0.7921441170035766, "scale_upper": 1.3110683430233627, "rotation_lower": -61, "crop_probability": 0.4487657220786795, "pad_lower": 0.05809720040867725, "pad_upper": 0.29167684361317603, "rotation_upper": 114, "vertical_flip": 0.6932896737273437, "scale_probability": 0.46039870787173365, "rotation_probability": 0.26327078551027905}, "augment": true, "used_budget": 735.3167407512665, "validation_error": 0.8982, "train_accuracy": 0.13063401442307693}