{"used_budget": 737.7350654602051, "augment": true, "configs": {"scale_upper": 1.3211070144610009, "vertical_flip": 0.5437381158699256, "rotation_probability": 0.5509098266135176, "rotation_upper": 88, "pad_probability": 0.7144058506515073, "scale_probability": 0.14296223389477303, "pad_upper": 0.14529277159586285, "horizontal_flip": 0.9363924026619117, "scale_lower": 0.557053834434801, "pad_lower": 0.016031107138322755, "crop_lower": 0.005575705009290466, "crop_upper": 0.11136670434920111, "crop_probability": 0.038719866810837944, "rotation_lower": -128}, "validation_error": 0.8992, "train_history": {"val_acc": [0.0904, 0.1004, 0.101, 0.1011, 0.1013, 0.1015, 0.1017, 0.1015, 0.1013, 0.1018, 0.1007, 0.1008], "val_loss": [2.3785539516448972, 2.3558872219085694, 2.659811677932739, 2.440350040435791, 2.4497219581604, 2.73144642829895, 2.6221060974121095, 2.465363948059082, 2.693397346115112, 2.5030725143432617, 2.9772744888305662, 3.7631651050567627], "loss": [2.292412356688426, 2.285095834579223, 2.281775168883495, 2.278743937229499, 2.2782444006357436, 2.27801653666374, 2.276201477417579, 2.275798882429416, 2.2714242935180664, 2.2725705183469334, 2.2722022327092977, 2.27103728055954], "acc": [0.11668669871794872, 0.11984174679487179, 0.12227063301282051, 0.12555088141025642, 0.12530048076923078, 0.12640224358974358, 0.12707832532051283, 0.1246494391025641, 0.12860576923076922, 0.1229717548076923, 0.1261268028846154, 0.12417367788461539]}, "train_accuracy": 0.12417367788461539}