{"configs": {"rotation_probability": 0.4848886536265179, "scale_probability": 0.639199681184542, "crop_upper": 0.24008507152173705, "vertical_flip": 0.331079378963526, "rotation_lower": -115, "crop_probability": 0.9514876258169367, "crop_lower": 0.013438253723948947, "horizontal_flip": 0.5496266964732005, "scale_upper": 1.5635627708182627, "pad_upper": 0.29276000518668044, "pad_probability": 0.8918036030239133, "pad_lower": 0.029282552747063983, "rotation_upper": 71, "scale_lower": 0.9852937518940774}, "validation_error": 0.908, "train_accuracy": 0.11102764423076923, "train_history": {"val_acc": [0.0981, 0.099, 0.097, 0.0972, 0.0914, 0.0907, 0.0886, 0.097, 0.0972, 0.0963, 0.0915, 0.092], "val_loss": [2.3495396438598632, 2.3966499702453614, 2.9604531044006346, 3.4907207931518554, 2.5583532852172852, 3.3331773857116698, 3.4530946899414063, 2.365598641204834, 3.5916038070678713, 3.2296634269714355, 2.579191537094116, 3.5601986492156983], "acc": [0.10188802083333333, 0.10601963141025642, 0.10689603365384616, 0.10727163461538461, 0.10809795673076923, 0.1097255608974359, 0.10712139423076923, 0.10869891826923077, 0.11067708333333333, 0.11145332532051282, 0.11040164262820513, 0.11102764423076923], "loss": [2.3004622138463535, 2.2972608499037914, 2.296373430735026, 2.295941731868646, 2.296409538923166, 2.293900890228076, 2.2945456229723415, 2.2947114453865933, 2.2935635837224813, 2.292638313311797, 2.2930656174818673, 2.2925302141752]}, "augment": true, "used_budget": 749.7446229457855}