{"augment": true, "used_budget": 699.5456128120422, "validation_error": 0.8983, "train_accuracy": 0.10942508012820513, "train_history": {"val_loss": [2.303638636779785, 2.336854081726074, 2.5000286651611328, 2.3711917404174803, 2.5140495304107664, 2.65838759765625, 2.5348802322387693, 2.6280587028503417, 2.541930087661743, 3.1442936164855957, 2.673137821960449, 4.6917720291137694], "val_acc": [0.105, 0.1021, 0.1018, 0.1019, 0.1022, 0.1018, 0.1022, 0.102, 0.1021, 0.1019, 0.1005, 0.1017], "acc": [0.10118689903846154, 0.10364082532051282, 0.10591947115384616, 0.10852363782051282, 0.10298978365384616, 0.10689603365384616, 0.10802283653846154, 0.10684595352564102, 0.10882411858974358, 0.10894931891025642, 0.11300580929487179, 0.10942508012820513], "loss": [2.300700088342031, 2.2988396363380628, 2.297517201075187, 2.2969432901113462, 2.2979906025605326, 2.2972049659643416, 2.295316163546, 2.2962685357301664, 2.295323629409839, 2.295591120536511, 2.294116938725496, 2.2946454347708287]}, "configs": {"rotation_probability": 0.659202149210957, "rotation_upper": 82, "crop_probability": 0.7924133477576668, "horizontal_flip": 0.8429014298190489, "pad_probability": 0.5229570893672898, "crop_lower": 0.002656310130247164, "rotation_lower": -116, "crop_upper": 0.1867565030983886, "scale_upper": 1.895957374113511, "pad_upper": 0.21036871462705303, "scale_lower": 0.987635516006427, "vertical_flip": 0.2787011388260142, "scale_probability": 0.7040676570758744, "pad_lower": 0.04746904447416285}}