{"used_budget": 729.7959291934967, "validation_error": 0.8952, "configs": {"vertical_flip": 0.46558305446702786, "pad_probability": 0.05516190449793845, "rotation_probability": 0.4799323157584712, "scale_lower": 0.7812968190114421, "crop_lower": 0.021033241531722716, "rotation_lower": -107, "scale_upper": 1.0803890954109188, "pad_upper": 0.14897310852075102, "rotation_upper": 157, "pad_lower": 0.033435096080641546, "crop_upper": 0.2245989799218624, "horizontal_flip": 0.014331040897407665, "crop_probability": 0.9003535664562171, "scale_probability": 0.06261122052661483}, "train_accuracy": 0.1284054487179487, "augment": true, "train_history": {"val_acc": [0.1043, 0.1044, 0.1046, 0.1044, 0.1044, 0.1052, 0.1045, 0.1054, 0.1048, 0.1047, 0.1044, 0.1048], "loss": [2.2947502174438577, 2.2885395059218774, 2.2843197851608963, 2.2827290831468043, 2.2800145630653086, 2.278976703301454, 2.277257360709019, 2.2775613077175922, 2.279539188513389, 2.275345606681628, 2.275378690316127, 2.276503170912082], "acc": [0.11130308493589744, 0.11936598557692307, 0.11951622596153846, 0.12289663461538461, 0.12672776442307693, 0.12257111378205128, 0.13093449519230768, 0.12264623397435898, 0.12309695512820513, 0.12732872596153846, 0.1259765625, 0.1284054487179487], "val_loss": [2.6177791984558105, 2.4390156078338623, 2.413471855163574, 2.813263209152222, 2.4861952072143554, 2.321614546966553, 2.5403625106811525, 2.342713228225708, 2.765375288772583, 2.6006906635284426, 4.481938581848144, 2.5646419151306152]}}