{"validation_error": 0.8976, "train_accuracy": 0.11548477564102565, "configs": {"rotation_lower": -120, "scale_upper": 1.393961044435263, "rotation_probability": 0.5527423596232882, "crop_probability": 0.08677824339418627, "pad_upper": 0.1846257533656505, "crop_upper": 0.23932514488629472, "pad_probability": 0.7564443194498603, "rotation_upper": 152, "scale_probability": 0.9001617531152004, "horizontal_flip": 0.12320502867965966, "crop_lower": 0.051766336397568, "vertical_flip": 0.9793544071718234, "scale_lower": 0.8630449808846052, "pad_lower": 0.00785569213795041}, "used_budget": 759.1484603881836, "train_history": {"acc": [0.10564403044871795, 0.1100010016025641, 0.11092748397435898, 0.11052684294871795, 0.11275540865384616, 0.11180388621794872, 0.11308092948717949, 0.11358173076923077, 0.11180388621794872, 0.11135316506410256, 0.11127804487179487, 0.11548477564102565], "val_acc": [0.1026, 0.1037, 0.1025, 0.1026, 0.1026, 0.1024, 0.1025, 0.1025, 0.1025, 0.1023, 0.102, 0.1024], "val_loss": [2.55681559715271, 3.1857142448425293, 2.5577511009216307, 4.264186245727539, 3.7138277862548827, 3.518992465209961, 4.511691734313965, 3.4503806999206543, 5.9318270568847655, 3.738319108200073, 4.477020922851563, 4.41350322265625], "loss": [2.297465441318659, 2.2933921699340525, 2.291503668595583, 2.289068717222947, 2.2904595854954843, 2.2895150857094007, 2.2895287527487826, 2.286996761193642, 2.2875951658456755, 2.2876656575080676, 2.288204018886273, 2.285902811166568]}, "augment": true}