{"validation_error": 0.8989, "configs": {"rotation_upper": 160, "crop_lower": 0.03154738357889517, "crop_upper": 0.2846457543764478, "pad_probability": 0.4389923516033355, "scale_upper": 1.4274796733312376, "rotation_probability": 0.584969165547885, "pad_upper": 0.18105562019595905, "vertical_flip": 0.7629198624214106, "pad_lower": 0.039433104205189806, "scale_lower": 0.8159145241286827, "rotation_lower": -149, "scale_probability": 0.8003830874082825, "horizontal_flip": 0.458019065876463, "crop_probability": 0.44439163120959}, "augment": true, "train_history": {"acc": [0.10934995993589744, 0.10694611378205128, 0.10689603365384616, 0.10924979967948718, 0.11002604166666667, 0.1104266826923077, 0.1143329326923077, 0.11032652243589744, 0.11150340544871795, 0.11100260416666667, 0.11290564903846154, 0.11385717147435898], "val_loss": [2.3186678203582765, 2.3011021392822264, 2.4641402446746827, 2.379617805480957, 2.3275906627655027, 2.4984896953582765, 2.942684091949463, 2.732318307495117, 2.577473902130127, 2.4079566848754883, 2.370638353729248, 2.3708138523101807], "loss": [2.299676986076893, 2.297205532972629, 2.2956716960821395, 2.2937201857566833, 2.293583896679756, 2.293917843928704, 2.2918512515532665, 2.292154937982559, 2.2918808521368566, 2.291574023472957, 2.2924292989266224, 2.291464525919694], "val_acc": [0.0993, 0.0993, 0.0993, 0.0989, 0.1014, 0.0993, 0.0992, 0.0993, 0.1006, 0.0994, 0.0999, 0.1011]}, "used_budget": 756.0024950504303, "train_accuracy": 0.11385717147435898}