{"augment": true, "train_accuracy": 0.11305588942307693, "validation_error": 0.8956, "train_history": {"val_loss": [2.4337093296051027, 2.678471746444702, 2.315347966003418, 2.5669841567993164, 2.6514866661071776, 2.5570372032165527, 2.6435888271331787, 3.155024831008911, 2.818331423950195, 3.428392760848999, 2.991836902999878, 3.196651108551025], "acc": [0.10411658653846154, 0.1084735576923077, 0.11273036858974358, 0.10982572115384616, 0.11137820512820513, 0.11105268429487179, 0.11137820512820513, 0.11182892628205128, 0.10879907852564102, 0.11255508814102565, 0.11165364583333333, 0.11305588942307693], "loss": [2.2991228241186876, 2.295710808955706, 2.2921860768244815, 2.2926191832774725, 2.2925713620124717, 2.2916698264770017, 2.291746708827141, 2.2914820856008773, 2.2906231383482614, 2.2886473131485476, 2.2905392287633357, 2.2888726538572555], "val_acc": [0.1042, 0.1042, 0.1044, 0.1041, 0.1041, 0.1043, 0.1042, 0.1042, 0.1043, 0.104, 0.0974, 0.1044]}, "configs": {"pad_probability": 0.8657509479452753, "rotation_probability": 0.20618014723857248, "horizontal_flip": 0.25498337482786837, "rotation_upper": 32, "scale_upper": 1.3749214519054531, "pad_lower": 0.022654016797656853, "pad_upper": 0.23035576332875377, "scale_probability": 0.7032756063085247, "crop_lower": 0.08774893751986257, "scale_lower": 0.5847095446495525, "vertical_flip": 0.625259941811433, "crop_upper": 0.2539706981784743, "rotation_lower": -155, "crop_probability": 0.7282747288608468}, "used_budget": 748.3608293533325}