{"train_accuracy": 0.10995092147435898, "train_history": {"val_loss": [2.3194857582092285, 2.2902433361053465, 2.705962181854248, 2.4593635105133056, 2.8508759670257566, 2.517143685913086, 2.703392106628418, 3.2491014488220213, 3.4404826904296875, 2.7969645133972167, 4.422989225769043, 4.502724147796631], "loss": [2.301084904334484, 2.2984239749419384, 2.298499271655694, 2.298804046251835, 2.294996298276461, 2.29577775261341, 2.2957279972541027, 2.296503190046702, 2.2953576552562223, 2.2954648167659073, 2.2960020158535395, 2.2943141819574895], "val_acc": [0.0969, 0.1409, 0.0995, 0.0995, 0.0995, 0.0995, 0.0994, 0.0994, 0.0994, 0.0995, 0.0996, 0.0995], "acc": [0.10251402243589744, 0.10399138621794872, 0.10869891826923077, 0.10877403846153846, 0.11177884615384616, 0.10677083333333333, 0.11022636217948718, 0.10782251602564102, 0.1067958733974359, 0.1087489983974359, 0.10879907852564102, 0.10995092147435898]}, "augment": true, "configs": {"crop_upper": 0.27940527417760636, "rotation_lower": -146, "rotation_upper": 151, "crop_probability": 0.9754819004670405, "crop_lower": 0.04306441278853004, "pad_upper": 0.251487125113657, "scale_upper": 1.6869492089749252, "pad_probability": 0.9180616089894466, "scale_lower": 0.7901032718945712, "rotation_probability": 0.963822291771291, "scale_probability": 0.09613111991885093, "pad_lower": 0.09427646932501144, "vertical_flip": 0.6338513016673445, "horizontal_flip": 0.7990848332124333}, "validation_error": 0.9005, "used_budget": 689.091730594635}