{"augment": true, "used_budget": 752.3156311511993, "train_history": {"val_acc": [0.0975, 0.0976, 0.1029, 0.0979, 0.0976, 0.098, 0.0967, 0.0975, 0.1012, 0.1072, 0.1004, 0.0992], "val_loss": [2.322482382583618, 2.371399659347534, 2.489885178375244, 2.7626228981018066, 3.774818745422363, 2.989255374145508, 3.9494533737182618, 3.190057696533203, 3.119824029541016, 4.742678370666504, 3.7592932235717775, 4.4330230239868165], "loss": [2.300275524457296, 2.2990301068012533, 2.2961041155533914, 2.2964801154075523, 2.2959349132501163, 2.2956396899162193, 2.2942799031734467, 2.294909607905608, 2.2945421017133274, 2.2936318723055034, 2.2944256984270535, 2.293707658083011], "acc": [0.10591947115384616, 0.10566907051282051, 0.10677083333333333, 0.10914963942307693, 0.10709635416666667, 0.1097255608974359, 0.10995092147435898, 0.11227964743589744, 0.10834835737179487, 0.11052684294871795, 0.1090244391025641, 0.11215444711538461]}, "configs": {"scale_probability": 0.3490213536260304, "rotation_probability": 0.9819286172895694, "pad_lower": 0.09502725884145989, "vertical_flip": 0.8939395758467575, "rotation_upper": 75, "rotation_lower": -49, "pad_probability": 0.6078265972089871, "crop_probability": 0.7016139636368252, "scale_upper": 1.8588329975586033, "scale_lower": 0.7908319701362636, "pad_upper": 0.2903393529889401, "horizontal_flip": 0.3566725027958071, "crop_upper": 0.2067483825778349, "crop_lower": 0.05730684987655752}, "train_accuracy": 0.11215444711538461, "validation_error": 0.9008}