{"validation_error": 0.9009, "train_accuracy": 0.13536658653846154, "configs": {"scale_lower": 0.5243046966735672, "scale_upper": 1.5140546648059476, "rotation_lower": -178, "pad_upper": 0.16725237637958107, "pad_probability": 0.12145365112112738, "rotation_probability": 0.08201857997321904, "scale_probability": 0.4209233616426967, "pad_lower": 0.038677598141311234, "horizontal_flip": 0.18202336822156695, "crop_probability": 0.5656617246799953, "crop_lower": 0.07108337640833393, "rotation_upper": 148, "crop_upper": 0.14643651538540797, "vertical_flip": 0.8348705079613163}, "augment": true, "used_budget": 664.1150348186493, "train_history": {"val_loss": [2.305198776626587, 2.5803976638793946, 2.538585693359375, 2.924559927368164, 2.8701412155151367, 3.0366512756347657, 2.6570067543029787, 3.3939734546661375, 2.6449334197998047, 2.457111765289307, 2.485492866897583, 3.3029142280578614], "val_acc": [0.103, 0.1022, 0.1029, 0.1022, 0.1022, 0.1022, 0.0986, 0.1073, 0.1003, 0.1023, 0.1017, 0.0991], "loss": [2.2889121702084174, 2.2751918053015685, 2.271271682702578, 2.270882643950291, 2.2665346295405655, 2.2648578660610394, 2.264152529912117, 2.260966704441951, 2.258984461808816, 2.257228453954061, 2.2579522400330276, 2.2560091523023753], "acc": [0.12024238782051282, 0.12845552884615385, 0.12845552884615385, 0.13018329326923078, 0.13088441506410256, 0.13020833333333334, 0.1323116987179487, 0.13371394230769232, 0.13736979166666666, 0.13439002403846154, 0.13376402243589744, 0.13536658653846154]}}