{"train_history": {"val_acc": [0.0979, 0.1104, 0.1009, 0.098, 0.1006, 0.1017, 0.1054, 0.1028, 0.0998, 0.0979, 0.098, 0.0982], "loss": [2.2963533027049823, 2.2872706865653014, 2.284851047473076, 2.284761138451405, 2.282291751641494, 2.281208949211316, 2.280915291645588, 2.2805736561616263, 2.2774690962754764, 2.2792682502514277, 2.2775715031684975, 2.277703639024343], "acc": [0.11072716346153846, 0.11493389423076923, 0.11550981570512821, 0.11778846153846154, 0.11916566506410256, 0.12254607371794872, 0.11896534455128205, 0.12141927083333333, 0.12332231570512821, 0.12332231570512821, 0.12354767628205128, 0.12176983173076923], "val_loss": [2.8343870368957518, 2.355854818725586, 2.6680524002075194, 2.5260925086975097, 2.562481298828125, 2.8406010787963867, 2.322503430938721, 2.545872445678711, 2.4898450080871584, 2.8326403511047364, 2.570789546966553, 2.822427772521973]}, "train_accuracy": 0.12176983173076923, "configs": {"vertical_flip": 0.26047551831156623, "scale_lower": 0.5649190957630126, "scale_upper": 1.856123568572512, "horizontal_flip": 0.2753848627976556, "crop_lower": 0.06552171639118645, "rotation_upper": 34, "pad_lower": 0.0278258501368048, "crop_probability": 0.23000579549297295, "rotation_probability": 0.3281547216971503, "rotation_lower": -97, "scale_probability": 0.5585249615407193, "crop_upper": 0.24633987020122688, "pad_upper": 0.2513201438730554, "pad_probability": 0.24620841589000653}, "validation_error": 0.9018, "augment": true, "used_budget": 734.2544558048248}