{"train_accuracy": 0.10995092147435898, "validation_error": 0.8996, "configs": {"scale_upper": 1.7979179765131186, "crop_probability": 0.5951089020860104, "pad_upper": 0.1174444416532092, "scale_lower": 0.8648984836009082, "horizontal_flip": 0.05747617570752439, "pad_probability": 0.23471185745659484, "rotation_probability": 0.35984024159941563, "crop_lower": 0.08430329578701935, "crop_upper": 0.1089084515441081, "pad_lower": 0.04235894731739549, "rotation_lower": -162, "vertical_flip": 0.22938621276296578, "scale_probability": 0.8258313072208306, "rotation_upper": 96}, "used_budget": 667.5497138500214, "augment": true, "train_history": {"val_acc": [0.0977, 0.1013, 0.0974, 0.1008, 0.0962, 0.1019, 0.0972, 0.1061, 0.1116, 0.1062, 0.0963, 0.1004], "val_loss": [2.4956980194091796, 2.791218970489502, 3.0719201835632326, 2.542198403930664, 3.390031477737427, 2.4633445972442627, 3.6518993961334227, 2.4531809005737304, 2.4954062870025635, 2.4789671173095704, 2.745098459625244, 2.9928130531311035], "acc": [0.10296474358974358, 0.10824819711538461, 0.11015124198717949, 0.11212940705128205, 0.11032652243589744, 0.10669571314102565, 0.11278044871794872, 0.11090244391025642, 0.10779747596153846, 0.11368189102564102, 0.11177884615384616, 0.10995092147435898], "loss": [2.2975490727485757, 2.2956284093551145, 2.293617891959655, 2.292318584063114, 2.2925938291427417, 2.293072543083093, 2.290842802860798, 2.2913438417972665, 2.290891483044013, 2.290634263020295, 2.288487062240258, 2.2904402376749577]}}