{"train_history": {"acc": [0.1051181891025641, 0.10882411858974358, 0.10634515224358974, 0.10817307692307693, 0.10694611378205128, 0.10611979166666667, 0.10797275641025642, 0.10499298878205128, 0.10599459134615384, 0.10859875801282051, 0.10907451923076923, 0.11227964743589744], "loss": [2.2999172929005747, 2.2984716403178678, 2.296763001344143, 2.297262499729792, 2.2975046879205947, 2.2968597473242345, 2.2949141370944486, 2.2949703289912295, 2.2950891860020466, 2.294588666695815, 2.2944156733842997, 2.294372797776491], "val_acc": [0.133, 0.097, 0.097, 0.0974, 0.0972, 0.1014, 0.1009, 0.1039, 0.0945, 0.0982, 0.0967, 0.1001], "val_loss": [2.2952599674224854, 2.343852946472168, 2.752923602294922, 2.557395201873779, 2.829098035430908, 2.311994983291626, 2.989942911529541, 3.3043331848144533, 3.1083286880493164, 2.65530616645813, 3.309873657989502, 2.6369852592468264]}, "validation_error": 0.8999, "configs": {"rotation_probability": 0.971621814969607, "scale_upper": 1.8475623338742566, "horizontal_flip": 0.6932018084048905, "pad_lower": 0.07728591730356019, "pad_probability": 0.6741879382466577, "crop_upper": 0.26592651643826476, "crop_lower": 0.0830395870108256, "rotation_lower": -106, "scale_lower": 0.5600924052182064, "rotation_upper": 49, "pad_upper": 0.10409452201795076, "vertical_flip": 0.3299622416553095, "crop_probability": 0.9426993899909979, "scale_probability": 0.03370864957676811}, "used_budget": 683.6503133773804, "train_accuracy": 0.11227964743589744, "augment": true}