{"validation_error": 0.9005, "used_budget": 744.8832445144653, "train_accuracy": 0.12069310897435898, "augment": true, "configs": {"scale_probability": 0.3057363816391978, "crop_probability": 0.48156635673415626, "horizontal_flip": 0.7320695068757489, "scale_upper": 1.882619430670612, "pad_lower": 0.03494863876543316, "vertical_flip": 0.7207804777427337, "scale_lower": 0.5868775041897023, "pad_upper": 0.21469926373561704, "rotation_probability": 0.32596994864305007, "rotation_lower": -158, "crop_lower": 0.0654149963098981, "pad_probability": 0.830915749431422, "crop_upper": 0.2608782206798275, "rotation_upper": 149}, "train_history": {"val_loss": [2.3365066368103027, 2.6224285430908205, 2.403743546676636, 2.628081519317627, 3.080612459564209, 2.6036070987701416, 3.083111867904663, 2.5415231811523435, 3.0235896102905273, 2.68652892074585, 2.444522584152222, 2.6227777091979982], "val_acc": [0.0998, 0.1001, 0.1001, 0.1001, 0.1001, 0.1002, 0.1002, 0.1, 0.0998, 0.1, 0.1012, 0.0995], "loss": [2.296313320979094, 2.290008790217913, 2.2864238245364947, 2.2854251907421994, 2.284155418475469, 2.2821520681564627, 2.281256229449541, 2.280717451602985, 2.2814834859126654, 2.281764120627672, 2.2822078451132164, 2.281248845351048], "acc": [0.10854867788461539, 0.11578525641025642, 0.11999198717948718, 0.11891526442307693, 0.12091846955128205, 0.12044270833333333, 0.12164463141025642, 0.11741286057692307, 0.12126903044871795, 0.12034254807692307, 0.12056790865384616, 0.12069310897435898]}}