{"used_budget": 739.109260559082, "validation_error": 0.8999, "train_accuracy": 0.11673677884615384, "configs": {"rotation_probability": 0.30633778464385275, "horizontal_flip": 0.8498656751561106, "scale_probability": 0.2223438259782684, "scale_lower": 0.8795507587246149, "crop_upper": 0.24164459609604685, "pad_lower": 0.042005482389114536, "scale_upper": 1.962353544687039, "rotation_lower": -77, "pad_upper": 0.2895854935094472, "crop_lower": 0.04331791800008226, "pad_probability": 0.8776703363992387, "vertical_flip": 0.9262352855233598, "rotation_upper": 175, "crop_probability": 0.9411032491714287}, "augment": true, "train_history": {"acc": [0.10914963942307693, 0.11355669070512821, 0.11891526442307693, 0.11696213942307693, 0.11899038461538461, 0.11986678685897435, 0.11971654647435898, 0.11766326121794872, 0.11786358173076923, 0.12056790865384616, 0.11861478365384616, 0.11673677884615384], "val_loss": [2.3200767951965333, 2.355407061767578, 2.8292799987792967, 2.8370362991333007, 2.9918891746520995, 2.7948528018951415, 2.5226702156066896, 3.674885248184204, 3.054901023101807, 4.339197492980957, 3.4386775283813478, 4.689992463684082], "loss": [2.2939796432470665, 2.28886271134401, 2.2857062923602567, 2.2859373085009747, 2.2831671772859035, 2.2852385877034602, 2.2827460788763485, 2.2830215104115315, 2.2815609253369846, 2.280638502194331, 2.279377498687842, 2.2808794463292146], "val_acc": [0.1014, 0.102, 0.1006, 0.1001, 0.1001, 0.1005, 0.1009, 0.1001, 0.1002, 0.1001, 0.0999, 0.1001]}}