{"train_history": {"val_acc": [0.1055, 0.1057, 0.1056, 0.1055, 0.105, 0.0986, 0.1053, 0.1051, 0.1054, 0.1052, 0.1056, 0.1054], "loss": [2.2975862393012414, 2.29465372975056, 2.2916161379753013, 2.2898649535118003, 2.290139907445663, 2.290319570364096, 2.286503723798654, 2.2877847812114616, 2.288549326169185, 2.286947876214981, 2.2856014485542593, 2.285952010215857], "acc": [0.1092998798076923, 0.11215444711538461, 0.1143329326923077, 0.11568509615384616, 0.1123046875, 0.11403245192307693, 0.11853966346153846, 0.1123798076923077, 0.11513421474358974, 0.11360677083333333, 0.11766326121794872, 0.11884014423076923], "val_loss": [2.316382197189331, 2.5156019805908203, 2.8837812229156494, 2.756979623794556, 2.4569757568359374, 2.604275045776367, 2.699119291687012, 2.754949967956543, 2.4532577117919923, 3.561111950302124, 3.0676161186218263, 3.057441805267334]}, "train_accuracy": 0.11884014423076923, "used_budget": 744.2312955856323, "augment": true, "configs": {"crop_upper": 0.19388220737207745, "scale_lower": 0.6313731127010851, "scale_upper": 1.0245238800585013, "scale_probability": 0.3744372055819245, "horizontal_flip": 0.7717172862324684, "crop_probability": 0.7281340370491022, "pad_upper": 0.1097689953915103, "rotation_upper": 106, "pad_lower": 0.023709995115990524, "pad_probability": 0.5562651759811668, "rotation_probability": 0.6566957970141567, "vertical_flip": 0.38647382280801634, "rotation_lower": -68, "crop_lower": 0.04382309999245651}, "validation_error": 0.8946000000000001}