{"used_budget": 690.3122551441193, "train_history": {"val_loss": [2.300228192138672, 2.3001552242279053, 2.391729888153076, 2.8887945404052733, 3.013283039474487, 2.5430757713317873, 2.8267661418914796, 2.571656335067749, 2.5476019664764404, 3.263059518432617, 3.9449140838623045, 2.9494906997680665], "val_acc": [0.0926, 0.104, 0.1018, 0.1016, 0.1017, 0.1017, 0.1017, 0.1018, 0.1017, 0.1017, 0.1016, 0.1017], "acc": [0.10596955128205128, 0.1060947516025641, 0.1087489983974359, 0.10917467948717949, 0.1109775641025641, 0.11080228365384616, 0.10985076121794872, 0.10859875801282051, 0.11045172275641026, 0.10792267628205128, 0.11007612179487179, 0.10702123397435898], "loss": [2.3000278556958222, 2.2983169716138105, 2.2970381394410744, 2.2961385479340186, 2.2972398476722913, 2.2942214615834065, 2.295232172195728, 2.2957368110999083, 2.295229680263079, 2.2949913105903526, 2.294960297835179, 2.2948775780506625]}, "validation_error": 0.8983, "augment": true, "configs": {"horizontal_flip": 0.842530317691916, "rotation_lower": -128, "scale_upper": 1.9591555526339968, "scale_lower": 0.8350715604545146, "crop_lower": 0.09393187341332154, "crop_probability": 0.6423431970877974, "rotation_upper": 83, "rotation_probability": 0.9093533693540284, "scale_probability": 0.2700534854583485, "pad_lower": 0.02955968824350156, "pad_probability": 0.5666978865416913, "vertical_flip": 0.6025232961577976, "pad_upper": 0.2522593001506641, "crop_upper": 0.27092369516090997}, "train_accuracy": 0.10702123397435898}