{"train_history": {"val_loss": [2.317710266113281, 2.354194492340088, 2.6018918395996096, 2.6151322959899903, 3.381453666687012, 2.5456826362609863, 3.109434418106079, 2.8372224536895754, 2.4078768867492677, 3.367545900726318, 3.020990818786621, 2.3583992305755617], "loss": [2.2999188196964755, 2.2944799333046646, 2.2933413218229246, 2.2918932285064306, 2.291931607784369, 2.289995504495425, 2.2887269205007796, 2.2903500688381686, 2.288919830933595, 2.2888999245105643, 2.289929753694779, 2.2897015641897154], "val_acc": [0.1071, 0.1013, 0.1058, 0.1059, 0.1057, 0.1058, 0.1057, 0.1058, 0.1059, 0.1056, 0.1057, 0.109], "acc": [0.10702123397435898, 0.11037660256410256, 0.11197916666666667, 0.11448317307692307, 0.11245492788461539, 0.11157852564102565, 0.11348157051282051, 0.1123046875, 0.11498397435897435, 0.11400741185897435, 0.11120292467948718, 0.11285556891025642]}, "validation_error": 0.891, "augment": true, "train_accuracy": 0.11285556891025642, "used_budget": 742.7920961380005, "configs": {"crop_upper": 0.24682792755767116, "scale_probability": 0.5857077021729608, "horizontal_flip": 0.020166253538987156, "pad_upper": 0.24668640460689925, "rotation_upper": 129, "crop_lower": 0.0263236850342927, "scale_lower": 0.9031300593663159, "rotation_lower": -10, "crop_probability": 0.9133336941703736, "pad_probability": 0.2651629706850409, "pad_lower": 0.017813840367528023, "vertical_flip": 0.68467722209042, "scale_upper": 1.4408119681364067, "rotation_probability": 0.4167500205541229}}