{"train_history": {"val_loss": [2.4436076065063475, 2.890675560760498, 2.7394233692169188, 2.632201947402954, 2.6201917335510254, 2.7249439224243166, 2.7012845539093018, 2.411110026931763, 2.8256041271209718, 2.310220957946777, 2.8722485328674314, 2.893806447219849], "val_acc": [0.0944, 0.0945, 0.0954, 0.0977, 0.1195, 0.0951, 0.0952, 0.1074, 0.0958, 0.1174, 0.1063, 0.1173], "acc": [0.11843950320512821, 0.12442407852564102, 0.12600160256410256, 0.1290564903846154, 0.1282051282051282, 0.12930689102564102, 0.13158553685897437, 0.13158553685897437, 0.13206129807692307, 0.13416466346153846, 0.13323818108974358, 0.13376402243589744], "loss": [2.2873749687121463, 2.2764838528938784, 2.272072211290017, 2.270045802379266, 2.266391070989462, 2.264888862004647, 2.264910244788879, 2.2640708150007787, 2.262122304775776, 2.259600579738617, 2.2595379589459834, 2.2577890975353045]}, "used_budget": 658.1223678588867, "augment": true, "train_accuracy": 0.13376402243589744, "configs": {"horizontal_flip": 0.012975518539702913, "scale_upper": 1.0621137288479394, "pad_lower": 0.010887805004342345, "crop_upper": 0.2673491157120904, "vertical_flip": 0.03949331984652649, "rotation_upper": 15, "scale_lower": 0.8775981061278961, "scale_probability": 0.5506783791701185, "pad_upper": 0.22891626724848127, "crop_lower": 0.06969569653027076, "rotation_lower": -23, "crop_probability": 0.48478425551523174, "rotation_probability": 0.025098779862587794, "pad_probability": 0.253608867016621}, "validation_error": 0.8827}