{"train_accuracy": 0.11490885416666667, "validation_error": 0.8895, "augment": true, "used_budget": 748.8411815166473, "train_history": {"val_loss": [2.3022478820800782, 2.303201942062378, 2.328679189300537, 2.423330601501465, 2.3103409229278564, 2.4596256553649902, 4.252974143218994, 2.5718421394348145, 3.189385646057129, 3.213749686050415, 2.991879103088379, 2.426609628677368], "val_acc": [0.0967, 0.0986, 0.0986, 0.0945, 0.1064, 0.0945, 0.0944, 0.0928, 0.0913, 0.0945, 0.0946, 0.1105], "acc": [0.10980068108974358, 0.10990084134615384, 0.11060196314102565, 0.11157852564102565, 0.11290564903846154, 0.1146083733974359, 0.11077724358974358, 0.1114032451923077, 0.11278044871794872, 0.11528445512820513, 0.11370693108974358, 0.11490885416666667], "loss": [2.2974166304637222, 2.293301217066936, 2.2924295786099558, 2.289555020057238, 2.2910870573459525, 2.288648912539849, 2.288873730561672, 2.2876119575439353, 2.2866967633748665, 2.2864640997006345, 2.2858434327137775, 2.287053896830632]}, "configs": {"crop_lower": 0.02489530685796644, "rotation_upper": 51, "vertical_flip": 0.978623640823846, "rotation_probability": 0.6175796155213608, "pad_upper": 0.2551597041535538, "scale_upper": 1.3115657608483344, "scale_lower": 0.6581564049344053, "rotation_lower": -69, "crop_probability": 0.5317705084359643, "crop_upper": 0.23159315748088125, "horizontal_flip": 0.5440305293181202, "pad_probability": 0.26295892115938657, "pad_lower": 0.028520955520367965, "scale_probability": 0.7092889104486615}}