{"used_budget": 741.8675105571747, "train_history": {"acc": [0.10629507211538461, 0.11465845352564102, 0.11663661858974358, 0.11278044871794872, 0.11636117788461539, 0.11588541666666667, 0.11430789262820513, 0.11713741987179487, 0.11315604967948718, 0.11786358173076923, 0.11606069711538461, 0.11513421474358974], "val_loss": [2.2961900482177735, 2.378921265411377, 2.4048429618835447, 2.6232188888549803, 2.759138315963745, 3.5462090744018555, 2.833007159423828, 2.3353919929504396, 2.8034393489837646, 3.1044442401885988, 3.0657247623443604, 2.9364624320983888], "val_acc": [0.1233, 0.1004, 0.11, 0.0974, 0.0986, 0.0977, 0.0927, 0.0902, 0.0978, 0.0981, 0.0979, 0.1121], "loss": [2.2965517792946253, 2.2921124505691037, 2.28846991673494, 2.2865932247577567, 2.2856081968698745, 2.2855519346701794, 2.285206743539908, 2.284950953263503, 2.2856379319459963, 2.284694513449302, 2.284308509184764, 2.2820745958731723]}, "validation_error": 0.8879, "configs": {"crop_lower": 0.04198735208409407, "vertical_flip": 0.7315329832579416, "scale_probability": 0.9513537194160658, "rotation_probability": 0.13106071793472096, "pad_upper": 0.13446679823223007, "crop_probability": 0.8094077547990611, "horizontal_flip": 0.7666887249012406, "rotation_lower": -34, "crop_upper": 0.11723230927118362, "pad_probability": 0.013275317384051522, "scale_upper": 1.3553116609025069, "scale_lower": 0.7721029278697883, "pad_lower": 0.014451516457626946, "rotation_upper": 112}, "augment": true, "train_accuracy": 0.11513421474358974}