{"validation_error": 0.8966, "used_budget": 766.3605875968933, "augment": true, "configs": {"rotation_lower": -9, "vertical_flip": 0.03964005432570006, "scale_upper": 1.8957291837538046, "rotation_upper": 60, "rotation_probability": 0.8711972888876377, "crop_probability": 0.6272276271624422, "pad_lower": 0.051791184948917005, "crop_lower": 0.007826735139328035, "pad_upper": 0.17536593005164075, "pad_probability": 0.7062708872462755, "horizontal_flip": 0.7504474439466688, "crop_upper": 0.2308584515417283, "scale_probability": 0.41929574059775965, "scale_lower": 0.6427902901577167}, "train_history": {"val_loss": [2.39747140007019, 2.3644778869628906, 2.332298881530762, 2.4392257209777832, 2.44159401550293, 2.4402925064086913, 2.4492028217315673, 2.711465966796875, 2.939042611694336, 2.7682177463531494, 2.6185570152282716, 2.642506690979004], "val_acc": [0.1035, 0.1035, 0.1036, 0.1064, 0.1036, 0.1034, 0.1034, 0.103, 0.1033, 0.1034, 0.1032, 0.1034], "loss": [2.2989698503261957, 2.2955850729575524, 2.2946346478584485, 2.2926805989864545, 2.2942593135894875, 2.2925463647414475, 2.291412611802419, 2.291716857598378, 2.2906299210511722, 2.289311041434606, 2.2897784816913114, 2.290991042669003], "acc": [0.10541866987179487, 0.10997596153846154, 0.10917467948717949, 0.11207932692307693, 0.11162860576923077, 0.11087740384615384, 0.1126552483974359, 0.11185396634615384, 0.1116786858974359, 0.11323116987179487, 0.11333133012820513, 0.11145332532051282]}, "train_accuracy": 0.11145332532051282}