{"train_accuracy": 0.11490885416666667, "validation_error": 0.8971, "used_budget": 761.5980770587921, "configs": {"rotation_upper": 167, "scale_probability": 0.4821377767082986, "crop_lower": 0.0031521415045176362, "crop_probability": 0.6111905556238224, "rotation_probability": 0.7280703639953255, "crop_upper": 0.11361542309973782, "scale_upper": 1.5394144544388102, "scale_lower": 0.6318282732954543, "pad_upper": 0.19451735999498543, "vertical_flip": 0.25974466797972506, "pad_lower": 0.005856925211617315, "rotation_lower": -127, "pad_probability": 0.8507099146309605, "horizontal_flip": 0.9352870649199383}, "augment": true, "train_history": {"acc": [0.10965044070512821, 0.10955028044871795, 0.1123046875, 0.11500901442307693, 0.10927483974358974, 0.11180388621794872, 0.11343149038461539, 0.11553485576923077, 0.11603565705128205, 0.1168369391025641, 0.11423277243589744, 0.11490885416666667], "val_loss": [2.3227056186676025, 2.4015981742858887, 2.5990761863708496, 2.577661423110962, 3.045081406021118, 2.5371013500213624, 3.124936166381836, 3.168519093322754, 2.7557193763732912, 3.1077826904296875, 3.782207388305664, 2.771480374145508], "val_acc": [0.1033, 0.103, 0.103, 0.103, 0.103, 0.1031, 0.103, 0.103, 0.1033, 0.1032, 0.103, 0.1029], "loss": [2.299112100631763, 2.2950074023161178, 2.2936245248867917, 2.2913652070057697, 2.2921368884734616, 2.2909562496038585, 2.291008098767354, 2.2907080123057733, 2.290650161413046, 2.28981419862845, 2.289882405446126, 2.288781205048928]}}