{"validation_error": 0.903, "train_history": {"val_loss": [2.299220637130737, 2.578947464752197, 2.370058728790283, 2.659749284362793, 2.676367527770996, 3.2471052433013914, 2.694552844619751, 2.538817367935181, 3.2372305603027343, 2.6194124786376953, 3.2642589447021484, 2.6873976783752442], "val_acc": [0.0998, 0.0984, 0.1009, 0.0982, 0.0973, 0.0973, 0.0973, 0.0974, 0.0972, 0.0968, 0.0968, 0.097], "loss": [2.292637133445495, 2.2864958429947877, 2.283171208241047, 2.281481616772138, 2.280606504434194, 2.27661672158119, 2.2796650513624535, 2.2782735595336328, 2.275131005507249, 2.277086235773869, 2.276313146719566, 2.274251183638206], "acc": [0.11538461538461539, 0.11836438301282051, 0.11811398237179487, 0.11788862179487179, 0.12322215544871795, 0.12036758814102565, 0.123046875, 0.12254607371794872, 0.12424879807692307, 0.11981670673076923, 0.12267127403846154, 0.12274639423076923]}, "augment": true, "configs": {"crop_probability": 0.43823054591420574, "scale_lower": 0.6354825624899137, "rotation_upper": 41, "crop_lower": 8.435129088325556e-05, "scale_probability": 0.06728288079170386, "pad_lower": 0.07438524673517051, "pad_upper": 0.2010963290618169, "horizontal_flip": 0.9020291676609818, "scale_upper": 1.8075913736616531, "pad_probability": 0.8100993438182696, "vertical_flip": 0.05189724070367585, "crop_upper": 0.14341547206643326, "rotation_probability": 0.6549648123380529, "rotation_lower": -94}, "train_accuracy": 0.12274639423076923, "used_budget": 683.9286916255951}