{"train_accuracy": 0.11285556891025642, "configs": {"crop_lower": 0.026778793994181163, "pad_upper": 0.19866963723799322, "scale_lower": 0.5414731106774108, "vertical_flip": 0.9809884502121619, "horizontal_flip": 0.5820415267687225, "scale_probability": 0.76439001301083, "pad_lower": 0.03254625959290232, "pad_probability": 0.5582437841714936, "crop_upper": 0.2030987896471896, "rotation_upper": 110, "crop_probability": 0.9222198544525004, "scale_upper": 1.1103419088594193, "rotation_lower": -121, "rotation_probability": 0.720761622633406}, "validation_error": 0.8949, "augment": true, "used_budget": 692.1307804584503, "train_history": {"val_acc": [0.104, 0.104, 0.1043, 0.1039, 0.1038, 0.1037, 0.0838, 0.0957, 0.1042, 0.1046, 0.1041, 0.1051], "acc": [0.10674579326923077, 0.1065204326923077, 0.1123046875, 0.10862379807692307, 0.11160356570512821, 0.11007612179487179, 0.11290564903846154, 0.11255508814102565, 0.11092748397435898, 0.10967548076923077, 0.11596053685897435, 0.11285556891025642], "loss": [2.298782717723113, 2.296638697385788, 2.2955317993958793, 2.293262931016775, 2.2939018538364997, 2.294649299902794, 2.292206654181847, 2.2927859830550656, 2.2927728585707836, 2.2925320825515647, 2.291908458257333, 2.2912010902013535], "val_loss": [2.3956362071990966, 2.3494526390075685, 2.6933526168823243, 2.8169766929626463, 2.5545448684692382, 3.0124890678405762, 2.951237562942505, 3.5746408561706544, 3.585442512512207, 2.6284177085876466, 2.6345282806396484, 3.0333840637207032]}}