{"validation_error": 0.9071, "used_budget": 670.1378915309906, "train_accuracy": 0.13118489583333334, "augment": true, "configs": {"horizontal_flip": 0.8216294658285788, "pad_upper": 0.15343267593228227, "rotation_probability": 0.5152724436729501, "pad_probability": 0.4917066686359982, "scale_lower": 0.9304080114945972, "pad_lower": 0.09425110058055901, "rotation_upper": 150, "crop_probability": 0.03354479126353094, "crop_lower": 0.08411192607652176, "rotation_lower": -174, "scale_probability": 0.054849932459479, "crop_upper": 0.13737545209257376, "scale_upper": 1.112942293486078, "vertical_flip": 0.49687071347441925}, "train_history": {"loss": [2.2878832060557146, 2.2799600775425253, 2.2766713278415875, 2.2734809609559865, 2.272321710983912, 2.2659394901532393, 2.2664594436303163, 2.267254860737385, 2.2630057151500997, 2.2635369491882815, 2.2633526019560986, 2.2635398850991177], "val_loss": [2.3948154640197754, 2.775138385772705, 2.385872465133667, 2.6805252002716062, 3.1915098281860352, 2.671339798736572, 2.7912870220184325, 2.6506560764312743, 3.501094892883301, 2.626100945663452, 2.762642248535156, 2.9832235858917238], "acc": [0.11999198717948718, 0.12397335737179487, 0.1258263221153846, 0.12868088942307693, 0.12943209134615385, 0.1323367387820513, 0.1326121794871795, 0.12883112980769232, 0.13521634615384615, 0.13421474358974358, 0.1325370592948718, 0.13118489583333334], "val_acc": [0.0977, 0.0963, 0.0971, 0.0967, 0.0965, 0.0959, 0.0975, 0.0928, 0.0964, 0.094, 0.0931, 0.0929]}}