{"train_accuracy": 0.13075921474358973, "used_budget": 732.3574540615082, "train_history": {"val_loss": [2.3680912380218504, 2.618907956314087, 2.9282271492004392, 2.5118144309997557, 2.556471198272705, 2.4771164752960204, 3.2150195556640626, 2.45192278213501, 2.729039492034912, 2.901789826965332, 2.4600420848846434, 2.501905145263672], "val_acc": [0.1007, 0.1005, 0.1005, 0.1004, 0.1006, 0.1005, 0.1004, 0.1018, 0.1014, 0.1024, 0.1097, 0.1094], "acc": [0.11543469551282051, 0.1187900641025641, 0.12878104967948717, 0.1302333733974359, 0.13000801282051283, 0.12785456730769232, 0.1321113782051282, 0.13221153846153846, 0.13226161858974358, 0.12963241185897437, 0.1291816907051282, 0.13075921474358973], "loss": [2.2894906317576385, 2.28308974703153, 2.2782910061188235, 2.2746332073823, 2.270732445594592, 2.2717346785924373, 2.267510174940794, 2.2653919679996295, 2.2642739781966577, 2.2642654959972086, 2.2655912591860843, 2.263857684838466]}, "validation_error": 0.8906000000000001, "configs": {"pad_probability": 0.3174923090196903, "scale_probability": 0.06471410659687005, "rotation_upper": 116, "vertical_flip": 0.1320617050491425, "crop_probability": 0.22070028041580392, "scale_upper": 1.986589780892089, "crop_upper": 0.23948430410882662, "rotation_probability": 0.5442178645403191, "crop_lower": 0.04797425785929657, "pad_upper": 0.2712670055040109, "pad_lower": 0.0003382982051646333, "scale_lower": 0.9159515142067715, "rotation_lower": -47, "horizontal_flip": 0.7919721810076468}, "augment": true}