{"configs": {"vertical_flip": 0.5883825773767247, "pad_probability": 0.6881145426513345, "scale_upper": 1.755999291179312, "rotation_upper": 83, "horizontal_flip": 0.0490154298974087, "pad_lower": 0.048165748302854354, "rotation_lower": -14, "crop_probability": 0.19004832554674655, "rotation_probability": 0.0005148297241502897, "pad_upper": 0.11023026675816688, "crop_upper": 0.11320412580969774, "scale_lower": 0.6545948406478326, "scale_probability": 0.5946276886261842, "crop_lower": 0.015009759299850302}, "used_budget": 725.9613201618195, "train_history": {"loss": [2.292670959081405, 2.2855149064308558, 2.2813671926657357, 2.2782966784941845, 2.2755376383280144, 2.271617728166091, 2.2757017673590245, 2.2727424005667367, 2.272982446046976, 2.271429648001989, 2.2712044211534352, 2.269082786181034], "val_acc": [0.1021, 0.1022, 0.1023, 0.1023, 0.1189, 0.1056, 0.0991, 0.1024, 0.1024, 0.1032, 0.1044, 0.1065], "val_loss": [2.367762092590332, 2.3946546783447267, 2.3125961837768556, 2.481001486968994, 2.449016534423828, 2.870272891998291, 2.5539593547821045, 2.845349870681763, 2.6861753955841063, 2.4292035285949707, 3.532460525894165, 2.519659157180786], "acc": [0.11736278044871795, 0.11821414262820513, 0.12141927083333333, 0.1217197516025641, 0.12720352564102563, 0.1287560096153846, 0.12472455929487179, 0.12702824519230768, 0.1258263221153846, 0.12825520833333334, 0.1262520032051282, 0.13045873397435898]}, "validation_error": 0.8935, "train_accuracy": 0.13045873397435898, "augment": true}