{"train_accuracy": 0.14057491987179488, "validation_error": 0.8843, "used_budget": 735.0834686756134, "augment": true, "configs": {"scale_probability": 0.0809520405611841, "vertical_flip": 0.12370085081920557, "crop_probability": 0.05018574786992991, "rotation_probability": 0.43779000152170455, "pad_probability": 0.7148280849593143, "crop_upper": 0.16922962877655695, "rotation_lower": -109, "pad_upper": 0.10288072515631891, "scale_lower": 0.8418539717493827, "rotation_upper": 47, "pad_lower": 0.03744266346305998, "horizontal_flip": 0.9165764991162754, "crop_lower": 0.033509652245548215, "scale_upper": 1.1167263279832327}, "train_history": {"acc": [0.11796374198717949, 0.1275791266025641, 0.12913161057692307, 0.12943209134615385, 0.13088441506410256, 0.13556690705128205, 0.13103465544871795, 0.13464042467948717, 0.13436498397435898, 0.13726963141025642, 0.1399989983974359, 0.14057491987179488], "loss": [2.2859090765317283, 2.272909781871698, 2.268867796812302, 2.267320540470955, 2.2630924307383022, 2.2622438348256626, 2.262628993926904, 2.2543140321205826, 2.258997673407579, 2.2540698777406645, 2.25071713863275, 2.250111107642834], "val_acc": [0.1038, 0.1026, 0.1027, 0.1029, 0.1036, 0.1045, 0.1182, 0.1082, 0.1134, 0.1105, 0.1056, 0.1157], "val_loss": [2.3554184108734133, 2.4419870532989503, 2.5841377586364747, 2.356320789337158, 2.400842889404297, 2.4901840618133546, 2.3326256843566893, 2.380642972564697, 2.603747188949585, 2.6163424114227296, 2.46934866027832, 2.4195722324371336]}}