{"used_budget": 816.3803734779358, "augment": true, "configs": {"scale_lower": 0.8991007188877729, "scale_probability": 0.7998973859459187, "rotation_upper": 106, "pad_probability": 0.21947632573391374, "crop_lower": 0.0033910112218347166, "rotation_lower": -82, "crop_probability": 0.8010276600340553, "vertical_flip": 0.2889833179645497, "scale_upper": 1.312342949020406, "horizontal_flip": 0.40776280164594003, "pad_upper": 0.15577021595340096, "rotation_probability": 0.02474651127839156, "pad_lower": 0.09428353681315169, "crop_upper": 0.284878429353747}, "validation_error": 0.8943, "train_history": {"val_acc": [0.1036, 0.1043, 0.1055, 0.1156, 0.1031, 0.1033, 0.1029, 0.1031, 0.1039, 0.1013, 0.1031, 0.1057], "loss": [2.2976332062330003, 2.2908545235792794, 2.289284865825604, 2.2875101497540107, 2.2888905933270087, 2.2879714300999274, 2.2870728381169148, 2.286737243334452, 2.285239500877185, 2.2848919523067965, 2.2843336638731833, 2.2842214848750677], "acc": [0.11025140224358974, 0.1136318108974359, 0.11566005608974358, 0.11608573717948718, 0.11611077724358974, 0.11290564903846154, 0.11603565705128205, 0.11368189102564102, 0.11550981570512821, 0.11648637820512821, 0.11601061698717949, 0.11951622596153846], "val_loss": [2.455092081832886, 2.427339087295532, 2.4017960891723633, 2.6892810092926025, 2.9214946617126465, 2.559005603790283, 2.5115234188079834, 3.322733137512207, 3.675548607635498, 2.641638798522949, 3.201883083343506, 2.383121260070801]}, "train_accuracy": 0.11951622596153846}