{"train_history": {"val_loss": [2.363528716278076, 2.3462341369628907, 2.33804956741333, 2.3496150783538816, 2.4998404571533204, 2.316268433380127, 2.6489530281066895, 2.5468368103027346, 2.8712585105895996, 2.7779341026306152, 2.606575501251221, 2.4959618560791017], "val_acc": [0.0969, 0.0969, 0.1032, 0.0974, 0.0969, 0.1016, 0.0968, 0.0961, 0.0971, 0.0971, 0.0961, 0.0955], "loss": [2.2984811610136275, 2.297433097393085, 2.2944095791914525, 2.294516859910427, 2.2927091541962747, 2.2912235053685994, 2.2905605916793528, 2.2909768720467887, 2.2919915112165303, 2.2916873456575932, 2.2912618777690787, 2.2915583145924106], "acc": [0.10271434294871795, 0.11055188301282051, 0.10922475961538461, 0.11270532852564102, 0.11403245192307693, 0.11403245192307693, 0.11278044871794872, 0.1123798076923077, 0.11443309294871795, 0.11165364583333333, 0.11438301282051282, 0.11172876602564102]}, "validation_error": 0.9045, "augment": true, "configs": {"rotation_probability": 0.8969653791864095, "horizontal_flip": 0.9545181854933368, "pad_lower": 0.019664945133597636, "crop_probability": 0.9183719445686181, "rotation_lower": -95, "pad_upper": 0.2050314619978097, "scale_lower": 0.7749449417619787, "scale_upper": 1.0289488512982996, "vertical_flip": 0.519720479009865, "crop_upper": 0.20160359269322198, "rotation_upper": 45, "crop_lower": 0.005415809862797461, "scale_probability": 0.28090369886787625, "pad_probability": 0.9751154805411133}, "train_accuracy": 0.11172876602564102, "used_budget": 765.6204833984375}