{"configs": {"crop_upper": 0.24349518333112677, "crop_probability": 0.31380849147679324, "crop_lower": 0.0830112622878604, "scale_lower": 0.9766201300004866, "scale_probability": 0.7503961138332693, "rotation_lower": -138, "pad_probability": 0.323120286725591, "rotation_probability": 0.46808124843326204, "scale_upper": 1.4439348650835184, "pad_upper": 0.15676663225064894, "vertical_flip": 0.9018441185849578, "pad_lower": 0.06327634935335814, "rotation_upper": 57, "horizontal_flip": 0.02944580927036422}, "used_budget": 678.455080986023, "validation_error": 0.8993, "train_history": {"val_loss": [4.084780477905274, 2.7865756980895995, 2.321044964599609, 2.7961777961730956, 2.296606233215332, 2.646798162841797, 2.631303450012207, 2.6426104652404785, 2.483467491149902, 2.6419227684021, 3.3026308837890626, 3.3193825672149657], "acc": [0.10822315705128205, 0.11072716346153846, 0.1123798076923077, 0.11170372596153846, 0.11215444711538461, 0.11588541666666667, 0.11415765224358974, 0.11533453525641026, 0.11315604967948718, 0.11641125801282051, 0.11548477564102565, 0.11566005608974358], "loss": [2.297995383158708, 2.2933567609542456, 2.292608918287815, 2.2893747687339783, 2.2893003049569254, 2.288824508587519, 2.288133082481531, 2.2864315326397238, 2.2870036302468715, 2.285546539685665, 2.2875574567379098, 2.28353307950191], "val_acc": [0.1004, 0.1001, 0.1018, 0.0996, 0.1193, 0.1004, 0.1001, 0.0999, 0.1006, 0.1005, 0.1006, 0.1007]}, "augment": true, "train_accuracy": 0.11566005608974358}