{"augment": true, "train_history": {"val_acc": [0.1003, 0.1002, 0.1002, 0.101, 0.1032, 0.1, 0.1006, 0.1001, 0.0989, 0.1114, 0.1047, 0.1045], "val_loss": [2.396288335418701, 4.079784764099121, 2.5258992858886717, 2.4008017589569093, 2.461129220199585, 2.4743650382995606, 2.772778385925293, 2.6172215690612792, 2.571366939163208, 2.3974665367126464, 2.7933345874786375, 3.264663357543945], "acc": [0.10384114583333333, 0.10784755608974358, 0.10970052083333333, 0.10942508012820513, 0.1132061298076923, 0.10451722756410256, 0.11263020833333333, 0.1123046875, 0.11698717948717949, 0.11275540865384616, 0.11283052884615384, 0.11250500801282051], "loss": [2.299356209161954, 2.29719693844135, 2.296404017851903, 2.2953358598244495, 2.2938290368287992, 2.294850556514202, 2.2936114263840213, 2.2929047613571854, 2.292486282495352, 2.291844896016977, 2.291753188157693, 2.2928395638099084]}, "configs": {"crop_upper": 0.21740336971171242, "pad_lower": 0.07427072393096956, "horizontal_flip": 0.5957965940390547, "crop_probability": 0.6633878624034021, "scale_lower": 0.6506333567936478, "scale_probability": 0.4607711191051027, "pad_upper": 0.16718081695916165, "crop_lower": 0.0369480958547009, "scale_upper": 1.668061320489068, "rotation_lower": -114, "vertical_flip": 0.6684901021547144, "pad_probability": 0.4852780975509413, "rotation_upper": 73, "rotation_probability": 0.8067823383384447}, "train_accuracy": 0.11250500801282051, "validation_error": 0.8955, "used_budget": 756.6706116199493}