{"used_budget": 760.4249267578125, "augment": true, "validation_error": 0.8918, "configs": {"crop_upper": 0.11314872867224557, "scale_probability": 0.7873755996292681, "crop_probability": 0.750012051143663, "horizontal_flip": 0.9718633817851994, "vertical_flip": 0.7496834583919855, "scale_upper": 1.7287257961793232, "scale_lower": 0.7726867860271601, "rotation_lower": -98, "rotation_upper": 82, "pad_probability": 0.8598491154770355, "crop_lower": 0.059249786383318265, "pad_lower": 0.09982760176075064, "pad_upper": 0.20793876033291325, "rotation_probability": 0.4297229279819974}, "train_history": {"loss": [2.2988125697160378, 2.296636905425634, 2.2953573862711587, 2.293274223040312, 2.292250748628225, 2.292089131398079, 2.2924284010361404, 2.2913087812753825, 2.291048059096703, 2.2917839693717466, 2.290614215991436, 2.2915594409673643], "acc": [0.10754707532051282, 0.10924979967948718, 0.10551883012820513, 0.11100260416666667, 0.10752203525641026, 0.10934995993589744, 0.11212940705128205, 0.10919971955128205, 0.11080228365384616, 0.11220452724358974, 0.1097255608974359, 0.11443309294871795], "val_acc": [0.1008, 0.1012, 0.101, 0.1009, 0.101, 0.101, 0.1011, 0.1012, 0.1023, 0.105, 0.1037, 0.1082], "val_loss": [2.312601203918457, 2.322927658843994, 2.80987029914856, 2.666968458557129, 2.692395748901367, 2.5416993698120116, 3.9633589248657226, 2.923665157318115, 2.9320049243927, 4.330768493652344, 3.222636880493164, 4.381235752868652]}, "train_accuracy": 0.11443309294871795}