{"train_history": {"loss": [2.2927450896837773, 2.285416995103543, 2.283175384386992, 2.278626250150876, 2.2787502048871455, 2.277675245052729, 2.2737261607096744, 2.2763468485612135, 2.275708411748593, 2.2740251307304087, 2.2745480888929124, 2.2723442774552565], "val_loss": [2.411105202484131, 2.650627239227295, 2.5471076850891112, 2.763399726867676, 2.6627112178802492, 2.6536809268951416, 2.634793290710449, 3.0643280616760253, 2.4892078536987303, 3.071246733856201, 3.832943592834473, 2.743512831115723], "acc": [0.11185396634615384, 0.11806390224358974, 0.12089342948717949, 0.1201923076923077, 0.11951622596153846, 0.1207431891025641, 0.12347255608974358, 0.1226963141025641, 0.12459935897435898, 0.12106870993589744, 0.12274639423076923, 0.12387319711538461], "val_acc": [0.1122, 0.1013, 0.1014, 0.1025, 0.1019, 0.1023, 0.1266, 0.1022, 0.1091, 0.1024, 0.1024, 0.1028]}, "used_budget": 739.8631768226624, "validation_error": 0.8972, "augment": true, "configs": {"crop_probability": 0.6320154806200788, "rotation_probability": 0.10495750286092975, "rotation_upper": 143, "crop_lower": 0.042011418431511544, "pad_lower": 0.04183645976877831, "rotation_lower": -130, "scale_probability": 0.5865835017155336, "pad_upper": 0.11192654416196098, "vertical_flip": 0.08797955111993727, "scale_lower": 0.5787226566797152, "horizontal_flip": 0.2570028502595483, "pad_probability": 0.46882538119165573, "crop_upper": 0.23058286916009102, "scale_upper": 1.2466787577160525}, "train_accuracy": 0.12387319711538461}