{"configs": {"vertical_flip": 0.000648094176272207, "rotation_probability": 0.14758735733628603, "pad_upper": 0.21295042109770967, "pad_probability": 0.048073355416123786, "crop_probability": 0.051300818382856606, "crop_lower": 0.04833322427884032, "pad_lower": 0.044740044822646666, "rotation_upper": 112, "scale_upper": 1.1767915566521698, "crop_upper": 0.13652180551111856, "scale_probability": 0.0468919400032376, "scale_lower": 0.5856779627692704, "horizontal_flip": 0.05434124219538383, "rotation_lower": -177}, "train_accuracy": 0.23630308493589744, "used_budget": 722.4778409004211, "train_history": {"val_acc": [0.0978, 0.0975, 0.0973, 0.1071, 0.1084, 0.1281, 0.1171, 0.1152, 0.1243, 0.1125, 0.1098, 0.1212], "loss": [2.2626607540326242, 2.2303396386977954, 2.206361773686531, 2.188037554423014, 2.1598490476608276, 2.1446219980716705, 2.1204476165465818, 2.0987652330062327, 2.088879328125562, 2.0651322851578393, 2.0478272411303644, 2.041773403684298], "val_loss": [2.3551726181030275, 3.0225882335662844, 2.6002845138549806, 2.5618974723815917, 2.5240568496704103, 2.4566868949890135, 2.938776266860962, 2.890414150619507, 2.602323824310303, 3.195566328430176, 4.1384343162536625, 3.01113028717041], "acc": [0.1396484375, 0.1559745592948718, 0.16654146634615385, 0.1785106169871795, 0.1873497596153846, 0.19215745192307693, 0.2017978766025641, 0.21399238782051283, 0.21702223557692307, 0.22869090544871795, 0.23424979967948717, 0.23630308493589744]}, "validation_error": 0.8788, "augment": true}