{"augment": true, "validation_error": 0.9019, "train_history": {"loss": [2.288336713344623, 2.277031728090384, 2.274108704084005, 2.2718104124069214, 2.2668102360688724, 2.266214441030453, 2.263591320086748, 2.262346467910669, 2.261363842548468, 2.2612055119795675, 2.259868475871208, 2.257284777286725], "val_loss": [2.4635874908447266, 2.4342869018554687, 3.067068761062622, 2.438326558303833, 2.5986912521362306, 2.336453350830078, 2.513147787475586, 3.239753758239746, 3.008007348251343, 2.430958883666992, 2.9558136562347412, 2.6148648704528807], "val_acc": [0.0983, 0.0981, 0.0982, 0.0986, 0.098, 0.0981, 0.0979, 0.098, 0.0981, 0.1007, 0.0981, 0.0981], "acc": [0.12164463141025642, 0.12404847756410256, 0.12580128205128205, 0.12993289262820512, 0.13123497596153846, 0.12797976762820512, 0.13216145833333334, 0.13326322115384615, 0.13474058493589744, 0.13273737980769232, 0.13368890224358973, 0.13486578525641027]}, "configs": {"vertical_flip": 0.3898382832970496, "crop_upper": 0.1768201254269305, "pad_upper": 0.15907046726755167, "rotation_probability": 0.34347425899054873, "crop_lower": 0.06626804275847621, "scale_upper": 1.9031365318151932, "pad_probability": 0.4367507351020028, "rotation_lower": -74, "pad_lower": 0.05701887177676454, "rotation_upper": 4, "scale_probability": 0.23521499154028058, "horizontal_flip": 0.824023796519275, "scale_lower": 0.8377920877118864, "crop_probability": 0.015580322922719825}, "used_budget": 735.5449783802032, "train_accuracy": 0.13486578525641027}