{"train_history": {"val_acc": [0.0994, 0.0998, 0.0998, 0.0999, 0.1008, 0.1031, 0.1078, 0.1063, 0.1082, 0.1016, 0.1012, 0.1016], "loss": [2.3000058279587674, 2.2958196714902535, 2.2940877882333903, 2.29329776763916, 2.2934304544558892, 2.2933872670699387, 2.292520354191462, 2.292050281396279, 2.2916877567768097, 2.29152733928118, 2.292122015586266, 2.2905343801547318], "acc": [0.10829827724358974, 0.11045172275641026, 0.10917467948717949, 0.11025140224358974, 0.11037660256410256, 0.11268028846153846, 0.11007612179487179, 0.11157852564102565, 0.10729667467948718, 0.10952524038461539, 0.11022636217948718, 0.11145332532051282], "val_loss": [2.45600930519104, 2.701415679168701, 2.3597355972290037, 2.607225818634033, 2.311157346343994, 2.429801136779785, 2.473834499359131, 3.6391653350830078, 2.467487022399902, 2.929041498565674, 2.5749042869567873, 2.8623386211395263]}, "used_budget": 750.7944350242615, "configs": {"scale_lower": 0.805104785418523, "pad_lower": 0.046032130615696325, "rotation_upper": 73, "pad_upper": 0.26725708839238094, "pad_probability": 0.17267261343000806, "vertical_flip": 0.3467605686310349, "scale_probability": 0.9483364324391428, "crop_upper": 0.16589778786413717, "scale_upper": 1.325452041590664, "horizontal_flip": 0.2389609603927244, "crop_lower": 0.07105350802148883, "crop_probability": 0.7571525979618445, "rotation_probability": 0.39492729026948326, "rotation_lower": -144}, "train_accuracy": 0.11145332532051282, "augment": true, "validation_error": 0.8984}