{"validation_error": 0.9022, "train_accuracy": 0.10852363782051282, "configs": {"vertical_flip": 0.36833326411876754, "scale_upper": 1.062899212885499, "crop_lower": 0.0794808067723988, "pad_lower": 0.051587549100364054, "crop_probability": 0.5683421197357291, "pad_upper": 0.29196987286316645, "scale_probability": 0.7055412113432242, "crop_upper": 0.2114612981723893, "rotation_lower": -20, "pad_probability": 0.8674128707383123, "rotation_upper": 131, "horizontal_flip": 0.5886720929765377, "rotation_probability": 0.9864023199454028, "scale_lower": 0.9874073914064232}, "train_history": {"acc": [0.10334034455128205, 0.1058193108974359, 0.10784755608974358, 0.10877403846153846, 0.10784755608974358, 0.10952524038461539, 0.10919971955128205, 0.10882411858974358, 0.10857371794871795, 0.10684595352564102, 0.10824819711538461, 0.10852363782051282], "loss": [2.30020681482095, 2.298035069153859, 2.2979198549038324, 2.2955537858681803, 2.296823251705903, 2.296447496383618, 2.29547502215092, 2.2955456238526564, 2.2954253317453923, 2.2958806462776966, 2.2958640647240176, 2.295026550690333], "val_acc": [0.0964, 0.0968, 0.0988, 0.097, 0.0991, 0.0981, 0.106, 0.097, 0.1073, 0.0969, 0.0965, 0.0978], "val_loss": [2.5735998439788816, 2.3617319881439207, 2.674583861923218, 2.337193479156494, 2.3637116554260253, 2.8496321884155273, 2.3182441677093504, 2.452086590576172, 2.322633204650879, 2.6721152408599855, 2.6222434070587157, 2.7379316677093506]}, "augment": true, "used_budget": 703.9093403816223}