{"train_history": {"acc": [0.10809795673076923, 0.11355669070512821, 0.11863982371794872, 0.11894030448717949, 0.11861478365384616, 0.11873998397435898, 0.12252103365384616, 0.11941606570512821, 0.11896534455128205, 0.12129407051282051, 0.12219551282051282, 0.11911558493589744], "val_acc": [0.1095, 0.1017, 0.1015, 0.1013, 0.1014, 0.1014, 0.1014, 0.1017, 0.1015, 0.1025, 0.1015, 0.1018], "loss": [2.295909582040249, 2.2892592564607277, 2.285209921690134, 2.2844436780000343, 2.2827356381294055, 2.28162531210826, 2.280513198711933, 2.2804241142211814, 2.2800261286588817, 2.2804594857570453, 2.280992499528787, 2.281678624642201], "val_loss": [2.369816143798828, 2.377533786392212, 3.3351130935668944, 3.0506810943603515, 3.251450587463379, 2.87953737411499, 3.043592406463623, 2.5273549423217774, 2.6680294109344485, 2.4503653617858885, 3.5416661518096926, 2.6392396812438963]}, "configs": {"crop_probability": 0.45186834344148263, "scale_lower": 0.9771727078004253, "rotation_upper": 58, "vertical_flip": 0.1619687561003348, "pad_probability": 0.5076750865456232, "scale_upper": 1.8662244958827845, "pad_upper": 0.17739362467007364, "rotation_lower": -174, "scale_probability": 0.31590361604413864, "crop_upper": 0.13792193591903462, "rotation_probability": 0.5785607533585051, "pad_lower": 0.08474103083233828, "crop_lower": 0.040142700785288435, "horizontal_flip": 0.9419836634442447}, "augment": true, "used_budget": 735.6807940006256, "train_accuracy": 0.11911558493589744, "validation_error": 0.8982}