{"augment": true, "configs": {"crop_lower": 0.04448222545673905, "scale_probability": 0.04997431459504731, "crop_probability": 0.5456421790623943, "scale_upper": 1.3349739848494027, "horizontal_flip": 0.6983465821516228, "vertical_flip": 0.8774818250825297, "rotation_probability": 0.3875035854715895, "pad_lower": 0.06667681447616111, "pad_upper": 0.1269540460467518, "pad_probability": 0.35486189886527675, "crop_upper": 0.2545950713144064, "rotation_upper": 34, "rotation_lower": -17, "scale_lower": 0.5126460005937519}, "used_budget": 733.0510957241058, "train_history": {"val_acc": [0.1122, 0.1025, 0.1023, 0.1023, 0.1023, 0.0995, 0.1019, 0.1009, 0.1022, 0.0993, 0.1027, 0.1069], "acc": [0.1175380608974359, 0.1282802483974359, 0.12890625, 0.12883112980769232, 0.1295322516025641, 0.12900641025641027, 0.13161057692307693, 0.1313351362179487, 0.13048377403846154, 0.13439002403846154, 0.13128505608974358, 0.1320362580128205], "val_loss": [2.3046403244018556, 2.4986076137542725, 2.7364244720458983, 2.814012417602539, 2.676074057006836, 2.5744556396484377, 2.368737194824219, 2.541311328125, 2.4736986152648925, 2.845610029602051, 2.6366914978027345, 2.6823521156311037], "loss": [2.288472587481523, 2.278395164471406, 2.2750480205584793, 2.271984961552498, 2.267484332506473, 2.2687785976972337, 2.2663233295465126, 2.264524511801891, 2.26525135911428, 2.262311503673211, 2.26285119392933, 2.2628335708226914]}, "validation_error": 0.8931, "train_accuracy": 0.1320362580128205}