{"configs": {"scale_probability": 0.022674624430721324, "crop_probability": 0.050969629777432135, "rotation_lower": -169, "pad_probability": 0.29453130742392164, "horizontal_flip": 0.3366126947153565, "crop_upper": 0.27404428053499297, "crop_lower": 0.04813825554327664, "pad_upper": 0.2239154825827253, "scale_lower": 0.6755557217917272, "vertical_flip": 0.6668929633080803, "pad_lower": 0.05786751674267054, "rotation_probability": 0.4282662457143186, "rotation_upper": 48, "scale_upper": 1.992364428857792}, "validation_error": 0.9065, "used_budget": 727.9653775691986, "train_accuracy": 0.1419521233974359, "train_history": {"val_loss": [2.338567782974243, 2.458257287597656, 2.4069196151733396, 2.680324766540527, 2.779311949157715, 2.563570882797241, 2.7625472812652587, 3.618379400634766, 2.961256928253174, 2.736362617492676, 2.6702064399719236, 2.5211674716949464], "val_acc": [0.1052, 0.0969, 0.0977, 0.097, 0.097, 0.097, 0.097, 0.0968, 0.0966, 0.0959, 0.0965, 0.0935], "loss": [2.28870261938144, 2.274545032244462, 2.26989194445121, 2.2669950318642154, 2.2573789190023374, 2.2584907236771707, 2.2576509591860647, 2.2546606186108713, 2.25318596072686, 2.2555443193667974, 2.2539529372484255, 2.248819883053119], "acc": [0.11919070512820513, 0.12990785256410256, 0.13466546474358973, 0.13073417467948717, 0.13701923076923078, 0.13696915064102563, 0.13879707532051283, 0.13809595352564102, 0.13974859775641027, 0.14170172275641027, 0.13872195512820512, 0.1419521233974359]}, "augment": true}