{"validation_error": 0.888, "train_accuracy": 0.12454927884615384, "train_history": {"val_loss": [2.316848649597168, 2.981487903594971, 2.4687788444519043, 2.807126385498047, 2.5588192070007323, 3.1313289703369143, 2.4960130325317382, 2.9187573013305665, 3.013712730026245, 2.553566632080078, 2.5546202781677247, 3.3924714729309082], "val_acc": [0.1056, 0.1036, 0.1033, 0.1069, 0.1042, 0.1079, 0.104, 0.1128, 0.0941, 0.0976, 0.114, 0.112], "loss": [2.2926906240292086, 2.285062176294816, 2.2815813353428473, 2.27939590658897, 2.2791979641486435, 2.276656592503572, 2.2744820522956357, 2.2755121741539392, 2.275423052219244, 2.276094573430526, 2.2731412916611404, 2.271089803714019], "acc": [0.11308092948717949, 0.11728766025641026, 0.11989182692307693, 0.12427383814102565, 0.11836438301282051, 0.12212039262820513, 0.12555088141025642, 0.12359775641025642, 0.12412359775641026, 0.12232071314102565, 0.1255008012820513, 0.12454927884615384]}, "augment": true, "configs": {"scale_upper": 1.9500960008455903, "rotation_upper": 88, "rotation_probability": 0.21321465550050134, "horizontal_flip": 0.6637495559063984, "crop_probability": 0.39965669854722263, "scale_lower": 0.9861887152575356, "pad_lower": 0.08588498330135828, "pad_upper": 0.18390882739206013, "crop_lower": 0.046059859774934514, "vertical_flip": 0.9422854048685031, "pad_probability": 0.4549205429408959, "scale_probability": 0.5249669269846622, "crop_upper": 0.13005992995229826, "rotation_lower": -42}, "used_budget": 734.8054251670837}