{"used_budget": 747.3398194313049, "configs": {"rotation_upper": 45, "pad_lower": 0.0653722303277413, "rotation_probability": 0.45405795476539146, "crop_lower": 0.042239971098522636, "horizontal_flip": 0.8257570385239714, "pad_probability": 0.13550999410287679, "pad_upper": 0.14212986665760333, "vertical_flip": 0.027658277662410136, "scale_upper": 1.3581947790568047, "crop_probability": 0.8692228210401293, "scale_probability": 0.8450275832806886, "scale_lower": 0.8895428890604755, "crop_upper": 0.14128842195367794, "rotation_lower": -51}, "train_accuracy": 0.11826422275641026, "validation_error": 0.8911, "train_history": {"val_loss": [2.359101786804199, 2.2897221866607667, 2.3039943088531496, 2.836526644897461, 3.939822347640991, 2.9750182678222656, 3.5609663940429686, 3.1313759368896483, 3.3466132625579834, 3.056329796218872, 2.7039461017608644, 2.661874605560303], "val_acc": [0.0996, 0.1204, 0.1053, 0.0987, 0.0964, 0.1011, 0.1085, 0.1113, 0.0949, 0.1079, 0.1057, 0.1089], "acc": [0.10657051282051282, 0.11235476762820513, 0.10947516025641026, 0.11490885416666667, 0.11445813301282051, 0.11127804487179487, 0.11490885416666667, 0.1143329326923077, 0.11503405448717949, 0.11253004807692307, 0.11340645032051282, 0.11826422275641026], "loss": [2.2974623197164292, 2.2924217757506247, 2.2911104078476248, 2.289566768285556, 2.2869649667006273, 2.2899350241208687, 2.286341537267734, 2.2859563323167653, 2.28671903640796, 2.2857372707281356, 2.285973990574861, 2.2852187867348013]}, "augment": true}