{"train_history": {"loss": [2.296073098977407, 2.2888758136675906, 2.288029118990287, 2.286615775181697, 2.283109894165626, 2.2842909739567685, 2.2814330206467557, 2.2816210427345376, 2.2832937783155685, 2.280557856345788, 2.2803618571697135, 2.2799747043695207], "val_acc": [0.1054, 0.1054, 0.1053, 0.1055, 0.1051, 0.1056, 0.1054, 0.1053, 0.1021, 0.1037, 0.1053, 0.1052], "val_loss": [2.3336046157836914, 2.7602056091308595, 2.639956945037842, 2.7620085609436034, 3.80498836517334, 2.572782702255249, 3.1910584312438965, 2.947960194396973, 2.5299958084106446, 2.410140476989746, 2.8311609409332275, 2.950614287567139], "acc": [0.11220452724358974, 0.1153094951923077, 0.11911558493589744, 0.11766326121794872, 0.11929086538461539, 0.11763822115384616, 0.12041766826923077, 0.1200420673076923, 0.12054286858974358, 0.1224208733974359, 0.11969150641025642, 0.1185146233974359]}, "augment": true, "validation_error": 0.8948, "used_budget": 738.0180926322937, "configs": {"rotation_lower": -91, "crop_lower": 0.0010849298394940532, "scale_upper": 1.7513905193304833, "horizontal_flip": 0.8789510185813816, "rotation_probability": 0.4059331818708496, "rotation_upper": 169, "pad_upper": 0.10716002371658151, "vertical_flip": 0.4318986334255298, "pad_probability": 0.851570311958961, "scale_probability": 0.48805388203057654, "crop_probability": 0.31909486137121457, "pad_lower": 0.004605330589997858, "crop_upper": 0.16352572382508396, "scale_lower": 0.6069743885206329}, "train_accuracy": 0.1185146233974359}