{"augment": true, "used_budget": 675.2406997680664, "train_history": {"val_loss": [2.733863496017456, 2.688890580368042, 2.7768501834869386, 2.4296195556640625, 2.723758917236328, 2.5892579849243162, 2.4052748081207276, 2.7049132678985597, 2.579294066619873, 2.625192081451416, 2.67457925491333, 3.0621999488830567], "loss": [2.2953612559880967, 2.2913088561632695, 2.2910827910288787, 2.2894578232215, 2.289089724803582, 2.2873609509223547, 2.286154882265971, 2.288899398767031, 2.2881414263676376, 2.2872546238776965, 2.2863036271853323, 2.2849447306914206], "val_acc": [0.1019, 0.1019, 0.1019, 0.1018, 0.1019, 0.1019, 0.102, 0.1019, 0.1019, 0.1019, 0.1017, 0.1019], "acc": [0.11037660256410256, 0.11518429487179487, 0.11423277243589744, 0.11500901442307693, 0.11478365384615384, 0.11388221153846154, 0.11741286057692307, 0.11300580929487179, 0.11723758012820513, 0.11518429487179487, 0.1155849358974359, 0.11676181891025642]}, "train_accuracy": 0.11676181891025642, "validation_error": 0.8981, "configs": {"rotation_lower": -98, "pad_lower": 0.09997976025949007, "rotation_upper": 123, "horizontal_flip": 0.019827845259701493, "crop_upper": 0.1574398835793714, "scale_lower": 0.7433166038669494, "crop_probability": 0.39015568336773865, "scale_upper": 1.388661102892896, "rotation_probability": 0.7961952389622825, "pad_probability": 0.936510491257463, "crop_lower": 0.0180670307398914, "pad_upper": 0.1904669834155348, "vertical_flip": 0.7315368579458753, "scale_probability": 0.2440747874203898}}