{"train_accuracy": 0.11475861378205128, "used_budget": 746.8107600212097, "augment": true, "train_history": {"val_acc": [0.1184, 0.0993, 0.0992, 0.1027, 0.1019, 0.102, 0.1037, 0.1018, 0.1018, 0.1018, 0.1023, 0.1023], "acc": [0.1084735576923077, 0.11005108173076923, 0.11192908653846154, 0.11085236378205128, 0.1112530048076923, 0.1185146233974359, 0.1143329326923077, 0.11202924679487179, 0.11212940705128205, 0.1103515625, 0.11686197916666667, 0.11475861378205128], "loss": [2.297567313298201, 2.294922426725045, 2.2923092987292852, 2.293580860663683, 2.2915990069890633, 2.2886388447040167, 2.290474446156086, 2.2890409536850758, 2.2909058187252436, 2.2880926521924825, 2.2867624851373525, 2.2855369456303425], "val_loss": [2.301409041213989, 2.300967574310303, 2.30839298248291, 2.3404106895446777, 2.4265031658172607, 2.412964435195923, 2.3128898151397705, 2.455106911468506, 2.5732006187438965, 2.723859613418579, 2.7854017269134523, 3.054060681915283]}, "validation_error": 0.8976999999999999, "configs": {"crop_lower": 0.04801963411206233, "scale_lower": 0.5890797966326597, "rotation_probability": 0.8423264044921115, "horizontal_flip": 0.9978229538445711, "pad_upper": 0.18544945839605137, "vertical_flip": 0.16327993408920993, "scale_upper": 1.9493611030032634, "crop_upper": 0.26269885942117444, "scale_probability": 0.2578588003822079, "crop_probability": 0.13706392378183618, "pad_probability": 0.8480872091070307, "rotation_upper": 127, "pad_lower": 0.04685035379335664, "rotation_lower": -132}}