{"augment": true, "validation_error": 0.8973, "train_history": {"acc": [0.10802283653846154, 0.10709635416666667, 0.10531850961538461, 0.11112780448717949, 0.11355669070512821, 0.1087489983974359, 0.10879907852564102, 0.11370693108974358, 0.10872395833333333, 0.10907451923076923, 0.11170372596153846, 0.1097255608974359], "val_acc": [0.1015, 0.1033, 0.1051, 0.1036, 0.1038, 0.1166, 0.1064, 0.1015, 0.1015, 0.1025, 0.1145, 0.1027], "loss": [2.299608371196649, 2.297540783117979, 2.296682360080572, 2.295221311159623, 2.294535537560781, 2.2948925579205537, 2.2935097828889504, 2.2924919793239007, 2.2930414707232742, 2.292888268446311, 2.2920775711536407, 2.2920901553753095], "val_loss": [2.307893998718262, 2.373076456451416, 2.4473718006134035, 2.5585611045837404, 2.548884490585327, 2.407176321411133, 2.38222869682312, 3.061442748260498, 3.1991196811676024, 2.985196708679199, 3.0425836738586427, 2.755079983139038]}, "configs": {"horizontal_flip": 0.6292572474802909, "pad_probability": 0.948286462156735, "pad_lower": 0.05777814508807419, "pad_upper": 0.27079687301847055, "rotation_lower": -159, "rotation_probability": 0.2883547026078256, "rotation_upper": 175, "crop_probability": 0.8476908073467134, "scale_upper": 1.4175301141477235, "vertical_flip": 0.36816395735922747, "crop_lower": 0.042793965812392525, "crop_upper": 0.24719134130695214, "scale_probability": 0.8194464021476379, "scale_lower": 0.9697240971573684}, "used_budget": 684.9413185119629, "train_accuracy": 0.1097255608974359}