{"used_budget": 668.7689666748047, "train_accuracy": 0.13787059294871795, "configs": {"vertical_flip": 0.6491106180191744, "crop_probability": 0.11424775982475088, "pad_upper": 0.2819805878153343, "pad_lower": 0.09753913333610228, "crop_upper": 0.2467846481232018, "rotation_lower": -24, "rotation_upper": 2, "scale_probability": 0.09928846185618478, "scale_lower": 0.9099371112357162, "crop_lower": 0.015671940831715605, "horizontal_flip": 0.4402319033200882, "pad_probability": 0.950924771845767, "scale_upper": 1.814065108101396, "rotation_probability": 0.14236202430782918}, "train_history": {"val_loss": [2.4547044639587403, 2.786046672821045, 2.68565830078125, 3.6336167755126954, 3.1412422409057617, 4.226764337158203, 2.64565231590271, 3.1944792724609377, 3.013940642929077, 2.9015441524505614, 3.3478547103881837, 2.694755210494995], "loss": [2.2851738463609648, 2.2737566385513697, 2.271564168043626, 2.2672959718948755, 2.2623471174484644, 2.26226344704628, 2.2638460917350574, 2.263456479097024, 2.25903219748766, 2.2614050331788187, 2.2580224810502467, 2.259463976591061], "val_acc": [0.0993, 0.0978, 0.0977, 0.0976, 0.0975, 0.0976, 0.0973, 0.0949, 0.0954, 0.0955, 0.0957, 0.0927], "acc": [0.12179487179487179, 0.1293820112179487, 0.12983273237179488, 0.13055889423076922, 0.13361378205128205, 0.13569210737179488, 0.13596754807692307, 0.13376402243589744, 0.1362179487179487, 0.13514122596153846, 0.13469050480769232, 0.13787059294871795]}, "augment": true, "validation_error": 0.9073}