{"used_budget": 736.9640340805054, "augment": true, "configs": {"vertical_flip": 0.7151117817983575, "scale_probability": 0.21061162087743723, "horizontal_flip": 0.8788091041660543, "pad_upper": 0.2639654454518711, "pad_lower": 0.0017658409449759717, "rotation_upper": 142, "crop_lower": 0.03498370645677941, "crop_probability": 0.604943936067933, "pad_probability": 0.4165300648447491, "crop_upper": 0.11837842635336909, "rotation_lower": -21, "rotation_probability": 0.5186647927003238, "scale_lower": 0.5537563640546441, "scale_upper": 1.8426155941974027}, "validation_error": 0.896, "train_history": {"loss": [2.2953452926415663, 2.287844786277184, 2.2827850931730027, 2.2837700820886173, 2.280212898284961, 2.2793470361293893, 2.2796261448126574, 2.278610040744146, 2.2774468049024925, 2.2789281140535307, 2.2786308251894436, 2.275997804525571], "acc": [0.11280548878205128, 0.11723758012820513, 0.11858974358974358, 0.1214443108974359, 0.12219551282051282, 0.1219951923076923, 0.12357271634615384, 0.12337239583333333, 0.12427383814102565, 0.1214443108974359, 0.11984174679487179, 0.1266776842948718], "val_acc": [0.1042, 0.1043, 0.1043, 0.1043, 0.1042, 0.1042, 0.1044, 0.1071, 0.1042, 0.104, 0.1041, 0.104], "val_loss": [2.4178035354614256, 2.366384396362305, 3.0215008537292483, 2.4621363288879397, 2.987216316986084, 2.4214680892944336, 2.4919717315673826, 2.396475513458252, 2.684290419769287, 2.342424074172974, 2.841351414871216, 2.4540223445892333]}, "train_accuracy": 0.1266776842948718}