{"augment": true, "train_accuracy": 0.13141025641025642, "validation_error": 0.9017, "configs": {"crop_upper": 0.25684637038792785, "scale_upper": 1.2356406240736242, "crop_probability": 0.1501558674579746, "rotation_probability": 0.4959872698913864, "scale_lower": 0.5722375589369678, "vertical_flip": 0.9746740526346878, "pad_upper": 0.2868792480631532, "pad_probability": 0.5650431911129875, "scale_probability": 0.01624868331238094, "crop_lower": 0.04131282725302961, "rotation_upper": 10, "pad_lower": 0.004570461252318048, "horizontal_flip": 0.12516449310031474, "rotation_lower": -157}, "train_history": {"loss": [2.287373565710508, 2.278279932645651, 2.2743217180936766, 2.272055264466848, 2.2676665423772273, 2.266343062504744, 2.2626536205793037, 2.263061977349795, 2.26178467579377, 2.262813355678167, 2.2617404460906982, 2.2594950932722826], "val_acc": [0.0983, 0.0978, 0.0978, 0.0977, 0.0978, 0.0978, 0.0978, 0.0987, 0.0978, 0.0984, 0.0989, 0.0983], "acc": [0.12249599358974358, 0.1264773637820513, 0.1282802483974359, 0.1286308092948718, 0.13241185897435898, 0.13025841346153846, 0.1329627403846154, 0.13303786057692307, 0.1324619391025641, 0.13078425480769232, 0.1329627403846154, 0.13141025641025642], "val_loss": [2.3133237518310548, 2.74145179977417, 2.856222970581055, 2.5468317012786867, 2.714823582458496, 3.251616247558594, 3.3989749389648436, 2.5881018074035644, 2.8652921508789064, 2.801428528213501, 2.607661920928955, 3.456317733001709]}, "used_budget": 726.8619015216827}