{"validation_error": 0.8886000000000001, "configs": {"crop_lower": 0.09358364937129442, "scale_upper": 1.226428015299434, "pad_upper": 0.17179066885386884, "horizontal_flip": 0.9084555081158151, "pad_lower": 0.038996320265448116, "rotation_lower": -31, "rotation_probability": 0.15817921146114733, "rotation_upper": 34, "crop_upper": 0.1800042545934871, "crop_probability": 0.6231218410168267, "vertical_flip": 0.9017856683961449, "pad_probability": 0.1440256554249162, "scale_lower": 0.9933882930984734, "scale_probability": 0.726001761388511}, "train_accuracy": 0.12192007211538461, "augment": true, "used_budget": 734.3590698242188, "train_history": {"val_acc": [0.1062, 0.0938, 0.119, 0.1029, 0.1031, 0.1042, 0.1053, 0.1102, 0.104, 0.1032, 0.1036, 0.1114], "val_loss": [2.2997680557250977, 2.5183711730957032, 3.5738222480773927, 2.935953719329834, 3.6441812580108643, 3.0845175979614257, 2.6271384971618654, 3.275713882446289, 3.2492333255767822, 3.0292939491271973, 2.8853965728759765, 2.805100720977783], "acc": [0.11112780448717949, 0.115234375, 0.12006710737179487, 0.11673677884615384, 0.11811398237179487, 0.12452423878205128, 0.1221454326923077, 0.12272135416666667, 0.12029246794871795, 0.12141927083333333, 0.12607672275641027, 0.12192007211538461], "loss": [2.293535581766031, 2.2865249399955454, 2.282242631300902, 2.2802881881212578, 2.2796975626395297, 2.2794106090680146, 2.2774213690024157, 2.2758006843236775, 2.2752790665015197, 2.2751959355977864, 2.2728192691619578, 2.274291862279941]}}