{"validation_error": 0.8933, "used_budget": 738.4357187747955, "train_history": {"val_loss": [2.610574740982056, 2.3249500595092774, 2.4498828449249266, 2.6322014884948732, 2.994720402908325, 2.4285039989471437, 2.5085811428070066, 2.478003726196289, 2.704608238220215, 2.928959666442871, 3.7436308570861816, 4.032110500335693], "acc": [0.10647035256410256, 0.11253004807692307, 0.11050180288461539, 0.11268028846153846, 0.11330629006410256, 0.11393229166666667, 0.11280548878205128, 0.11408253205128205, 0.11563501602564102, 0.11510917467948718, 0.11393229166666667, 0.11288060897435898], "loss": [2.2980683766878567, 2.2952508337986774, 2.292064217420725, 2.289798375123586, 2.290877015926899, 2.2892930599359365, 2.2900109061828027, 2.288419706699176, 2.2862837650837045, 2.2884684785818443, 2.287020831536024, 2.286881601963288], "val_acc": [0.0987, 0.0994, 0.1006, 0.1051, 0.099, 0.1002, 0.1088, 0.1115, 0.1068, 0.1009, 0.1024, 0.1067]}, "augment": true, "configs": {"rotation_probability": 0.29677502759283236, "crop_lower": 0.06604382604401525, "crop_probability": 0.2579581020820959, "pad_upper": 0.1540735584538768, "pad_lower": 0.08692200056726931, "rotation_lower": -51, "scale_upper": 1.8188311127095567, "scale_probability": 0.79596848605534, "vertical_flip": 0.23510990645183527, "crop_upper": 0.19288573445370888, "scale_lower": 0.9708881779275911, "pad_probability": 0.23523147880899953, "rotation_upper": 15, "horizontal_flip": 0.29099594433804443}, "train_accuracy": 0.11288060897435898}