{"train_accuracy": 0.1293820112179487, "train_history": {"val_loss": [2.335339310455322, 2.3639104709625243, 2.54147809715271, 2.694948229217529, 2.671771588897705, 2.5770564388275146, 2.9459237964630125, 2.970154337310791, 3.5047368343353273, 2.46435341796875, 2.638918501663208, 2.7421668758392332], "loss": [2.291892964870502, 2.28278834773944, 2.2776306936374078, 2.2759693295527725, 2.2741504586659946, 2.272238110884642, 2.2718668480714164, 2.2716257885480537, 2.2700168712016864, 2.267616805357811, 2.268585564234318, 2.2672125811760244], "val_acc": [0.1006, 0.1136, 0.0969, 0.0965, 0.097, 0.1071, 0.1102, 0.1073, 0.1, 0.0945, 0.0995, 0.1064], "acc": [0.11813902243589744, 0.11939102564102565, 0.125, 0.12610176282051283, 0.12747896634615385, 0.12995793269230768, 0.12510016025641027, 0.1246494391025641, 0.12848056891025642, 0.12352263621794872, 0.13090945512820512, 0.1293820112179487]}, "used_budget": 741.1510779857635, "augment": true, "validation_error": 0.8936, "configs": {"pad_upper": 0.13950921114458667, "crop_upper": 0.12897495409118861, "pad_lower": 0.05534052231647895, "horizontal_flip": 0.20537318713410158, "scale_lower": 0.9458861169210261, "scale_probability": 0.6379289169211305, "crop_probability": 0.07910563685304928, "scale_upper": 1.5032847923758412, "rotation_lower": -47, "vertical_flip": 0.7003257084583019, "rotation_upper": 89, "pad_probability": 0.46964972691722184, "crop_lower": 0.08754413567272323, "rotation_probability": 0.04386042063800377}}