{"train_accuracy": 0.12314703525641026, "augment": true, "validation_error": 0.8893, "used_budget": 746.3748257160187, "train_history": {"val_acc": [0.1016, 0.1015, 0.1015, 0.1024, 0.1142, 0.1014, 0.1016, 0.1014, 0.1066, 0.1073, 0.1002, 0.1107], "loss": [2.2944311835826974, 2.290587379382207, 2.2854939095484905, 2.283158745521154, 2.2840504248936973, 2.2823892663686705, 2.2821874725512967, 2.282946011194816, 2.2816287936308446, 2.279463542577548, 2.2796849340964584, 2.278262800895251], "val_loss": [2.4768259731292726, 2.6703765316009522, 3.053111085510254, 2.53789245223999, 2.773112428665161, 3.0240148948669434, 2.484584787750244, 3.0784352298736573, 2.3276473793029786, 3.268825968170166, 2.5627714225769043, 2.5495686462402345], "acc": [0.10932491987179487, 0.11641125801282051, 0.12071814903846154, 0.12089342948717949, 0.11616085737179487, 0.12119391025641026, 0.12121895032051282, 0.12076822916666667, 0.1211688701923077, 0.12224559294871795, 0.1236728766025641, 0.12314703525641026]}, "configs": {"rotation_probability": 0.77142650179624, "horizontal_flip": 0.23725831754934945, "pad_probability": 0.5161862122987653, "rotation_lower": -23, "scale_lower": 0.9769805437734078, "rotation_upper": 154, "vertical_flip": 0.13613653776370338, "crop_probability": 0.17751949794076705, "crop_lower": 0.09595675524575452, "pad_lower": 0.0649579242785317, "scale_upper": 1.5362724294057797, "pad_upper": 0.25647149047899787, "crop_upper": 0.20228583102298547, "scale_probability": 0.06799345471977425}}