{"train_accuracy": 0.13005809294871795, "used_budget": 744.1323101520538, "configs": {"pad_probability": 0.9627759707580996, "vertical_flip": 0.0792210473204239, "horizontal_flip": 0.5568776928866354, "rotation_upper": 34, "crop_upper": 0.23043890288842864, "scale_upper": 1.310110649213145, "scale_lower": 0.6262271082992301, "rotation_probability": 0.4246388923330926, "crop_probability": 0.22129512478584734, "rotation_lower": -104, "pad_upper": 0.26892612284407436, "crop_lower": 0.004167661921624566, "scale_probability": 0.006037663797045845, "pad_lower": 0.008042931719698521}, "validation_error": 0.8993, "train_history": {"val_loss": [2.399162943649292, 2.5004076850891113, 2.3537720447540282, 2.606282427597046, 2.519389524078369, 3.9046225883483885, 3.730556217956543, 3.0651570178985597, 2.5577735233306886, 4.203184312438965, 2.815431721878052, 2.5796585041046143], "acc": [0.11631109775641026, 0.12317207532051282, 0.12422375801282051, 0.12848056891025642, 0.12845552884615385, 0.12873096955128205, 0.12980769230769232, 0.1332882612179487, 0.12963241185897437, 0.1302333733974359, 0.1324619391025641, 0.13005809294871795], "val_acc": [0.0993, 0.1015, 0.0994, 0.0996, 0.1018, 0.0996, 0.0996, 0.0993, 0.1, 0.0998, 0.1001, 0.1007], "loss": [2.2881751427283654, 2.2778985614960012, 2.274059923031391, 2.275701493024826, 2.2700560222833586, 2.270645104921781, 2.2705431481202445, 2.2657633370313888, 2.268204635534531, 2.2696110705534616, 2.265090047548979, 2.2666498521963754]}, "augment": true}