{"validation_error": 0.8982, "augment": true, "train_history": {"val_loss": [2.3469199111938477, 2.363529232788086, 2.6598102615356445, 2.848474657058716, 2.650850691986084, 2.9833375312805175, 2.439451945114136, 2.795380938720703, 2.6611864761352537, 3.174535124588013, 2.491637059402466, 3.173379647064209], "loss": [2.295162323193672, 2.290032385251461, 2.287490005676563, 2.286459106665391, 2.2857936949301987, 2.2839854535384054, 2.283639507415967, 2.282338034648162, 2.282410360299624, 2.2810060557646628, 2.2807874114085465, 2.280361063205279], "acc": [0.11142828525641026, 0.11468349358974358, 0.11606069711538461, 0.11698717948717949, 0.11701221955128205, 0.11591045673076923, 0.11626101762820513, 0.11596053685897435, 0.11841446314102565, 0.11806390224358974, 0.11896534455128205, 0.11793870192307693], "val_acc": [0.1009, 0.1006, 0.1006, 0.1007, 0.1018, 0.1028, 0.1017, 0.1018, 0.1034, 0.1017, 0.1054, 0.1018]}, "train_accuracy": 0.11793870192307693, "configs": {"pad_upper": 0.21184558008020715, "scale_probability": 0.7393139437148394, "horizontal_flip": 0.6443540820305252, "pad_lower": 0.06376621326446108, "pad_probability": 0.048217567543951234, "scale_upper": 1.0181581669450694, "scale_lower": 0.8820652656059994, "crop_upper": 0.2805383578625815, "rotation_lower": -2, "rotation_upper": 162, "crop_probability": 0.10281461189156538, "rotation_probability": 0.5846710832190156, "vertical_flip": 0.2461725461856109, "crop_lower": 0.016883688464122328}, "used_budget": 682.0291392803192}