{"configs": {"rotation_probability": 0.19163600407898496, "pad_lower": 0.054563043300458, "horizontal_flip": 0.6475463161640884, "scale_probability": 0.5837001505033532, "pad_probability": 0.7467403463699717, "crop_upper": 0.2205315280632823, "vertical_flip": 0.5751277195149969, "crop_probability": 0.9378599322687169, "scale_upper": 1.5403146248100539, "rotation_upper": 114, "crop_lower": 0.017367658948826515, "pad_upper": 0.25242019908286206, "scale_lower": 0.6646701942218941, "rotation_lower": -49}, "train_history": {"val_loss": [2.2950449836730957, 2.3162532402038574, 2.409485726547241, 2.443762184906006, 2.8710527030944824, 2.789765713882446, 2.733651626586914, 3.370446851348877, 2.455022409057617, 2.959505127334595, 3.1303772148132323, 2.7686776332855225], "val_acc": [0.1045, 0.1043, 0.1031, 0.1033, 0.1039, 0.1033, 0.103, 0.1033, 0.1034, 0.1033, 0.1034, 0.1152], "acc": [0.10529346955128205, 0.11117788461538461, 0.11205428685897435, 0.11130308493589744, 0.1116786858974359, 0.11688701923076923, 0.11468349358974358, 0.1178135016025641, 0.11568509615384616, 0.11974158653846154, 0.11929086538461539, 0.11313100961538461], "loss": [2.2983962916410885, 2.293993909389545, 2.291250998393083, 2.2890804020258098, 2.289597816956349, 2.2874087561399508, 2.2879914878270564, 2.286928415298462, 2.285907710974033, 2.286208919225595, 2.2860589218445315, 2.2869821878579946]}, "train_accuracy": 0.11313100961538461, "validation_error": 0.8848, "used_budget": 670.7568447589874, "augment": true}