{"augment": true, "validation_error": 0.9031, "used_budget": 675.1875145435333, "train_history": {"val_acc": [0.096, 0.0995, 0.0965, 0.0962, 0.0961, 0.1015, 0.0962, 0.1102, 0.0981, 0.0965, 0.0975, 0.0969], "acc": [0.11483373397435898, 0.12146935096153846, 0.12429887820512821, 0.11924078525641026, 0.12705328525641027, 0.12389823717948718, 0.1266776842948718, 0.1273036858974359, 0.12795472756410256, 0.12833032852564102, 0.12885616987179488, 0.1276542467948718], "val_loss": [2.3080796630859375, 2.3020908378601073, 2.4375790229797363, 2.3622109424591065, 2.8856446472167967, 2.6266930404663085, 2.8844855045318605, 2.317635793685913, 2.5162836532592774, 2.700769169998169, 3.202722639465332, 3.175490737915039], "loss": [2.2929081802184763, 2.2851551136909385, 2.2801133547073755, 2.281707764436037, 2.2776408103796153, 2.276516534579106, 2.275593284613047, 2.276424168012081, 2.273243533495145, 2.2721873437746978, 2.2720896273087234, 2.272388226710833]}, "configs": {"crop_upper": 0.1903952091410014, "scale_lower": 0.6310799871022864, "crop_probability": 0.6582700436244643, "vertical_flip": 0.6073868668531913, "horizontal_flip": 0.5699866872359497, "scale_upper": 1.5454736896631356, "pad_upper": 0.2638641991178745, "pad_lower": 0.09668195748354375, "scale_probability": 0.28934796679791575, "pad_probability": 0.1584442070481843, "crop_lower": 0.01920450220743654, "rotation_upper": 0, "rotation_probability": 0.40176760323576444, "rotation_lower": -18}, "train_accuracy": 0.1276542467948718}