{"train_accuracy": 0.11836438301282051, "used_budget": 752.586044549942, "validation_error": 0.9004, "augment": true, "train_history": {"val_loss": [2.288720189666748, 2.355187952041626, 2.416181647491455, 2.3599625190734863, 2.322719864654541, 3.287809441757202, 2.6028645195007325, 2.6595250492095945, 2.4742619785308837, 2.8657828430175782, 2.9668913246154784, 2.6635036922454836], "acc": [0.10917467948717949, 0.1122295673076923, 0.11443309294871795, 0.11555989583333333, 0.11197916666666667, 0.10982572115384616, 0.11315604967948718, 0.11388221153846154, 0.11490885416666667, 0.1132061298076923, 0.1162860576923077, 0.11836438301282051], "val_acc": [0.102, 0.1052, 0.1087, 0.0997, 0.1038, 0.0996, 0.0997, 0.1012, 0.0995, 0.0996, 0.0996, 0.0996], "loss": [2.298064242570828, 2.2933399562652292, 2.2901399578803625, 2.2892497655672903, 2.289377739796272, 2.288982253808242, 2.290232879229081, 2.286990517989183, 2.286794050381734, 2.2876864121510434, 2.288283007267194, 2.2861423935645666]}, "configs": {"pad_probability": 0.6926729410351479, "scale_probability": 0.25600218627575944, "horizontal_flip": 0.44694890972967294, "rotation_probability": 0.6344088652244649, "vertical_flip": 0.05475231368483724, "pad_lower": 0.04626513227292363, "scale_upper": 1.231339081595907, "rotation_upper": 100, "crop_probability": 0.7966047581018026, "rotation_lower": -98, "crop_lower": 0.0770811206945655, "crop_upper": 0.23338530486865153, "pad_upper": 0.2690179267114211, "scale_lower": 0.8445264653018562}}