{"train_accuracy": 0.12129407051282051, "validation_error": 0.9027000000000001, "augment": true, "configs": {"vertical_flip": 0.7423751443847805, "crop_upper": 0.15312552493413475, "horizontal_flip": 0.2502991855359664, "pad_upper": 0.2108023460222016, "pad_lower": 0.06389539664855727, "rotation_probability": 0.45032706994832994, "rotation_lower": -35, "crop_lower": 0.022520894633801615, "crop_probability": 0.974625472935608, "rotation_upper": 135, "scale_lower": 0.9505240655228975, "scale_probability": 0.1768181926590786, "scale_upper": 1.5799109823023016, "pad_probability": 0.8271986050081197}, "used_budget": 678.6943006515503, "train_history": {"val_loss": [2.3485609924316404, 2.501515215301514, 2.6099692642211916, 3.3340384124755857, 2.919256516265869, 2.6313013347625733, 3.1704241695404054, 3.0423750133514402, 2.4943018043518066, 3.263473387527466, 2.454697109603882, 2.539533507156372], "loss": [2.2943563904517736, 2.288163904960339, 2.286255560624294, 2.2841531313382664, 2.2826279363571067, 2.2838466343207235, 2.283461053401996, 2.2813893594802956, 2.2815943283912463, 2.2798901674075003, 2.27861556945703, 2.280116781210288], "val_acc": [0.0979, 0.098, 0.0974, 0.0979, 0.098, 0.098, 0.0979, 0.0976, 0.0977, 0.0973, 0.0978, 0.0973], "acc": [0.10992588141025642, 0.1139072516025641, 0.11668669871794872, 0.12059294871794872, 0.11691205929487179, 0.11673677884615384, 0.1229717548076923, 0.12076822916666667, 0.1200420673076923, 0.12259615384615384, 0.12134415064102565, 0.12129407051282051]}}