{"used_budget": 675.5693197250366, "train_history": {"loss": [2.295524094349299, 2.2874354460300546, 2.2820937488323603, 2.279044209382473, 2.2782857555609484, 2.2766806414494147, 2.276946151867891, 2.2767368096571703, 2.273924551713161, 2.274355725600169, 2.2723421714244743, 2.2720094391932855], "val_loss": [2.36600562210083, 2.55412472076416, 2.603800393295288, 2.6409571727752685, 3.222795726776123, 2.430979735183716, 2.759547469329834, 2.896257706451416, 2.816774422454834, 2.8397850727081297, 2.975387119293213, 2.7927154220581056], "val_acc": [0.0972, 0.0969, 0.0969, 0.0969, 0.0969, 0.098, 0.0973, 0.0969, 0.1027, 0.1097, 0.1018, 0.1104], "acc": [0.11072716346153846, 0.11706229967948718, 0.12279647435897435, 0.12334735576923077, 0.1240985576923077, 0.12354767628205128, 0.12697816506410256, 0.1271033653846154, 0.12510016025641027, 0.12392327724358974, 0.12224559294871795, 0.12737880608974358]}, "validation_error": 0.8896, "train_accuracy": 0.12737880608974358, "configs": {"scale_upper": 1.1373538745385323, "scale_probability": 0.6580670529516928, "horizontal_flip": 0.889757279189724, "rotation_probability": 0.3458102001558079, "rotation_upper": 29, "pad_lower": 0.03439348491923777, "crop_lower": 0.09993257383825119, "pad_upper": 0.10379549015305792, "crop_probability": 0.22674435558346495, "scale_lower": 0.5643998961722758, "rotation_lower": -130, "pad_probability": 0.004498979460123231, "vertical_flip": 0.28255632582524903, "crop_upper": 0.16770601551218775}, "augment": true}