{"validation_error": 0.9019, "configs": {"crop_lower": 0.07338969472475179, "crop_upper": 0.22633385696853858, "rotation_lower": -125, "horizontal_flip": 0.5051565127062556, "scale_probability": 0.7387987991767359, "crop_probability": 0.5936558599444116, "rotation_upper": 13, "pad_probability": 0.8759394416886309, "pad_lower": 0.07269385885453633, "scale_upper": 1.1416640782479819, "vertical_flip": 0.9148436403901372, "rotation_probability": 0.010139123487470592, "pad_upper": 0.21192080613454367, "scale_lower": 0.96358390050877}, "train_history": {"val_acc": [0.0977, 0.0974, 0.0983, 0.0974, 0.0974, 0.0976, 0.0984, 0.0992, 0.0975, 0.0979, 0.1028, 0.0981], "val_loss": [2.331017653656006, 2.8043899322509764, 2.3307383071899412, 2.7454304683685304, 3.338515941619873, 2.70974739151001, 2.6641346015930174, 3.0183696754455567, 3.556118711090088, 2.8780751167297365, 2.6277222202301025, 2.510104891204834], "loss": [2.2950170177679796, 2.2877314625642238, 2.28544696019246, 2.2818160958779163, 2.2821601017927513, 2.281888098288805, 2.2812376755934496, 2.2818770423913612, 2.277673881023358, 2.280955835030629, 2.278769992865049, 2.2784318511302653], "acc": [0.11280548878205128, 0.11623597756410256, 0.11881510416666667, 0.11766326121794872, 0.11796374198717949, 0.11858974358974358, 0.11831430288461539, 0.11573517628205128, 0.11989182692307693, 0.12086838942307693, 0.12259615384615384, 0.11798878205128205]}, "train_accuracy": 0.11798878205128205, "augment": true, "used_budget": 674.3315255641937}