{"train_accuracy": 0.12009214743589744, "augment": true, "train_history": {"val_loss": [2.3715485794067384, 2.37471577835083, 2.5119963424682616, 2.338994526672363, 2.3865300117492674, 2.815954653930664, 2.491756909942627, 2.341953834915161, 2.3629280082702637, 2.643829766845703, 2.666193054962158, 2.425177838897705], "val_acc": [0.0983, 0.0989, 0.1, 0.101, 0.0985, 0.0982, 0.1038, 0.1001, 0.101, 0.1036, 0.0995, 0.1098], "acc": [0.11032652243589744, 0.11648637820512821, 0.11560997596153846, 0.12024238782051282, 0.11535957532051282, 0.11843950320512821, 0.12056790865384616, 0.12324719551282051, 0.11826422275641026, 0.12061798878205128, 0.11991686698717949, 0.12009214743589744], "loss": [2.2950293719768524, 2.2881800952630167, 2.28462447035007, 2.28353375960619, 2.2835188462184024, 2.2809576911804004, 2.282999481146152, 2.2801387348236184, 2.2808634516520376, 2.2799791059432883, 2.2787741185762944, 2.277179331351549]}, "used_budget": 680.9344840049744, "validation_error": 0.8902, "configs": {"pad_probability": 0.6369655514450225, "horizontal_flip": 0.3042540653922309, "scale_probability": 0.3893086898773367, "vertical_flip": 0.9102840456929273, "pad_lower": 0.09499481868011664, "crop_upper": 0.23361040971289795, "scale_upper": 1.076095833313065, "crop_lower": 0.08149063328114782, "rotation_probability": 0.5402506235151673, "pad_upper": 0.2522177259332043, "rotation_lower": -35, "crop_probability": 0.2781998949614465, "rotation_upper": 70, "scale_lower": 0.8223236153865272}}