{"used_budget": 755.5098402500153, "augment": true, "configs": {"scale_lower": 0.832643936252913, "pad_upper": 0.14271804789370862, "horizontal_flip": 0.25828424474767897, "rotation_lower": -71, "scale_upper": 1.3640507524721606, "scale_probability": 0.7405162244442896, "pad_lower": 0.08054047348452847, "rotation_probability": 0.8211811965465159, "pad_probability": 0.3769677971497335, "crop_probability": 0.449621216497225, "vertical_flip": 0.8389517685249764, "crop_lower": 0.06386816920866363, "rotation_upper": 64, "crop_upper": 0.13117552408681327}, "train_accuracy": 0.11170372596153846, "validation_error": 0.8979, "train_history": {"val_loss": [2.3514156497955323, 2.3238729202270507, 2.3811394424438475, 2.451299348449707, 2.681631517791748, 2.76397834777832, 2.8556181594848633, 2.9088988006591796, 3.062927222442627, 2.72203932762146, 2.7917956184387207, 3.8151950271606445], "loss": [2.2997007224804316, 2.297510360295956, 2.2962712209958296, 2.293017794688543, 2.29309509962033, 2.2930884002110896, 2.2923492582944722, 2.2923625379036636, 2.291763262870984, 2.291864439463004, 2.2909720715803976, 2.2908626718398852], "val_acc": [0.0966, 0.1024, 0.103, 0.1017, 0.102, 0.1017, 0.1018, 0.1034, 0.1056, 0.1048, 0.1044, 0.1021], "acc": [0.10334034455128205, 0.10514322916666667, 0.10697115384615384, 0.11102764423076923, 0.1097255608974359, 0.11012620192307693, 0.11015124198717949, 0.11325620993589744, 0.11085236378205128, 0.1090244391025641, 0.11278044871794872, 0.11170372596153846]}}