{"validation_error": 0.901, "train_history": {"val_acc": [0.0981, 0.1108, 0.1022, 0.1158, 0.0999, 0.1008, 0.0988, 0.1033, 0.1063, 0.1019, 0.0996, 0.099], "acc": [0.11378205128205128, 0.12086838942307693, 0.12923177083333334, 0.1296824919871795, 0.12838040865384615, 0.12873096955128205, 0.12993289262820512, 0.13241185897435898, 0.13141025641025642, 0.1329627403846154, 0.13506610576923078, 0.13248697916666666], "val_loss": [2.342735045623779, 2.453586494445801, 2.5264013374328615, 2.451005065536499, 2.8199881786346435, 2.557660223388672, 3.0069616096496583, 2.339689890670776, 2.436635397338867, 2.6008143657684326, 2.6051269664764405, 3.129344660949707], "loss": [2.289697554631111, 2.2832052952203994, 2.276861091454824, 2.275345965073659, 2.2718231089604206, 2.270142137240141, 2.2688652261709557, 2.2683091790248184, 2.264953214388627, 2.2668232910144024, 2.264989060469163, 2.266147095423478]}, "configs": {"vertical_flip": 0.823828203707188, "pad_upper": 0.2740652618311652, "pad_lower": 0.012780369083915345, "horizontal_flip": 0.5484774352164015, "scale_upper": 1.486970067905776, "scale_probability": 0.2594026831367965, "crop_probability": 0.5066009823417532, "scale_lower": 0.9817391469403267, "rotation_probability": 0.23836963406126155, "crop_lower": 0.07977162096143474, "pad_probability": 0.2920104296452475, "rotation_lower": -17, "crop_upper": 0.21680110417274884, "rotation_upper": 76}, "augment": true, "used_budget": 649.3039808273315, "train_accuracy": 0.13248697916666666}