{"train_accuracy": 0.13431490384615385, "validation_error": 0.8992, "train_history": {"acc": [0.12459935897435898, 0.13459034455128205, 0.1310596955128205, 0.1345653044871795, 0.13396434294871795, 0.13256209935897437, 0.13521634615384615, 0.13684395032051283, 0.1383213141025641, 0.13649338942307693, 0.1384715544871795, 0.13431490384615385], "val_loss": [2.3832382144927977, 2.700118865585327, 2.5331362518310545, 2.9649375160217284, 3.6147123924255373, 2.5376076148986817, 3.0437722049713134, 3.527814881134033, 2.599922392272949, 2.7782821369171145, 4.101147200012207, 3.8158385429382324], "val_acc": [0.1007, 0.1009, 0.1015, 0.1009, 0.1009, 0.1005, 0.1009, 0.1008, 0.101, 0.1011, 0.1009, 0.1008], "loss": [2.2841535011927285, 2.2722677810069842, 2.273308154864189, 2.2661870893759604, 2.266558696826299, 2.2654872697133284, 2.263683883043436, 2.2605151656346445, 2.261409518046257, 2.2614987920492124, 2.2605774203936257, 2.261633065266487]}, "configs": {"crop_lower": 0.07141546424958604, "pad_upper": 0.2620668317608149, "rotation_upper": 103, "rotation_probability": 0.21903576361809984, "scale_probability": 0.014413896544206772, "vertical_flip": 0.5238408508719984, "horizontal_flip": 0.29228396569747017, "scale_upper": 1.6609863901326452, "crop_probability": 0.04573521160670213, "crop_upper": 0.25046035748257467, "pad_probability": 0.9448696181004952, "pad_lower": 0.009936112836149437, "scale_lower": 0.9258411644177351, "rotation_lower": -75}, "used_budget": 648.6448447704315, "augment": true}