{"train_history": {"loss": [2.2872481109240117, 2.2719134291013083, 2.266379713247984, 2.264517162090693, 2.26065737926043, 2.25644257129767, 2.2584119118176975, 2.256969242523878, 2.252706590371254, 2.2494735771264787, 2.2484262104217825, 2.2455027347955947], "acc": [0.11453325320512821, 0.12572616185897437, 0.13060897435897437, 0.13241185897435898, 0.1354667467948718, 0.13807091346153846, 0.13777043269230768, 0.13639322916666666, 0.13696915064102563, 0.1379707532051282, 0.14002403846153846, 0.1411258012820513], "val_loss": [2.2950764282226563, 2.5611769382476806, 2.7048605865478517, 2.4270912391662596, 2.3741202117919924, 2.9591184692382813, 2.5218631782531737, 3.6511980407714844, 2.413540693283081, 2.845163674926758, 2.822948947906494, 3.0640654830932617], "val_acc": [0.1118, 0.1019, 0.1021, 0.1024, 0.1036, 0.1021, 0.1024, 0.1018, 0.1164, 0.1018, 0.1069, 0.1027]}, "augment": true, "used_budget": 726.3211438655853, "train_accuracy": 0.1411258012820513, "configs": {"crop_lower": 0.09017876432015308, "pad_upper": 0.21596253290077927, "rotation_lower": -72, "crop_probability": 0.37209297895683235, "crop_upper": 0.11757765300011461, "scale_probability": 0.07314341567908389, "horizontal_flip": 0.8702634935764119, "rotation_upper": 35, "vertical_flip": 0.10899148424538974, "pad_lower": 0.04370728609390542, "scale_upper": 1.60524462515656, "rotation_probability": 0.35166531414930524, "scale_lower": 0.6905563366420715, "pad_probability": 0.37018251364348553}, "validation_error": 0.8973}