{"train_accuracy": 0.13313802083333334, "configs": {"scale_lower": 0.7604109429846682, "vertical_flip": 0.21338473007764336, "pad_probability": 0.3167824483649988, "crop_upper": 0.19272866535472566, "pad_upper": 0.1982859853809914, "scale_upper": 1.1037469507864255, "crop_probability": 0.6534757978452506, "pad_lower": 0.08030854574261839, "scale_probability": 0.05028464528664278, "horizontal_flip": 0.591764895780937, "rotation_probability": 0.2716217340320598, "rotation_upper": 13, "crop_lower": 0.06261542215723769, "rotation_lower": -90}, "augment": true, "used_budget": 662.783278465271, "train_history": {"val_loss": [2.2984270942687988, 2.328402117919922, 2.8301755226135255, 2.726290702819824, 2.505769304656982, 2.4144327072143557, 2.368910989379883, 2.8272158714294435, 2.5808862998962403, 2.3910034927368162, 2.5936023429870607, 2.4349234245300293], "val_acc": [0.1111, 0.1094, 0.1053, 0.1059, 0.1068, 0.1071, 0.1124, 0.1061, 0.1366, 0.1134, 0.1127, 0.1108], "acc": [0.1200420673076923, 0.13060897435897437, 0.1298828125, 0.13018329326923078, 0.13311298076923078, 0.13075921474358973, 0.13251201923076922, 0.13664362980769232, 0.13383914262820512, 0.13634314903846154, 0.13481570512820512, 0.13313802083333334], "loss": [2.2884899163857484, 2.2748599640834026, 2.2723286205377335, 2.2721670124775324, 2.2677030777319884, 2.270277355725949, 2.265893030625123, 2.266507802101282, 2.264071437028738, 2.263541523462687, 2.262026389439901, 2.263387685402846]}, "validation_error": 0.8892}