{"augment": true, "validation_error": 0.8996999999999999, "configs": {"crop_probability": 0.026023491140504618, "scale_probability": 0.201222005193887, "rotation_upper": 173, "pad_probability": 0.688098260478181, "pad_lower": 0.03102397812691028, "scale_lower": 0.8330956790895108, "horizontal_flip": 0.3727731721531913, "crop_lower": 0.006935270956419371, "rotation_probability": 0.8236117030930333, "scale_upper": 1.5658144059509511, "pad_upper": 0.12656267777193755, "vertical_flip": 0.6483152166346692, "rotation_lower": -145, "crop_upper": 0.24667515947251017}, "train_accuracy": 0.11768830128205128, "used_budget": 672.0193207263947, "train_history": {"val_loss": [2.3004902843475343, 2.3324587177276612, 2.4660047927856446, 2.299000580596924, 2.8317512176513673, 2.616707872009277, 2.472014577484131, 2.530226215362549, 2.4636684150695802, 2.816631464385986, 2.436880739212036, 3.0605274002075196], "val_acc": [0.1184, 0.1261, 0.1054, 0.1085, 0.1007, 0.1008, 0.1002, 0.1008, 0.1004, 0.1013, 0.1006, 0.1003], "loss": [2.2970289916564255, 2.2913595086488967, 2.2888097121165347, 2.286886309966063, 2.2884312310279946, 2.286485879849165, 2.285746028025945, 2.286726381534185, 2.2860804887918325, 2.2838479708402586, 2.283729288058403, 2.2829407491745095], "acc": [0.107421875, 0.11455829326923077, 0.1162109375, 0.11663661858974358, 0.11500901442307693, 0.11856470352564102, 0.11894030448717949, 0.11428285256410256, 0.1192157451923077, 0.11666165865384616, 0.11495893429487179, 0.11768830128205128]}}