{"augment": true, "train_accuracy": 0.11678685897435898, "train_history": {"val_loss": [2.3583802169799806, 2.643230944824219, 2.6222872383117677, 3.027040542602539, 2.5974713104248046, 2.770182969665527, 2.501248229980469, 2.504080327987671, 2.637260188293457, 2.6553844860076903, 2.4915534858703614, 2.4390630825042723], "loss": [2.2987004014161916, 2.2929802307715783, 2.292422334353129, 2.291309502644417, 2.290271004041036, 2.288959884490722, 2.28927634541805, 2.2902455857166877, 2.2882542396203065, 2.2874041971487875, 2.2881817580797734, 2.287063172230354], "acc": [0.10504306891025642, 0.11235476762820513, 0.11247996794871795, 0.11430789262820513, 0.1153094951923077, 0.11510917467948718, 0.11318108974358974, 0.11545973557692307, 0.11503405448717949, 0.1165614983974359, 0.11671173878205128, 0.11678685897435898], "val_acc": [0.1031, 0.1031, 0.1031, 0.1036, 0.1042, 0.1099, 0.1058, 0.1037, 0.1041, 0.1033, 0.106, 0.1117]}, "configs": {"horizontal_flip": 0.7886279208560886, "crop_lower": 0.06507156708737054, "rotation_upper": 80, "rotation_probability": 0.7661266819602942, "rotation_lower": -111, "crop_upper": 0.23026871765883813, "vertical_flip": 0.816502355953347, "pad_probability": 0.4622708731068673, "pad_lower": 0.07984835354584195, "pad_upper": 0.13257279663386126, "scale_probability": 0.4347135960929761, "scale_upper": 1.2668999640536982, "scale_lower": 0.9374599404723473, "crop_probability": 0.3833422175177298}, "used_budget": 669.7670495510101, "validation_error": 0.8883}