{"train_accuracy": 0.11495893429487179, "augment": true, "used_budget": 678.626015663147, "configs": {"scale_lower": 0.7185998585451376, "rotation_lower": -43, "horizontal_flip": 0.6988134752951484, "scale_probability": 0.10821471095866719, "crop_probability": 0.1926182879331677, "rotation_probability": 0.9831036038430926, "crop_lower": 0.05805091866947714, "vertical_flip": 0.5627859162280429, "pad_lower": 0.07247459105591775, "pad_probability": 0.389327862126827, "pad_upper": 0.14799579001800128, "rotation_upper": 14, "crop_upper": 0.1946874738589527, "scale_upper": 1.8116350351426698}, "validation_error": 0.9015, "train_history": {"val_loss": [2.3361623069763184, 2.555418249511719, 2.468568915939331, 2.6703317573547363, 2.6120834747314454, 3.280456903839111, 2.399707384490967, 2.650443618774414, 2.4555536693573, 2.465980058670044, 2.6553445682525636, 2.9370164722442627], "acc": [0.11072716346153846, 0.11566005608974358, 0.11328125, 0.11343149038461539, 0.11483373397435898, 0.1136318108974359, 0.11578525641025642, 0.11663661858974358, 0.1155849358974359, 0.11611077724358974, 0.11716245993589744, 0.11495893429487179], "val_acc": [0.0985, 0.0962, 0.1012, 0.0987, 0.0989, 0.0987, 0.1014, 0.0985, 0.0968, 0.1004, 0.0984, 0.0985], "loss": [2.2950288706865067, 2.2921317403133097, 2.2909230253635307, 2.2887488832840552, 2.286360176709982, 2.288750653083508, 2.2846009204020867, 2.2847704742199335, 2.2852235360023303, 2.2845107339895687, 2.285156168998816, 2.2854210352286315]}}