{"used_budget": 663.3461434841156, "augment": true, "configs": {"scale_upper": 1.8252960928344883, "crop_upper": 0.2350934770918775, "rotation_probability": 0.4296396021294485, "rotation_upper": 132, "crop_probability": 0.24111564742207137, "horizontal_flip": 0.9822884990293632, "pad_upper": 0.24991331774299685, "scale_probability": 0.3999239267511876, "vertical_flip": 0.8948507656495521, "pad_probability": 0.4599071609902198, "rotation_lower": -26, "pad_lower": 0.07122056606498661, "scale_lower": 0.5466060977303334, "crop_lower": 0.02754455261953037}, "validation_error": 0.8925, "train_history": {"acc": [0.11268028846153846, 0.11588541666666667, 0.1204677483974359, 0.12282151442307693, 0.1226963141025641, 0.1246494391025641, 0.12397335737179487, 0.12179487179487179, 0.12572616185897437, 0.12587640224358973, 0.12780448717948717, 0.12592648237179488], "val_loss": [2.362935189819336, 2.367082386779785, 2.571213687133789, 2.4170021812438964, 3.0424564422607423, 2.3694232208251953, 3.103928871154785, 2.391663307952881, 2.380969956588745, 2.532507982635498, 2.4979937812805177, 2.4433316074371336], "loss": [2.2949607081902332, 2.2847776130223885, 2.2841121416825514, 2.2820664728299165, 2.277096763635293, 2.2767437940988784, 2.279826275813274, 2.2750231409684205, 2.274992597408784, 2.2760607355680222, 2.274923554597757, 2.2726018787958684], "val_acc": [0.1057, 0.1056, 0.1056, 0.1056, 0.1055, 0.1059, 0.1055, 0.1056, 0.1066, 0.1059, 0.1066, 0.1075]}, "train_accuracy": 0.12592648237179488}