{"augment": true, "train_history": {"loss": [2.2896744287931003, 2.2774998927727723, 2.2734823410327616, 2.270871406946427, 2.2687414311445675, 2.2687769616261506, 2.2677540878454843, 2.264766060389005, 2.2616848754577146, 2.2616390746373396, 2.2611431510020523, 2.2622716709589348], "val_loss": [2.37317857170105, 2.5914498111724855, 2.5030511138916016, 2.511669010925293, 2.952745584487915, 3.610560454559326, 2.631184445953369, 2.8733451774597167, 3.04588938331604, 2.573016234588623, 3.14828507232666, 2.4191075061798095], "acc": [0.11703725961538461, 0.12797976762820512, 0.1295322516025641, 0.12955729166666666, 0.13000801282051283, 0.13248697916666666, 0.13516626602564102, 0.13684395032051283, 0.1370693108974359, 0.13619290865384615, 0.1383213141025641, 0.13689403044871795], "val_acc": [0.1034, 0.1, 0.0996, 0.1029, 0.0994, 0.099, 0.1083, 0.1271, 0.0983, 0.1044, 0.1104, 0.1139]}, "used_budget": 724.4356989860535, "train_accuracy": 0.13689403044871795, "validation_error": 0.8861, "configs": {"rotation_lower": -40, "rotation_probability": 0.071984159051526, "horizontal_flip": 0.22087122775333423, "pad_upper": 0.14484820932587877, "pad_probability": 0.44635790514000284, "crop_probability": 0.7027381809008649, "scale_upper": 1.8019038729046741, "scale_lower": 0.6668552486561057, "pad_lower": 0.05890387132142022, "rotation_upper": 73, "crop_lower": 0.09490342276525077, "vertical_flip": 0.6679186744367558, "scale_probability": 0.19027540635350482, "crop_upper": 0.1798111516095111}}