{"configs": {"rotation_upper": 21, "pad_lower": 0.07703617739394389, "crop_lower": 0.08507733451722146, "pad_probability": 0.0038015278000984587, "scale_upper": 1.51665499933199, "crop_probability": 0.4226725434997999, "rotation_probability": 0.13822215775238023, "scale_lower": 0.5345381093243581, "crop_upper": 0.27192218906044757, "scale_probability": 0.6053141442137167, "vertical_flip": 0.05839973066632087, "pad_upper": 0.14242477844900053, "rotation_lower": -85, "horizontal_flip": 0.895941278181865}, "validation_error": 0.881, "augment": true, "used_budget": 737.118293762207, "train_history": {"val_loss": [2.384678245162964, 2.694537336730957, 2.501580774688721, 3.0881015022277833, 2.5043904029846193, 3.169379327392578, 3.2561274276733396, 2.9913960258483887, 2.9114295711517335, 2.9594877624511717, 2.7471134422302246, 2.558609895324707], "loss": [2.2906397122603197, 2.282992189511275, 2.280429014028647, 2.2763783717766786, 2.2766005794207254, 2.2711029197925177, 2.2693769679619717, 2.272344397428708, 2.2687352307331867, 2.2658700239964022, 2.267094287352684, 2.264314183822045], "val_acc": [0.123, 0.1032, 0.1103, 0.1169, 0.1133, 0.1048, 0.1056, 0.112, 0.1142, 0.1131, 0.1164, 0.119], "acc": [0.11518429487179487, 0.12324719551282051, 0.1201171875, 0.12369791666666667, 0.12505008012820512, 0.12467447916666667, 0.1281300080128205, 0.12382311698717949, 0.1287059294871795, 0.1252003205128205, 0.1295322516025641, 0.12865584935897437]}, "train_accuracy": 0.12865584935897437}