{"train_history": {"val_acc": [0.0942, 0.095, 0.1144, 0.0915, 0.0969, 0.0905, 0.1026, 0.0963, 0.0978, 0.0964, 0.097, 0.0772], "acc": [0.10356570512820513, 0.10426682692307693, 0.10601963141025642, 0.10561899038461539, 0.10589443108974358, 0.10697115384615384, 0.10401642628205128, 0.10624499198717949, 0.10769731570512821, 0.10662059294871795, 0.10334034455128205, 0.10301482371794872], "loss": [2.2998084808007264, 2.299735337495804, 2.299590350725712, 2.298427932537519, 2.299144583634841, 2.2980104356240005, 2.2968903122804103, 2.2973892933283095, 2.296669071301436, 2.296896708317292, 2.2974243416235995, 2.2979952647135806], "val_loss": [2.357952039337158, 2.298142569732666, 2.3413433769226075, 2.4044087142944335, 2.2768669662475585, 3.54943830947876, 2.2948074657440185, 2.3027928657531738, 2.3034170269012453, 2.317900016784668, 2.8517924224853517, 2.3789339820861817]}, "train_accuracy": 0.10301482371794872, "used_budget": 757.1797897815704, "validation_error": 0.9228, "configs": {"scale_probability": 0.8948094360884125, "vertical_flip": 0.02406796417574275, "scale_lower": 0.6374413327016267, "pad_upper": 0.13707589343868803, "crop_lower": 0.08115999075330976, "crop_upper": 0.16210096217101863, "horizontal_flip": 0.6009192298709178, "pad_probability": 0.6246764534029551, "rotation_upper": 63, "crop_probability": 0.9546869423075501, "scale_upper": 1.839912946901101, "pad_lower": 0.057417354885614995, "rotation_probability": 0.8117037455632463, "rotation_lower": -111}, "augment": true}