{"train_accuracy": 0.11919070512820513, "augment": true, "used_budget": 754.0545122623444, "configs": {"scale_lower": 0.632245699971524, "pad_upper": 0.2508775097529047, "horizontal_flip": 0.4372889790781176, "crop_lower": 0.0756728983339266, "pad_lower": 0.007841811502980023, "crop_probability": 0.7085133728388817, "vertical_flip": 0.40440216501773196, "pad_probability": 0.6862935927968421, "scale_upper": 1.807655623926535, "rotation_lower": -60, "rotation_upper": 83, "rotation_probability": 0.34453652396170387, "crop_upper": 0.11601026354937938, "scale_probability": 0.548721766501146}, "validation_error": 0.8956999999999999, "train_history": {"loss": [2.2961042248285732, 2.294791443225665, 2.2916029500655637, 2.2900518545737634, 2.290963822450393, 2.2878109575846257, 2.2881352328337154, 2.287657434359575, 2.28778307330914, 2.285087674092024, 2.2857860265634, 2.284124570779311], "acc": [0.11090244391025642, 0.11025140224358974, 0.11510917467948718, 0.11518429487179487, 0.1172626201923077, 0.11581029647435898, 0.11746294070512821, 0.11290564903846154, 0.11686197916666667, 0.11751302083333333, 0.11996694711538461, 0.11919070512820513], "val_loss": [2.4497175785064695, 2.623317505645752, 2.8478437824249268, 3.1782104446411132, 3.0248830101013184, 2.490902069091797, 2.737398477935791, 2.6202230117797853, 2.6371391220092772, 2.369915933227539, 2.5417295150756836, 2.506662708282471], "val_acc": [0.1013, 0.1019, 0.1013, 0.1013, 0.1012, 0.1011, 0.1011, 0.101, 0.1013, 0.0973, 0.1014, 0.1043]}}