{"augment": true, "train_accuracy": 0.12059294871794872, "configs": {"horizontal_flip": 0.3836878468775695, "rotation_probability": 0.24160019597893312, "rotation_upper": 73, "scale_upper": 1.2896702026436953, "scale_probability": 0.7429804656235873, "pad_lower": 0.0017689111783203316, "pad_probability": 0.615138128746645, "crop_lower": 0.016884997746322208, "pad_upper": 0.2722986522298063, "crop_probability": 0.2678072212483089, "vertical_flip": 0.6021181724799038, "scale_lower": 0.6836900746078038, "crop_upper": 0.14606175910140812, "rotation_lower": -94}, "used_budget": 733.1618354320526, "validation_error": 0.8941, "train_history": {"val_loss": [2.3959162384033204, 2.3238714149475097, 2.565940185165405, 2.9684595485687257, 3.015766314315796, 2.8759685371398924, 2.4600138206481934, 2.421729370498657, 2.4471227870941163, 2.7461994018554687, 3.3566895782470705, 2.669429748535156], "val_acc": [0.0998, 0.1006, 0.1004, 0.1, 0.0989, 0.1, 0.1026, 0.1035, 0.1022, 0.1005, 0.1016, 0.1059], "acc": [0.11430789262820513, 0.11696213942307693, 0.11986678685897435, 0.11475861378205128, 0.1175380608974359, 0.11971654647435898, 0.12069310897435898, 0.11671173878205128, 0.11894030448717949, 0.11934094551282051, 0.1178135016025641, 0.12059294871794872], "loss": [2.295674645747894, 2.2891354790100684, 2.2876894160723076, 2.287413565012125, 2.2858707094803834, 2.284849309768432, 2.282360552977293, 2.2837295616284394, 2.284088360193448, 2.2825520176153917, 2.2818502340561304, 2.2827009841417656]}}