{"train_accuracy": 0.11087740384615384, "augment": true, "used_budget": 664.428674697876, "validation_error": 0.8967, "train_history": {"acc": [0.10509314903846154, 0.10464242788461539, 0.10909955929487179, 0.10950020032051282, 0.10887419871794872, 0.10782251602564102, 0.1067958733974359, 0.10975060096153846, 0.10724659455128205, 0.10667067307692307, 0.10992588141025642, 0.11087740384615384], "val_acc": [0.1035, 0.1036, 0.1036, 0.1036, 0.1018, 0.1175, 0.1013, 0.1083, 0.1076, 0.1128, 0.1049, 0.1033], "val_loss": [2.3605966026306153, 2.6242350955963136, 3.214942781829834, 2.820084031677246, 2.7352500514984133, 3.005373526382446, 3.671342960357666, 3.506547119140625, 3.4495691200256346, 3.505287825012207, 3.4573205352783205, 3.369615983581543], "loss": [2.300724317630132, 2.298685378753222, 2.297760057907838, 2.296712042429508, 2.29631999364266, 2.2964330170399103, 2.2948993742465973, 2.294438203175863, 2.2952447709364767, 2.294915261176916, 2.2925817653154716, 2.292527490701431]}, "configs": {"vertical_flip": 0.4559306678778694, "rotation_lower": -160, "crop_upper": 0.13311313503777136, "pad_lower": 0.049887724966221896, "scale_upper": 1.7757908106586413, "horizontal_flip": 0.009748429709110273, "crop_lower": 0.05486279794119197, "pad_upper": 0.2662359726442261, "rotation_upper": 171, "scale_lower": 0.9959926287977372, "crop_probability": 0.7738326645601782, "scale_probability": 0.9476195623577075, "pad_probability": 0.2998354257228847, "rotation_probability": 0.123920843760985}}