{"used_budget": 743.0276210308075, "augment": true, "configs": {"vertical_flip": 0.46852522582396794, "rotation_lower": -115, "rotation_probability": 0.5205492307051374, "rotation_upper": 20, "crop_lower": 0.0011344923360302685, "crop_upper": 0.23095474656112377, "scale_lower": 0.6897889500646223, "scale_upper": 1.057087371918183, "horizontal_flip": 0.22380953778681056, "pad_lower": 0.015567358306902847, "scale_probability": 0.24915251300327435, "crop_probability": 0.5492280406997578, "pad_upper": 0.18675010435320127, "pad_probability": 0.6345112655911475}, "train_accuracy": 0.11974158653846154, "validation_error": 0.8994, "train_history": {"val_loss": [2.3718597957611083, 2.3603728366851806, 2.593815478134155, 2.4534698482513426, 2.504897484207153, 2.5582520690917967, 2.5528684104919432, 2.6034710285186766, 2.7083819595336913, 2.7750186309814455, 2.6318467334747315, 3.009742084503174], "loss": [2.2956855426996183, 2.288212308516869, 2.287394630603301, 2.285001805959604, 2.283900126432761, 2.283703890366432, 2.2805749552372174, 2.283595989911984, 2.282559423874586, 2.281373891310814, 2.2823056616844277, 2.2811904511390586], "val_acc": [0.1005, 0.1016, 0.1004, 0.1004, 0.1005, 0.1006, 0.1005, 0.1006, 0.0976, 0.0974, 0.1, 0.1006], "acc": [0.11325620993589744, 0.11971654647435898, 0.11889022435897435, 0.11986678685897435, 0.11831430288461539, 0.12039262820512821, 0.12227063301282051, 0.1214443108974359, 0.11951622596153846, 0.11841446314102565, 0.11863982371794872, 0.11974158653846154]}}