{"used_budget": 737.1015827655792, "validation_error": 0.8953, "train_history": {"acc": [0.11894030448717949, 0.1253505608974359, 0.12197015224358974, 0.12329727564102565, 0.12136919070512821, 0.12530048076923078, 0.12662760416666666, 0.12469951923076923, 0.12412359775641026, 0.12712840544871795, 0.12712840544871795, 0.12825520833333334], "val_acc": [0.1031, 0.1032, 0.1031, 0.1036, 0.103, 0.108, 0.1047, 0.1058, 0.1056, 0.11, 0.1049, 0.1047], "val_loss": [2.9533764347076414, 2.547284616470337, 2.7399301460266114, 2.391719794845581, 2.5494282516479494, 2.383696630859375, 2.4707518508911135, 2.633710939025879, 2.5515125228881836, 2.349725562667847, 2.6265538959503174, 2.9046148643493654], "loss": [2.2919920659982242, 2.2828772977376595, 2.2814572056134543, 2.279681629859484, 2.2770072863652158, 2.2747223927424502, 2.2730630811972494, 2.2768530494127517, 2.274814408559066, 2.274601916472117, 2.272877865112745, 2.272570245541059]}, "train_accuracy": 0.12825520833333334, "configs": {"rotation_lower": -118, "pad_probability": 0.07625198301655067, "pad_lower": 0.03372189086711343, "pad_upper": 0.13345718582712202, "scale_upper": 1.7632003950884472, "crop_probability": 0.9501553551994172, "horizontal_flip": 0.5594622308368433, "rotation_probability": 0.2919737182362645, "vertical_flip": 0.7979921482937022, "crop_lower": 0.06697877047573324, "crop_upper": 0.2470040106379542, "rotation_upper": 118, "scale_probability": 0.11446334851730156, "scale_lower": 0.6971554852868844}, "augment": true}