{"augment": true, "train_history": {"acc": [0.1060947516025641, 0.10614483173076923, 0.10752203525641026, 0.11017628205128205, 0.11015124198717949, 0.10934995993589744, 0.10759715544871795, 0.11017628205128205, 0.10769731570512821, 0.1109775641025641, 0.11032652243589744, 0.10754707532051282], "val_loss": [2.3011776710510254, 2.33234090423584, 2.300949451446533, 2.3746361167907715, 3.3946943550109863, 2.811763005065918, 2.5351885528564453, 2.7563636459350587, 2.9843634212493897, 4.4951686248779295, 2.7684748565673827, 3.121656483840942], "loss": [2.3001730862336283, 2.2993989754945803, 2.297086857068233, 2.2971348265806832, 2.296926274513587, 2.295630779785988, 2.2957595930649686, 2.295112513578855, 2.294704379943701, 2.293062161940795, 2.2930381076458173, 2.2933604954144893], "val_acc": [0.1126, 0.0994, 0.0975, 0.0992, 0.0996, 0.0993, 0.0936, 0.0944, 0.0974, 0.0984, 0.0946, 0.0984]}, "train_accuracy": 0.10754707532051282, "configs": {"rotation_upper": 50, "scale_lower": 0.5185490650918008, "crop_probability": 0.9195236724715851, "pad_upper": 0.19485337868773062, "scale_probability": 0.745172998271672, "rotation_probability": 0.7294175375617311, "rotation_lower": -133, "pad_lower": 0.09660354909347481, "crop_lower": 0.0489322926390678, "scale_upper": 1.7018987866614381, "vertical_flip": 0.11464715079442778, "pad_probability": 0.3885744591706328, "crop_upper": 0.16391038758016394, "horizontal_flip": 0.5414373026233023}, "used_budget": 696.5283722877502, "validation_error": 0.9016}