{"train_accuracy": 0.13201121794871795, "augment": true, "train_history": {"acc": [0.12136919070512821, 0.12677784455128205, 0.13025841346153846, 0.1302333733974359, 0.12878104967948717, 0.12818008814102563, 0.13206129807692307, 0.13221153846153846, 0.13318810096153846, 0.1321864983974359, 0.1323116987179487, 0.13201121794871795], "val_loss": [2.328586904144287, 2.497290840911865, 2.5831388710021974, 2.7522501415252685, 3.0149224769592284, 2.9441818164825437, 2.9119654369354246, 2.834773086166382, 2.7214439376831057, 2.75549720993042, 2.379079930114746, 2.5130666454315187], "val_acc": [0.1015, 0.1016, 0.1016, 0.1016, 0.1015, 0.1016, 0.1015, 0.1019, 0.1015, 0.1016, 0.1024, 0.1019], "loss": [2.290281559412296, 2.278697676383532, 2.27356986892529, 2.273779800305, 2.270870404365735, 2.2671436751500154, 2.2673669228186975, 2.2668121120868583, 2.2677001555760703, 2.2678067645965476, 2.267315850043908, 2.2669529074277635]}, "validation_error": 0.8981, "used_budget": 664.189779996872, "configs": {"pad_upper": 0.24592408315097367, "scale_upper": 1.9764841612946513, "pad_probability": 0.5935255169925697, "scale_probability": 0.0010290353812633102, "crop_probability": 0.5699987563283194, "vertical_flip": 0.5417745274845861, "crop_lower": 0.026357371938412966, "crop_upper": 0.17733832574025044, "scale_lower": 0.9048346141965637, "rotation_probability": 0.2748038028780214, "rotation_lower": -95, "rotation_upper": 46, "pad_lower": 0.07569627408489843, "horizontal_flip": 0.5312332433889809}}