{"validation_error": 0.8885, "configs": {"crop_probability": 0.6643349498273851, "scale_lower": 0.7739079441383689, "crop_upper": 0.2428908107167064, "rotation_probability": 0.4954461930231142, "scale_upper": 1.6997177779432548, "pad_upper": 0.16669637759360423, "rotation_upper": 46, "rotation_lower": -50, "horizontal_flip": 0.9969453585543357, "vertical_flip": 0.04896681952591897, "crop_lower": 0.013369926473389604, "pad_lower": 0.011510485036585317, "scale_probability": 0.29101637445503004, "pad_probability": 0.5276043088011556}, "augment": true, "used_budget": 744.150064945221, "train_history": {"acc": [0.1090244391025641, 0.1178135016025641, 0.11731270032051282, 0.12044270833333333, 0.11881510416666667, 0.12006710737179487, 0.11881510416666667, 0.11951622596153846, 0.12066806891025642, 0.12357271634615384, 0.12006710737179487, 0.11798878205128205], "loss": [2.294557912991597, 2.2871542977981076, 2.284600074474628, 2.281679942057683, 2.28131081813421, 2.2793360291383205, 2.283517096287165, 2.279704061074135, 2.2801460318076305, 2.2768588264783225, 2.2777924828040295, 2.2771526926603074], "val_loss": [2.6843434032440188, 2.626755337905884, 3.031457050704956, 2.5846095203399657, 3.349543268585205, 2.726022165298462, 2.784720691680908, 3.8322664596557616, 4.322285691833496, 2.9323545177459716, 2.9783200672149657, 2.565636139678955], "val_acc": [0.1015, 0.1013, 0.0989, 0.1013, 0.0999, 0.1026, 0.103, 0.1008, 0.1112, 0.1148, 0.1132, 0.1115]}, "train_accuracy": 0.11798878205128205}