{"configs": {"scale_probability": 0.3344633977108622, "pad_probability": 0.24487828713575333, "pad_lower": 0.015359090635794027, "scale_lower": 0.8481318246100782, "rotation_lower": -141, "crop_probability": 0.1312428126099323, "vertical_flip": 0.9780347514234518, "crop_upper": 0.19697939969535336, "rotation_upper": 147, "crop_lower": 0.0066806054641109225, "rotation_probability": 0.16194772199515528, "pad_upper": 0.2573702996238391, "scale_upper": 1.900552874715968, "horizontal_flip": 0.04448989724380137}, "used_budget": 728.249274969101, "validation_error": 0.893, "augment": true, "train_history": {"loss": [2.2811298752442384, 2.2660623498452015, 2.258786698946586, 2.2579743021573777, 2.247140237918267, 2.242376243456816, 2.2406312097341585, 2.2358574599791794, 2.2296199523485623, 2.225222789324247, 2.2226188289813504, 2.2216260998676987], "val_loss": [2.4904291511535646, 2.3677037506103518, 2.380372103881836, 2.422900802612305, 2.318857518005371, 2.327332406234741, 2.6933495479583742, 2.6506647731781006, 2.482059910583496, 2.9081264667510984, 2.5421819774627687, 2.6766170021057127], "val_acc": [0.1046, 0.104, 0.114, 0.1018, 0.1216, 0.1214, 0.1015, 0.1073, 0.102, 0.1022, 0.1148, 0.107], "acc": [0.12417367788461539, 0.12833032852564102, 0.13744491185897437, 0.13694411057692307, 0.14435596955128205, 0.1423778044871795, 0.1450070112179487, 0.14911358173076922, 0.1528195112179487, 0.15069110576923078, 0.1531700721153846, 0.15251903044871795]}, "train_accuracy": 0.15251903044871795}