{"validation_error": 0.8964, "configs": {"vertical_flip": 0.9490622020495236, "rotation_probability": 0.42420684276048526, "crop_probability": 0.4627064777941893, "crop_upper": 0.1668273162396004, "rotation_upper": 170, "scale_probability": 0.9272009348248272, "pad_lower": 0.060244748053996114, "crop_lower": 0.06481013392465869, "pad_probability": 0.614463957627739, "rotation_lower": -35, "horizontal_flip": 0.0482644348299629, "scale_upper": 1.9003207797452197, "scale_lower": 0.8337294101281227, "pad_upper": 0.13680912162119135}, "used_budget": 752.858006477356, "train_accuracy": 0.10977564102564102, "augment": true, "train_history": {"val_loss": [2.439519420623779, 2.299359787750244, 2.420717337036133, 2.5720208583831785, 2.9206275745391848, 2.7180900680541993, 3.3873362995147707, 3.510998303222656, 3.078059992980957, 3.697270421600342, 2.686736580657959, 4.423273957824707], "val_acc": [0.1037, 0.1024, 0.1037, 0.1037, 0.1037, 0.1037, 0.1037, 0.1037, 0.1036, 0.1037, 0.1036, 0.1036], "loss": [2.2989567403609934, 2.2979029829685507, 2.296074320108463, 2.2954534620810776, 2.294475961954166, 2.295219818751017, 2.294092522981839, 2.2934807195113254, 2.2933809214677567, 2.2924212316672006, 2.2932833295602064, 2.2930756570437016], "acc": [0.10566907051282051, 0.1087489983974359, 0.1083233173076923, 0.10589443108974358, 0.10924979967948718, 0.10559395032051282, 0.10940004006410256, 0.10864883814102565, 0.10924979967948718, 0.10571915064102565, 0.10639523237179487, 0.10977564102564102]}}