{"configs": {"vertical_flip": 0.18601856427174113, "scale_lower": 0.810127405706694, "rotation_probability": 0.830996177536426, "pad_probability": 0.5453833411958328, "crop_probability": 0.8142295671040125, "rotation_upper": 11, "pad_upper": 0.11261476531375268, "pad_lower": 0.009654491881671091, "scale_probability": 0.8497793415429525, "crop_upper": 0.22613415291086128, "crop_lower": 0.023410736294481194, "rotation_lower": -108, "scale_upper": 1.7488856952001992, "horizontal_flip": 0.988964628310257}, "used_budget": 755.6004657745361, "train_history": {"val_acc": [0.0952, 0.1009, 0.1002, 0.1007, 0.094, 0.0973, 0.1005, 0.1008, 0.1003, 0.1017, 0.1006, 0.0987], "val_loss": [2.4232730545043943, 4.112523718643189, 2.418697741699219, 2.5942686851501464, 2.337964051437378, 3.3635517826080323, 2.8062143482208253, 3.2178016841888426, 2.7738974433898926, 2.613832703399658, 3.757919319152832, 4.271646862792969], "loss": [2.300761008873964, 2.2989738598848, 2.2988125055264206, 2.2988063333890376, 2.2980519212209263, 2.296970792305775, 2.2970934441456428, 2.297417467985398, 2.2971321993913407, 2.2974355877974095, 2.2965041185036683, 2.2962377682710304], "acc": [0.10196314102564102, 0.10559395032051282, 0.10837339743589744, 0.10601963141025642, 0.10486778846153846, 0.1048427483974359, 0.10579427083333333, 0.10849859775641026, 0.10474258814102565, 0.10486778846153846, 0.1060947516025641, 0.10819811698717949]}, "validation_error": 0.9013, "train_accuracy": 0.10819811698717949, "augment": true}