{"validation_error": 0.8999, "configs": {"vertical_flip": 0.902237172970974, "pad_lower": 0.007128425557617524, "pad_probability": 0.033802785271923264, "rotation_upper": 140, "scale_probability": 0.5195186371966232, "crop_upper": 0.2635996536666396, "scale_lower": 0.6944210752402469, "rotation_lower": -48, "horizontal_flip": 0.679317842353496, "rotation_probability": 0.6703846026290824, "crop_lower": 0.0629749321051739, "pad_upper": 0.15854336145672648, "crop_probability": 0.9796205197297907, "scale_upper": 1.5347496194798056}, "train_accuracy": 0.11305588942307693, "used_budget": 674.3276455402374, "augment": true, "train_history": {"acc": [0.10664563301282051, 0.10762219551282051, 0.11295572916666667, 0.11017628205128205, 0.1122295673076923, 0.10779747596153846, 0.10917467948717949, 0.10980068108974358, 0.11290564903846154, 0.11112780448717949, 0.11072716346153846, 0.11305588942307693], "val_acc": [0.1005, 0.1007, 0.1002, 0.1019, 0.1188, 0.1008, 0.1006, 0.1003, 0.1004, 0.1002, 0.0992, 0.1001], "loss": [2.2989473151854978, 2.296803735769712, 2.294616794739014, 2.2936470837165146, 2.294401447742413, 2.293245036632587, 2.2924243165896487, 2.2934576043715844, 2.293035783064671, 2.2906875067796464, 2.2926009679451966, 2.2923672993977866], "val_loss": [2.5700212997436522, 2.3123137832641603, 2.387825899505615, 3.007337198638916, 2.3949769882202148, 2.6712836795806885, 3.0798135231018064, 2.5646839527130125, 2.7159821838378906, 2.846594211959839, 2.6520494609832763, 2.894394332885742]}}