{"augment": true, "configs": {"crop_lower": 0.011906447207262938, "scale_lower": 0.6070927550482828, "rotation_upper": 56, "crop_probability": 0.42022056135902564, "vertical_flip": 0.08839969338486542, "crop_upper": 0.20256876247640138, "pad_lower": 0.09933030436449529, "pad_upper": 0.2639077243518251, "scale_probability": 0.5685810123284399, "horizontal_flip": 0.025259690581549532, "pad_probability": 0.20075908550558974, "scale_upper": 1.8698303497715854, "rotation_lower": -66, "rotation_probability": 0.5183110378036561}, "train_history": {"val_loss": [2.4555775398254394, 2.3644545166015627, 2.3717934913635252, 2.4474830795288085, 2.7035454807281494, 2.5045169090270996, 2.9033711601257326, 2.439172871017456, 2.4573858768463133, 2.964778231048584, 2.376987119293213, 2.40719619140625], "loss": [2.297804995989188, 2.2917380967201333, 2.2902812590965858, 2.2869495107577396, 2.286427909747148, 2.2843248339799733, 2.2836439601885967, 2.28376158231344, 2.281237389032657, 2.2830722576532607, 2.28334179520607, 2.282617369523415], "acc": [0.10556891025641026, 0.1148838141025641, 0.11275540865384616, 0.11400741185897435, 0.11453325320512821, 0.11934094551282051, 0.11936598557692307, 0.11676181891025642, 0.11738782051282051, 0.11708733974358974, 0.11596053685897435, 0.11956630608974358], "val_acc": [0.1021, 0.1125, 0.1004, 0.1011, 0.1017, 0.1021, 0.1024, 0.099, 0.1077, 0.0978, 0.1042, 0.1133]}, "train_accuracy": 0.11956630608974358, "validation_error": 0.8867, "used_budget": 745.2594463825226}