{"validation_error": 0.9008, "configs": {"rotation_lower": -21, "crop_upper": 0.29330293035154587, "scale_upper": 1.0630017208032334, "pad_upper": 0.171501799033491, "rotation_probability": 0.6810596865417025, "vertical_flip": 0.7232652732672213, "pad_lower": 0.007291316726780861, "crop_lower": 0.09615740829859684, "crop_probability": 0.6328453532006024, "horizontal_flip": 0.007830179624414235, "scale_lower": 0.5143599892284261, "pad_probability": 0.3213300930995817, "scale_probability": 0.8829676941076497, "rotation_upper": 49}, "augment": true, "used_budget": 690.9027655124664, "train_accuracy": 0.10924979967948718, "train_history": {"acc": [0.10647035256410256, 0.1038661858974359, 0.10694611378205128, 0.10879907852564102, 0.10737179487179487, 0.10504306891025642, 0.10624499198717949, 0.10619491185897435, 0.10752203525641026, 0.10867387820512821, 0.10799779647435898, 0.10924979967948718], "loss": [2.299690537727796, 2.298340011865665, 2.2976026023045564, 2.2957746401811256, 2.2945907964156222, 2.2948730565034428, 2.2942749766203074, 2.2946660083073835, 2.2936070966414914, 2.293575840882766, 2.2919255181764946, 2.2937114521478996], "val_acc": [0.1006, 0.101, 0.1041, 0.1, 0.0985, 0.0978, 0.0977, 0.0993, 0.0986, 0.1, 0.0997, 0.0992], "val_loss": [2.410683254241943, 2.345737851715088, 2.3139412738800047, 2.343609745025635, 2.326905930709839, 2.9390289237976073, 2.910795797729492, 2.7060871173858643, 2.678439248275757, 3.8281988651275634, 3.6053059711456297, 2.5577395111083985]}}