{"configs": {"pad_probability": 0.15236453801134786, "crop_probability": 0.9644053859641597, "rotation_upper": 42, "scale_upper": 1.3412948520444274, "scale_lower": 0.9161228232023835, "rotation_lower": -166, "horizontal_flip": 0.7730408027932578, "pad_lower": 0.056584020016579986, "rotation_probability": 0.56704398931074, "crop_lower": 0.06345782729811021, "scale_probability": 0.7102519417687533, "vertical_flip": 0.8183573784450595, "pad_upper": 0.12147217833380466, "crop_upper": 0.26554034907719626}, "validation_error": 0.8944, "used_budget": 745.3606264591217, "train_accuracy": 0.1080478766025641, "train_history": {"val_loss": [3.0725424213409425, 2.341783517456055, 2.4560460483551023, 2.337630039215088, 2.8307528564453124, 2.359404333496094, 2.4562319240570067, 2.580841509628296, 3.2037277854919433, 2.63438189201355, 3.0322261749267576, 3.300089867401123], "val_acc": [0.1008, 0.1006, 0.101, 0.1241, 0.1062, 0.119, 0.1139, 0.1059, 0.1016, 0.0957, 0.0968, 0.1056], "acc": [0.10586939102564102, 0.10531850961538461, 0.10955028044871795, 0.10802283653846154, 0.10877403846153846, 0.10809795673076923, 0.11025140224358974, 0.10682091346153846, 0.11170372596153846, 0.10699619391025642, 0.11057692307692307, 0.1080478766025641], "loss": [2.3003548131539273, 2.2980703726792946, 2.296914645494559, 2.296397403264657, 2.2951529820760093, 2.2957709416365013, 2.2940102082032423, 2.293593794871599, 2.2929827517423873, 2.2926961412796607, 2.2927897045245538, 2.2935769252288036]}, "augment": true}