{"validation_error": 0.8998, "used_budget": 763.0139729976654, "train_history": {"val_acc": [0.1011, 0.1194, 0.1011, 0.1011, 0.1001, 0.1009, 0.1008, 0.1005, 0.1005, 0.1006, 0.1006, 0.1002], "val_loss": [2.5880382301330567, 2.305784617614746, 2.6249755516052247, 3.4425429386138915, 2.4206384944915773, 4.042719464874268, 2.916826725769043, 3.354039147949219, 2.995933222579956, 3.2300743194580077, 3.1995471733093264, 3.344350551223755], "acc": [0.1070713141025641, 0.10947516025641026, 0.1116786858974359, 0.11430789262820513, 0.11280548878205128, 0.11313100961538461, 0.11142828525641026, 0.1185146233974359, 0.11596053685897435, 0.11688701923076923, 0.11400741185897435, 0.11395733173076923], "loss": [2.296342350733586, 2.2924948869607387, 2.292119433482488, 2.289913855302028, 2.2902962412589636, 2.2906007163035564, 2.29168348128979, 2.289203766064766, 2.290581907217319, 2.2871340750119624, 2.2891227388993287, 2.2888245842395682]}, "configs": {"pad_probability": 0.7716690954847363, "rotation_lower": -9, "vertical_flip": 0.7214810645991095, "pad_lower": 0.09787319259480952, "crop_upper": 0.13816239179539141, "scale_lower": 0.7171095485705292, "scale_probability": 0.7304133954052746, "horizontal_flip": 0.20111780074380092, "rotation_upper": 47, "crop_lower": 0.0968654397045224, "rotation_probability": 0.5685508730738567, "crop_probability": 0.7769587019544275, "pad_upper": 0.21722424861712414, "scale_upper": 1.0700052555159876}, "augment": true, "train_accuracy": 0.11395733173076923}