{"configs": {"rotation_lower": -151, "crop_upper": 0.25271224668552433, "rotation_upper": 31, "pad_probability": 0.3270813158215933, "crop_probability": 0.31792486937629905, "vertical_flip": 0.9909331271292463, "rotation_probability": 0.7341544176960547, "scale_lower": 0.7300768467607444, "pad_lower": 0.09630365883834992, "pad_upper": 0.22822470942251125, "scale_upper": 1.560969459296484, "horizontal_flip": 0.2815366785492095, "scale_probability": 0.4001576704664247, "crop_lower": 0.06985579563380494}, "used_budget": 748.8335692882538, "validation_error": 0.9077, "train_accuracy": 0.11500901442307693, "train_history": {"val_loss": [2.3177534744262696, 2.5062244621276855, 2.696178871154785, 2.4555774631500245, 2.5680638389587402, 2.37151463394165, 3.475985425567627, 2.8705798793792723, 2.3875821258544923, 2.8203558654785157, 3.14266672744751, 2.8169899570465087], "loss": [2.2972310055524874, 2.2924766402978163, 2.2905491911447964, 2.2889081041018167, 2.289231525781827, 2.289097397755354, 2.2866572561936502, 2.2869794926582236, 2.2853847474623947, 2.286282045718951, 2.287635680192556, 2.285820715702497], "acc": [0.10934995993589744, 0.11157852564102565, 0.1165614983974359, 0.11445813301282051, 0.11510917467948718, 0.1158603766025641, 0.1172626201923077, 0.1162860576923077, 0.11588541666666667, 0.11358173076923077, 0.11388221153846154, 0.11500901442307693], "val_acc": [0.0923, 0.0923, 0.0923, 0.093, 0.0923, 0.093, 0.0923, 0.0923, 0.0924, 0.0924, 0.0923, 0.0923]}, "augment": true}