{"configs": {"horizontal_flip": 0.6528284405413175, "scale_upper": 1.2113386346787007, "scale_lower": 0.744680413296856, "pad_upper": 0.16645878477750192, "pad_probability": 0.4635467536914297, "crop_probability": 0.44411815966124113, "vertical_flip": 0.4719070907590519, "rotation_upper": 94, "rotation_probability": 0.38344512343773685, "scale_probability": 0.24839070949725128, "crop_upper": 0.11083508188828416, "crop_lower": 0.008002027716287297, "pad_lower": 0.0396475906555686, "rotation_lower": -100}, "augment": true, "train_history": {"val_acc": [0.1014, 0.0943, 0.0972, 0.0969, 0.0971, 0.0977, 0.0969, 0.0975, 0.0985, 0.1068, 0.0733, 0.0973], "loss": [2.2913096768733783, 2.278779450135353, 2.276529800433379, 2.2762258236224833, 2.274330957577779, 2.270653886672778, 2.273120776965068, 2.273165858708895, 2.270802695781757, 2.2674007438696346, 2.270233994875199, 2.2690647626534486], "val_loss": [2.336221683502197, 2.5050942321777345, 2.6689152671813963, 2.7888575881958007, 2.6377618827819824, 2.7770671165466307, 2.7881227310180665, 2.5797292556762694, 2.405283782196045, 2.6425857929229735, 2.490038724899292, 3.2901163578033445], "acc": [0.1158603766025641, 0.12747896634615385, 0.12627704326923078, 0.12750400641025642, 0.1267528044871795, 0.1296824919871795, 0.12662760416666666, 0.12845552884615385, 0.12572616185897437, 0.1326622596153846, 0.12893129006410256, 0.12880608974358973]}, "validation_error": 0.9027000000000001, "train_accuracy": 0.12880608974358973, "used_budget": 739.2119650840759}