{"train_accuracy": 0.11931590544871795, "used_budget": 739.5665330886841, "configs": {"horizontal_flip": 0.2870646335306104, "crop_probability": 0.19456603387124216, "pad_probability": 0.8104464694662952, "rotation_probability": 0.808359628213956, "crop_lower": 0.008457388498076136, "scale_lower": 0.912241954825584, "rotation_upper": 119, "vertical_flip": 0.8998007069581434, "pad_upper": 0.17276750283521158, "rotation_lower": -18, "crop_upper": 0.2986369371522203, "pad_lower": 0.06490355468438694, "scale_probability": 0.03003805349686961, "scale_upper": 1.8833670130607523}, "train_history": {"val_loss": [3.0343639533996583, 2.290226735305786, 2.407918159866333, 2.5588070301055907, 2.789765365600586, 2.64121682472229, 4.719413941955566, 3.8426037338256838, 2.8395686614990234, 3.8331675506591796, 3.20782965965271, 2.5627731826782227], "loss": [2.2942237922778497, 2.289470537350728, 2.2884456110306277, 2.2860596508551865, 2.287045970941201, 2.2831648786862693, 2.2844069447272863, 2.283783636796169, 2.28239453297395, 2.282107583223245, 2.282597160492188, 2.2828537416763797], "acc": [0.11227964743589744, 0.11545973557692307, 0.1172626201923077, 0.11746294070512821, 0.11986678685897435, 0.1168369391025641, 0.11909054487179487, 0.1201923076923077, 0.12254607371794872, 0.11703725961538461, 0.12021734775641026, 0.11931590544871795], "val_acc": [0.1009, 0.151, 0.1012, 0.101, 0.101, 0.1013, 0.101, 0.101, 0.101, 0.101, 0.101, 0.1017]}, "validation_error": 0.8983, "augment": true}