{"validation_error": 0.9007000000000001, "augment": true, "configs": {"rotation_lower": -155, "rotation_probability": 0.00666362046298119, "vertical_flip": 0.1806160392265702, "pad_lower": 0.01648045861110209, "crop_upper": 0.14372178605412292, "scale_probability": 0.530572456709872, "crop_probability": 0.2084028302634221, "pad_upper": 0.1304245514558948, "pad_probability": 0.5395444317083757, "horizontal_flip": 0.523990464173105, "scale_lower": 0.7218438178311515, "crop_lower": 0.04908568487132195, "scale_upper": 1.8783541462725108, "rotation_upper": 159}, "train_history": {"val_loss": [2.769529411315918, 2.3626420875549314, 2.442713983154297, 2.343030884552002, 2.7716605598449706, 2.3993050163269043, 2.441266951370239, 2.946329662322998, 2.4296318630218505, 2.9329992721557616, 2.550265438079834, 2.570878472900391], "val_acc": [0.0987, 0.0969, 0.0985, 0.1002, 0.0984, 0.1002, 0.0993, 0.103, 0.1029, 0.098, 0.0988, 0.0993], "acc": [0.11555989583333333, 0.12307191506410256, 0.12505008012820512, 0.1239483173076923, 0.12357271634615384, 0.12752904647435898, 0.12344751602564102, 0.13033353365384615, 0.12697816506410256, 0.13093449519230768, 0.13256209935897437, 0.12945713141025642], "loss": [2.2876642759029684, 2.280333787202835, 2.2757591696885915, 2.273978768250881, 2.2727869489254098, 2.2705922348377032, 2.2687877042171283, 2.2694035439919205, 2.270307536308582, 2.2661742843114414, 2.264636083291127, 2.2646301220624876]}, "used_budget": 729.651025056839, "train_accuracy": 0.12945713141025642}