{"train_history": {"val_loss": [2.381631063461304, 2.989816414642334, 2.425193213272095, 3.087964448928833, 2.8088949127197265, 2.414372278594971, 2.5740137130737306, 2.3677297187805175, 2.2667173316955567, 2.505122816467285, 2.826044429779053, 2.428974052810669], "val_acc": [0.1042, 0.104, 0.1051, 0.1038, 0.106, 0.1099, 0.105, 0.1084, 0.1501, 0.1047, 0.1056, 0.1084], "acc": [0.11112780448717949, 0.11445813301282051, 0.1187900641025641, 0.1175380608974359, 0.11891526442307693, 0.12189503205128205, 0.12036758814102565, 0.11909054487179487, 0.1201923076923077, 0.11929086538461539, 0.12059294871794872, 0.11961638621794872], "loss": [2.2934559858762302, 2.290523438117443, 2.286775975655287, 2.285384226303834, 2.285181454358957, 2.2808296267802897, 2.2810337314238915, 2.279339990554712, 2.2809662711925998, 2.28011727027404, 2.2810828326604304, 2.280611359156095]}, "configs": {"rotation_lower": -24, "horizontal_flip": 0.8211137776954208, "vertical_flip": 0.09778044670421349, "rotation_probability": 0.6829723079804636, "scale_lower": 0.5316782663892503, "crop_lower": 0.08726840658527801, "pad_probability": 0.06532478642562722, "scale_upper": 1.600546690999705, "scale_probability": 0.25230324014085603, "crop_probability": 0.6606454928777307, "pad_lower": 0.093812054025112, "crop_upper": 0.12813190364338503, "rotation_upper": 137, "pad_upper": 0.13056921513001146}, "validation_error": 0.8916, "train_accuracy": 0.11961638621794872, "used_budget": 740.1254222393036, "augment": true}