{"train_history": {"acc": [0.11663661858974358, 0.1291065705128205, 0.1296824919871795, 0.12705328525641027, 0.13238681891025642, 0.13544170673076922, 0.13181089743589744, 0.13060897435897437, 0.1334385016025641, 0.13226161858974358, 0.13421474358974358, 0.1362429887820513], "val_loss": [2.328277212524414, 2.622663579940796, 3.1750071640014648, 2.519904431915283, 2.7096064399719237, 2.61646089553833, 2.8943636138916014, 2.436313785171509, 2.5045889194488526, 2.822297920227051, 2.3347592430114745, 3.1624326026916503], "val_acc": [0.0992, 0.0986, 0.0987, 0.103, 0.0987, 0.099, 0.0996, 0.1023, 0.1027, 0.1036, 0.1169, 0.0987], "loss": [2.2902512909510198, 2.2751140220042987, 2.2744247034574165, 2.2712730031747084, 2.266014189292223, 2.2669386114829626, 2.2655844741906876, 2.265077994419978, 2.261616527270048, 2.2638839330428686, 2.259434231580832, 2.260951340962679]}, "configs": {"rotation_upper": 116, "crop_lower": 0.056671684738442, "scale_probability": 0.011050570432592166, "pad_upper": 0.10169548407023812, "rotation_lower": -111, "vertical_flip": 0.7930813593342887, "scale_lower": 0.6857302887789715, "horizontal_flip": 0.8054608723755732, "crop_upper": 0.14786944997626345, "pad_lower": 0.08406054331995123, "crop_probability": 0.9396762767893108, "rotation_probability": 0.25063125189541113, "scale_upper": 1.2639623206515136, "pad_probability": 0.43993897770999413}, "used_budget": 731.7178318500519, "train_accuracy": 0.1362429887820513, "validation_error": 0.9013, "augment": true}