{"configs": {"crop_lower": 0.08928169600329636, "crop_upper": 0.12761521956206326, "scale_probability": 0.49587184212422586, "vertical_flip": 0.5231824610587572, "scale_lower": 0.8500234174007594, "pad_lower": 0.04280085402620776, "scale_upper": 1.5802115280264095, "crop_probability": 0.11776741828197268, "rotation_probability": 0.6778084439966865, "pad_upper": 0.15466307624969797, "rotation_upper": 136, "horizontal_flip": 0.603598849390394, "pad_probability": 0.07264642970035884, "rotation_lower": -73}, "validation_error": 0.899, "augment": true, "used_budget": 737.6611127853394, "train_accuracy": 0.1201923076923077, "train_history": {"acc": [0.10852363782051282, 0.12034254807692307, 0.11470853365384616, 0.11473357371794872, 0.11911558493589744, 0.12056790865384616, 0.1182391826923077, 0.11946614583333333, 0.12154447115384616, 0.12545072115384615, 0.12164463141025642, 0.1201923076923077], "val_loss": [2.4393620819091795, 2.8277264778137208, 2.4827749782562254, 2.516236444091797, 2.3724117782592775, 2.7308275821685792, 2.598442901611328, 2.983428378677368, 2.361400305557251, 3.329424769592285, 3.938299652099609, 2.729007421875], "val_acc": [0.1031, 0.1009, 0.1009, 0.101, 0.1015, 0.1011, 0.1006, 0.1007, 0.1018, 0.1008, 0.1008, 0.101], "loss": [2.2972606955430446, 2.290911065462308, 2.291291050421886, 2.288885677472139, 2.2864543894926705, 2.286122903609887, 2.2868899817650137, 2.2841325853115473, 2.2851360256855306, 2.283522074039166, 2.2821189218606706, 2.2824139449840937]}}