{"configs": {"crop_probability": 0.3937211507445003, "pad_upper": 0.24120626018337368, "crop_lower": 0.0932588392171706, "rotation_probability": 0.3779139523385948, "horizontal_flip": 0.3939076550429409, "scale_probability": 0.36217805624083654, "rotation_lower": -135, "rotation_upper": 50, "pad_lower": 0.09437165210442633, "vertical_flip": 0.17398709007747104, "scale_upper": 1.4587448581992675, "scale_lower": 0.5751416937616498, "pad_probability": 0.5322961509734352, "crop_upper": 0.19000344567901806}, "validation_error": 0.9012, "train_history": {"loss": [2.291971374780704, 2.284693720249029, 2.2835928346866217, 2.2818970122398476, 2.2772671771355166, 2.277988926722453, 2.279387730054366, 2.277030173020485, 2.2763644135915317, 2.2758629566583877, 2.276287017724453, 2.2729533184797335], "acc": [0.11463341346153846, 0.12034254807692307, 0.11971654647435898, 0.11996694711538461, 0.12372295673076923, 0.12314703525641026, 0.12001702724358974, 0.12254607371794872, 0.12257111378205128, 0.12252103365384616, 0.1254757612179487, 0.1282802483974359], "val_acc": [0.0987, 0.0988, 0.0988, 0.0988, 0.0988, 0.0986, 0.0988, 0.0987, 0.0988, 0.0986, 0.0984, 0.0988], "val_loss": [2.4413933265686034, 3.0566644943237304, 3.0659267276763917, 3.1489961963653563, 3.3117748043060304, 3.0541260887146, 2.876069288253784, 3.001667878341675, 3.159134531402588, 2.8245296493530274, 3.123265517807007, 2.9235740417480467]}, "augment": true, "train_accuracy": 0.1282802483974359, "used_budget": 739.8109946250916}