{"train_history": {"loss": [2.2997336357067795, 2.297920592320271, 2.2963355496907845, 2.295792880730751, 2.296570232281318, 2.2952710588773093, 2.294401152011676, 2.2957162054685445, 2.2943969720449204, 2.2943526338308287, 2.293515083117363, 2.293174853691688], "acc": [0.10566907051282051, 0.10792267628205128, 0.10564403044871795, 0.10772235576923077, 0.10797275641025642, 0.10889923878205128, 0.10987580128205128, 0.10879907852564102, 0.10922475961538461, 0.11130308493589744, 0.10822315705128205, 0.10914963942307693], "val_loss": [3.1525953704833984, 3.1788900817871095, 2.668645585632324, 2.3633686256408692, 2.461130787277222, 2.890393318939209, 2.787857036590576, 2.794384632110596, 2.577582727813721, 2.490027143859863, 2.5299571392059326, 2.8285212211608886], "val_acc": [0.097, 0.097, 0.0969, 0.0937, 0.0973, 0.0969, 0.097, 0.0947, 0.0957, 0.0971, 0.0953, 0.0966]}, "augment": true, "validation_error": 0.9034, "train_accuracy": 0.10914963942307693, "used_budget": 693.3247644901276, "configs": {"pad_lower": 0.012365155537986762, "rotation_probability": 0.7742059340790246, "rotation_lower": -67, "scale_lower": 0.7992819876505088, "crop_upper": 0.2902877885395865, "scale_probability": 0.35774469347460414, "crop_lower": 0.03805603895460618, "pad_upper": 0.1594220942697177, "scale_upper": 1.5255685111629598, "vertical_flip": 0.32265152554604926, "horizontal_flip": 0.7659689785275688, "crop_probability": 0.8554956035713379, "rotation_upper": 42, "pad_probability": 0.8770077774234963}}