{"train_accuracy": 0.1132061298076923, "used_budget": 684.0541100502014, "train_history": {"acc": [0.10970052083333333, 0.10922475961538461, 0.11328125, 0.11348157051282051, 0.11155348557692307, 0.11473357371794872, 0.11275540865384616, 0.11105268429487179, 0.11280548878205128, 0.11328125, 0.11328125, 0.1132061298076923], "val_loss": [2.356955091094971, 2.5903161804199217, 2.491548905181885, 3.639826427078247, 2.428090404129028, 2.8806183723449705, 2.561279431152344, 2.9718546340942384, 3.51105044670105, 3.8114206153869628, 2.732277206039429, 3.1383024951934813], "loss": [2.2974275396420407, 2.2926252025824327, 2.2916849889816384, 2.2905626816627307, 2.29202377414092, 2.290984647396283, 2.2899877451933346, 2.289382815361023, 2.288852904087458, 2.2886122786081753, 2.287929887190843, 2.288477301597595], "val_acc": [0.0996, 0.0996, 0.0995, 0.0994, 0.0996, 0.0995, 0.0996, 0.0982, 0.0953, 0.0964, 0.099, 0.097]}, "augment": true, "configs": {"rotation_probability": 0.90314214691483, "rotation_upper": 85, "scale_lower": 0.6366686118707188, "crop_probability": 0.210735207265903, "crop_upper": 0.11668677311112259, "vertical_flip": 0.40742325215126274, "scale_probability": 0.4771442655031207, "scale_upper": 1.1370582907788918, "pad_upper": 0.22485546464348483, "horizontal_flip": 0.8121977055904798, "pad_probability": 0.32213916045568947, "rotation_lower": -28, "crop_lower": 0.07625975488745321, "pad_lower": 0.036658692705497334}, "validation_error": 0.903}