{"validation_error": 0.8954, "configs": {"rotation_probability": 0.6453142595416546, "crop_probability": 0.2862184994601933, "pad_probability": 0.45851188041605007, "crop_lower": 0.022183754966617508, "rotation_upper": 136, "scale_lower": 0.5804145689613128, "vertical_flip": 0.9750772860857528, "pad_lower": 0.028880083952691163, "rotation_lower": -14, "crop_upper": 0.1733839398776428, "scale_upper": 1.7177854308433327, "scale_probability": 0.6403737443201969, "horizontal_flip": 0.44431471258080635, "pad_upper": 0.2847777461016202}, "train_accuracy": 0.11505909455128205, "used_budget": 752.6145935058594, "augment": true, "train_history": {"val_loss": [2.3368294246673584, 2.395662240982056, 3.2328089210510256, 3.235394557571411, 3.0393584693908693, 3.0697874969482424, 2.830312118148804, 3.124664453125, 3.3311623291015624, 4.058857828521728, 4.232914926147461, 3.1650223888397218], "loss": [2.298373262087504, 2.2949676383764315, 2.2918288180461297, 2.290493965148926, 2.2920236870264397, 2.288511953292749, 2.2893853775965862, 2.289575532460824, 2.286677639453839, 2.2879521380632353, 2.285569987235925, 2.287253269782433], "val_acc": [0.1045, 0.1045, 0.1043, 0.1045, 0.1045, 0.105, 0.1048, 0.1084, 0.1064, 0.1044, 0.1038, 0.1046], "acc": [0.10744691506410256, 0.10924979967948718, 0.11398237179487179, 0.11413261217948718, 0.11543469551282051, 0.11455829326923077, 0.11330629006410256, 0.11538461538461539, 0.11693709935897435, 0.1148838141025641, 0.11480869391025642, 0.11505909455128205]}}