{"train_history": {"val_acc": [0.0992, 0.0989, 0.0998, 0.0993, 0.0983, 0.0986, 0.0985, 0.099, 0.0997, 0.0987, 0.101, 0.0987], "val_loss": [2.9810160739898683, 2.514565766143799, 2.5292921360015868, 2.8803745246887207, 2.4960022247314453, 2.8487011764526367, 2.799782102966309, 4.128249674987793, 2.584211443710327, 2.671279100418091, 2.58105138130188, 3.8360092750549315], "acc": [0.10884915865384616, 0.11355669070512821, 0.11463341346153846, 0.11278044871794872, 0.11255508814102565, 0.11187900641025642, 0.11891526442307693, 0.11490885416666667, 0.1178135016025641, 0.11535957532051282, 0.11691205929487179, 0.11663661858974358], "loss": [2.2964741793962626, 2.2925160832894154, 2.2911408115655947, 2.2892906115605283, 2.289812350884462, 2.2866378212586427, 2.2845027897602472, 2.2878733162696543, 2.2843880462340818, 2.2856648640754895, 2.2860874388462458, 2.285982608031004]}, "used_budget": 744.6694169044495, "augment": true, "train_accuracy": 0.11663661858974358, "configs": {"pad_lower": 0.014651963541582304, "pad_probability": 0.38865549500643726, "pad_upper": 0.13032550099697676, "rotation_upper": 134, "crop_upper": 0.2249255083684895, "rotation_lower": -158, "crop_probability": 0.36790469047225827, "crop_lower": 0.03293438379378257, "horizontal_flip": 0.1688014370992329, "scale_upper": 1.7020566884455322, "scale_lower": 0.7298239350235822, "scale_probability": 0.1618095350661075, "vertical_flip": 0.6850026881778725, "rotation_probability": 0.8324253295042912}, "validation_error": 0.9013}