{"train_history": {"val_loss": [2.326691764831543, 2.362631089401245, 2.3466465476989744, 2.5333775131225584, 3.131524068450928, 2.8592243934631347, 2.513691904067993, 3.148722255706787, 3.250781192398071, 3.965797908782959, 3.560741291809082, 3.770828219604492], "acc": [0.10556891025641026, 0.11180388621794872, 0.10784755608974358, 0.11210436698717949, 0.11067708333333333, 0.10712139423076923, 0.11150340544871795, 0.1122295673076923, 0.1077724358974359, 0.10899939903846154, 0.11122796474358974, 0.10995092147435898], "val_acc": [0.0989, 0.1006, 0.0994, 0.0988, 0.0989, 0.0989, 0.0999, 0.099, 0.0989, 0.0989, 0.099, 0.0989], "loss": [2.2979949842660856, 2.295599560707043, 2.2946757544309664, 2.293053374840663, 2.291580392000003, 2.2915063148889785, 2.291238691562261, 2.289471448996128, 2.290629584819843, 2.2913934733623114, 2.2892275811770024, 2.2892486659380107]}, "augment": true, "validation_error": 0.9011, "configs": {"crop_probability": 0.5303439909760491, "rotation_upper": 102, "scale_lower": 0.5465510084908242, "crop_upper": 0.28422966800451777, "scale_probability": 0.945872609704606, "pad_lower": 0.09668199327018862, "pad_upper": 0.21313664572534552, "rotation_probability": 0.34468421537205385, "scale_upper": 1.1581769485098208, "pad_probability": 0.7008412171097319, "crop_lower": 0.014553214861589614, "rotation_lower": -162, "horizontal_flip": 0.9762546473011932, "vertical_flip": 0.6695127493043043}, "train_accuracy": 0.10995092147435898, "used_budget": 751.0204222202301}