{"used_budget": 4379.386409044266, "train_history": {"val_loss": [2.0084014461517334, 2.187196998977661, 1.4555053396224975, 1.0217670728683472, 0.9143613285064697, 0.8701928776741028, 0.8964352157592773, 0.803705867767334, 0.9388976837158203, 0.8507973731994629, 0.7482569521903991, 0.7519694016456604, 0.687543823814392, 0.7733711855888367, 0.7962251071929931, 0.8123180697441101, 0.8187396061897277, 0.751371914768219, 0.7019474329948425, 0.7374594013214111, 0.6347842911720276, 0.6601995109558105, 0.7166651106834412, 0.8810190375328064, 0.6659436884880066, 0.5874523670196533, 0.6530901268005371, 0.6522551823616027, 0.7984691745758057, 0.8127640350341797, 0.6032289313316346, 0.6928832575798035, 0.6667550327301025, 0.7317571061134338, 0.6601753006935119, 0.6861391759872436, 0.7793943402290344, 0.6321723671913146, 0.7977141755104065, 0.7835118790626526, 0.6794302327156067, 0.6543826921463013, 0.5948137401580811, 0.6366413849830628, 0.5989959037780762, 0.6781455582618713, 0.7157588292121887, 0.676870337677002, 0.6917619146347046, 0.7638746589660644, 0.7009250911712647, 0.7295871864318848, 0.6329823522567749, 0.745778685760498, 0.6519723722457885, 0.6635945195198059, 0.678811130142212, 0.7200327751159667, 0.6686357905387879, 0.779262361240387, 0.6674869863510132, 0.695648118019104, 0.7615492627143859, 0.6804106836318969, 0.7619307031631469, 0.6969423424720764, 0.8211374502182007, 0.6549116099357605, 0.6476902054786682, 0.8031007119178772, 0.7498605521202087, 0.7077309737205505, 0.7277778407096863, 0.6716127128601074, 0.7733619568824768, 0.6666749189376832, 0.8887810177803039, 0.6586068205833435, 0.8137174352645874, 0.6672338691711426, 0.7683587318420411, 0.7169314853668213, 0.7034013815879822, 0.8195646000862121, 0.6978774970054626, 0.7522862639427185, 0.7328242655754089, 0.7521873267173768, 0.724174037361145, 0.6989969787597656, 0.8215591089248657, 0.7003179546356201, 0.8151945899963379, 0.7792296514511109, 0.7906084774017333, 0.8328149397850036, 0.7513257677078247, 0.7677223576545715, 0.7776645109176635, 0.8293563354492187, 0.8061350402832032, 0.7589891510009765, 0.8029680114746094, 0.7306748194694519, 0.7912165867805481, 0.7744008785247802, 0.7719594883918762, 0.7754616702079773, 0.854723589515686, 0.825256858253479, 0.8148824517250061, 0.8735965098381042, 0.7849721124649048, 0.8907229459762573, 0.755023860168457, 0.9137150276184082, 0.7849151226043701, 0.7527573596954346, 0.8421434658050537, 0.7341361507415771, 0.7768386401176453, 0.7367094178199768, 0.8130495212554931, 0.7633752108573914, 0.7772525005340576, 0.8117483727455139, 0.7382271515846253, 0.7706814038276673, 0.8495621123313903, 0.8089326563835144, 0.7871056327819824, 0.7822308094978333, 0.8061756797790527, 0.7850556427955627, 0.8273629360198974, 0.856881386756897, 0.8728265249252319, 0.7810082831382752, 0.8324130042076111, 0.7871465766906738, 0.8532204076766968, 0.8199923891067505, 0.8841100715637207, 0.8404949405670166, 0.7907546349525452, 0.8061167795181274, 0.8235575024604798, 0.7788452041625976, 0.8248794946670532, 0.7915036224365234, 0.7793979044914245, 0.9186265522003174, 0.7692880049705505, 0.7650347480773926, 0.8117064792633056, 0.8512356466293335, 0.8402664939880371, 0.8221908752441406, 0.8440152945518493, 0.8258396871566772, 0.7978285143852234, 0.8376771883010864, 0.808216044807434, 0.903704006576538, 0.9182055852890014, 0.8008087864875794, 0.8109129458427429, 0.8217686704635621, 0.9196636938095093, 0.8684765143394471, 0.8490684666633606, 0.8976951345443726, 1.0079953611373902, 0.9002650588989258, 0.8789722020149231, 0.8485941820144653, 0.7802569074630737, 0.8689168148994446, 0.8343859188079834, 0.9049144763946533, 0.8751575291633606, 0.8558891180992126, 0.8218713073730469, 0.9224927913665771, 0.8422949491500854, 0.8858666557312012, 0.8584071530342102, 0.7960290866851807, 0.9303170402526856, 0.8378300718307495, 0.8342011638641358, 0.8403856476783752, 0.8272596609115601, 0.8132640254020691, 0.8425513757705688, 0.8889243517875671, 0.9139546221733094, 0.8311259169578552, 0.8343998943328857, 0.915854229259491],