{"validation_error": 0.16590000000000005, "train_history": {"loss": [1.748159327568152, 1.2483167510766249, 1.0718410198505108, 0.9615676074455946, 0.8954721544033442, 0.8157844948462951, 0.7637088848994329, 0.7210738299748837, 0.6889883891130105, 0.6589787548933274, 0.6171008581534411, 0.6104048307125385, 0.5804431648590626, 0.5587182851173939, 0.540891571686818, 0.5254666690643017, 0.5140130821710978, 0.47901982909593827, 0.4770426490367987, 0.46471874263042057, 0.4389766152852621, 0.4335793722898532, 0.412489530367729, 0.40787430298634064, 0.40737420396927077, 0.38449570078116196, 0.38711923437240797, 0.37302093857373947, 0.3667746426967474, 0.3564631339067068, 0.3338406387812052, 0.3228944799838922, 0.3188536935127698, 0.3208833856460376, 0.3117813976147236, 0.3107823437223068, 0.29763032782536286, 0.29506911222751325, 0.2909098894168169, 0.28604197139159226, 0.2717652317041006, 0.271105272265581, 0.26322062733845836, 0.24933823331808433, 0.2547684262196223, 0.24353384704161912, 0.24599944933866844, 0.24026609785281694, 0.23620419261547235, 0.23177703680136266, 0.2289652134745549, 0.2220614030957222, 0.215186663545095, 0.2224941305243052, 0.21731477908981153, 0.2057476045611577, 0.19864463385863182, 0.19675844850448462, 0.19820603823814636, 0.19250175194480482, 0.19440831282199958, 0.20026013255119324, 0.18197753032048544, 0.17182340186375838, 0.1699701703320711, 0.18314717881954634, 0.1821962283589901, 0.1758941398599209, 0.1682468266823353, 0.1641928331974225, 0.16312354936813697, 0.17345538926430237, 0.16251485326733345, 0.1615655521551768, 0.16084516764833376, 0.1522581339455568, 0.15125039859842032, 0.1595009638903997, 0.15508629028231669, 0.147407076584223, 0.14694102213550836, 0.13186711837083864, 0.14513579316628286, 0.13832055013149214, 0.13317737565972868, 0.13928910927512708, 0.13408498189006096, 0.14195528234808874, 0.1343407049202002, 0.1293583146463602, 0.13112965484078115, 0.12959028875980622, 0.12266822254810578, 0.12992933330436549, 0.12559792657311147, 0.11708078657587369, 0.11751880448980209, 0.11943709936279517, 0.11621510886993164, 0.12103060441903579, 0.11636005289470538, 0.11598030544626407, 0.12320802236596744, 0.11741447171721703, 0.11691207190354665, 0.12272004381968425, 0.11573350410430859, 0.10358118179898995, 0.11337503776527368, 0.11456739186094357, 0.1101731861440035, 0.10396987720368764, 0.10898720258130477, 0.10531149436839116, 0.10775349317834927, 0.10184694076768863, 0.10111457725556997, 0.10157799749420239, 0.09879619241333924, 0.09647177866636178, 0.10074423673825386, 0.10424852151519214, 0.09241338761953208, 0.09170984185467927, 0.10017863727914982, 0.10646570526445523, 0.09299004569840737, 0.10033254077037175, 0.0975985729541534, 0.09095342500278583, 0.08595622584032707, 0.09775468496940075, 0.09503081655846192, 0.09500090839962165, 0.0932839300770026, 0.08330428294646434, 0.08832800278487878, 0.08579926221416546, 0.09333695280246246, 0.0848389404037824, 0.08850550288573289, 0.0945412728171318, 0.0838974965019868, 0.0812651382233852, 0.09870754970380893, 0.09058831818401814, 0.08517845638860495, 0.08145395833521317, 0.08647031470751151, 0.0843650022855936, 0.09161275491500512, 0.08378300557915981, 0.0814577800532182, 0.0837188375970492, 0.07784511612202877, 0.07546884251328614, 0.08338163463542095, 0.07105924423115376, 0.07237390853846684, 0.08140955545390263, 0.07492348575630249, 0.06939100459791146, 0.07617925499112178, 0.08775820353856453, 0.07852037876653366, 0.07807466631325391, 0.07778694284841037, 0.07019932028383781, 0.07731359967818627, 0.08190736007422973, 0.0796168934649382, 0.07697746229286377, 0.06784858425649312, 0.07668841291123475, 0.0695069490525967, 0.07242975030571987, 0.07317157872976401, 0.07027077963814521, 0.07221121594118766, 0.07143785150196308, 0.05899938546980803, 0.0668247813024582, 0.07472219026814668, 0.06833083650622612, 0.07036355018424682, 0.06148571819544603, 0.06285967047397907, 0.06980935395814669, 0.06796997217222667, 0.06950713025453763, 0.06742410471615119, 0.06446059205784248, 0.07185867786980592, 0.06833183951675892, 0.061674463347746775, 0.06605276305419512, 0.07184898108243942, 0.0711173965380742, 0.06914710224821018, 0.06999657288766824],