{"validation_loss": 0.795508230292797, "validation_error": 0.15100000000000002, "configs": {"scale_probability": 0.0, "gaussian_noise_probability": 0.0, "rotation_probability": 0.0, "rotation_lower": -64, "augment_probability": 1.0, "vertical_flip": 0.0, "coarse_dropout_per_channel": 0.5834048569304546, "coarse_dropout_probability": 0.0, "gaussian_noise_scale_lower": 8.368453625899951, "rotation_upper": 144, "shear_probability": 0.0, "gaussian_noise_scale_upper": 17.9603088288973, "pad_crop_lower": -0.125, "elastic_transform_alpha_lower": 0.17968160307923742, "scale_upper": 1.65611746091039, "coarse_dropout_size_percent_lower": 0.06721720755048484, "pad_crop_probability": 1.0, "elastic_transform_sigma": 0.7636105287944913, "shear_upper": 16, "coarse_dropout_size_percent_upper": 0.15532121933290471, "elastic_transform_probability": 0.0, "pad_crop_upper": 0.125, "scale_lower": 0.9869510880407433, "shear_lower": -15, "horizontal_flip": 0.5, "elastic_transform_alpha_upper": 2.2348431456936, "coarse_dropout_lower": 0.08040399071228273, "coarse_dropout_upper": 0.16971248255874594}, "train_history": {"val_loss": [2.0858278263092043, 1.72682839012146, 1.4007834953308105, 1.0187632053375244, 0.9681771976470948, 0.9004407760620117, 1.0311638074874878, 0.7090441390037536, 0.800800444316864, 0.7601420048713684, 0.6981739659309387, 0.6590025375366211, 0.6766438367843628, 0.8197186948776245, 0.6483890031814575, 0.7146293407440185, 0.6206334076881409, 0.6288434512138367, 0.6361041012763977, 0.6627820441246033, 0.7000836720466613, 0.8300817188262939, 0.6609327268600463, 0.7672970342636108, 0.7096477156639099, 0.6129860312461853, 0.550687548828125, 0.6362638654708862, 0.6342979324340821, 0.686640818977356, 0.6627815095901489, 0.6134491641044617, 0.6681459413528442, 0.5881593755722045, 0.5455323080062866, 0.5875250664710998, 0.6537438636779785, 0.6216536955833435, 0.6126724534988404, 0.8175891505241394, 0.6737494310379029, 0.6353005010604859, 0.7195871525764466, 0.666433237361908, 0.5726857927322387, 0.6758120235443115, 0.6081990316390992, 0.5852183203697204, 0.631274022102356, 0.5906142356872559, 0.866514107131958, 0.6289554507255554, 0.727609653186798, 0.6912565797805786, 0.6637334349632263, 0.7290745208740235, 0.6212825660705567, 0.6913767678260804, 0.6641029603004456, 0.6397075566291809, 0.7206041527748108, 0.6730746973991394, 0.6389624090194702, 0.7158034606933594, 0.7609315814971924, 0.6938085445404053, 0.6664602127075195, 0.6639830360412597, 0.64140149974823, 0.644615868473053, 0.6823018400192261, 0.6682911246299744, 0.6380401913642884, 0.6693559513092041, 0.5998855476379394, 0.6793118465423584, 0.6937099124908447, 0.718084575176239, 0.6979248342514038, 0.6619139282226563, 0.6370530829429627, 0.6831906764984131, 0.6886536547660828, 0.7105675332069397, 0.7279232386589051, 0.7063750495910645, 0.7959727561950684, 0.7905351508140563, 0.6887196418762207, 0.696730712890625, 0.6825826627731323, 0.6956236065864563, 0.7313195573806762, 0.732959139251709, 0.7247532810211181, 0.792414418888092, 0.678119553565979, 0.822896222114563, 0.7659129214286804, 0.7407809108734131, 0.7557547390937805, 0.6895146604537964, 0.8420511661529541, 0.7543525815963745, 0.7890127456665039, 0.8155988396644592, 0.7118588762283325, 0.8160751752853393, 0.7937337248802185, 0.693692257976532, 0.7993317202568054, 0.8260092429161072, 0.7953909231185913, 0.699067120552063, 0.7526216747283936, 0.89035162525177, 0.7562050447463989, 0.7082640632629394, 0.7679336154937744, 0.8670929166793824, 0.7589833248138428, 0.8074958215713501, 0.858710620880127, 0.7727232002258301, 0.8111357688903809, 0.8406365173339844, 0.7230324254989624, 0.7443996603012085, 0.7704054718017578, 0.8011406681060791, 0.8949871538162232, 0.7851279453277588, 0.8733621807098388, 0.7303313568115234, 0.7900779745101929, 0.8916930858612061, 0.7626007213592529, 0.8488308834075928, 0.7764564914703369, 0.7694453496932984, 0.7314559488296509, 0.8355668626785279, 0.7447156246185302, 0.8069439052581787, 0.7915782140731812, 0.8030058980941772, 0.8867205610275268, 0.7747062382698059, 0.8334788948059082, 0.8308049972534179, 0.8223397188186645, 0.9514367532730102, 0.8731819574356079, 0.7690113390922546, 0.8067555732727051, 0.8619443059921265, 0.8174445781707763, 0.906203077507019, 0.858888770866394, 0.7781020101547241, 0.7707463293075562, 0.8439929718971253, 0.9053089382171631, 0.8539458765029907, 0.8359002937316895, 0.8233641033172607, 0.7595280417442322, 0.8661768557548523, 0.9101042587280274, 0.7507678374290466, 0.8746661491394043, 0.8860739006042481, 0.8267067224502563, 0.7875402777671814, 0.8148732421875, 0.8602078504562378, 0.7462892940521241, 0.8725189598083496, 0.8875771398544312, 0.8143855392456054, 0.8324538327217103, 0.9047183853149414, 0.912284032535553, 0.8251677003860474, 0.9004647617340088, 0.8192294345855713, 0.8323375762939453, 0.8224937452316284, 0.7974739349365234, 0.8534654304504394, 0.9873931972503662, 0.8522087259292602, 0.9164990413665771, 0.7972731848716735, 0.8908113956451416, 0.9019455892562867, 0.8653093849182129, 0.8593517463684082, 0.9699207647323609, 0.7955082651138305],