{"configs": {"elastic_transform_probability": 0.0, "coarse_dropout_size_percent_upper": 0.19071556475702353, "rotation_probability": 0.0, "elastic_transform_alpha_lower": 1.6993719427912615, "elastic_transform_alpha_upper": 2.730882017173866, "gaussian_noise_scale_upper": 16.082117859577487, "coarse_dropout_size_percent_lower": 0.06410835679275141, "shear_lower": -2, "gaussian_noise_scale_lower": 6.167130119979475, "pad_crop_lower": -0.125, "vertical_flip": 0.0, "elastic_transform_sigma": 0.48978056532662495, "horizontal_flip": 0.5, "pad_crop_probability": 1.0, "shear_upper": 8, "coarse_dropout_per_channel": 0.5527918160198704, "coarse_dropout_lower": 0.04582268574027572, "augment_probability": 1.0, "rotation_lower": -141, "pad_crop_upper": 0.125, "gaussian_noise_probability": 0.0, "coarse_dropout_upper": 0.16797107654870214, "scale_probability": 0.0, "shear_probability": 0.0, "scale_lower": 0.5738002773305386, "rotation_upper": 65, "coarse_dropout_probability": 0.0, "scale_upper": 1.516261630817238}, "train_history": {"loss": [1.7638352345197628, 1.2452433506647747, 1.0437431709888654, 0.9333570851729467, 0.8536599866854839, 0.7978829183639624, 0.757587941029133, 0.7031352107341473, 0.6680714442179754, 0.6558370475585644, 0.6177216374721283, 0.5987417858380538, 0.578254935451043, 0.5362567794628632, 0.5306019874719473, 0.5237564964172168, 0.5111148422345136, 0.4924147591376916, 0.4723653025352038, 0.45055576738638753, 0.43525610138208437, 0.4293988083417599, 0.4278185722919611, 0.4119663345508086, 0.40665981288139635, 0.3859835691176928, 0.3757703124712675, 0.3823057008095277, 0.3600791606765527, 0.3534747537894127, 0.3450204943999266, 0.3375902086114272, 0.3211263229067509, 0.31854910174241435, 0.3089438252724134, 0.3199171918707016, 0.309256459849003, 0.2886677995706216, 0.2769052178049699, 0.29140992882924205, 0.27432942638794583, 0.27814510063483167, 0.2519550747596301, 0.26376459231743443, 0.25216523863566226, 0.26256713901574796, 0.24368335822453865, 0.24331715492865977, 0.2367438975817118, 0.22824531755386254, 0.22961770934172165, 0.2222987860441208, 0.20866381109524995, 0.2191783549884955, 0.2045818248238319, 0.22575034067416802, 0.20478295678129563, 0.20864018358481237, 0.19788059821495643, 0.1961372488966355, 0.19265598459885672, 0.18613299039693978, 0.188541447218412, 0.18182919680690154, 0.17916394588656914, 0.1679363452280179, 0.17826913822537813, 0.18451032739801285, 0.17122950681891197, 0.1659610376526148, 0.1594409490816104, 0.1623359031211107, 0.15873612816899252, 0.16127639139691988, 0.17083976389123842, 0.15309869517118502, 0.15843340143179283, 0.14437785419898155, 0.15252061417469612, 0.14556488069968346, 0.15511785571773848, 0.14546184127147382, 0.13545426277396005, 0.13675763906958777, 0.1418974339388884, 0.14313850733332145, 0.13656229936541656, 0.1467153192139589, 0.13958775624632835, 0.13882962623849893, 0.12981550481456977, 0.13633539393926278, 0.12293717551689881, 0.13424583457601377, 0.12349203983560586, 0.1348703988851645, 0.12296855955933914, 0.12473400921011582, 0.12078227943334824, 0.11550180671306756, 0.11327575873105954, 0.11688582718563385, 0.10756099883180398, 0.11443922687799503, 0.11850495884815852, 0.1164190265803765, 0.11242934784446007, 0.10750169182817142, 0.10157303927609554, 0.11353793659080298, 0.10425290503563026, 0.1022130416180843, 0.11336483027881537, 0.10820881907756512, 0.11373884975910187, 0.10753477235826162, 0.10697064959467986, 0.11397769674658775, 0.10473936041578269, 0.1006372675108604, 0.09941623407678726, 0.09542340035430896, 0.10523712840408851, 0.09378120298377979, 0.10094042432804902, 0.10045230039992394, 0.09494934637003984, 0.09032415130581611, 0.09400272431472938, 0.08997598801476833, 0.09586182475472108, 0.09823153048562698, 0.09382019187204349, 0.09207471522192161, 0.09060488517085712, 0.091739599330303, 0.08659066049716412, 0.09129993101725212, 0.09844892734709458, 0.09391547882786164, 0.09115707024167745, 0.08101812931589591, 0.08959372375064935, 0.0967601479914708, 0.08752231720166329, 0.08108536440592545, 0.08844100230206282, 0.09093686446356468, 0.08332361806279574, 0.07366718987050729, 0.07887468854777324, 0.07899925537789479, 0.07807898707687855, 0.08212788020953155, 0.08189598743159038, 0.08591770796248546, 0.08543108804867817, 0.07772110732128987, 0.082815784531144, 0.08117466997832824, 0.0857537292326108, 0.074666674177234, 0.07281946696532078, 0.07494926786957642, 0.0728946474309151, 0.07941006816541538, 0.08012783355437793, 0.07334693994086522, 0.07329889437040457, 0.08155924000610144, 0.07791287327806155, 0.08348806044803216, 0.07152183843442263, 0.07424647609392802, 0.07867426530290873, 0.0714688341682538, 0.07757979574111792, 0.06352666259194031, 0.06468568899883674, 0.0729388696834063, 0.06919342403610547, 0.06909157593662922, 0.07166254787872998, 0.07261215489453231, 0.07295017297833394, 0.0771235979329317, 0.06447060083827147, 0.06764546607453854, 0.07684649321704339, 0.0645458346280532, 0.07418219248453777, 0.07059115515305446, 0.06549738634091157, 0.06934064139540379, 0.06790250468139465, 0.06573589845823172, 0.06673647401233514, 0.06144758695975328, 0.06538395559749542, 0.06722890628645053],