{"configs": {"coarse_dropout_lower": 0.014512990378032532, "pad_crop_probability": 1.0, "elastic_transform_probability": 0.0, "scale_probability": 0.0, "coarse_dropout_size_percent_upper": 0.17560309157906645, "scale_lower": 0.5585750276942826, "rotation_probability": 0.0, "shear_lower": -4, "shear_upper": 6, "horizontal_flip": 0.5, "shear_probability": 0.0, "gaussian_noise_scale_lower": 6.922916798609188, "coarse_dropout_per_channel": 0.9326089516789101, "pad_crop_upper": 0.125, "vertical_flip": 0.0, "rotation_upper": 138, "augment_probability": 1.0, "gaussian_noise_scale_upper": 4.658209600152147, "scale_upper": 1.84860043236813, "coarse_dropout_size_percent_lower": 0.08043450706183791, "elastic_transform_sigma": 0.183220173741525, "elastic_transform_alpha_upper": 2.1625689664021137, "coarse_dropout_upper": 0.1375895062788169, "pad_crop_lower": -0.125, "coarse_dropout_probability": 0.0, "rotation_lower": -27, "elastic_transform_alpha_lower": 0.3205212439639358, "gaussian_noise_probability": 0.0}, "train_history": {"loss": [1.7400922683569102, 1.266199067617074, 1.0788040665479808, 0.9626424885713137, 0.8803584644427667, 0.833279190155176, 0.7612072450992389, 0.7198116878668467, 0.7009012424028837, 0.6583718344187125, 0.6319760641990564, 0.5950085792021874, 0.6034413599050962, 0.5607216377288867, 0.5442380798168671, 0.5197094155427737, 0.5096100828586481, 0.4823466080885667, 0.4843774869655951, 0.4531005598031558, 0.45385120312372845, 0.4265195375833756, 0.43501072625319165, 0.42585383623074263, 0.4209971160460741, 0.39238130434965474, 0.3801868221698663, 0.3770318933022328, 0.36575194314504283, 0.36105077541791475, 0.3507006523700861, 0.3432456488028551, 0.3427897724203574, 0.31477224903228956, 0.3317236323387195, 0.30857993528628963, 0.2929943543978227, 0.301479595211836, 0.2844831209916335, 0.29507607164291233, 0.2942353756381915, 0.2735700160264969, 0.26621170876882017, 0.27406735985707015, 0.2608225437311026, 0.25311192526267123, 0.2546293748876987, 0.25718908317578143, 0.23844269395638734, 0.23971267503041488, 0.23248234887917837, 0.22700550731940147, 0.22094886272381514, 0.22079865768169746, 0.22461937826413375, 0.21581044926857337, 0.22656657546758652, 0.2015996917318075, 0.19116281861296067, 0.20684442879297796, 0.20689970722947365, 0.192910702755818, 0.17913343938879478, 0.20410036486692917, 0.18655326656806162, 0.19636150430410337, 0.1778098912193225, 0.17490781413821074, 0.1750567622291736, 0.1793167037077439, 0.17705161611621195, 0.17306958549679854, 0.16682881040450853, 0.16198362457828644, 0.16675130172799796, 0.15888929921082962, 0.1574342935704268, 0.15605876785822403, 0.16360436484981805, 0.15890223532915115, 0.1438508452131198, 0.14996140717695922, 0.14471846866684082, 0.1534896048788841, 0.1505219406233384, 0.1381721202379618, 0.13552946272568825, 0.14107816828749117, 0.12847795203710213, 0.14185279397628245, 0.1340183422733576, 0.1484910611731884, 0.135088998824358, 0.12249848552239247, 0.13183355570221558, 0.13256537159666038, 0.12306621374610142, 0.13577470546349502, 0.12482842153463608, 0.1255266218422315, 0.12102718775471051, 0.11978630191431595, 0.12209681774943303, 0.12394236997725108, 0.11555091941203827, 0.11958547757986264, 0.11939352502425511, 0.11476501363974351, 0.10671534475225669, 0.10610833773628259, 0.11128950333939149, 0.10884732170364796, 0.10959096940664145, 0.10997135994526056, 0.10926905293495227, 0.1023116652877667, 0.10308718423430736, 0.10823853705555965, 0.10114005485024208, 0.11476857382326554, 0.10801519190844817, 0.10122046380853042, 0.10038656292435451, 0.09990037084580997, 0.10647481345595458, 0.10295054431145008, 0.08970996704048072, 0.09929730456608993, 0.09584232371969101, 0.09519071595217937, 0.09493125296938114, 0.10326580216105168, 0.10148705484775397, 0.09867563733878808, 0.10005639087504302, 0.10201256875044261, 0.10002426841320136, 0.0961987880560068, 0.10080231181704082, 0.08698747569742875, 0.09098848528586902, 0.08712358543506035, 0.09084401781169268, 0.09362320358363482, 0.08989365394107807, 0.08739584856308423, 0.08852099775312802, 0.08649602699547242, 0.08264214378327896, 0.08386420845412292, 0.08834019694954921, 0.08747091435660155, 0.08056843853913821, 0.08682111397576638, 0.07989764070281616, 0.08041232384932347, 0.07990433815389107, 0.07488598110966194, 0.07774171529290004, 0.0858604430865783, 0.08164517318782134, 0.08490607429009217, 0.07514006100021876, 0.07720643544617371, 0.07861510029014869, 0.0713957809150601, 0.08098680413781832, 0.07658444349773419, 0.07707153924573691, 0.07463134395388457, 0.07773780120679966, 0.07698378172249366, 0.0700449423912244, 0.07607034512628348, 0.07509178111855036, 0.07983555912207334, 0.0723500452362574, 0.07901887643413666, 0.07227356731891632, 0.06824010175963242, 0.0722145044650787, 0.07565879640288842, 0.07688913699717094, 0.07469999880935901, 0.07472122847460784, 0.07061332034376952, 0.06410531432200701, 0.07522952996003322, 0.06980399486537163, 0.07020808171289854, 0.07853132323958935, 0.06631318928721623, 0.06865600778315312, 0.07098580295076737, 0.07446243143521059, 0.0738081386169562, 0.07736143254889892, 0.064397431910038, 0.06655995777020088, 0.07151608732648385],