{"validation_error": 0.1714, "validation_loss": 0.9331053974866867, "configs": {"scale_lower": 0.5145317921241986, "scale_upper": 1.9847750184442978, "elastic_transform_sigma": 0.3428458348844584, "pad_crop_upper": 0.125, "elastic_transform_probability": 0.0, "shear_lower": -14, "augment_probability": 1.0, "gaussian_noise_probability": 0.0, "vertical_flip": 0.0, "coarse_dropout_probability": 0.0, "rotation_probability": 0.0, "elastic_transform_alpha_lower": 1.519038354514777, "pad_crop_lower": -0.125, "pad_crop_probability": 1.0, "horizontal_flip": 0.5, "scale_probability": 0.0, "coarse_dropout_size_percent_lower": 0.024242141691983334, "coarse_dropout_upper": 0.19230043974610017, "shear_probability": 0.0, "rotation_lower": -102, "coarse_dropout_per_channel": 0.6379825912948257, "rotation_upper": 131, "gaussian_noise_scale_upper": 16.873252227287924, "coarse_dropout_lower": 0.07669074451101521, "elastic_transform_alpha_upper": 4.76537149581995, "coarse_dropout_size_percent_upper": 0.1511875038866074, "gaussian_noise_scale_lower": 1.231184117429199, "shear_upper": 6}, "train_history": {"loss": [1.8443815860992823, 1.282868234010843, 1.0836653174498143, 0.9663477433033478, 0.8862375296079196, 0.8102649136995658, 0.7780922750631968, 0.7259689638247857, 0.6855432498149383, 0.6707058869875394, 0.6278260453389242, 0.6185916918210494, 0.5897225951537107, 0.566378850203294, 0.544528318521304, 0.5274222302131164, 0.5151751480805569, 0.49655155684703434, 0.48920838649456316, 0.4625726472108792, 0.4457001850391046, 0.4292209836152884, 0.4208743358269716, 0.41015125314394635, 0.4076866648900203, 0.3949761050633895, 0.38071057697137195, 0.38029856444933474, 0.36051347335943806, 0.36586312987865544, 0.35392048267217785, 0.34185597873651064, 0.34586441860749173, 0.32717135777840245, 0.3171788962223591, 0.309392722371297, 0.2932454078243329, 0.28765361144756657, 0.2864465048679939, 0.28859657030075025, 0.2769234862465125, 0.26516362241445446, 0.26904677637876606, 0.2729528404963322, 0.25015307867374176, 0.2606300935149193, 0.251005589388884, 0.2471297318354631, 0.23371619750291872, 0.23548215551254076, 0.24103050736280587, 0.23700442623633605, 0.23330076516438752, 0.21186888065093604, 0.20702063063016304, 0.20281780931429985, 0.20879325633629775, 0.20355430407783923, 0.20856811717534676, 0.1961167445167517, 0.1932669377479798, 0.18850850972991723, 0.1920960837831864, 0.18711685981505957, 0.192647750943135, 0.18029129180388573, 0.18483159213494033, 0.18065231226575681, 0.16910309755267242, 0.17510511009738997, 0.17161583145841575, 0.1686033518650593, 0.16083392462669274, 0.15966849038616204, 0.15445281498325178, 0.15538366463703987, 0.14995900417367616, 0.1496681990340734, 0.15745585889388353, 0.14141593997677168, 0.14687060698484763, 0.1460364084595289, 0.14899101805610535, 0.14580401090475228, 0.14295514758962852, 0.1391385969443199, 0.1452494404063775, 0.13537602193462542, 0.13289551217204484, 0.12325368678340545, 0.13695782642716017, 0.14686090795275492, 0.1282332509947129, 0.1306996756257155, 0.12548684032681662, 0.12818183835882407, 0.12988260980599967, 0.1331418874936226, 0.12279905875523885, 0.12260207395331982, 0.11754629101890784, 0.11420278910260934, 0.12376800867227408, 0.12269612984397472, 0.12305006556786023, 0.11599789101343888, 0.11112556663843301, 0.10485728027728888, 0.11640771435430416, 0.10809368047958766, 0.1192594790019286, 0.11505201755043788, 0.11268381612041058, 0.1078001084522559, 0.10411145136906551, 0.10216290288819717, 0.10249822715727183, 0.11337555863727362, 0.10927192938442414, 0.10675398441843498, 0.1007272950731791, 0.09593629774947961, 0.10049612156282632, 0.097771625727033, 0.0986483417546902, 0.1049925892207867, 0.09776877478147164, 0.08966462127864361, 0.09752487587049985, 0.09327544076129413, 0.09393472673419194, 0.09738534899094166, 0.09076417065583743, 0.09513879839617473, 0.09785240869491528, 0.08408344040314357, 0.09889824908131208, 0.09501363351367988, 0.09341861732686177, 0.08618297590277134, 0.08586783501773308, 0.08766835135145065, 0.08489524749800181, 0.08822571600858982, 0.09111937484106956, 0.08574170767305753, 0.08356438787319721, 0.08591051194339226, 0.08429446510779552, 0.0888412731866806, 0.09025263275282505, 0.0918894610248315, 0.08592792266072372, 0.08630232149973893, 0.08385041422950916, 0.08192735946235749, 0.07534371220912689, 0.08080864568742421, 0.08168958748380344, 0.07791716280655983, 0.07119399194534008, 0.07645133400383668, 0.08500759251033649, 0.0779394066104522, 0.08398314063938764, 0.06894550305337478, 0.0750597605529504, 0.07790542561083268, 0.07548491489619781, 0.07975643405165428, 0.0787857812948716, 0.07448072139269267, 0.07976620606122872, 0.07600582505647953, 0.07603927138142097, 0.06997537371726373, 0.07573719112536846, 0.07478861825970504, 0.06653134331393701, 0.06562288291752338, 0.07054221921433242, 0.07229162872028656, 0.07728064227371644, 0.07062939119835694, 0.0738076896717151, 0.0714141766134745, 0.06592463510922897, 0.07503322519075412, 0.07365962151342477, 0.07242315286436142, 0.07247747662357795, 0.078717102511571, 0.06943209092013347, 0.06679447308087196, 0.07077299060825354, 0.06559634590760255, 0.06943753538414454, 0.06275307573378086, 0.06762178495335273, 0.0739415592681139],