{"used_budget": 4337.984798669815, "train_history": {"loss": [1.6677402609433882, 1.2327047739273462, 1.041118329916245, 0.956732261639375, 0.8649212313004029, 0.7918797731399536, 0.7556544855619088, 0.7001507068291689, 0.6727477533695025, 0.634131867151994, 0.6035691950565729, 0.5830957071903424, 0.5716364058928612, 0.5482667333040482, 0.5302927230413144, 0.508432754721397, 0.48534352160417116, 0.4797837971112667, 0.4718960240865365, 0.45977063859120393, 0.4396853947486633, 0.427036396585978, 0.41299511797917193, 0.4100162184391266, 0.4001227284853275, 0.37814458899008924, 0.373942032456398, 0.36284796798076385, 0.3621136886187089, 0.3403254166627542, 0.34801568262852156, 0.34239561511920047, 0.32610211215722257, 0.31554228927080447, 0.2992366638321143, 0.30753750678820485, 0.3047065526629106, 0.2824546287839229, 0.2951373402506877, 0.27572634930794054, 0.2714402954547833, 0.2757669929892589, 0.27342407405376434, 0.25886338280561644, 0.2545366950142078, 0.24740617932417455, 0.24209748877164644, 0.2306393434604009, 0.21582783338351128, 0.22804145247508317, 0.23053706800326323, 0.21389115544465873, 0.2079482793999024, 0.2100950009547747, 0.20336155641155365, 0.20955373556950155, 0.19957530488952613, 0.19076034398033068, 0.19742765478216684, 0.19854662739313567, 0.19266827691059846, 0.18025495771032113, 0.1722436071588443, 0.17477355018640175, 0.18197777552100328, 0.1841134559840728, 0.16880339689743826, 0.17642603432520843, 0.16316634168227515, 0.1595318730060871, 0.1596343498199414, 0.1702253802273518, 0.15619504165190917, 0.14981125046809515, 0.1672878109682829, 0.1622330214923773, 0.15060716695510423, 0.14973026982102638, 0.15316700314482054, 0.13777736450235048, 0.14711076938188994, 0.1482204178778025, 0.14697939415390676, 0.13515775182690376, 0.1323711455632479, 0.13055141203296491, 0.13344052548591906, 0.13580632181121752, 0.13757684463873887, 0.13522680227955183, 0.13144925150733727, 0.12839995181331268, 0.1377669565188579, 0.12224703286893857, 0.12320241503990613, 0.1175010188554342, 0.11634935075655961, 0.11288865025226887, 0.12185877867234059, 0.11664140549225685, 0.12282573766051194, 0.12228056454123595, 0.12027919244689819, 0.11233429305064373, 0.10868993439735511, 0.10736109622013874, 0.11832677601621701, 0.11179123966930768, 0.1170571170365199, 0.10887996150323978, 0.10420570813883574, 0.09784564251701038, 0.1024554638335338, 0.10725463019349636, 0.0980450806613916, 0.10060885347999059, 0.10570527336154228, 0.09429520569168605, 0.09578043943605362, 0.10007526185841133, 0.10120698284262265, 0.10092768039649878, 0.10207964904988423, 0.10142078627951634, 0.09663600522356156, 0.09330852821660347, 0.09270939316887122, 0.0970732755959034, 0.09752172809571792, 0.08940627664709702, 0.08989639021456242, 0.09033231203181621, 0.09786683817704518, 0.10199909810072337, 0.09263616623595738, 0.09085488500885475, 0.08923811135956874, 0.09342260033083268, 0.08425712341872546, 0.09247109379905921, 0.08779645099853858, 0.08509659332533677, 0.08389154004936035, 0.08273408390008487, 0.08798754869554287, 0.08564924572904904, 0.0827976121352269, 0.08044072379095432, 0.07534097803708835, 0.0807538321480537, 0.08827926719991061, 0.0764993315992447, 0.07998157115891957, 0.08443150294419283, 0.08580971982043523, 0.07983810860568132, 0.08415235808262458, 0.07920881518377708, 0.07859300578442904, 0.07892114439835915, 0.07535129900162037, 0.07551744962349916, 0.08700244778241867, 0.08157671959354328, 0.07788918391825297, 0.07004786793811199, 0.06894027976653515, 0.07112361934895699, 0.07384368662650768, 0.06729123691240183, 0.0703631937981416, 0.06856923359326828, 0.07494860080381234, 0.0751847986322947, 0.07275409772036931, 0.07591332996693942, 0.07481654976996091, 0.07013470958918333, 0.06996098953561905, 0.07125193850161174, 0.06741343082812352, 0.07473202718374057, 0.06783113819666398, 0.06636717201520999, 0.06906660397847493, 0.0689235965315348, 0.06869478934468368, 0.06902116212325218, 0.06824529648591311, 0.06789738775636905, 0.06957379943476273, 0.06152291447879412, 0.06325198628772528, 0.07069678169985612, 0.07237757088091129, 0.07004272842254394, 0.06776163082283276, 0.06173754464357327, 0.07029767444309516, 0.07306753084636651],