{"validation_error": 0.1603, "train_history": {"val_loss": [1.8337718017578124, 1.5489537551879884, 1.4842362453460693, 0.926457549571991, 0.8271518010139466, 0.8540061420440673, 0.8651858172416687, 0.8156923612594604, 0.7624502136230469, 0.717873406124115, 0.6912579146385193, 0.6891127167701722, 0.8299341799736023, 0.7209704045295715, 0.7000152479171753, 0.6558933756828308, 0.6740268148422242, 0.6570178547859192, 0.6324107447624207, 0.7635943296432495, 0.7143769707679749, 0.6517132637023926, 0.7202599230766297, 0.7674186394691467, 0.645243865776062, 0.5937504031181335, 0.606923749256134, 0.6539034329414367, 0.6305996580600739, 0.6375768714904785, 0.6233083542823792, 0.7856192481040954, 0.6186938142776489, 0.6625872077941894, 0.639045287322998, 0.7789708126068116, 0.6277163906097412, 0.5722815770149231, 0.6548935877799987, 0.7669315443038941, 0.5688637234687806, 0.6821587880134583, 0.6277741367340088, 0.603521755695343, 0.6879879348754883, 0.6548109586715698, 0.5760618758678436, 0.6173162306785583, 0.5932438565254211, 0.6374073059082032, 0.6696897056579589, 0.6920224645614624, 0.6467483565330505, 0.6713931093215942, 0.5863748696327209, 0.66306576089859, 0.7355834836959839, 0.6512460403442383, 0.6351495383262634, 0.5793494525909424, 0.6811336520195007, 0.7077114562988281, 0.7172370914459228, 0.6872611940383911, 0.8632891516685486, 0.636998867225647, 0.6443611653327942, 0.7045553126335145, 0.7650705423355103, 0.785325704574585, 0.6976045095443726, 0.6660255880355835, 0.6198939898490906, 0.7057100242614746, 0.6510782892227173, 0.6802866546630859, 0.8271444871902466, 0.7332651333808899, 0.7149142463684082, 0.7442506067276001, 0.6757479465484619, 0.78896884059906, 0.7402559372901917, 0.7889956974983215, 0.8177060212135315, 0.679969820022583, 0.8260152168273925, 0.685207367515564, 0.7331704291343689, 0.6788425784111023, 0.7168507057189941, 0.7328375739097596, 0.6934981067657471, 0.7152809491157531, 0.7090358232498168, 0.8170105476379395, 0.701333710193634, 0.7373371176719665, 0.829497395992279, 0.7391251008987427, 0.6850508573532105, 0.7764788822174072, 0.6968492437362671, 0.8929357924461365, 0.6857422306060791, 0.7332242312431335, 0.7231122693061829, 0.6748276264190674, 0.6859104613304138, 0.7841953402519226, 0.7549940428733826, 0.7536579154968261, 0.7029030616760253, 0.7243079229354858, 0.769628545665741, 0.7304774981498718, 0.8459643270492554, 0.7090651538848877, 0.742012902545929, 0.8015954409599304, 0.7330406951904297, 0.7473021001815796, 0.7486857082366943, 0.7743361200332641, 0.75096673412323, 0.8072917154312134, 0.7752097263336182, 0.8481102019309997, 0.870493316745758, 0.775788166809082, 0.7197583766937256, 0.8182794094085694, 0.749895562171936, 0.779794073677063, 0.7659201213836669, 0.764552813911438, 0.831392977142334, 0.8473241339683533, 0.8435126373291015, 0.8489955786705017, 0.7802297322273254, 0.8550837796211243, 0.870122308921814, 0.7615747133255005, 0.786517765045166, 0.8919705469131469, 0.766113474559784, 0.7600753135681152, 0.8008470222473144, 0.7926922304153442, 0.8641591674804687, 0.8067519763946533, 0.8274872489929199, 0.7810961303710937, 0.816945550441742, 0.7863495183944702, 0.8351847206115722, 0.8086371409416199, 0.8488909248352051, 0.8003194881439208, 0.7957804573059082, 0.8797135801315308, 0.8673053367614746, 0.8264095123291015, 0.8536636386871338, 0.7854851416587829, 0.7974937359809875, 0.8080184144020081, 0.859264028263092, 0.8558537867546081, 0.7985830337524414, 0.7978780826568603, 0.7949575357437134, 0.7902435161590576, 0.9122738796234131, 0.9805489094734192, 0.8241380734443664, 0.8147493878364563, 0.8024263533592224, 0.8259506936073303, 0.8558063508987427, 0.9194406809806823, 0.7926354153633117, 0.8866738894462586, 0.8152861492156982, 0.829521364402771, 0.8284584970474244, 0.8178103439331055, 0.8481347583770752, 0.8641336433410645, 0.8383115135192871, 0.8744809744834899, 0.8433481566429138, 0.8268137306213379, 0.8935046685218812, 0.8525439964294433, 0.8990667671203614, 0.8979977964401246, 0.8739058668136597, 0.8487734971046448], "val_acc": [0.34529999990463256, 0.44239999961853027, 0.4957000002384186, 0.6790000000953674, 0.7126000003814698, 0.7138999997138977, 0.7069999995231628, 0.7278000007629395, 0.7449999999046326, 0.758100000667572, 0.7692999995231629, 0.769599999332428, 0.7411000000953675, 0.7655999996185303, 0.7722999996185302, 0.7842999997138977, 0.7834, 0.7864999996185302, 0.799, 0.769099999332428, 0.7802000000953674, 0.7910999999046325, 0.781100000667572, 0.767399999332428, 0.7969999998092652, 0.8108000005722046, 0.8143000005722046, 0.7982000000953674, 0.8080999999046325, 0.8073999998092651, 0.8119000002861023, 0.7740000002861023, 0.8100000007629394, 0.804200000667572, 0.8082999998092651, 0.7827999997138977, 0.8124, 0.827699999332428, 0.8058999999046326, 0.7925000004768371, 0.833699999332428, 0.8041000007629394, 0.8170000003814697, 0.8237999992370606, 0.8069000004768372, 0.8169000001907348, 0.8332999995231628, 0.823800000667572, 0.8300999995231628, 0.8215999996185303, 0.8144999994277954, 0.8142000007629394, 0.8213000004768372, 0.8239000003814697, 0.8380000006675721, 0.819699999332428, 0.8130000002861023, 0.8258000007629395, 0.8291000002861023, 0.8427999992370605, 0.8198000002861023, 0.8165, 0.8179000003814697, 0.8186000004768371, 0.8024000001907349, 0.831799999332428, 0.8327999999046326, 0.8181999998092652, 0.8144000007629395, 0.8048999997138977, 0.826400000667572, 0.8317999992370605, 0.8344999992370605, 0.8210000005722046, 0.8322000005722046, 0.8302000005722046, 0.8142000004768372, 0.8248000003814697, 0.8252999995231628, 0.8192000004768372, 0.8352999994277954, 0.8145000002861023, 0.8301000006675721, 0.8155999994277954, 0.811, 0.8333000002861023, 0.815400000667572, 0.8332000005722046, 0.8295000002861023, 0.8359999997138977, 0.8314000005722046, 0.8292000002861023, 0.8387000007629395, 0.8319000005722046, 0.833200000667572, 0.8201000007629394, 0.8374000005722045, 0.8263999994277954, 0.8200000002861023, 0.8332, 0.8425999992370605, 0.8216000005722046, 0.8379000007629395, 0.8098000003814697, 0.8382999992370606, 0.8335000005722046, 0.8341000007629394, 0.845800000667572, 0.8408999994277954, 0.8265999992370605, 0.833700000667572, 0.8381999997138977, 0.843599999332428, 0.8434000002861023, 0.8273000005722045, 0.8388999992370606, 0.8239999992370606, 0.8409999998092651, 0.8321999992370606, 0.8239999992370606, 0.8365000007629394, 0.8380999995231628, 0.8408999999046326, 0.8375000005722046, 0.8325000004768371, 0.8287999996185302, 0.836099999332428, 0.8170000004768372, 0.8184000002861023, 0.8354000007629394, 0.8430999997138977, 0.8302999996185303, 0.8380999995231628, 0.8357999995231629, 0.8372999996185303, 0.8428999997138977, 0.8371000005722046, 0.8248999992370606, 0.8323000007629394, 0.8337999996185302, 0.8354999994277954, 0.8243999997138977, 0.8304999997138977, 0.837900000667572, 0.8390999992370606, 0.8248999992370606, 0.8374999996185303, 0.8416000003814698, 0.8369999992370606, 0.8382000003814697, 0.8321000006675721, 0.8379999997138977, 0.8347999995231629, 0.840899999332428, 0.8361000004768372, 0.8414, 0.8355999994277954, 0.8400999992370606, 0.831900000667572, 0.8389000005722046, 0.8370000005722046, 0.8328000002861023, 0.8307999995231629, 0.835300000667572, 0.8335999994277954, 0.838400000667572, 0.8409000005722046, 0.8377999997138977, 0.828499999332428, 0.8305000004768371, 0.8454999994277954, 0.8397000004768371, 0.8450999995231628, 0.8401999996185303, 0.8275999995231629, 0.8172999999046325, 0.830400000667572, 0.8409000003814697, 0.8410000004768372, 0.8404999997138977, 0.8369999995231628, 0.8312999995231628, 0.8417999999046326, 0.8301000006675721, 0.8411999998092652, 0.8362999993324279, 0.840199999332428, 0.8387999996185302, 0.8362999994277954, 0.8365, 0.8379000007629395, 0.833699999332428, 0.838700000667572, 0.8446999998092651, 0.836400000667572, 0.8360000005722046, 0.8294999994277954, 0.8309000003814697, 0.8336000002861023, 0.8397000003814697],