{"validation_error": 0.17979999999999996, "used_budget": 4469.259757041931, "configs": {"elastic_transform_alpha_lower": 0.4830427507530448, "scale_lower": 0.5815620068505796, "scale_probability": 0.0, "augment_probability": 1.0, "coarse_dropout_probability": 0.0, "elastic_transform_probability": 0.0, "pad_crop_probability": 1.0, "horizontal_flip": 0.5, "pad_crop_upper": 0.125, "shear_lower": -8, "scale_upper": 1.194922581834936, "elastic_transform_alpha_upper": 3.4326804063554066, "rotation_probability": 0.0, "rotation_upper": 113, "vertical_flip": 0.0, "elastic_transform_sigma": 0.20113196817214773, "coarse_dropout_per_channel": 0.3069362897421597, "coarse_dropout_upper": 0.19299801870377314, "coarse_dropout_size_percent_upper": 0.14825593159803485, "coarse_dropout_lower": 0.03847951496825816, "shear_probability": 0.0, "pad_crop_lower": -0.125, "shear_upper": 1, "coarse_dropout_size_percent_lower": 0.09828282474364675, "gaussian_noise_scale_lower": 10.114341257135987, "gaussian_noise_scale_upper": 24.236733051379844, "gaussian_noise_probability": 0.0, "rotation_lower": -71}, "train_history": {"val_loss": [1.7822158081054686, 1.513678224182129, 1.3301532474517823, 0.9853623779296875, 1.093118244934082, 0.8883366156578064, 0.7928436588287353, 0.8994707711219787, 0.8744722936630249, 0.8109644834518432, 1.015492449760437, 0.9163731045722961, 0.7172581880569459, 0.6877533053398133, 0.7280944443702698, 0.6683332608222962, 0.6959045568466187, 0.6774711585998535, 0.6807025446891785, 0.6799375617980957, 0.6228316223144531, 0.6408027645111084, 0.6560447303771972, 0.71980809841156, 0.7216359991073609, 0.6592575316429138, 0.6355204790115356, 0.6325968446731567, 0.6013134363174438, 0.6469037011146546, 0.6087248122215271, 0.6962444796562195, 0.6701092105865478, 0.6332875940322876, 0.6145700580596923, 0.589706484413147, 0.6124275690078735, 0.8018796597480774, 0.6811254033088684, 0.7414558831214905, 0.6852850882530213, 0.6339674007415772, 0.6886736043930054, 0.6151449644088746, 0.6289541870117188, 0.683496639251709, 0.6365563926696778, 0.6279024505615234, 0.6829938854217529, 0.6771307002067566, 0.6462668436050415, 0.7513144997596741, 0.7830564695358276, 0.7171395961761474, 0.6975062222480773, 0.7217312022209168, 0.6718482217788696, 0.6211596877098083, 0.7211449378013611, 0.8669642268180847, 0.6739310399055481, 0.6962320425033569, 0.6533333616256713, 0.7107207485198974, 0.7001364234924317, 0.772315017414093, 0.7144778394699096, 0.722518854522705, 0.669478841495514, 0.7532356238365173, 0.6537026657104492, 0.6816364135742188, 0.7740557799339295, 0.7059495930671692, 0.6749501854896546, 0.6823144401550293, 0.7811763065338134, 0.8169756142616272, 0.6933349962234497, 0.6748230131149292, 0.7599453498840332, 0.7985394227027893, 0.8670828490257263, 0.6773898282051086, 0.7062746596336364, 0.7507966732978821, 0.7436575580596924, 0.8238062433242798, 0.7658691880226135, 0.7161407326698304, 0.6796175761222839, 0.7892296065330505, 0.7449988887786865, 0.7550217824935913, 0.7016802554130555, 0.6745407557487488, 0.7939396933555602, 0.8785744052886962, 0.7885286951065064, 0.8628744073867798, 0.752839035320282, 0.8274295321464539, 0.7234021018028259, 0.7656357608795166, 0.7518530633926391, 0.8351827088356019, 0.7708383904457092, 0.865115679359436, 0.83275242061615, 0.7621349390029907, 0.76069388961792, 0.8232298122406005, 0.7839821696281433, 0.7691167866706848, 0.7779350907325745, 0.8599119736671448, 0.8061491145133972, 0.7463191048622131, 0.775396718120575, 0.8020400825500489, 0.7540115643501282, 0.7527524132728577, 0.7401280516624451, 0.8317368101119995, 0.9160285820007324, 0.8097811469078064, 0.8438785301208496, 0.7593380418777466, 0.7630400364875793, 0.8131174975395202, 0.8031540133476257, 0.9853804636001587, 0.8460128178596497, 0.8532101442337036, 0.9026874758720398, 0.8931171513557434, 0.8150013090133666, 0.882883459186554, 0.8392584365844726, 0.84678764295578, 0.8391620105743408, 0.8263142857551574, 0.8665494359970093, 0.8010109342575074, 0.8734867952346802, 0.9629692873001099, 0.7951801694869995, 0.8024482087135315, 0.9075247415542602, 0.826964467048645, 0.9054721378326416, 0.8506253723144531, 0.8350863375663757, 0.875145496749878, 0.8072608383178711, 1.0415431274414062, 0.8628656975746155, 0.8082787439346314, 0.7877669556617737, 0.9314660991668701, 0.8527077857971191, 0.8624660840034485, 0.8235449363708496, 0.9414335751533508, 0.9089268815040589, 0.8929604095458984, 0.9339334874153137, 0.9260188452720642, 0.8532174624443054, 0.8827367894172669, 0.8143894497871399, 0.8658471472740173, 0.9201271943092346, 0.9089833959579467, 0.820390269947052, 0.8394743824005126, 0.8938679748535157, 0.918711342048645, 0.892093029499054, 0.8796100889205932, 0.8649661932945252, 0.8363967769622803, 0.8715203001976013, 0.8781931671142578, 0.866600984954834, 0.9069092646598816, 0.9047794445037842, 0.850706937122345, 0.8939972834587098, 0.9055016752243042, 0.8895886581420899, 0.8487345624923706, 0.9301948297500611, 0.8853406715393066, 0.9819361080169677, 0.8986545644760132, 0.8311310029983521, 0.937893227481842, 0.8300703567504882, 1.0219686400413512],