{"configs": {"rotation_upper": 58, "coarse_dropout_size_percent_lower": 0.08046320027169351, "rotation_probability": 0.0, "shear_upper": 4, "coarse_dropout_per_channel": 0.5007875210620059, "pad_crop_lower": -0.125, "gaussian_noise_probability": 0.0, "coarse_dropout_upper": 0.11277240728920891, "pad_crop_probability": 1.0, "scale_probability": 0.0, "elastic_transform_alpha_lower": 1.2016588719188137, "scale_lower": 0.7356166455009618, "shear_lower": -7, "horizontal_flip": 0.5, "shear_probability": 0.0, "elastic_transform_sigma": 0.7215766996966541, "elastic_transform_alpha_upper": 4.003601486443894, "coarse_dropout_probability": 0.0, "rotation_lower": -57, "scale_upper": 1.8427469228501026, "elastic_transform_probability": 0.0, "coarse_dropout_size_percent_upper": 0.13894652596674234, "pad_crop_upper": 0.125, "gaussian_noise_scale_upper": 6.845461501721963, "vertical_flip": 0.0, "gaussian_noise_scale_lower": 2.18303198691561, "augment_probability": 1.0, "coarse_dropout_lower": 0.06905616580461092}, "validation_error": 0.16759999999999997, "train_history": {"val_acc": [0.307200000333786, 0.4135000000953674, 0.592000000667572, 0.6371999998092651, 0.6690999997138977, 0.6484000004768372, 0.6873000001907349, 0.717800000667572, 0.7281000005722046, 0.7615999997138977, 0.7122000003814697, 0.7255000001907349, 0.7642999994277954, 0.7720000001907349, 0.7510000005722046, 0.7525000002861023, 0.7512999999046326, 0.7675000000953675, 0.7889999994277954, 0.7841999992370605, 0.780300000667572, 0.7736999999046326, 0.7807000000953674, 0.7894000005722046, 0.7838999992370606, 0.7853000004768371, 0.7957000003814697, 0.8062999994277954, 0.8020999995231628, 0.8071000007629394, 0.7867999997138977, 0.8083000005722046, 0.7966999998092651, 0.7980999997138977, 0.8005000000953675, 0.8184000003814698, 0.8057, 0.8157999994277955, 0.8086999992370606, 0.7946000001907348, 0.8072999995231629, 0.8068000000953675, 0.8264000003814698, 0.8215000001907349, 0.8196, 0.7940000003814697, 0.816999999332428, 0.8216000004768371, 0.7989999992370606, 0.8224, 0.8164, 0.8232999995231628, 0.8287999998092651, 0.8129999997138977, 0.8150000007629394, 0.8162999995231628, 0.8190000001907348, 0.8239000007629395, 0.8196999995231629, 0.828899999332428, 0.8076999992370606, 0.8075000007629395, 0.8246999998092651, 0.8093000007629394, 0.8131, 0.8135000005722046, 0.8213999996185303, 0.8213999999046325, 0.8247999998092651, 0.8177000000953675, 0.8193000001907349, 0.8267000003814697, 0.812300000667572, 0.8263999996185303, 0.8285, 0.8337000000953674, 0.809400000667572, 0.8171000003814697, 0.8219999999046326, 0.8120999994277954, 0.8167999999046326, 0.8186999995231629, 0.8247999999046326, 0.8297000001907349, 0.8169, 0.8246000004768371, 0.8170000001907348, 0.810100000667572, 0.8264999998092651, 0.8214999996185303, 0.8263999995231628, 0.8309000007629395, 0.823600000667572, 0.8205000007629395, 0.8353, 0.8267999998092651, 0.8351999999046326, 0.8116999995231629, 0.8236999997138977, 0.8357000003814697, 0.8271000002861023, 0.8021999995231628, 0.8217, 0.8139, 0.8236000007629395, 0.8292000007629394, 0.8233000005722045, 0.8260999997138977, 0.8346, 0.8251999995231628, 0.8131, 0.8247999999046326, 0.7881000001907349, 0.8188999995231628, 0.8362, 0.8229999998092651, 0.8368999997138977, 0.8259000000953675, 0.8191999995231628, 0.8163999999046325, 0.8213000003814698, 0.832900000667572, 0.8355000004768371, 0.8407000005722046, 0.8310999992370606, 0.8195000007629395, 0.8312, 0.8298000003814697, 0.8329999998092651, 0.8377000004768371, 0.8175999997138977, 0.8195000002861023, 0.8314000002861023, 0.8352, 0.8314999998092651, 0.8302, 0.8277999992370606, 0.8354000005722045, 0.8247000002861022, 0.827499999332428, 0.8361000001907348, 0.8426000003814698, 0.8099000006675721, 0.8208999999046326, 0.8101000004768372, 0.8232000001907349, 0.8359000001907348, 0.8368000000953675, 0.8383000004768372, 0.8386999994277954, 0.8268000003814697, 0.8341000002861023, 0.8293000003814698, 0.8391000006675721, 0.833600000667572, 0.829399999332428, 0.8295000001907349, 0.8401000005722046, 0.8350000006675721, 0.8362, 0.8403000001907348, 0.8316999994277954, 0.8347, 0.8354000005722045, 0.831200000667572, 0.8306000000953674, 0.8334000002861023, 0.8256999997138977, 0.8317, 0.8263999999046325, 0.8345999997138978, 0.8353, 0.8314000007629394, 0.8361000006675721, 0.8293999996185303, 0.816299999332428, 0.8294999997138977, 0.8284000002861023, 0.8320000006675721, 0.8333999998092652, 0.8340000001907348, 0.8269, 0.8064000001907349, 0.8275000000953674, 0.8348999992370606, 0.8287000004768371, 0.8365999994277954, 0.8386000003814698, 0.8346000002861023, 0.8344000001907349, 0.8364000001907349, 0.8285000000953674, 0.833, 0.8394999998092652, 0.8278, 0.8356000004768371, 0.8256000004768371, 0.8350999997138977, 0.8305, 0.8324000002861023],