{"test_error": 0.2902, "epochs": 2, "benchmark": "AlexNet", "used_budget": 55.43869662284851, "test_loss": 0.8604331600189209, "configs": {"vertical_flip": 0.3129021601256544, "pad_crop_lower": -0.19746810374711296, "pad_crop_upper": 0.14180202348699716, "scale_probability": 0.5846730659328228, "rotation_probability": 0.524752223235488, "rotation_lower": -31, "coarse_dropout_probability": 0.051536646755769966, "horizontal_flip": 0.03306889172337901, "scale_lower": 0.6317389557623331, "coarse_dropout_size_percent_lower": 0.06768095145762382, "scale_upper": 1.270930503288094, "rotation_upper": 91, "coarse_dropout_lower": 0.08260280612739743, "coarse_dropout_size_percent_upper": 0.17377658177397384, "coarse_dropout_upper": 0.18150093756342522, "augment_probability": 0.04189457386536177, "pad_crop_probability": 0.8498731250030083}}