{"best_config_id": [4, 0, 0], "best_run_info": {"config_id": [4, 0, 0], "budget": 14400.0, "time_stamps": {"submitted": 191626.33400058746, "started": 191626.33441400528, "finished": 205900.31482315063}, "loss": 0.35950000000000004, "error_logs": null, "info": {"epochs": 43, "configs": {"augment_probability": 0.5769394782992638, "coarse_dropout_upper": 0.12527314155537508, "scale_upper": 1.976375960699151, "rotation_lower": -5, "rotation_probability": 0.24181901497780156, "rotation_upper": 68, "coarse_dropout_size_percent_lower": 0.08890302651034598, "pad_crop_lower": -0.16735155629070986, "pad_crop_upper": 0.015732858617791584, "scale_lower": 0.8922346953690221, "coarse_dropout_lower": 0.035376869309653024, "coarse_dropout_probability": 0.8868347125260171, "vertical_flip": 0.051354333687634424, "scale_probability": 0.25383442377435417, "coarse_dropout_size_percent_upper": 0.18007611095936282, "horizontal_flip": 0.9205644552776411, "pad_crop_probability": 0.7354934381145585}, "benchmark": "WideResNet", "validation_error": 0.35950000000000004, "train_history": {"val_loss": [4.782091760253906, 3.62427055015564, 3.6348606185913086, 3.289827150344849, 3.3143157413482665, 5.240930075073242, 3.0061406883239745, 2.2894145179748535, 2.29646866645813, 2.0176931991577147, 2.0337794395446775, 1.9777493293762207, 1.8432888214111327, 1.7694202964782715, 1.731635569190979, 2.321238656616211, 1.7278184181213379, 1.6748723258018494, 1.6233106142044067, 1.6879115909576416, 1.6247669166564942, 1.6351379499435426, 1.6005909254074098, 1.701665743637085, 1.6631785820007323, 1.695507376384735, 1.5614765747070312, 1.6843832864761352, 1.7266421705245971, 1.675780715560913, 1.7008359407424927, 1.6253471054077149, 1.8528474590301514, 1.6622740936279297, 1.7405137882232666, 1.6761020776748656, 1.8656889556884766, 1.7156917699813843, 1.728054963684082, 1.796709956932068, 1.7671426027297974, 1.8036482318878173, 1.7688805587768555], "acc": [0.0706630608974359, 0.12397335737179487, 0.1531199919871795, 0.2114132612179487, 0.24601862980769232, 0.2945963541666667, 0.3297776442307692, 0.3834885817307692, 0.4319160657051282, 0.4791416266025641, 0.5104417067307693, 0.5422676282051282, 0.5754957932692307, 0.6001101762820513, 0.6226462339743589, 0.6437550080128205, 0.6616836939102564, 0.6836688701923077, 0.7066306089743589, 0.7173227163461539, 0.7311949118589743, 0.7463441506410257, 0.752754407051282, 0.7721854967948718, 0.7733122996794872, 0.7845052083333334, 0.7980518830128205, 0.8091446314102564, 0.8133764022435898, 0.8176081730769231, 0.8282752403846154, 0.8305538862179487, 0.8386668669871795, 0.8447766426282052, 0.8497596153846154, 0.8477313701923077, 0.8560446714743589, 0.8590995592948718, 0.8607021233974359, 0.8658854166666666, 0.8641576522435898, 0.8655598958333334, 0.8741736778846154], "loss": [4.472213105513499, 3.9029452067155104, 3.7780028994266805, 3.374434992288932, 3.2040113546909432, 2.9418426966055846, 2.7625196346869836, 2.4459931495097966, 2.1679963889794474, 1.9714133548430908, 1.8290841331084569, 1.6878511473918572, 1.5694710467106257, 1.4552089537565525, 1.378756049160774, 1.2923072230739472, 1.2184112484638507, 1.1293785268297563, 1.0560044724589739, 1.0140640621001904, 0.9566245925350066, 0.9067984181336868, 0.8790786866194162, 0.7996468984354765, 0.7996050176712183, 0.7593692617538648, 0.7191696221438738, 0.6791864277747197, 0.6639273281280811, 0.6426942353256238, 0.6106767114729453, 0.5939522779140717, 0.5728336445127542, 0.5563883547408458, 0.5319560854576337, 0.5369636019548545, 0.5099281923224529, 0.5015383066657262, 0.49420672497497153, 0.4813895251792975, 0.48744749917815894, 0.4762163864782987, 0.45006562950901496], "val_acc": [0.081, 0.1581, 0.1734, 0.2105, 0.2422, 0.1858, 0.281, 0.4065, 0.4136, 0.4636, 0.4739, 0.4885, 0.5278, 0.5281, 0.555, 0.5069, 0.5629, 0.57, 0.5905, 0.5754, 0.5878, 0.5949, 0.5985, 0.5987, 0.5997, 0.6071, 0.6284, 0.6158, 0.6095, 0.6287, 0.6189, 0.6222, 0.6121, 0.6332, 0.6348, 0.6372, 0.6122, 0.6284, 0.6287, 0.6277, 0.6345, 0.6307, 0.6405]}, "validation_loss": 1.7688805627822877, "used_budget": 14243.139826774597}}, "best_config_trajectory": {"times_finished": [702.5697979927063, 2803.147670507431, 7702.745836257935, 14580.061145305634, 17961.861099481583, 21333.729826688766, 24700.539655685425, 31401.82527732849, 38101.31840491295, 50211.896082639694, 57250.581314086914, 73315.03542304039, 132131.8894045353, 177634.5641565323, 205900.31482315063], "losses": [0.8929, 0.8863, 0.8543000000000001, 0.8249, 0.775, 0.7497, 0.7041, 0.5706, 0.5357000000000001, 0.48939999999999995, 0.4708, 0.40049999999999997, 0.3921, 0.3712, 0.35950000000000004], "budgets": [900.0, 900.0, 900.0, 1800.0, 1800.0, 1800.0, 1800.0, 3600.0, 3600.0, 7200.0, 7200.0, 14400.0, 14400.0, 14400.0, 14400.0], "config_ids": [[0, 0, 0], [0, 0, 3], [0, 0, 10], [0, 0, 13], [0, 0, 8], [0, 0, 11], [0, 0, 10], [0, 0, 8], [0, 0, 10], [0, 0, 8], [0, 0, 10], [0, 0, 10], [1, 0, 5], [2, 0, 3], [4, 0, 0]]}}