{"best_config_id": [4, 0, 4], "best_config_trajectory": {"budgets": [900.0, 900.0, 900.0, 900.0, 1800.0, 3600.0, 7200.0, 14400.0, 14400.0, 14400.0], "config_ids": [[0, 0, 0], [0, 0, 2], [0, 0, 3], [0, 0, 5], [1, 0, 0], [0, 0, 9], [0, 0, 9], [0, 0, 9], [1, 0, 1], [4, 0, 4]], "losses": [0.8777, 0.8722, 0.8434, 0.8411, 0.6072, 0.47509999999999997, 0.4367, 0.39259999999999995, 0.3829, 0.372], "times_finished": [706.9882717132568, 2111.5838005542755, 2809.8390522003174, 4208.20285820961, 12890.904757738113, 31434.65987944603, 50071.93539261818, 72939.325984478, 131316.35770511627, 290658.7990336418]}, "best_run_info": {"error_logs": null, "info": {"used_budget": 14308.671141386032, "epochs": 43, "train_history": {"loss": [4.381563073549515, 3.814603540377739, 3.4425757007721143, 2.951249952499683, 2.574427678416937, 2.1504115840563407, 1.8675151150196025, 1.6013495329862986, 1.3660054115148692, 1.2113903598525586, 1.0089342219707294, 0.8735746242679082, 0.8197319937917666, 0.6780885968070763, 0.6302730940664426, 0.5530260152255113, 0.49434775601212794, 0.4167355485499287, 0.40425971470391137, 0.37173054957141477, 0.33516436285124374, 0.35369556225263155, 0.3097434167583019, 0.28467551288075554, 0.27833488755501234, 0.2648071732897407, 0.2500375638692043, 0.25291642629039973, 0.22597001675659648, 0.23073041054587334, 0.22778973827520624, 0.21006050433676976, 0.2137809194242343, 0.1987631320177267, 0.19730616605673462, 0.19107692880341068, 0.18576196210984236, 0.17703724726556969, 0.17847695821920076, 0.16906470337357277, 0.16942984795269483, 0.163600978286316, 0.15204583106037134], "val_loss": [4.006969668960571, 8.944755380249024, 3.4004845497131346, 3.1563975708007814, 2.988746785736084, 2.5505795722961424, 2.1918462196350097, 2.068285531425476, 2.019962335205078, 1.8644304862976073, 1.9452583873748779, 1.9643268808364869, 1.9353993797302247, 1.8733103698730469, 2.285978762435913, 1.8366887279510498, 2.0005668029785157, 2.05041811542511, 2.127414594078064, 1.9657082721710204, 2.0295719455718992, 2.422894219207764, 2.137227522277832, 2.0532869150161743, 1.9579346900939942, 2.0798391832351686, 2.4848451013565063, 2.195905410385132, 2.0511684022903443, 1.977682081604004, 2.11858171081543, 2.2688685831069946, 2.093921064662933, 2.03156722946167, 2.2238884271621706, 2.3324524238586424, 2.287112881088257, 1.9819845817565918, 2.004051504325867, 2.1254716972351075, 2.2500422369003297, 2.2259850238800047, 2.193996990585327], "val_acc": [0.095, 0.0605, 0.223, 0.2581, 0.2978, 0.3889, 0.4344, 0.4645, 0.4748, 0.5134, 0.5118, 0.507, 0.5352, 0.5474, 0.5316, 0.5642, 0.5603, 0.572, 0.5557, 0.5677, 0.5798, 0.5488, 0.5856, 0.5862, 0.5993, 0.5801, 0.5574, 0.5752, 0.6002, 0.6203, 0.6108, 0.5971, 0.5989, 0.6066, 0.6051, 0.5966, 0.5987, 0.6094, 0.6233, 0.6151, 0.6104, 0.6242, 0.628], "acc": [0.07361778846153846, 0.14007411858974358, 0.20074619391025642, 0.28821113782051283, 0.3547676282051282, 0.4431340144230769, 0.49914863782051283, 0.5588191105769231, 0.6161107772435898, 0.6551732772435898, 0.7074819711538461, 0.7478465544871795, 0.7642227564102564, 0.8040114182692307, 0.817558092948718, 0.8368890224358975, 0.8543669871794872, 0.8784304887820513, 0.8791065705128205, 0.8901241987179487, 0.9003155048076923, 0.8957832532051282, 0.907401842948718, 0.9157151442307693, 0.917793469551282, 0.9222005208333334, 0.9264072516025641, 0.9247546073717948, 0.9309645432692307, 0.931465344551282, 0.933769030448718, 0.9384264823717948, 0.9358473557692307, 0.9401542467948718, 0.9403044871794872, 0.9433343349358975, 0.9447115384615384, 0.9476412259615384, 0.9465895432692307, 0.9494691506410257, 0.9496945112179487, 0.9506209935897436, 0.9547025240384616]}, "configs": {"scale_upper": 1.0, "scale_probability": 0.0, "coarse_dropout_size_percent_lower": 0.01, "augment_probability": 0.21558323758570486, "coarse_dropout_lower": 0.0, "pad_crop_upper": 0.21798895659751508, "pad_crop_lower": -0.18117364242642367, "horizontal_flip": 0.6706490563596168, "coarse_dropout_probability": 0.0, "coarse_dropout_upper": 0.1, "rotation_upper": 0, "rotation_probability": 0.0, "coarse_dropout_size_percent_upper": 0.1, "pad_crop_probability": 0.9792193137639976, "scale_lower": 1.0, "rotation_lower": 0, "vertical_flip": 0.0}, "validation_loss": 2.1939969816207885, "validation_error": 0.372, "benchmark": "WideResNet"}, "budget": 14400.0, "time_stamps": {"submitted": 276316.62131619453, "started": 276316.63700032234, "finished": 290658.7990336418}, "config_id": [4, 0, 4], "loss": 0.372}}