{"best_config_trajectory": {"budgets": [900.0, 900.0, 900.0, 900.0, 1800.0, 7200.0, 7200.0, 3600.0], "config_ids": [[0, 0, 0], [0, 0, 1], [0, 0, 4], [0, 0, 5], [0, 0, 5], [0, 0, 5], [3, 0, 2], [4, 0, 3]], "losses": [0.5542, 0.5434, 0.5388, 0.5241, 0.5096, 0.4929, 0.48729999999999996, 0.481], "times_finished": [898.0634381771088, 1785.4064960479736, 4453.109113693237, 5332.163857460022, 10702.741392612457, 34022.56857967377, 100477.42994308472, 125516.39385676384]}, "best_config_id": [4, 0, 3], "best_run_info": {"info": {"configs": {"coarse_dropout_probability": 0.3707390616678806, "pad_crop_probability": 0.7437320288900124, "coarse_dropout_size_percent_upper": 0.18307808137893747, "coarse_dropout_upper": 0.12218641939816821, "rotation_probability": 0.7019244827570192, "pad_crop_upper": 0.11158952121222487, "augment_probability": 0.6994633224665688, "scale_probability": 0.10653190825838399, "rotation_upper": 16, "rotation_lower": -67, "scale_lower": 0.8240955461723636, "coarse_dropout_size_percent_lower": 0.05261587043841472, "pad_crop_lower": -0.14398667325505346, "horizontal_flip": 0.6743831991400392, "scale_upper": 1.6217202504743997, "coarse_dropout_lower": 0.022270576295797474, "vertical_flip": 0.0332246733530529}, "train_history": {"val_acc": [0.11260000001192093, 0.1646999998807907, 0.2393, 0.25969999990463255, 0.3074999998092651, 0.3358999997615814, 0.34910000009536746, 0.3781000002861023, 0.3966000002861023, 0.37959999985694887, 0.39869999976158144, 0.40040000019073485, 0.4093999998092651, 0.40900000014305116, 0.40850000014305116, 0.4417000003814697, 0.446400000333786, 0.4492999999523163, 0.44409999976158143, 0.45930000038146973, 0.4448999997615814, 0.4675000002861023, 0.4606999999523163, 0.4654999996185303, 0.4684999997615814, 0.4695999999046326, 0.468499999666214, 0.46780000023841856, 0.4719999996185303, 0.48039999990463256, 0.47280000038146974, 0.4831000000476837, 0.4871999999046326, 0.48140000019073487, 0.48099999990463255, 0.47519999961853027, 0.4899999998092651, 0.4854999997138977, 0.4853000001907349, 0.48130000038146975, 0.4785000000476837, 0.49189999961853026, 0.4981999996185303, 0.48989999980926513, 0.4881000000953674, 0.4750999999523163, 0.49810000019073486, 0.497499999332428, 0.4867000002861023, 0.4945000002861023, 0.4927999992370605, 0.5025000000953674, 0.4850999994277954, 0.5050000003814697, 0.49500000004768374, 0.5070000003814698, 0.5004000000953674, 0.5097000007629394, 0.5050999998092651, 0.48730000076293944, 0.5090999996185303, 0.5107000000953674, 0.5029000007629395, 0.4948999992370606, 0.5064999999046326, 0.5124000001907348, 0.5166000007629394, 0.5021999997138977, 0.5162000004768371, 0.5120999997138977, 0.5024999995231628, 0.5045000003814697, 0.5167000004768372, 0.5136000002861023, 0.5093999992370606, 0.5167999997138977, 0.4997999996185303, 0.5078999996185303, 0.5169000000953674, 0.5089000001907349, 0.5084999995231628, 0.507899999332428, 0.502299999332428, 0.5075000006675721, 0.5115999996185303, 0.49170000047683715, 0.507199999332428, 0.5055000005722046, 0.5055000002861023, 0.5022999992370606, 0.5159000003814698, 0.5008999999046325, 0.5133000007629395, 0.510399999332428, 0.513999999332428, 0.5111000001907349, 0.5119, 0.5011000004768371, 0.5133000004768371, 0.5156000007629394, 0.506200000667572, 0.5106000004768372, 0.5091999994277954, 0.5023, 0.5108999996185303, 0.5106999992370606, 0.5045000002861023, 0.5142999997138977, 0.5126999998092652, 0.5119999992370605, 0.5147999997138977, 0.5096000003814697, 0.5109999999046325, 0.5097999996185303, 0.5158999998092652, 0.5065999992370606, 0.5050999999046326, 0.5173000004768371, 0.5116000007629394, 0.515299999332428, 0.5100999996185303, 0.5181999995231629, 0.5025999995231628, 0.5070000005722046, 0.5123000003814697, 0.5102999999046326, 0.5115000006675721, 0.5199999999046325, 0.5018000003814698, 0.5129999994277954, 0.5256999997138977, 0.5139999994277954, 0.5164000004768372, 0.5239000007629394, 0.5242999992370605, 0.5143000005722046, 0.5181999999046326, 0.5183999998092651, 0.5176000001907348, 0.509100000667572, 0.5104, 0.5154999992370606, 0.5161999997138977, 0.5104000005722046, 0.5096999995231628, 0.5183999996185302, 0.5144999996185303, 0.5215999998092652, 0.5120000007629395, 0.5143000002861023, 0.5180000001907349, 0.5141999995231629, 0.5088999992370605, 0.5216000000953674, 0.5179000007629394, 0.5137999999046325, 0.5181000004768371, 0.5212999992370605, 0.520400000667572, 0.5118000001907349, 0.5105000007629394, 0.5186000005722046, 0.521299999332428, 0.517400000667572, 0.5155999996185303, 0.5228000001907349, 0.5064999998092652, 0.516899999332428, 0.5182999996185302, 0.5153999992370606, 0.5152000001907349, 0.5129000002861023, 0.5192000007629395, 0.518200000667572, 0.5173000005722046, 0.5158999995231628, 0.5267000007629394, 0.522499999332428, 0.5218000005722045, 0.5184999992370606, 0.5157000003814697, 0.5179000003814698, 0.5166000001907348, 0.5241000004768371, 0.5145000007629394, 0.5209000001907349, 0.5160000003814698, 0.5214000007629395, 0.524700000667572, 0.5200000001907349, 0.5187999998092652],