{"best_run_info": {"loss": 0.49250000000000005, "info": {"used_budget": 7175.511572599411, "validation_error": 0.49250000000000005, "validation_loss": 2.2566773761749266, "epochs": 500, "train_history": {"val_acc": [0.07559999997615814, 0.12159999992847442, 0.14150000019073486, 0.214, 0.257799999833107, 0.28719999980926514, 0.32139999980926515, 0.3049000001907349, 0.34519999976158144, 0.3700999999523163, 0.36520000014305115, 0.3665000001430512, 0.35749999971389773, 0.363599999666214, 0.3964999999523163, 0.4083000001430511, 0.398500000333786, 0.41000000033378603, 0.4079999996185303, 0.42120000009536745, 0.44830000033378603, 0.4406999997615814, 0.4369999997138977, 0.43199999976158143, 0.4486999997138977, 0.4368000003814697, 0.447999999666214, 0.43430000014305115, 0.42889999980926513, 0.45819999990463256, 0.44870000014305117, 0.46990000004768373, 0.4634000003814697, 0.4476999996185303, 0.4563999997615814, 0.46929999976158143, 0.4685, 0.47580000023841856, 0.4702999999523163, 0.4703999997615814, 0.46189999990463254, 0.4735000002384186, 0.4855999996185303, 0.4666999998569489, 0.47839999985694887, 0.47929999995231626, 0.47780000014305113, 0.4806999997138977, 0.48629999976158145, 0.47220000038146975, 0.47969999961853027, 0.48000000033378604, 0.4878999999523163, 0.4732000001907349, 0.4996999999523163, 0.48810000033378603, 0.4739999997615814, 0.49110000019073485, 0.5002999998092651, 0.49139999980926513, 0.48010000014305115, 0.49410000047683716, 0.48630000009536745, 0.477899999666214, 0.47200000033378603, 0.49210000033378604, 0.4723999996185303, 0.4874999997138977, 0.47439999990463255, 0.49499999990463256, 0.4847999999046326, 0.4896999997138977, 0.4886999999523163, 0.4897, 0.4947000000476837, 0.492299999666214, 0.49450000038146974, 0.48940000014305113, 0.4852, 0.4839000001430511, 0.47719999995231627, 0.489500000333786, 0.49069999980926515, 0.4899999997138977, 0.495600000333786, 0.5041999999046326, 0.48699999985694886, 0.4963999997138977, 0.4945999997615814, 0.4960999999523163, 0.4989999998569489, 0.500199999666214, 0.48740000038146974, 0.48239999961853025, 0.4943000003814697, 0.4943, 0.49289999990463257, 0.4972, 0.4973999997138977, 0.4934, 0.48670000014305115, 0.4916000000476837, 0.49490000014305113, 0.49600000019073487, 0.49289999933242795, 0.489800000333786, 0.492700000333786, 0.4949999999523163, 0.5008, 0.5004999996185303, 0.4942000002861023, 0.49269999980926515, 0.4963000003814697, 0.4961000002384186, 0.5031000005722046, 0.4897000002384186, 0.4946000002384186, 0.4969999998092651, 0.49809999990463255, 0.5060999997138977, 0.4962999997138977, 0.4982, 0.4936999996185303, 0.508600000667572, 0.49680000009536746, 0.49529999980926515, 0.5014000000476837, 0.4974, 0.48869999985694884, 0.4978999998569488, 0.49900000076293943, 0.4991, 0.4835999997138977, 0.4875, 0.49730000009536746, 0.5039000007629395, 0.5043000002861023, 0.49669999980926516, 0.4994, 0.5027000000953674, 0.4965999996185303, 0.5040999997138977, 0.5075000003814697, 0.489300000333786, 0.5012000003814697, 0.5092999997138977, 0.49100000038146974, 0.4994000001907349, 0.4945000001430511, 0.49430000014305114, 0.4996999996185303, 0.49859999990463255, 0.5146000003814697, 0.5046000002384186, 0.5103000001907348, 0.5116000001907348, 0.4940000002861023, 0.5114999998092651, 0.5008000001907349, 0.49490000014305113, 0.5138000004768372, 0.5105999996185303, 0.5070000002384186, 0.5065999999523163, 0.5048000000476837, 0.503399999666214, 0.49749999976158144, 0.5058000004768372, 0.5084000000476837, 0.5082000002861023, 0.5098000005722045, 0.494300000333786, 0.5058, 0.5001, 0.5049999998092651, 0.5036000001430512, 0.5144999999046326, 0.5066000000476837, 0.5046999998092652, 0.4982999996185303, 0.5129999997138978, 0.49809999985694886, 0.5035000001907348, 0.5133000002861023, 0.5031000000476837, 0.5030999998569489, 0.5106000002384186, 0.5132000002384186, 0.49669999985694885, 0.5043999996185303, 0.5094999996185303, 0.4991000002384186, 0.5074000006675721, 0.5043999992370606, 0.5080999998569489, 0.5042000003814697, 0.5070000005722046, 0.5094999996185303, 0.5063000002384186, 0.5057000001430512, 0.5082, 0.5089999996185303, 0.5047999999523163, 0.5097, 0.502700000333786, 0.5115000003337861, 0.5113000001430511, 0.5129000002861023, 0.5025000001430512, 0.5034999998092652, 0.4976999996185303, 0.502200000333786, 0.5041999997138977, 0.5056999996185303, 0.5124000000953675, 0.5021999996185302, 0.510900000333786, 0.5033000002861023, 0.5127999996185303, 0.5058000000953674, 0.5121999997138977, 0.5007999996185303, 0.5015, 0.506899999666214, 0.5050000002384186, 0.5088000001907349, 0.5016000002384186, 0.5075000006675721],