{"best_config_id": [4, 0, 5], "best_run_info": {"info": {"validation_loss": 2.263213349533081, "epochs": 500, "configs": {"coarse_dropout_lower": 0.06700533413780792, "scale_probability": 0.9360465350872157, "rotation_lower": -95, "rotation_upper": 94, "coarse_dropout_size_percent_lower": 0.04130973718875693, "coarse_dropout_size_percent_upper": 0.10356647892569534, "augment_probability": 0.720726139465893, "coarse_dropout_upper": 0.15097230177642645, "horizontal_flip": 0.5908851414839839, "rotation_probability": 0.1267012838507584, "scale_lower": 0.9693248350574005, "pad_crop_upper": 0.162407917431193, "pad_crop_probability": 0.9675348459555767, "scale_upper": 1.0652255808303255, "vertical_flip": 0.2226577956274992, "coarse_dropout_probability": 0.46772689076836516, "pad_crop_lower": -0.09266458148698123}, "train_history": {"loss": [4.018087708033049, 3.4308822796894956, 3.117021701274774, 2.935301105181376, 2.788045088450114, 2.6744445317830796, 2.5566570116923404, 2.4779141132648173, 2.3917741225315976, 2.3282088194137964, 2.26052675033227, 2.2433405289283166, 2.1888463711127257, 2.1401210610683146, 2.1035326367769485, 2.049803171402369, 1.993507443330227, 1.9961245839412396, 1.9515035595649328, 1.9236276073333545, 1.8869171356543517, 1.8679918341147594, 1.862942134722685, 1.8155115292622492, 1.8115319991723084, 1.7897134377406194, 1.7434414258370032, 1.7283068895339966, 1.7140553884017162, 1.7042641930091076, 1.6951391406548328, 1.6575204179837153, 1.6503718846883528, 1.6211271117895076, 1.6331671873728435, 1.5590088871809153, 1.5945269465446472, 1.5825853729859376, 1.5439873261329455, 1.5758558343618343, 1.5189522948020544, 1.5515353832489405, 1.503767076211098, 1.5067532673860207, 1.493162220869309, 1.4817477113161333, 1.4414347945115504, 1.439707705607781, 1.4615166156719892, 1.4174598394296107, 1.435380255564665, 1.4119711013940663, 1.4354157386681972, 1.3938025006881127, 1.4065268299518487, 1.3988975546298883, 1.3671772984357982, 1.376086256442926, 1.361830133658189, 1.3630309456434004, 1.3722027372091243, 1.3496086245928056, 1.3243319957684248, 1.3416898235296593, 1.3306617186619685, 1.3132699193098607, 1.3496043055485456, 1.2874725277607257, 1.3184606463481219, 1.302478088782384, 1.2967998079764538, 1.297527021322495, 1.300885639129541, 1.262156367301941, 1.3056898438013518, 1.2528419433495936, 1.2436510362686255, 1.23968728689047, 1.240810988805233, 1.2426223693749843, 1.2555722059347691, 1.2431691319514544, 1.2317359294646826, 1.2096276000524178, 1.1876722536025903, 1.2390796374051998, 1.2224403795523522, 1.2180085258606153, 1.203092900606302, 1.2154445892725236, 1.1983723113170037, 1.204114210147124, 1.2068011141740358, 1.1940064155138457, 1.1550266154301472, 1.2010950522545056, 1.176952294814281, 1.1469160257241664, 1.1773814398508806, 1.1971561396733308, 1.1687985857327778, 1.1685587106606898, 1.168749172718097, 1.158379043524082, 1.1556275540437453, 1.1583931606549482, 1.1515512382372832, 1.1281140821102338, 1.1394087649308717, 1.1371009601996496, 1.0983343857985277, 1.1350268194308648, 1.1256983440655928, 1.1228446066379547, 1.1413926787865467, 1.1153952081998189, 1.127160172431897, 1.0846388683869288, 1.1398547414021614, 1.0926048526397119, 1.0944695296959999, 1.0991179790252295, 1.1043435044777699, 1.1099103765609937, 1.0704698463280995, 1.0695598538105304, 1.0798377730907538, 1.0865613734110808, 1.0923128403150117, 1.0833452863570971, 1.0601597405396974, 1.0943909065845685, 1.0871339463270628, 1.051204027273716, 1.0737831523785224, 1.0923378192461455, 1.0666742783326368, 1.0768543833341353, 1.0684187160088465, 1.0590142164474878, 1.0878574481377234, 1.0472805545880244, 1.0718587843271403, 1.0649859867034814, 1.0712987780570984, 1.063000630109738, 1.0491369809859838, 1.0740442046752343, 1.066890570597771, 1.032894363005956], "val_loss": [4.323795677947998, 3.635183707046509, 3.3520816646575926, 2.9278754608154296, 2.826646066665649, 2.707732567977905, 2.455437888336182, 2.3799103191375734, 2.482649118041992, 2.3842034198760986, 2.288544328689575, 2.272210386276245, 2.209510186767578, 2.2358185962677, 2.304565367126465, 2.1742458992004394, 2.1321607109069824, 2.208804661178589, 2.136516968154907, 2.180112020111084, 2.275602753829956, 2.08781142539978, 2.2579921833038332, 2.100840174102783, 2.1482638206481934, 2.032006103897095, 2.091947897720337, 2.078036195373535, 2.017931580734253, 2.067823486328125, 2.0359884765625, 2.068311669921875, 1.972875772857666, 2.017041198730469, 1.9681678997039795, 2.0412086532592775, 2.00917138633728, 1.9662249897003174, 1.9689497085571288, 2.057972360992432, 2.0102896408081055, 2.1417432678222657, 2.0665027442932127, 1.9714090267181397, 2.0348821559906005, 1.9977591892242432, 2.018236644744873, 2.070647430038452, 2.085097622680664, 2.012303924179077, 1.9575862880706787, 2.017851491546631, 2.0311200061798096, 1.9868697486877442, 1.9967426864624023, 2.05207568397522, 2.037387884140015, 2.079763666534424, 1.968591826248169, 2.0876570625305177, 2.060580227661133, 1.9819710090637208, 2.013082454299927, 2.0040039112091064, 2.0347631645202635, 2.1675460975646974, 2.014307670593262, 2.0170447956085207, 2.060868083190918, 2.0709883781433107, 1.9666014595031738, 2.0277764152526854, 2.0098512798309325, 2.0316208759307863, 2.107591728210449, 2.0277673416137696, 1.9760526542663575, 2.054405866622925, 1.9814089584350585, 2.085281789398193, 2.0818255706787108, 2.0230548988342285, 2.021266223144531, 2.0903999382019043, 2.115387272644043, 2.0612150863647463, 2.198449464035034, 2.0351529834747315, 2.0611067726135253, 2.131992351913452, 2.08388196182251, 2.1003111904144287, 2.04962618598938, 2.091438558959961, 2.216685146331787, 2.124318273162842, 2.100953533554077, 2.0994744998931885, 2.0780748790740966, 2.0566195652008057, 2.132661014175415, 2.0912438110351563, 2.128659292602539, 2.187324356460571, 2.134135800933838, 2.080527571105957, 2.1292554710388183, 2.122060856628418, 2.182691991043091, 2.092295650482178, 2.1045400173187256, 2.123222835159302, 2.116229188919067, 2.1260354339599608, 2.1103976764678953, 2.079501655960083, 2.13004218788147, 2.125787633895874, 2.1272364837646482, 2.0951098220825197, 2.142624912261963, 2.2144425148010254, 2.1708974563598633, 2.1133738372802733, 2.1851423908233643, 2.1184751789093017, 2.1521154678344727, 2.1377111419677735, 2.163148098373413, 2.195417436981201, 2.1650596099853514, 2.2280340072631835, 2.1626370624542237, 2.085927071380615, 2.1474055183410643, 2.202629705810547, 2.130344323348999, 2.1307807792663573, 2.1766134033203124, 2.1161897102355955, 2.207271765136719, 2.1353154727935793, 2.085500674057007, 2.1311664474487304, 2.2597208160400393, 2.1322945041656496, 2.169604555892944, 2.1610688247680665, 2.202805238342285, 2.2632133346557617],