{"test_error": 0.9061, "used_budget": 403.9282281398773, "configs": {}, "benchmark": "WideResNet", "epochs": 1, "test_loss": 4.4828296012878415}